brand,car_model,year,km_driven,fuel,transmission,owner,city,price_lakh
Tata,Nexon,2012,148248,CNG,Automatic,First,Pune,1.75
Kia,Sonet,2015,103842,Petrol,Manual,First,Kolkata,2.53
Maruti Suzuki,Baleno,2011,160469,CNG,Manual,First,Jaipur,1.08
Hyundai,Verna,2020,77517,Petrol,Manual,First,Hyderabad,5.67
Kia,Sonet,2009,158710,Diesel,Manual,First,Mumbai,1.15
Toyota,Fortuner,2019,78258,Petrol,Manual,Second,Bengaluru,17.83
Honda,Amaze,2020,53321,Petrol,Manual,First,Mumbai,3.97
Honda,Amaze,2011,190867,Petrol,Manual,Second,Hyderabad,1.03
Honda,City,2017,92500,Petrol,Manual,Second,Ahmedabad,4.08
Tata,Altroz,2019,62273,Petrol,Automatic,First,Bengaluru,4.02
Hyundai,Verna,2010,195206,Petrol,Manual,Second,Ahmedabad,1.36
Maruti Suzuki,Swift,2020,74569,Petrol,Automatic,Second,Jaipur,3.08
Renault,Kwid,2023,29874,Petrol,Manual,First,Kochi,3.73
Tata,Nexon,2018,69104,Petrol,Manual,First,Mumbai,4.45
Toyota,Innova Crysta,2009,252319,Petrol,Manual,First,Pune,2.22
Toyota,Glanza,2024,9439,Petrol,Manual,Third,Hyderabad,5.66
Tata,Punch,2022,42554,Petrol,Manual,Second,Kolkata,3.92
Kia,Sonet,2021,45798,Diesel,Manual,Second,Jaipur,5.05
Maruti Suzuki,Ertiga,2009,201471,Diesel,Manual,Second,Ahmedabad,1.01
Tata,Harrier,2020,57841,Diesel,Manual,Second,Kochi,9.46
Hyundai,Verna,2011,143303,Petrol,Manual,Second,Pune,1.8
Kia,Seltos,2021,53417,Diesel,Manual,First,Delhi,8.11
Mahindra,Thar,2012,148982,Diesel,Manual,Third,Kolkata,2.18
Hyundai,Venue,2022,44079,Petrol,Manual,Second,Hyderabad,6.04
Tata,Nexon,2013,163730,Petrol,Manual,First,Mumbai,2.02
Hyundai,Verna,2018,62361,Petrol,Manual,First,Kochi,4.4
Toyota,Glanza,2023,38813,Petrol,Manual,First,Jaipur,5.95
Mahindra,Thar,2020,60080,Petrol,Manual,First,Mumbai,8.02
Maruti Suzuki,Ertiga,2016,115630,Petrol,Automatic,First,Pune,3.55
Mahindra,Thar,2021,54812,Diesel,Manual,First,Pune,10.23
Hyundai,Creta,2010,189552,Petrol,Manual,Second,Ahmedabad,1.47
Maruti Suzuki,Baleno,2021,66825,Petrol,Manual,Second,Hyderabad,3.86
Kia,Sonet,2022,39393,Petrol,Manual,Second,Jaipur,5.79
Tata,Altroz,2024,15425,Petrol,Manual,Second,Ahmedabad,5.79
Tata,Nexon,2018,72358,Diesel,Manual,Second,Chennai,4.1
Maruti Suzuki,Alto K10,2010,182266,Petrol,Automatic,Third,Chennai,0.52
Maruti Suzuki,Alto K10,2021,47701,Petrol,Manual,Third,Hyderabad,2.13
Maruti Suzuki,Brezza,2012,174306,Petrol,Manual,Second,Delhi,1.48
Hyundai,Verna,2014,136510,Diesel,Automatic,First,Jaipur,2.7
Mahindra,Thar,2025,13386,Petrol,Manual,First,Bengaluru,14.8
Tata,Harrier,2019,49447,Diesel,Automatic,Third,Chennai,7.85
Maruti Suzuki,Alto K10,2021,30689,CNG,Automatic,First,Delhi,2.92
Toyota,Innova Crysta,2010,225402,Diesel,Manual,First,Hyderabad,2.4
Mahindra,XUV700,2023,23662,Diesel,Manual,First,Jaipur,15.13
Hyundai,Verna,2023,31051,CNG,Automatic,First,Kolkata,8.44
Mahindra,XUV700,2017,92278,Diesel,Manual,First,Delhi,6.97
Maruti Suzuki,Brezza,2017,80290,Petrol,Manual,First,Chennai,3.18
Toyota,Glanza,2015,78090,Petrol,Automatic,Second,Delhi,2.07
Mahindra,XUV700,2020,53505,Petrol,Automatic,First,Chennai,10.86
Toyota,Innova Crysta,2013,116019,Diesel,Automatic,Second,Chennai,4.6
Kia,Seltos,2009,234170,Petrol,Manual,First,Jaipur,1.34
Mahindra,Thar,2021,62401,Diesel,Automatic,First,Mumbai,9.79
Maruti Suzuki,Swift,2021,22876,Petrol,Manual,First,Pune,4.34
Toyota,Fortuner,2012,124946,Diesel,Manual,Third,Kolkata,5.57
Mahindra,XUV700,2010,139526,Petrol,Automatic,First,Mumbai,2.85
Maruti Suzuki,Swift,2024,1661,CNG,Manual,First,Kochi,5.77
Mahindra,Scorpio,2011,178646,Petrol,Automatic,First,Jaipur,2.37
Maruti Suzuki,Brezza,2019,89548,Petrol,Automatic,First,Bengaluru,4.31
Tata,Punch,2021,37004,Petrol,Automatic,First,Ahmedabad,4.61
Mahindra,Thar,2015,110407,Diesel,Manual,Second,Jaipur,3.21
Kia,Sonet,2022,31489,CNG,Automatic,First,Kolkata,6.75
Honda,City,2015,75441,Petrol,Manual,Second,Hyderabad,3.35
Maruti Suzuki,Baleno,2025,17341,Petrol,Manual,First,Pune,7.18
Mahindra,Bolero,2015,128742,Petrol,Manual,Second,Kolkata,2.25
Honda,Amaze,2020,51795,Petrol,Manual,First,Mumbai,4.41
Honda,City,2012,138364,Diesel,Manual,First,Kolkata,1.98
Tata,Harrier,2022,46163,Diesel,Automatic,First,Hyderabad,13.93
Maruti Suzuki,Brezza,2015,94441,CNG,Manual,First,Kochi,2.38
Tata,Harrier,2023,23469,Petrol,Manual,First,Jaipur,13.65
Toyota,Fortuner,2014,99555,Diesel,Manual,Fourth & above,Chennai,6.93
Mahindra,XUV700,2015,126695,Petrol,Manual,First,Delhi,4.84
Hyundai,i20,2022,29380,Petrol,Manual,First,Hyderabad,5.58
Maruti Suzuki,Alto K10,2025,16761,Petrol,Manual,Second,Delhi,3.88
Hyundai,Creta,2021,49636,Petrol,Manual,First,Pune,8.32
Honda,City,2014,119387,CNG,Manual,First,Delhi,2.61
Tata,Punch,2021,34270,Petrol,Manual,First,Pune,4.43
Mahindra,Thar,2017,76618,Petrol,Manual,Fourth & above,Jaipur,3.84
Maruti Suzuki,Brezza,2024,13670,CNG,Manual,First,Jaipur,6.94
Toyota,Innova Crysta,2010,155445,Diesel,Automatic,Third,Jaipur,2.48
Mahindra,Bolero,2009,168090,Diesel,Manual,First,Kolkata,1.2
Hyundai,Creta,2015,130512,Petrol,Manual,First,Kolkata,3.08
Hyundai,Verna,2016,111654,Petrol,Manual,Second,Hyderabad,2.7
Honda,City,2010,168794,Petrol,Manual,First,Delhi,1.66
Tata,Nexon,2012,125997,Petrol,Manual,Fourth & above,Delhi,1.64
Honda,Amaze,2023,15410,CNG,Manual,Second,Mumbai,5.28
Renault,Kwid,2011,160100,Petrol,Manual,Second,Bengaluru,0.81
Maruti Suzuki,Alto K10,2016,119524,Petrol,Manual,Second,Ahmedabad,1.13
Tata,Harrier,2017,73419,Petrol,Manual,Third,Pune,5.23
Mahindra,Thar,2016,82364,Petrol,Manual,First,Jaipur,4.31
Mahindra,Bolero,2009,149606,Petrol,Manual,First,Chennai,1.36
Maruti Suzuki,Swift,2021,47074,Petrol,Manual,Fourth & above,Bengaluru,3.06
Maruti Suzuki,Brezza,2009,235903,Diesel,Manual,First,Chennai,0.89
Maruti Suzuki,Ertiga,2022,40344,Petrol,Automatic,Third,Jaipur,6.26
Maruti Suzuki,Swift,2010,162070,Petrol,Automatic,First,Kolkata,0.95
Mahindra,Scorpio,2021,27809,Petrol,Manual,Third,Kolkata,7.13
Tata,Nexon,2020,90640,Petrol,Manual,Fourth & above,Ahmedabad,3.69
Toyota,Fortuner,2013,111281,Diesel,Manual,First,Mumbai,8.25
Tata,Punch,2014,127061,Petrol,Automatic,First,Kochi,1.72
Tata,Punch,2025,17881,Petrol,Manual,First,Jaipur,6.95
Mahindra,Thar,2015,123334,Petrol,Manual,Second,Mumbai,3.86
Hyundai,Creta,2019,84323,Petrol,Manual,First,Bengaluru,6.05
Maruti Suzuki,Brezza,2022,19602,CNG,Automatic,Fourth & above,Chennai,4.98
Maruti Suzuki,Baleno,2012,89081,Petrol,Automatic,First,Kolkata,1.57
Maruti Suzuki,Brezza,2023,29999,Petrol,Manual,Third,Ahmedabad,6.37
Hyundai,Verna,2024,17755,CNG,Manual,First,Delhi,8.79
Hyundai,Verna,2012,106991,CNG,Automatic,First,Jaipur,2.16
Maruti Suzuki,Swift,2012,163256,Petrol,Manual,First,Hyderabad,1.18
Honda,Amaze,2023,16852,Petrol,Manual,First,Bengaluru,6.68
Honda,City,2017,136736,Petrol,Manual,Second,Jaipur,3.56
Tata,Nexon,2011,130737,CNG,Automatic,First,Kochi,1.74
Honda,Amaze,2009,147814,Petrol,Manual,Second,Pune,0.94
Toyota,Glanza,2016,142778,Petrol,Manual,First,Kolkata,2.01
Hyundai,i20,2020,57861,Petrol,Manual,Third,Kolkata,3.55
Mahindra,XUV700,2009,155249,Petrol,Manual,Second,Kochi,2.39
Tata,Nexon,2018,87793,Petrol,Manual,Fourth & above,Chennai,3.1
Honda,Amaze,2014,95542,Petrol,Automatic,First,Kochi,2.31
Hyundai,Venue,2020,65169,Petrol,Manual,Second,Delhi,4.31
Kia,Seltos,2015,137085,Diesel,Manual,First,Ahmedabad,2.98
Maruti Suzuki,Alto K10,2011,122481,Petrol,Manual,First,Pune,0.8
Tata,Punch,2020,59052,Petrol,Manual,First,Hyderabad,3.58
Toyota,Glanza,2012,159611,Petrol,Automatic,First,Chennai,1.58
Mahindra,XUV700,2017,98968,Diesel,Manual,Second,Chennai,5.82
Kia,Sonet,2023,20006,Petrol,Manual,First,Pune,7.47
Mahindra,Bolero,2019,63096,Petrol,Automatic,First,Hyderabad,5.47
Renault,Kwid,2015,104883,Petrol,Manual,Fourth & above,Jaipur,0.95
Hyundai,Verna,2015,101238,Diesel,Manual,Second,Jaipur,2.42
Hyundai,Creta,2020,64051,Petrol,Manual,First,Chennai,6.55
Kia,Sonet,2018,90572,Diesel,Automatic,First,Ahmedabad,3.8
Maruti Suzuki,Brezza,2015,95140,Petrol,Manual,First,Chennai,2.37
Mahindra,Scorpio,2011,154163,Petrol,Automatic,Second,Delhi,2.25
Mahindra,Thar,2009,187804,Diesel,Manual,Second,Mumbai,1.57
Mahindra,XUV700,2009,190589,Diesel,Manual,First,Delhi,2.09
Toyota,Innova Crysta,2021,55977,Diesel,Manual,Second,Mumbai,12.73
Hyundai,Venue,2015,105405,CNG,Manual,Second,Chennai,2.22
Tata,Altroz,2020,71666,Petrol,Manual,First,Jaipur,3.61
Maruti Suzuki,Alto K10,2013,151262,Petrol,Manual,First,Kolkata,0.9
Renault,Kwid,2025,11103,Petrol,Manual,Second,Hyderabad,5.07
Tata,Altroz,2022,46351,Diesel,Manual,First,Kochi,5.74
Hyundai,i20,2024,19014,Petrol,Manual,Second,Chennai,6.72
Mahindra,Scorpio,2021,62863,Petrol,Manual,Second,Hyderabad,7.77
Kia,Sonet,2010,161427,Petrol,Automatic,Second,Ahmedabad,1.3
Renault,Kwid,2009,195755,Petrol,Manual,Second,Delhi,0.53
Mahindra,Thar,2022,33356,Diesel,Manual,Second,Hyderabad,10.07
Tata,Punch,2010,108981,Petrol,Automatic,First,Delhi,1.29
Maruti Suzuki,Alto K10,2011,161470,Petrol,Manual,First,Kochi,0.66
Tata,Altroz,2012,146217,Petrol,Manual,First,Kochi,1.42
Kia,Seltos,2013,121512,Petrol,Manual,Second,Pune,2.64
Tata,Harrier,2009,141360,Petrol,Manual,Second,Hyderabad,2.27
Kia,Sonet,2012,186242,Petrol,Manual,Third,Ahmedabad,1.27
Toyota,Glanza,2019,61465,CNG,Manual,First,Kochi,3.47
Kia,Sonet,2023,27185,Diesel,Automatic,First,Kolkata,8.75
Tata,Punch,2012,166918,Petrol,Manual,First,Jaipur,1.25
Mahindra,Scorpio,2010,135287,Petrol,Automatic,First,Bengaluru,2.29
Hyundai,Verna,2019,78213,Petrol,Manual,First,Pune,5.08
Tata,Nexon,2010,117168,Petrol,Manual,Second,Ahmedabad,1.47
Maruti Suzuki,Swift,2018,55984,Petrol,Manual,Fourth & above,Delhi,2.08
Mahindra,Thar,2011,142971,Petrol,Automatic,Fourth & above,Kochi,1.95
Kia,Seltos,2018,88297,Diesel,Automatic,First,Chennai,5.82
Honda,City,2023,28517,Petrol,Manual,Second,Chennai,8.48
Toyota,Innova Crysta,2014,120218,Petrol,Automatic,First,Mumbai,5.31
Mahindra,Bolero,2016,120060,Petrol,Manual,First,Ahmedabad,2.67
Honda,City,2017,97513,CNG,Automatic,Second,Pune,3.54
Maruti Suzuki,Baleno,2011,188305,Petrol,Manual,Fourth & above,Delhi,0.9
Toyota,Fortuner,2025,18166,Petrol,Automatic,First,Mumbai,46.27
Hyundai,Venue,2024,13308,Petrol,Manual,Second,Jaipur,7.32
Mahindra,XUV700,2012,161714,Diesel,Manual,First,Chennai,2.95
Maruti Suzuki,Swift,2014,123169,CNG,Automatic,Third,Kolkata,1.27
Mahindra,Scorpio,2013,154750,Petrol,Manual,First,Delhi,2.62
Mahindra,Thar,2016,117206,Diesel,Manual,Second,Pune,4.02
Tata,Punch,2025,22656,Petrol,Manual,Third,Delhi,5.66
Honda,City,2025,12182,CNG,Manual,First,Delhi,11.4
Mahindra,Scorpio,2009,172426,Diesel,Automatic,Second,Kochi,1.55
Toyota,Glanza,2017,77905,Petrol,Automatic,First,Jaipur,2.82
Maruti Suzuki,Brezza,2010,122644,CNG,Manual,First,Pune,1.45
Tata,Harrier,2021,76813,Diesel,Automatic,Second,Pune,11.11
Maruti Suzuki,Baleno,2019,93805,Petrol,Automatic,First,Bengaluru,3.66
Tata,Punch,2025,15296,Petrol,Manual,First,Ahmedabad,6.99
Maruti Suzuki,Alto K10,2013,118096,Petrol,Manual,First,Kolkata,0.87
Toyota,Innova Crysta,2011,169904,Petrol,Manual,First,Kochi,3.15
Maruti Suzuki,Swift,2013,139854,Petrol,Manual,Third,Mumbai,1.14
Mahindra,Bolero,2013,109489,Petrol,Automatic,First,Kochi,2.22
Hyundai,Verna,2017,111499,Petrol,Manual,First,Bengaluru,3.94
Maruti Suzuki,Swift,2013,137773,CNG,Manual,Third,Bengaluru,1.13
Hyundai,i20,2020,29257,Diesel,Automatic,First,Kolkata,4.87
Toyota,Glanza,2013,111772,Petrol,Manual,First,Hyderabad,1.82
Maruti Suzuki,Baleno,2020,41131,Petrol,Manual,Second,Pune,3.43
Mahindra,XUV700,2009,162956,Diesel,Manual,First,Jaipur,2.06
Renault,Kwid,2016,90882,Petrol,Manual,First,Mumbai,1.56
Kia,Seltos,2015,99069,Petrol,Manual,Third,Kolkata,2.86
Kia,Sonet,2020,49362,Petrol,Manual,First,Jaipur,4.67
Maruti Suzuki,Ertiga,2021,64130,Petrol,Manual,First,Bengaluru,6.38
Hyundai,Venue,2022,35191,Diesel,Manual,First,Jaipur,6.71
Maruti Suzuki,Ertiga,2020,65285,Petrol,Automatic,First,Delhi,6.12
Tata,Altroz,2012,122410,Petrol,Manual,First,Hyderabad,1.42
Toyota,Fortuner,2019,59125,Petrol,Manual,Second,Pune,16.32
Maruti Suzuki,Swift,2021,44892,Petrol,Manual,First,Kolkata,3.95
Hyundai,i20,2020,71432,Petrol,Manual,First,Jaipur,3.85
Hyundai,Creta,2018,67416,CNG,Manual,First,Delhi,5.44
Honda,City,2023,19213,Petrol,Automatic,First,Kochi,9.34
Hyundai,Creta,2024,24294,Diesel,Manual,Second,Ahmedabad,10.6
Toyota,Fortuner,2010,193007,Diesel,Manual,First,Ahmedabad,4.58
Mahindra,Scorpio,2017,74521,Diesel,Manual,First,Mumbai,5.9
Mahindra,Bolero,2024,14502,Petrol,Automatic,First,Kochi,9.02
Maruti Suzuki,Baleno,2023,22503,Petrol,Manual,First,Pune,6.34
Mahindra,Scorpio,2023,31714,Diesel,Automatic,Second,Ahmedabad,10.61
Hyundai,Creta,2010,190300,Petrol,Manual,First,Ahmedabad,1.75
Toyota,Glanza,2010,163024,Petrol,Manual,First,Pune,1.04
Tata,Harrier,2025,11616,Petrol,Manual,First,Kochi,16.56
Toyota,Glanza,2021,45733,Petrol,Automatic,First,Pune,5.04
Hyundai,Verna,2019,61952,CNG,Manual,First,Delhi,4.9
Mahindra,Thar,2021,49294,Diesel,Manual,Second,Pune,8.67
Tata,Punch,2014,98942,Petrol,Manual,First,Bengaluru,1.78
Maruti Suzuki,Ertiga,2012,132237,Petrol,Automatic,First,Hyderabad,2.07
Maruti Suzuki,Baleno,2009,168503,Petrol,Automatic,First,Ahmedabad,1.01
Kia,Sonet,2015,103724,Petrol,Manual,Second,Kolkata,2.29
Tata,Nexon,2019,96024,Diesel,Manual,Second,Chennai,4.18
Mahindra,Bolero,2018,131197,Petrol,Automatic,Second,Ahmedabad,3.37
Maruti Suzuki,Alto K10,2014,100189,Petrol,Manual,Second,Hyderabad,0.97
Tata,Punch,2015,94453,Petrol,Automatic,First,Jaipur,2.03
Hyundai,Verna,2023,27317,Petrol,Manual,Second,Mumbai,7.8
Tata,Nexon,2015,118437,Petrol,Manual,First,Kolkata,2.56
Tata,Altroz,2011,162852,CNG,Manual,First,Chennai,1.14
Maruti Suzuki,Ertiga,2015,124134,Petrol,Manual,First,Chennai,2.6
Toyota,Fortuner,2024,16082,Petrol,Manual,First,Ahmedabad,33.0
Mahindra,Thar,2014,123882,Petrol,Manual,First,Kolkata,3.55
Renault,Kwid,2010,200011,Petrol,Manual,First,Kochi,0.61
Toyota,Glanza,2018,57631,Petrol,Automatic,First,Kochi,3.63
Honda,City,2014,85235,Petrol,Manual,Third,Bengaluru,2.68
Toyota,Fortuner,2012,163751,Petrol,Manual,First,Ahmedabad,6.72
Maruti Suzuki,Swift,2011,162973,Petrol,Manual,First,Ahmedabad,0.95
Mahindra,Thar,2013,107271,Petrol,Manual,First,Delhi,3.36
Kia,Sonet,2025,15485,Petrol,Manual,First,Kolkata,9.27
Tata,Nexon,2012,191079,CNG,Manual,First,Hyderabad,1.67
Mahindra,Scorpio,2018,69509,Diesel,Automatic,Third,Bengaluru,5.83
Kia,Seltos,2023,17285,Petrol,Manual,First,Jaipur,10.75
Kia,Sonet,2018,62806,Petrol,Manual,Second,Kolkata,3.48
Toyota,Fortuner,2011,119196,Petrol,Manual,First,Kolkata,6.97
Tata,Punch,2025,18512,Petrol,Automatic,First,Bengaluru,8.27
Hyundai,i20,2018,65029,Petrol,Manual,First,Bengaluru,3.5
Mahindra,XUV700,2019,76749,Diesel,Manual,Second,Hyderabad,8.07
Hyundai,i20,2025,15678,Diesel,Manual,First,Kochi,8.05
Tata,Nexon,2013,143482,Petrol,Automatic,First,Ahmedabad,2.18
Hyundai,Creta,2014,129511,Petrol,Manual,Fourth & above,Delhi,2.35
Tata,Nexon,2018,89128,CNG,Manual,Second,Bengaluru,3.84
Mahindra,XUV700,2018,88051,Diesel,Manual,First,Kochi,7.01
Mahindra,XUV700,2017,78054,Petrol,Manual,Second,Hyderabad,6.67
Mahindra,XUV700,2018,67237,Petrol,Manual,First,Kolkata,7.45
Kia,Seltos,2016,98732,Diesel,Manual,Second,Jaipur,3.27
Mahindra,Scorpio,2019,74901,Petrol,Manual,First,Pune,6.72
Tata,Punch,2025,19078,Petrol,Manual,First,Chennai,7.41
Tata,Nexon,2013,108872,Diesel,Manual,Second,Mumbai,1.88
Maruti Suzuki,Swift,2020,44895,Petrol,Manual,Second,Kolkata,3.36
Toyota,Fortuner,2024,10688,Petrol,Manual,First,Kolkata,33.39
Toyota,Innova Crysta,2022,45456,Petrol,Automatic,First,Bengaluru,17.43
Hyundai,i20,2018,64246,Petrol,Manual,Second,Kolkata,3.06
Mahindra,Thar,2018,83476,Petrol,Manual,First,Mumbai,6.0
Kia,Seltos,2017,91273,Petrol,Automatic,Second,Jaipur,4.51
Renault,Kwid,2012,136528,Petrol,Manual,First,Pune,0.93
Mahindra,Thar,2023,28457,Diesel,Manual,Third,Ahmedabad,10.7
Maruti Suzuki,Ertiga,2016,126580,Petrol,Automatic,First,Jaipur,3.0
Toyota,Glanza,2024,8089,Petrol,Manual,First,Bengaluru,7.36
Maruti Suzuki,Swift,2015,135820,Petrol,Manual,First,Hyderabad,1.72
Mahindra,XUV700,2009,176613,Diesel,Manual,Second,Bengaluru,2.07
Hyundai,Venue,2025,14843,Petrol,Manual,First,Kolkata,9.3
Tata,Punch,2020,68238,Petrol,Manual,First,Delhi,3.66
Tata,Punch,2016,109466,Petrol,Manual,First,Jaipur,1.97
Hyundai,Creta,2025,14094,Petrol,Automatic,First,Kolkata,14.17
Mahindra,XUV700,2009,149193,Petrol,Manual,First,Pune,2.27
Kia,Seltos,2025,11848,Petrol,Automatic,Second,Pune,12.72
Toyota,Fortuner,2012,127089,Petrol,Manual,First,Mumbai,7.22
Renault,Kwid,2016,109770,Petrol,Manual,First,Pune,1.45
Tata,Punch,2025,12903,Petrol,Automatic,First,Kochi,7.58
Maruti Suzuki,Swift,2024,15621,Petrol,Automatic,First,Chennai,6.66
Hyundai,Creta,2012,170785,Petrol,Automatic,Third,Pune,2.29
Renault,Kwid,2016,65020,Petrol,Manual,Second,Hyderabad,1.45
Hyundai,i20,2018,83428,Petrol,Manual,Second,Hyderabad,2.89
Hyundai,Creta,2011,196985,Petrol,Manual,First,Hyderabad,1.88
Tata,Punch,2025,10271,Petrol,Manual,First,Delhi,6.7
Tata,Altroz,2015,134184,Petrol,Manual,Second,Kolkata,1.72
Mahindra,XUV700,2012,137724,Petrol,Manual,First,Pune,3.4
Toyota,Glanza,2022,40031,Petrol,Manual,First,Ahmedabad,5.22
Tata,Harrier,2020,50177,Petrol,Manual,First,Mumbai,9.85
Honda,Amaze,2017,74519,Petrol,Manual,First,Delhi,2.93
Mahindra,Scorpio,2020,74922,Diesel,Automatic,First,Kolkata,7.25
Honda,Amaze,2021,59403,Petrol,Automatic,First,Ahmedabad,4.64
Maruti Suzuki,Ertiga,2014,113809,Petrol,Automatic,First,Chennai,2.35
Tata,Punch,2012,108331,Petrol,Manual,Second,Pune,1.43
Toyota,Innova Crysta,2025,19493,Petrol,Manual,First,Hyderabad,22.19
Maruti Suzuki,Baleno,2016,103279,Petrol,Automatic,First,Chennai,2.45
Kia,Sonet,2022,37655,Diesel,Manual,First,Ahmedabad,7.08
Honda,Amaze,2021,54657,Petrol,Manual,First,Kolkata,4.53
Tata,Punch,2014,101332,Petrol,Manual,First,Delhi,1.7
Hyundai,Venue,2019,67832,Petrol,Automatic,First,Hyderabad,5.01
Hyundai,Verna,2013,120900,Petrol,Manual,Second,Hyderabad,2.2
Maruti Suzuki,Alto K10,2016,87101,Petrol,Manual,Second,Bengaluru,1.31
Mahindra,Bolero,2013,132222,Petrol,Manual,First,Ahmedabad,1.87
Toyota,Fortuner,2015,100420,Diesel,Automatic,Second,Delhi,10.21
Kia,Sonet,2023,19913,Diesel,Manual,First,Kochi,7.71
Toyota,Glanza,2009,190102,Petrol,Manual,First,Ahmedabad,0.9
Tata,Harrier,2015,84009,Diesel,Automatic,Third,Ahmedabad,4.4
Maruti Suzuki,Alto K10,2017,97843,Petrol,Automatic,First,Jaipur,1.49
Maruti Suzuki,Swift,2016,103198,Petrol,Manual,First,Kolkata,1.9
Hyundai,Creta,2010,185601,Petrol,Manual,Fourth & above,Bengaluru,1.38
Mahindra,Thar,2023,28368,Diesel,Manual,First,Ahmedabad,12.88
Toyota,Glanza,2017,111908,CNG,Manual,First,Pune,2.48
Hyundai,Verna,2010,142644,Petrol,Manual,Second,Pune,1.57
Mahindra,Thar,2011,147456,Petrol,Automatic,First,Delhi,2.55
Maruti Suzuki,Brezza,2023,29754,Diesel,Manual,Second,Kochi,6.87
Mahindra,Thar,2009,123934,Diesel,Manual,First,Hyderabad,1.97
Maruti Suzuki,Baleno,2020,48089,Petrol,Automatic,First,Delhi,4.28
Toyota,Innova Crysta,2022,45196,Petrol,Manual,First,Pune,15.76
Toyota,Innova Crysta,2011,189094,Diesel,Manual,First,Pune,3.19
Tata,Nexon,2025,11497,Diesel,Manual,Fourth & above,Hyderabad,8.02
Maruti Suzuki,Alto K10,2019,76036,Petrol,Manual,Second,Delhi,1.82
Kia,Seltos,2012,162628,Petrol,Automatic,First,Kochi,2.35
Kia,Sonet,2019,58589,Petrol,Manual,Second,Ahmedabad,3.89
Mahindra,XUV700,2021,41272,Petrol,Manual,Second,Kochi,11.36
Kia,Seltos,2024,17848,Diesel,Automatic,First,Bengaluru,13.2
Kia,Seltos,2022,47591,Petrol,Manual,Second,Chennai,8.46
Renault,Kwid,2011,157000,Petrol,Manual,First,Ahmedabad,0.77
Kia,Sonet,2020,67370,Diesel,Manual,First,Pune,5.48
Mahindra,Thar,2020,68559,Petrol,Manual,First,Bengaluru,7.77
Mahindra,Scorpio,2010,167791,Diesel,Automatic,First,Kolkata,1.95
Mahindra,Thar,2023,21071,Petrol,Manual,First,Bengaluru,11.92
Renault,Kwid,2020,50281,CNG,Manual,Second,Kolkata,2.01
Kia,Sonet,2024,8826,Petrol,Manual,First,Mumbai,9.12
Mahindra,Bolero,2015,134903,Petrol,Manual,First,Chennai,2.49
Hyundai,i20,2019,80374,CNG,Manual,First,Bengaluru,3.57
Tata,Harrier,2025,12047,CNG,Manual,First,Pune,17.73
Toyota,Innova Crysta,2017,124730,Petrol,Automatic,First,Chennai,7.61
Maruti Suzuki,Ertiga,2010,149952,Diesel,Automatic,Second,Jaipur,1.28
Tata,Punch,2023,19382,Petrol,Manual,Second,Pune,5.31
Toyota,Innova Crysta,2018,58086,Petrol,Automatic,First,Mumbai,10.38
Mahindra,Scorpio,2018,59043,Diesel,Automatic,First,Pune,7.46
Maruti Suzuki,Brezza,2019,60085,Petrol,Automatic,First,Mumbai,4.72
Maruti Suzuki,Alto K10,2012,129777,Petrol,Automatic,Fourth & above,Hyderabad,0.74
Mahindra,Scorpio,2010,205045,Petrol,Manual,Second,Hyderabad,1.55
Maruti Suzuki,Ertiga,2018,73352,Petrol,Manual,Third,Jaipur,3.31
Maruti Suzuki,Baleno,2018,53711,Petrol,Automatic,Second,Pune,2.78
Hyundai,Venue,2014,173968,Petrol,Automatic,Second,Ahmedabad,1.93
Maruti Suzuki,Swift,2020,36011,Petrol,Manual,Second,Chennai,3.31
Hyundai,Verna,2023,26238,Petrol,Manual,First,Pune,8.79
Hyundai,i20,2022,37148,Diesel,Manual,First,Delhi,6.51
Toyota,Fortuner,2012,130969,Diesel,Manual,First,Jaipur,6.58
Honda,Amaze,2021,59698,Petrol,Manual,Second,Kolkata,4.18
Toyota,Innova Crysta,2020,55442,Petrol,Manual,First,Kochi,11.71
Renault,Kwid,2016,93183,Petrol,Manual,Second,Delhi,1.42
Hyundai,Verna,2025,10711,CNG,Manual,Second,Kochi,9.74
Mahindra,Thar,2013,123696,Petrol,Automatic,Second,Ahmedabad,3.11
Maruti Suzuki,Alto K10,2018,85646,Petrol,Manual,Third,Kochi,1.34
Tata,Harrier,2015,86653,Diesel,Manual,Second,Kolkata,4.58
Maruti Suzuki,Baleno,2025,20304,Petrol,Automatic,First,Bengaluru,8.66
Hyundai,i20,2009,154967,Petrol,Manual,First,Pune,1.12
Toyota,Glanza,2021,37246,Petrol,Manual,First,Mumbai,5.64
Maruti Suzuki,Baleno,2019,87220,Petrol,Manual,Second,Kolkata,2.91
Honda,Amaze,2021,41554,CNG,Manual,Second,Pune,4.17
Tata,Nexon,2022,36821,Petrol,Manual,Third,Mumbai,5.9
Honda,Amaze,2016,128883,Petrol,Manual,Second,Hyderabad,2.17
Maruti Suzuki,Brezza,2025,13058,Petrol,Manual,Third,Delhi,8.44
Honda,Amaze,2019,62335,Petrol,Automatic,First,Bengaluru,4.47
Toyota,Glanza,2015,99461,Petrol,Manual,Third,Mumbai,1.97
Renault,Kwid,2013,101471,Petrol,Automatic,Second,Jaipur,1.06
Hyundai,Venue,2020,53922,CNG,Manual,First,Bengaluru,4.72
Maruti Suzuki,Alto K10,2015,113913,Petrol,Manual,Second,Hyderabad,1.18
Mahindra,XUV700,2021,50069,Diesel,Manual,Second,Chennai,11.66
Hyundai,i20,2009,188162,Petrol,Manual,First,Chennai,1.02
Mahindra,XUV700,2020,64336,Diesel,Automatic,First,Bengaluru,10.74
Hyundai,Venue,2024,11685,Diesel,Manual,First,Mumbai,9.61
Hyundai,Verna,2017,95033,CNG,Manual,First,Jaipur,3.4
Tata,Altroz,2024,13552,Petrol,Manual,First,Mumbai,7.02
Tata,Punch,2017,70800,Petrol,Manual,First,Mumbai,2.89
Mahindra,Thar,2017,109078,Diesel,Manual,First,Bengaluru,6.1
Tata,Harrier,2023,26854,Petrol,Automatic,First,Hyderabad,14.68
Mahindra,Thar,2013,172612,Diesel,Automatic,Second,Pune,2.9
Tata,Punch,2018,53745,Petrol,Automatic,Second,Jaipur,2.82
Hyundai,Creta,2010,160789,Petrol,Manual,First,Bengaluru,2.11
Hyundai,Venue,2019,81982,Petrol,Manual,Third,Jaipur,3.5
Maruti Suzuki,Ertiga,2015,131876,CNG,Automatic,Second,Kolkata,2.36
Tata,Nexon,2022,34514,Petrol,Automatic,First,Hyderabad,7.94
Maruti Suzuki,Alto K10,2017,103082,Petrol,Manual,First,Kolkata,1.51
Toyota,Innova Crysta,2021,35963,Petrol,Manual,First,Delhi,12.81
Hyundai,Verna,2023,30705,CNG,Manual,First,Hyderabad,8.44
Tata,Harrier,2014,130150,Diesel,Manual,First,Jaipur,3.21
Tata,Harrier,2009,167837,Diesel,Manual,First,Delhi,1.95
Tata,Altroz,2012,151390,Petrol,Automatic,First,Mumbai,1.41
Mahindra,Scorpio,2015,123465,Petrol,Manual,First,Hyderabad,3.91
Mahindra,Thar,2009,185770,Petrol,Manual,First,Bengaluru,1.92
Honda,City,2025,11300,Diesel,Manual,First,Pune,13.42
Kia,Sonet,2011,164697,Petrol,Automatic,First,Pune,1.5
Tata,Punch,2020,79957,Petrol,Manual,Fourth & above,Hyderabad,2.93
Toyota,Innova Crysta,2019,40744,Diesel,Manual,Second,Chennai,10.04
Toyota,Fortuner,2024,15442,Petrol,Manual,Second,Pune,30.52
Renault,Kwid,2017,96295,Petrol,Manual,First,Bengaluru,1.76
Maruti Suzuki,Swift,2009,195307,Petrol,Manual,Second,Delhi,0.7
Toyota,Glanza,2016,85813,CNG,Manual,Third,Jaipur,2.06
Maruti Suzuki,Ertiga,2013,122383,Petrol,Manual,First,Hyderabad,2.22
Honda,Amaze,2022,30450,Petrol,Manual,First,Pune,5.44
Maruti Suzuki,Swift,2010,172711,Petrol,Manual,First,Hyderabad,0.96
Hyundai,i20,2011,184378,Petrol,Manual,First,Bengaluru,1.27
Renault,Kwid,2016,94898,Petrol,Manual,First,Kolkata,1.54
Maruti Suzuki,Baleno,2021,31262,Petrol,Automatic,Third,Kochi,4.21
Toyota,Fortuner,2011,118981,Diesel,Automatic,First,Bengaluru,7.16
Maruti Suzuki,Swift,2016,102026,Petrol,Manual,First,Jaipur,2.03
Mahindra,Scorpio,2023,26044,Petrol,Manual,Second,Pune,10.64
Tata,Harrier,2010,181503,Petrol,Manual,First,Bengaluru,2.28
Hyundai,Verna,2010,156395,Diesel,Automatic,Second,Delhi,1.46
Hyundai,Verna,2017,84145,Petrol,Manual,Second,Jaipur,3.61
Tata,Nexon,2012,121043,Petrol,Manual,First,Ahmedabad,2.03
Tata,Punch,2023,19407,Petrol,Manual,Fourth & above,Pune,4.31
Hyundai,Creta,2012,126506,Diesel,Automatic,Second,Mumbai,2.44
Tata,Harrier,2017,103366,Petrol,Manual,First,Chennai,5.75
Mahindra,Bolero,2023,40054,Petrol,Manual,Second,Delhi,6.94
Tata,Punch,2021,56402,Petrol,Manual,First,Pune,4.47
Maruti Suzuki,Brezza,2012,144950,Petrol,Automatic,First,Kochi,1.79
Mahindra,XUV700,2019,62429,Petrol,Manual,First,Hyderabad,8.88
Mahindra,Thar,2014,143017,Petrol,Manual,Second,Ahmedabad,3.08
Maruti Suzuki,Baleno,2025,12089,Petrol,Automatic,First,Chennai,8.13
Hyundai,Creta,2012,117994,Petrol,Manual,Second,Delhi,2.55
Tata,Altroz,2025,12250,Petrol,Manual,First,Ahmedabad,8.05
Maruti Suzuki,Brezza,2015,105010,Petrol,Automatic,First,Mumbai,2.68
Toyota,Fortuner,2015,128508,Diesel,Manual,Second,Kochi,8.05
Toyota,Fortuner,2010,139873,Diesel,Manual,First,Chennai,5.63
Toyota,Innova Crysta,2018,68295,Petrol,Automatic,First,Kolkata,8.58
Renault,Kwid,2025,21324,Petrol,Manual,Second,Pune,4.2
Maruti Suzuki,Ertiga,2015,136748,Petrol,Manual,First,Pune,2.66
Maruti Suzuki,Ertiga,2021,51644,Diesel,Manual,Second,Bengaluru,6.5
Mahindra,Thar,2019,69271,Petrol,Automatic,First,Jaipur,6.6
Maruti Suzuki,Brezza,2020,50364,Diesel,Manual,Fourth & above,Pune,3.9
Tata,Altroz,2024,10770,Petrol,Manual,First,Chennai,6.47
Mahindra,XUV700,2017,101276,Diesel,Manual,Second,Mumbai,5.94
Tata,Punch,2018,86070,CNG,Automatic,Second,Bengaluru,2.84
Maruti Suzuki,Alto K10,2010,146072,Petrol,Manual,Third,Bengaluru,0.57
Hyundai,i20,2021,30853,Diesel,Manual,First,Jaipur,5.17
Hyundai,Venue,2015,91450,Diesel,Manual,First,Ahmedabad,2.34
Mahindra,Thar,2024,18515,Diesel,Automatic,Third,Ahmedabad,12.67
Maruti Suzuki,Ertiga,2022,12129,Petrol,Manual,Third,Ahmedabad,5.96
Hyundai,i20,2016,117468,CNG,Manual,Second,Mumbai,2.19
Hyundai,Verna,2016,90383,Petrol,Manual,First,Jaipur,3.36
Kia,Seltos,2023,22110,Diesel,Manual,Second,Ahmedabad,9.37
Maruti Suzuki,Swift,2021,50839,Petrol,Manual,First,Ahmedabad,3.5
Maruti Suzuki,Swift,2012,153766,Petrol,Automatic,Second,Hyderabad,1.24
Mahindra,Scorpio,2022,35415,Petrol,Manual,Third,Bengaluru,8.38
Honda,City,2010,152302,Petrol,Manual,First,Chennai,1.71
Mahindra,XUV700,2019,71880,Petrol,Manual,Third,Pune,7.32
Kia,Seltos,2024,10606,Petrol,Automatic,Second,Kochi,12.72
Tata,Punch,2013,172305,Petrol,Manual,First,Pune,1.46
Mahindra,Scorpio,2021,48819,Petrol,Manual,Second,Delhi,7.71
Mahindra,Thar,2019,43353,Petrol,Manual,First,Kolkata,6.99
Maruti Suzuki,Alto K10,2024,10583,Petrol,Manual,First,Kolkata,3.75
Hyundai,i20,2011,121730,Petrol,Automatic,First,Kochi,1.43
Kia,Seltos,2024,20500,Diesel,Manual,Second,Kochi,10.93
Maruti Suzuki,Alto K10,2009,206255,Petrol,Manual,First,Hyderabad,0.48
Mahindra,Bolero,2011,155311,Diesel,Manual,Second,Kolkata,1.34
Mahindra,Bolero,2016,89491,Petrol,Manual,Second,Delhi,2.79
Maruti Suzuki,Swift,2017,88710,Petrol,Manual,First,Bengaluru,2.36
Maruti Suzuki,Brezza,2015,116043,Petrol,Automatic,First,Chennai,2.75
Mahindra,Bolero,2020,71185,Petrol,Automatic,First,Delhi,5.4
Tata,Harrier,2020,43137,CNG,Manual,Second,Delhi,8.59
Tata,Punch,2016,109867,Petrol,Manual,Second,Bengaluru,2.2
Hyundai,Venue,2011,173701,Diesel,Manual,First,Kochi,1.34
Mahindra,Bolero,2022,27158,Petrol,Manual,First,Ahmedabad,6.58
Tata,Punch,2013,118729,Petrol,Manual,First,Pune,1.71
Honda,Amaze,2017,63097,Petrol,Manual,First,Hyderabad,3.05
Hyundai,i20,2013,135865,Diesel,Manual,First,Chennai,1.43
Hyundai,i20,2009,199998,Petrol,Manual,Second,Ahmedabad,0.91
Honda,City,2009,143740,Petrol,Manual,Second,Kochi,1.27
Toyota,Innova Crysta,2013,139207,Petrol,Automatic,Second,Hyderabad,4.32
Maruti Suzuki,Ertiga,2018,82046,Petrol,Automatic,First,Pune,4.62
Maruti Suzuki,Ertiga,2010,173549,Petrol,Automatic,Third,Bengaluru,1.4
Hyundai,Venue,2024,17180,Diesel,Manual,First,Bengaluru,8.59
Renault,Kwid,2011,151317,CNG,Manual,Second,Delhi,0.68
Mahindra,Bolero,2016,129609,Petrol,Manual,Second,Mumbai,2.94
Hyundai,Verna,2011,181827,CNG,Automatic,First,Hyderabad,1.66
Tata,Altroz,2024,6155,CNG,Manual,Third,Delhi,5.73
Tata,Punch,2017,100057,Petrol,Manual,First,Chennai,2.39
Tata,Nexon,2014,154962,Diesel,Manual,First,Jaipur,2.01
Toyota,Innova Crysta,2015,118665,Diesel,Automatic,Second,Mumbai,5.47
Mahindra,Scorpio,2023,5594,Petrol,Automatic,Second,Pune,12.18
Mahindra,Bolero,2011,174010,Petrol,Manual,First,Delhi,1.47
Maruti Suzuki,Alto K10,2017,98180,Petrol,Automatic,Second,Jaipur,1.45
Honda,Amaze,2025,19289,Petrol,Automatic,Second,Kochi,7.53
Honda,Amaze,2018,69280,Petrol,Automatic,First,Bengaluru,3.87
Mahindra,Bolero,2013,118612,Diesel,Manual,Third,Pune,1.63
Kia,Seltos,2018,64794,Petrol,Automatic,Third,Bengaluru,4.83
Renault,Kwid,2014,120729,Petrol,Manual,First,Pune,1.16
Maruti Suzuki,Alto K10,2015,98870,Petrol,Manual,First,Delhi,1.11
Hyundai,Verna,2024,19401,Diesel,Manual,First,Delhi,10.53
Maruti Suzuki,Swift,2018,80410,Petrol,Automatic,First,Pune,2.81
Tata,Harrier,2018,98297,Diesel,Manual,First,Bengaluru,7.05
Toyota,Glanza,2020,61724,Petrol,Manual,First,Kochi,3.81
Tata,Altroz,2014,132318,Diesel,Manual,First,Kolkata,1.62
Honda,City,2017,86585,Diesel,Automatic,First,Bengaluru,5.05
Tata,Altroz,2025,6787,Petrol,Manual,First,Pune,7.79
Mahindra,Scorpio,2020,62759,Diesel,Automatic,Second,Mumbai,7.8
Kia,Seltos,2009,188293,Diesel,Manual,First,Pune,1.47
Kia,Sonet,2013,149974,Petrol,Manual,First,Bengaluru,1.99
Maruti Suzuki,Swift,2025,5449,Petrol,Manual,First,Chennai,6.78
Mahindra,Scorpio,2019,75165,Diesel,Manual,First,Pune,6.94
Renault,Kwid,2022,34143,Petrol,Manual,First,Kolkata,3.0
Mahindra,Thar,2020,39302,Petrol,Manual,First,Jaipur,7.37
Honda,Amaze,2023,27008,Petrol,Manual,First,Mumbai,5.95
Mahindra,Thar,2014,113012,Petrol,Manual,Third,Kochi,3.17
Kia,Sonet,2018,93068,Diesel,Manual,First,Kochi,4.2
Maruti Suzuki,Ertiga,2023,19193,Petrol,Automatic,Second,Pune,8.03
Hyundai,Creta,2020,61543,Petrol,Manual,First,Delhi,6.79
Kia,Seltos,2019,84697,Diesel,Manual,Second,Jaipur,5.2
Mahindra,XUV700,2013,136818,Petrol,Automatic,First,Chennai,4.08
Maruti Suzuki,Brezza,2017,62986,CNG,Manual,First,Chennai,3.63
Maruti Suzuki,Brezza,2025,9966,Petrol,Automatic,Second,Bengaluru,9.09
Tata,Altroz,2018,59818,Petrol,Automatic,First,Pune,3.55
Mahindra,Scorpio,2025,22051,Petrol,Manual,First,Jaipur,13.65
Maruti Suzuki,Brezza,2015,90808,Petrol,Manual,First,Chennai,2.59
Maruti Suzuki,Ertiga,2014,142857,Diesel,Automatic,First,Jaipur,2.16
Honda,Amaze,2018,70505,Petrol,Manual,Second,Hyderabad,3.18
Honda,Amaze,2015,124446,Petrol,Manual,First,Mumbai,2.18
Mahindra,Bolero,2018,100789,Diesel,Manual,First,Ahmedabad,4.1
Mahindra,XUV700,2009,162036,Diesel,Automatic,Second,Chennai,2.04
Toyota,Fortuner,2011,122444,Petrol,Automatic,First,Chennai,7.38
Maruti Suzuki,Alto K10,2014,117174,Petrol,Automatic,First,Hyderabad,1.05
Hyundai,Venue,2017,58673,Petrol,Manual,First,Ahmedabad,3.67
Toyota,Fortuner,2013,127767,Diesel,Manual,First,Jaipur,7.84
Maruti Suzuki,Baleno,2024,11534,Petrol,Manual,First,Delhi,6.14
Tata,Nexon,2013,97472,Petrol,Manual,Third,Jaipur,1.9
Maruti Suzuki,Ertiga,2015,108578,Petrol,Manual,Second,Kochi,2.62
Mahindra,Scorpio,2022,21647,Petrol,Manual,Second,Jaipur,8.23
Maruti Suzuki,Alto K10,2010,179145,Petrol,Manual,Second,Ahmedabad,0.53
Maruti Suzuki,Baleno,2019,71832,Petrol,Automatic,Second,Delhi,3.65
Mahindra,XUV700,2021,33004,Diesel,Automatic,Second,Ahmedabad,11.72
Toyota,Innova Crysta,2013,113741,Diesel,Manual,Second,Mumbai,4.21
Tata,Nexon,2021,46964,Diesel,Manual,Second,Kochi,5.97
Honda,City,2025,15108,Diesel,Manual,Second,Ahmedabad,11.18
Toyota,Fortuner,2011,168726,Petrol,Automatic,Second,Kolkata,5.69
Kia,Sonet,2022,43522,Petrol,Manual,First,Kolkata,6.4
Kia,Seltos,2022,20882,Petrol,Automatic,First,Ahmedabad,9.81
Maruti Suzuki,Brezza,2011,190034,Diesel,Automatic,First,Bengaluru,1.32
Kia,Seltos,2016,82250,Petrol,Manual,Third,Kochi,3.41
Toyota,Fortuner,2018,87885,Diesel,Manual,First,Kolkata,15.51
Tata,Punch,2021,34978,CNG,Automatic,First,Mumbai,4.71
Hyundai,Creta,2009,192157,Petrol,Automatic,Second,Hyderabad,1.42
Honda,City,2009,159760,Petrol,Manual,First,Pune,1.51
Hyundai,Verna,2013,144998,Petrol,Manual,Second,Jaipur,1.89
Hyundai,Venue,2024,12836,Petrol,Manual,Second,Ahmedabad,7.52
Tata,Harrier,2009,129944,Diesel,Manual,Third,Pune,1.81
Toyota,Innova Crysta,2012,175478,Diesel,Manual,First,Jaipur,2.95
Hyundai,Verna,2011,207367,Petrol,Manual,First,Pune,1.55
Tata,Nexon,2024,8887,Diesel,Manual,Third,Chennai,8.87
Maruti Suzuki,Swift,2017,84419,Petrol,Automatic,First,Jaipur,2.55
Maruti Suzuki,Alto K10,2025,18552,CNG,Manual,First,Chennai,4.14
Honda,Amaze,2021,57382,Petrol,Manual,Third,Chennai,3.81
Maruti Suzuki,Ertiga,2010,271871,Diesel,Manual,First,Chennai,0.96
Tata,Punch,2024,9674,Petrol,Automatic,First,Ahmedabad,7.06
Toyota,Glanza,2016,93397,Petrol,Manual,First,Delhi,2.63
Tata,Nexon,2015,91771,Petrol,Manual,Second,Delhi,2.47
Renault,Kwid,2012,144249,Petrol,Automatic,First,Hyderabad,0.94
Renault,Kwid,2022,20610,Petrol,Automatic,First,Hyderabad,3.84
Hyundai,Creta,2021,49878,Petrol,Manual,First,Mumbai,8.68
Maruti Suzuki,Swift,2012,130768,CNG,Automatic,Third,Kolkata,0.98
Hyundai,Creta,2019,58750,Diesel,Automatic,First,Delhi,7.02
Toyota,Fortuner,2025,7155,Petrol,Manual,First,Ahmedabad,35.77
Toyota,Glanza,2009,162202,Petrol,Manual,First,Hyderabad,1.04
Maruti Suzuki,Ertiga,2024,12124,Petrol,Manual,First,Bengaluru,9.42
Mahindra,Scorpio,2024,11856,Diesel,Manual,Second,Kolkata,11.5
Hyundai,i20,2015,107068,Petrol,Automatic,First,Hyderabad,2.45
Hyundai,Verna,2025,15451,Petrol,Automatic,First,Kolkata,11.95
Honda,City,2010,185644,Petrol,Manual,Second,Pune,1.46
Maruti Suzuki,Alto K10,2021,40328,CNG,Automatic,First,Hyderabad,2.74
Mahindra,Bolero,2024,7690,Petrol,Manual,Third,Hyderabad,7.47
Tata,Punch,2016,118357,Petrol,Manual,Second,Kolkata,2.05
Tata,Punch,2014,122580,Petrol,Manual,First,Chennai,1.7
Tata,Altroz,2024,16032,CNG,Manual,First,Bengaluru,7.02
Kia,Seltos,2016,94017,Petrol,Automatic,Third,Kochi,3.53
Hyundai,i20,2019,79085,Petrol,Automatic,First,Pune,4.23
Renault,Kwid,2025,14622,Petrol,Manual,Second,Hyderabad,4.54
Maruti Suzuki,Brezza,2022,25581,Petrol,Automatic,First,Chennai,6.74
Hyundai,i20,2009,129950,Diesel,Automatic,First,Hyderabad,1.02
Tata,Nexon,2011,169161,Petrol,Manual,First,Jaipur,1.47
Toyota,Innova Crysta,2011,176103,Diesel,Manual,First,Chennai,2.96
Mahindra,Bolero,2009,149246,Petrol,Automatic,First,Hyderabad,1.41
Hyundai,Verna,2017,108995,Petrol,Manual,Second,Jaipur,3.3
Tata,Harrier,2017,106862,Diesel,Manual,First,Bengaluru,6.88
Hyundai,Creta,2013,122288,Petrol,Manual,First,Bengaluru,3.05
Tata,Punch,2012,116596,Petrol,Automatic,Fourth & above,Kochi,1.15
Hyundai,Venue,2023,32406,Petrol,Manual,First,Mumbai,7.12
Mahindra,Thar,2021,60449,Petrol,Manual,First,Hyderabad,8.99
Maruti Suzuki,Baleno,2021,31124,Petrol,Manual,First,Jaipur,4.61
Mahindra,XUV700,2013,144909,Petrol,Automatic,First,Hyderabad,3.78
Kia,Sonet,2009,180574,Petrol,Automatic,Third,Jaipur,0.94
Maruti Suzuki,Baleno,2012,109456,Petrol,Manual,Second,Hyderabad,1.33
Kia,Sonet,2017,129008,Petrol,Manual,First,Kochi,3.31
Renault,Kwid,2016,105571,Petrol,Automatic,First,Jaipur,1.4
Maruti Suzuki,Baleno,2024,10304,Petrol,Manual,First,Hyderabad,6.32
Kia,Sonet,2022,34058,Petrol,Automatic,First,Hyderabad,7.09
Kia,Seltos,2015,97387,Diesel,Manual,Second,Hyderabad,3.2
Maruti Suzuki,Ertiga,2022,33686,Petrol,Manual,Second,Bengaluru,7.04
Honda,Amaze,2022,37881,Petrol,Manual,First,Mumbai,5.0
Maruti Suzuki,Baleno,2014,136166,Petrol,Manual,First,Pune,1.84
Mahindra,Thar,2013,125304,Diesel,Manual,Third,Chennai,2.36
Tata,Nexon,2009,188453,Petrol,Manual,First,Mumbai,1.28
Renault,Kwid,2015,140877,Petrol,Automatic,First,Mumbai,1.23
Tata,Punch,2011,207250,Petrol,Manual,Second,Pune,0.96
Maruti Suzuki,Swift,2017,104674,Petrol,Manual,Second,Kolkata,2.04
Maruti Suzuki,Alto K10,2024,19874,CNG,Automatic,First,Pune,3.76
Maruti Suzuki,Baleno,2021,50139,Petrol,Manual,Third,Delhi,3.39
Tata,Nexon,2012,179491,Diesel,Automatic,First,Hyderabad,1.67
Renault,Kwid,2009,169421,Petrol,Manual,First,Bengaluru,0.67
Maruti Suzuki,Swift,2014,168615,Petrol,Manual,First,Bengaluru,1.44
Maruti Suzuki,Ertiga,2018,46367,CNG,Automatic,First,Ahmedabad,4.49
Kia,Seltos,2013,161639,Diesel,Manual,Second,Mumbai,2.21
Maruti Suzuki,Ertiga,2018,54138,Petrol,Manual,First,Bengaluru,4.39
Maruti Suzuki,Ertiga,2021,59482,Petrol,Manual,Second,Bengaluru,5.78
Kia,Sonet,2010,196176,Petrol,Manual,Second,Hyderabad,1.08
Tata,Punch,2011,165049,Petrol,Manual,Third,Bengaluru,1.02
Maruti Suzuki,Brezza,2017,99477,Petrol,Manual,Second,Pune,2.91
Renault,Kwid,2009,180201,Petrol,Manual,First,Ahmedabad,0.59
Mahindra,Scorpio,2010,150094,Petrol,Manual,Second,Hyderabad,1.97
Toyota,Glanza,2012,117697,Petrol,Manual,First,Mumbai,1.55
Toyota,Innova Crysta,2017,98925,Petrol,Manual,First,Kolkata,7.37
Hyundai,i20,2020,66132,Petrol,Manual,First,Delhi,4.4
Hyundai,Venue,2011,160337,Petrol,Manual,Second,Kolkata,1.31
Mahindra,Scorpio,2021,27410,Petrol,Manual,First,Hyderabad,9.44
Mahindra,Thar,2018,82936,Diesel,Manual,First,Bengaluru,6.75
Honda,Amaze,2012,163927,Petrol,Manual,First,Mumbai,1.44
Renault,Kwid,2025,13402,Petrol,Manual,Third,Delhi,3.65
Mahindra,Bolero,2023,9034,Petrol,Manual,First,Kochi,7.28
Maruti Suzuki,Brezza,2022,19210,Petrol,Automatic,Second,Kolkata,6.32
Mahindra,XUV700,2019,48454,Petrol,Manual,First,Chennai,9.46
Tata,Punch,2018,89785,Petrol,Automatic,First,Kolkata,3.08
Tata,Nexon,2015,149132,Petrol,Manual,First,Delhi,2.61
Tata,Nexon,2015,101765,Petrol,Automatic,First,Pune,2.9
Tata,Harrier,2017,89834,Petrol,Manual,First,Pune,5.51
Maruti Suzuki,Swift,2014,148728,CNG,Manual,First,Mumbai,1.36
Toyota,Innova Crysta,2009,132254,Petrol,Automatic,Second,Hyderabad,2.81
Tata,Altroz,2013,163004,Diesel,Manual,First,Bengaluru,1.6
Kia,Seltos,2015,76439,Diesel,Manual,First,Mumbai,3.45
Toyota,Fortuner,2025,11865,Petrol,Manual,First,Hyderabad,41.1
Renault,Kwid,2024,19956,Petrol,Automatic,First,Kochi,4.46
Honda,Amaze,2021,41756,Petrol,Manual,First,Kolkata,4.02
Mahindra,Bolero,2014,150174,Petrol,Manual,Second,Pune,2.0
Hyundai,Verna,2024,22670,Petrol,Manual,Third,Chennai,8.41
Hyundai,i20,2018,65538,Petrol,Automatic,First,Kolkata,3.46
Honda,Amaze,2023,16560,Petrol,Manual,First,Kolkata,6.2
Kia,Sonet,2025,500,Petrol,Manual,First,Ahmedabad,8.74
Tata,Altroz,2010,223487,Diesel,Manual,First,Kochi,0.86
Kia,Seltos,2023,30647,Petrol,Automatic,Second,Delhi,10.25
Toyota,Innova Crysta,2025,24868,Petrol,Manual,First,Ahmedabad,21.13
Honda,Amaze,2024,16466,Petrol,Manual,First,Ahmedabad,6.74
Renault,Kwid,2016,100184,Petrol,Manual,First,Hyderabad,1.46
Maruti Suzuki,Baleno,2016,97887,CNG,Automatic,Third,Chennai,1.85
Mahindra,XUV700,2009,142338,Petrol,Manual,Second,Kochi,2.21
Toyota,Fortuner,2023,27285,Petrol,Automatic,First,Kochi,32.15
Kia,Seltos,2025,14881,Petrol,Manual,Third,Mumbai,11.66
Kia,Sonet,2013,130918,Diesel,Manual,Second,Jaipur,1.6
Hyundai,Venue,2010,222937,Petrol,Manual,First,Bengaluru,1.22
Tata,Altroz,2016,110427,Petrol,Manual,First,Pune,2.52
Maruti Suzuki,Alto K10,2012,147624,CNG,Manual,First,Kochi,0.74
Kia,Sonet,2014,124487,Petrol,Automatic,First,Pune,2.49
Toyota,Innova Crysta,2020,41724,Petrol,Manual,Second,Mumbai,11.02
Toyota,Glanza,2011,181481,Petrol,Manual,Second,Ahmedabad,1.09
Mahindra,XUV700,2014,117369,Diesel,Manual,Second,Pune,3.7
Mahindra,XUV700,2016,83474,Diesel,Manual,First,Jaipur,5.26
Tata,Altroz,2025,16900,Petrol,Manual,First,Ahmedabad,7.22
Honda,City,2020,42857,Diesel,Manual,Second,Pune,6.98
Hyundai,Creta,2022,40426,CNG,Manual,First,Kolkata,8.41
Tata,Altroz,2022,25518,Petrol,Manual,First,Hyderabad,5.76
Hyundai,Creta,2015,118280,Petrol,Manual,Second,Delhi,3.32
Mahindra,Bolero,2016,83149,Diesel,Manual,First,Hyderabad,2.83
Tata,Harrier,2020,59340,Petrol,Manual,Second,Ahmedabad,7.92
Tata,Nexon,2019,60728,Petrol,Automatic,First,Kochi,4.67
Toyota,Innova Crysta,2020,38498,Petrol,Manual,First,Ahmedabad,11.62
Mahindra,Scorpio,2009,168143,Petrol,Automatic,First,Kochi,1.71
Tata,Nexon,2017,52178,Diesel,Automatic,First,Bengaluru,4.91
Mahindra,Thar,2019,66964,Petrol,Manual,First,Chennai,6.81
Tata,Nexon,2009,157565,Petrol,Manual,First,Chennai,1.11
Maruti Suzuki,Baleno,2025,10414,CNG,Manual,First,Chennai,7.17
Hyundai,Creta,2011,125230,Diesel,Manual,Second,Hyderabad,2.1
Tata,Harrier,2015,148463,Petrol,Automatic,Fourth & above,Kochi,3.63
Hyundai,Verna,2014,116161,Petrol,Manual,First,Hyderabad,2.87
Mahindra,XUV700,2014,136794,Diesel,Manual,Third,Ahmedabad,3.12
Maruti Suzuki,Swift,2017,86504,Petrol,Manual,Third,Mumbai,1.92
Honda,City,2011,173795,Petrol,Manual,First,Jaipur,1.72
Mahindra,Scorpio,2020,45915,Petrol,Automatic,Third,Kochi,6.2
Hyundai,Verna,2018,75244,Petrol,Automatic,First,Mumbai,5.03
Toyota,Innova Crysta,2009,189962,Diesel,Automatic,First,Kolkata,2.51
Honda,Amaze,2023,19081,Petrol,Manual,First,Bengaluru,6.64
Tata,Punch,2021,39929,Petrol,Manual,First,Chennai,4.41
Tata,Punch,2017,79539,Petrol,Manual,First,Pune,2.86
Maruti Suzuki,Baleno,2023,19072,Petrol,Automatic,First,Mumbai,6.07
Kia,Seltos,2015,109126,Diesel,Automatic,First,Hyderabad,3.41
Kia,Seltos,2012,146970,Diesel,Manual,First,Kochi,2.32
Maruti Suzuki,Alto K10,2019,65079,Petrol,Automatic,First,Ahmedabad,2.1
Maruti Suzuki,Swift,2025,20122,Petrol,Manual,First,Pune,6.53
Tata,Altroz,2017,71249,Petrol,Manual,Second,Jaipur,2.38
Hyundai,Venue,2018,66795,Diesel,Manual,First,Mumbai,4.02
Hyundai,Verna,2010,169304,Diesel,Manual,First,Kolkata,1.43
Renault,Kwid,2010,142696,Petrol,Manual,First,Pune,0.72
Honda,City,2018,90216,Petrol,Automatic,First,Jaipur,4.73
Tata,Altroz,2016,104735,Petrol,Manual,Fourth & above,Kochi,1.74
Mahindra,Thar,2017,62441,Petrol,Manual,Second,Jaipur,4.93
Tata,Harrier,2024,14685,Petrol,Manual,Fourth & above,Mumbai,12.47
Tata,Nexon,2019,69921,Petrol,Automatic,First,Delhi,4.78
Kia,Seltos,2020,60828,Diesel,Automatic,First,Mumbai,8.28
Mahindra,XUV700,2014,90933,Petrol,Manual,Second,Ahmedabad,4.31
Mahindra,Thar,2017,59443,Petrol,Manual,First,Hyderabad,5.73
Maruti Suzuki,Swift,2021,38460,Petrol,Manual,First,Hyderabad,3.88
Maruti Suzuki,Brezza,2022,26003,Petrol,Automatic,First,Bengaluru,6.78
Maruti Suzuki,Brezza,2010,172778,CNG,Manual,Third,Hyderabad,1.02
Honda,City,2020,61068,Diesel,Manual,First,Delhi,6.28
Maruti Suzuki,Swift,2024,11099,Petrol,Manual,Second,Chennai,5.56
Maruti Suzuki,Ertiga,2023,39979,CNG,Manual,Second,Hyderabad,6.2
Toyota,Innova Crysta,2013,130265,Diesel,Manual,First,Hyderabad,4.26
Maruti Suzuki,Swift,2009,177217,Petrol,Manual,First,Bengaluru,0.78
Tata,Punch,2021,56744,Petrol,Manual,First,Mumbai,4.31
Tata,Nexon,2013,148900,Diesel,Automatic,First,Chennai,2.06
Hyundai,Venue,2014,140133,Diesel,Manual,First,Bengaluru,2.21
Tata,Nexon,2010,156735,Diesel,Manual,First,Mumbai,1.35
Toyota,Glanza,2014,94599,CNG,Automatic,First,Kolkata,2.03
Toyota,Innova Crysta,2021,51232,Petrol,Manual,First,Pune,12.78
Mahindra,Scorpio,2011,168910,Petrol,Automatic,First,Kochi,2.28
Hyundai,Creta,2025,10199,Diesel,Manual,First,Pune,15.71
Tata,Harrier,2011,142278,Diesel,Manual,First,Mumbai,2.75
Maruti Suzuki,Alto K10,2019,82866,Petrol,Automatic,First,Pune,1.99
Kia,Sonet,2024,22370,Petrol,Manual,First,Jaipur,7.86
Maruti Suzuki,Swift,2012,151653,Petrol,Automatic,Third,Delhi,1.1
Toyota,Fortuner,2018,38157,Petrol,Automatic,First,Hyderabad,18.46
Hyundai,Creta,2023,21419,Petrol,Automatic,First,Bengaluru,10.81
Mahindra,Bolero,2015,128423,Petrol,Manual,Third,Ahmedabad,2.05
Tata,Altroz,2011,107025,Petrol,Automatic,Third,Kochi,1.17
Honda,Amaze,2021,54356,Petrol,Manual,Third,Kolkata,3.8
Maruti Suzuki,Baleno,2010,170294,Petrol,Manual,First,Delhi,0.91
Tata,Harrier,2014,157838,Diesel,Manual,Third,Kolkata,2.8
Tata,Punch,2016,89596,Petrol,Manual,First,Bengaluru,2.46
Tata,Nexon,2016,86501,Petrol,Manual,Third,Jaipur,2.81
Honda,Amaze,2014,143923,Petrol,Manual,Second,Bengaluru,1.77
Toyota,Fortuner,2014,155309,Petrol,Automatic,First,Chennai,9.15
Honda,Amaze,2011,197913,Petrol,Manual,Second,Ahmedabad,1.04
Toyota,Innova Crysta,2025,27180,Petrol,Automatic,First,Pune,21.77
Hyundai,i20,2012,156953,Petrol,Manual,First,Ahmedabad,1.38
Tata,Harrier,2018,86720,CNG,Manual,Second,Ahmedabad,6.43
Honda,City,2018,61593,CNG,Automatic,First,Jaipur,5.16
Toyota,Glanza,2009,154545,CNG,Manual,Third,Jaipur,0.73
Maruti Suzuki,Baleno,2009,180685,Petrol,Manual,First,Bengaluru,0.97
Mahindra,XUV700,2013,156465,Diesel,Automatic,Second,Delhi,3.26
Honda,Amaze,2024,7619,Petrol,Manual,Second,Bengaluru,6.81
Toyota,Glanza,2021,53310,Petrol,Manual,First,Mumbai,4.64
Kia,Seltos,2014,113529,Diesel,Manual,Third,Hyderabad,2.65
Kia,Sonet,2021,26051,Petrol,Manual,Second,Mumbai,5.56
Honda,City,2017,82838,Petrol,Automatic,First,Bengaluru,5.09
Kia,Seltos,2011,125922,Diesel,Automatic,First,Hyderabad,2.24
Toyota,Innova Crysta,2021,46223,Diesel,Manual,Second,Kolkata,12.26
Mahindra,Thar,2013,155234,Petrol,Manual,First,Ahmedabad,2.86
Toyota,Innova Crysta,2013,147119,Diesel,Automatic,Second,Kolkata,3.75
Kia,Seltos,2024,15222,Diesel,Automatic,First,Mumbai,12.75
Kia,Sonet,2019,67014,Diesel,Manual,First,Chennai,4.97
Maruti Suzuki,Alto K10,2022,32188,Petrol,Manual,First,Bengaluru,2.99
Tata,Punch,2017,81786,Petrol,Manual,Second,Delhi,2.41
Kia,Seltos,2016,96877,Petrol,Manual,First,Delhi,3.9
Honda,Amaze,2021,39749,Petrol,Automatic,First,Hyderabad,4.98
Kia,Sonet,2018,71899,Petrol,Automatic,First,Chennai,4.0
Mahindra,Bolero,2017,99792,Petrol,Manual,First,Ahmedabad,3.3
Hyundai,Creta,2018,64039,Petrol,Automatic,First,Jaipur,5.56
Hyundai,Verna,2014,122749,Petrol,Automatic,Fourth & above,Ahmedabad,2.08
Maruti Suzuki,Brezza,2016,94242,Petrol,Automatic,First,Chennai,2.74
Honda,City,2017,59091,Diesel,Manual,Second,Delhi,4.97
Maruti Suzuki,Baleno,2023,25165,Petrol,Manual,First,Kochi,5.9
Toyota,Glanza,2022,48851,Petrol,Manual,Fourth & above,Ahmedabad,3.9
Kia,Seltos,2020,55904,Diesel,Automatic,First,Jaipur,7.92
Honda,Amaze,2015,122223,CNG,Manual,Second,Delhi,1.84
Hyundai,Verna,2021,50033,Diesel,Manual,Second,Kochi,6.5
Mahindra,Bolero,2010,129247,Petrol,Manual,First,Delhi,1.6
Kia,Sonet,2015,104127,Diesel,Automatic,Third,Jaipur,2.22
Hyundai,i20,2012,125937,Petrol,Manual,First,Chennai,1.52
Maruti Suzuki,Alto K10,2020,53428,Petrol,Manual,Third,Delhi,2.02
Tata,Punch,2017,86080,Petrol,Manual,Second,Mumbai,2.55
Toyota,Innova Crysta,2015,149267,Diesel,Automatic,Second,Delhi,5.09
Mahindra,XUV700,2012,123640,Petrol,Manual,Second,Kochi,3.25
Hyundai,i20,2015,124951,Petrol,Manual,First,Hyderabad,2.19
Hyundai,Creta,2018,83789,Petrol,Manual,First,Bengaluru,5.6
Kia,Sonet,2011,150952,Petrol,Manual,Second,Ahmedabad,1.32
Mahindra,Thar,2013,155745,Petrol,Automatic,First,Kochi,3.33
Tata,Nexon,2012,159182,Diesel,Manual,First,Delhi,1.65
Hyundai,i20,2015,124952,CNG,Manual,Second,Hyderabad,1.99
Hyundai,Venue,2020,70446,Petrol,Manual,First,Kolkata,4.45
Honda,City,2022,42359,CNG,Manual,Second,Hyderabad,7.33
Maruti Suzuki,Brezza,2019,47828,Diesel,Manual,First,Chennai,4.61
Mahindra,XUV700,2024,22737,Petrol,Manual,First,Chennai,16.82
Maruti Suzuki,Baleno,2013,150542,Petrol,Manual,First,Kochi,1.45
Maruti Suzuki,Alto K10,2016,91178,Petrol,Manual,Second,Ahmedabad,1.21
Maruti Suzuki,Brezza,2014,92415,Petrol,Manual,Second,Kochi,2.17
Hyundai,Creta,2022,35576,Petrol,Manual,First,Bengaluru,9.95
Toyota,Glanza,2024,18666,Petrol,Manual,Second,Delhi,6.3
Maruti Suzuki,Ertiga,2020,34801,Petrol,Automatic,Second,Chennai,5.86
Tata,Altroz,2018,92718,Petrol,Manual,First,Pune,3.27
Maruti Suzuki,Ertiga,2017,109496,Diesel,Automatic,First,Kochi,3.68
Renault,Kwid,2011,147897,Petrol,Manual,First,Delhi,0.78
Kia,Seltos,2012,157227,Petrol,Manual,First,Hyderabad,2.39
Maruti Suzuki,Alto K10,2011,185888,Petrol,Manual,Second,Ahmedabad,0.57
Mahindra,XUV700,2014,91526,Diesel,Manual,First,Chennai,4.57
Mahindra,Scorpio,2016,100761,Diesel,Automatic,First,Kolkata,3.99
Honda,Amaze,2015,93448,Petrol,Manual,First,Chennai,2.28
Renault,Kwid,2016,102318,Petrol,Manual,Second,Pune,1.31
Tata,Altroz,2021,36268,Petrol,Manual,Second,Delhi,4.61
Tata,Harrier,2013,175570,Diesel,Manual,First,Chennai,3.34
Toyota,Fortuner,2019,92959,Diesel,Manual,First,Pune,17.56
Toyota,Innova Crysta,2014,132958,Diesel,Manual,First,Kochi,4.56
Kia,Sonet,2010,156758,Diesel,Manual,First,Bengaluru,1.35
Hyundai,Creta,2018,67244,CNG,Manual,Second,Kolkata,4.9
Tata,Harrier,2021,49111,Petrol,Manual,Third,Kolkata,8.4
Hyundai,i20,2021,51036,Diesel,Manual,First,Jaipur,4.6
Maruti Suzuki,Brezza,2025,18205,Petrol,Manual,Second,Kochi,8.68
Tata,Altroz,2022,30096,Petrol,Manual,First,Jaipur,4.82
Kia,Sonet,2015,115584,Diesel,Automatic,First,Bengaluru,2.78
Mahindra,Bolero,2011,179433,Diesel,Manual,First,Hyderabad,1.25
Tata,Harrier,2014,152480,Petrol,Manual,Second,Chennai,3.45
Hyundai,Creta,2024,12205,Diesel,Automatic,First,Hyderabad,15.34
Kia,Sonet,2021,51772,Petrol,Manual,Fourth & above,Mumbai,4.15
Maruti Suzuki,Alto K10,2021,47840,Petrol,Manual,First,Mumbai,2.92
Kia,Seltos,2016,121314,Diesel,Manual,Fourth & above,Hyderabad,2.75
Mahindra,XUV700,2025,14186,Petrol,Manual,Second,Kolkata,15.39
Honda,Amaze,2014,148925,Petrol,Manual,Second,Mumbai,1.68
Maruti Suzuki,Swift,2022,31054,Petrol,Automatic,First,Pune,4.64
Honda,City,2014,118836,CNG,Manual,First,Pune,2.66
Kia,Seltos,2022,45256,CNG,Manual,First,Kochi,8.54
Renault,Kwid,2025,15284,Petrol,Automatic,First,Kochi,4.44
Renault,Kwid,2022,25409,Petrol,Automatic,First,Delhi,3.54
Tata,Punch,2024,17132,Petrol,Manual,First,Bengaluru,6.25
Hyundai,i20,2015,150244,Petrol,Manual,First,Chennai,2.14
Toyota,Glanza,2023,22836,Petrol,Automatic,Second,Chennai,5.88
Hyundai,Verna,2012,210364,Petrol,Manual,First,Mumbai,1.76
Honda,Amaze,2016,111112,Petrol,Manual,First,Chennai,2.45
Toyota,Glanza,2024,19396,Petrol,Manual,Third,Bengaluru,6.18
Toyota,Fortuner,2015,114482,Petrol,Manual,Second,Kochi,9.43
Tata,Nexon,2016,72598,Petrol,Manual,First,Chennai,3.39
Maruti Suzuki,Brezza,2011,162650,Petrol,Manual,Second,Hyderabad,1.43
Tata,Harrier,2013,154464,Diesel,Manual,First,Kolkata,2.91
Maruti Suzuki,Swift,2013,136156,Petrol,Manual,Third,Ahmedabad,1.05
Hyundai,i20,2014,111827,Petrol,Manual,Second,Kolkata,1.7
Renault,Kwid,2018,97218,Petrol,Manual,Second,Chennai,1.7
Mahindra,Bolero,2012,151752,Petrol,Manual,First,Pune,1.82
Kia,Seltos,2015,78615,Diesel,Manual,First,Pune,3.7
Tata,Punch,2013,119688,Petrol,Manual,First,Ahmedabad,1.51
Toyota,Fortuner,2017,57038,Diesel,Automatic,First,Delhi,16.93
Toyota,Glanza,2009,165093,Petrol,Automatic,First,Kolkata,1.02
Maruti Suzuki,Swift,2019,74469,Petrol,Manual,Second,Kochi,2.55
Maruti Suzuki,Swift,2017,106524,Petrol,Manual,Third,Kochi,1.82
Hyundai,i20,2020,36546,CNG,Manual,First,Jaipur,3.81
Maruti Suzuki,Alto K10,2023,16407,Petrol,Automatic,Third,Bengaluru,3.24
Maruti Suzuki,Brezza,2025,9715,Petrol,Manual,First,Jaipur,9.15
Hyundai,i20,2019,81579,Diesel,Manual,Third,Jaipur,3.1
Kia,Seltos,2017,99558,Petrol,Manual,Third,Bengaluru,3.97
Maruti Suzuki,Ertiga,2020,59936,Petrol,Manual,First,Jaipur,5.36
Maruti Suzuki,Alto K10,2010,180648,Petrol,Automatic,Second,Delhi,0.59
Toyota,Innova Crysta,2013,170187,Diesel,Manual,First,Ahmedabad,3.87
Tata,Nexon,2012,153904,Petrol,Manual,Second,Chennai,1.69
Tata,Punch,2024,9792,Petrol,Automatic,Second,Kochi,7.13
Kia,Sonet,2014,99227,Petrol,Manual,First,Bengaluru,2.44
Maruti Suzuki,Alto K10,2021,55704,Petrol,Manual,Third,Bengaluru,2.16
Mahindra,Thar,2017,102560,Diesel,Manual,First,Kochi,5.67
Honda,City,2015,135925,Petrol,Manual,First,Chennai,3.2
Kia,Seltos,2016,105381,Petrol,Manual,First,Jaipur,3.63
Maruti Suzuki,Swift,2025,15218,Petrol,Manual,First,Jaipur,5.5
Tata,Altroz,2011,172634,CNG,Manual,First,Pune,1.16
Hyundai,Verna,2021,46260,Petrol,Automatic,Second,Kolkata,5.85
Maruti Suzuki,Baleno,2012,128637,Petrol,Manual,First,Ahmedabad,1.3
Maruti Suzuki,Alto K10,2016,125695,Petrol,Manual,First,Delhi,1.27
Toyota,Glanza,2019,67784,Petrol,Manual,Third,Kochi,2.94
Tata,Punch,2024,15211,Petrol,Automatic,First,Delhi,6.73
Honda,City,2010,128162,Petrol,Manual,Second,Chennai,1.66
Hyundai,Venue,2010,173433,Petrol,Automatic,First,Mumbai,1.45
Honda,City,2014,109781,Petrol,Manual,Second,Chennai,2.54
Hyundai,Venue,2021,66389,Petrol,Manual,Second,Kochi,5.04
Toyota,Glanza,2011,113062,Petrol,Manual,First,Kochi,1.31
Maruti Suzuki,Baleno,2025,13691,Petrol,Manual,First,Chennai,7.15
Toyota,Fortuner,2019,66803,Diesel,Manual,First,Hyderabad,19.33
Tata,Nexon,2020,52750,Petrol,Manual,First,Kolkata,5.17
Mahindra,XUV700,2025,23569,Diesel,Manual,First,Pune,18.87
Mahindra,Bolero,2014,133962,Petrol,Manual,First,Kolkata,2.18
Hyundai,Venue,2009,134861,Diesel,Manual,First,Kochi,1.19
Honda,City,2010,188320,Petrol,Manual,Second,Bengaluru,1.39
Hyundai,Verna,2023,24710,Diesel,Manual,Second,Mumbai,8.44
Maruti Suzuki,Baleno,2015,135828,Petrol,Manual,First,Kochi,1.83
Hyundai,Venue,2024,8323,Petrol,Automatic,Second,Mumbai,8.64
Honda,Amaze,2021,46213,Petrol,Manual,First,Delhi,4.81
Kia,Sonet,2025,19168,Petrol,Manual,Fourth & above,Kochi,7.67
Toyota,Innova Crysta,2024,11213,Petrol,Manual,First,Chennai,20.87
Hyundai,Creta,2010,164608,Diesel,Manual,Fourth & above,Delhi,1.33
Toyota,Innova Crysta,2012,148837,Petrol,Manual,First,Delhi,3.92
Hyundai,Verna,2014,89186,Diesel,Manual,Third,Chennai,2.22
Honda,City,2013,163426,Petrol,Manual,First,Bengaluru,2.51
Maruti Suzuki,Baleno,2020,76895,CNG,Manual,First,Ahmedabad,3.4
Maruti Suzuki,Swift,2014,115201,Petrol,Manual,First,Pune,1.82
Kia,Seltos,2013,135419,Petrol,Automatic,First,Bengaluru,2.99
Kia,Seltos,2017,99835,Diesel,Manual,First,Ahmedabad,5.04
Tata,Altroz,2009,127785,CNG,Manual,First,Jaipur,1.02
Mahindra,Thar,2012,136356,Petrol,Automatic,First,Ahmedabad,2.83
Tata,Nexon,2019,75758,Diesel,Manual,First,Bengaluru,5.12
Toyota,Innova Crysta,2015,81657,Petrol,Manual,First,Kolkata,5.71
Maruti Suzuki,Baleno,2018,61347,Petrol,Automatic,First,Jaipur,3.16
Hyundai,Venue,2016,117945,Petrol,Automatic,First,Chennai,3.0
Maruti Suzuki,Baleno,2011,148301,CNG,Manual,Second,Kolkata,0.95
Toyota,Innova Crysta,2018,73234,Diesel,Manual,Second,Ahmedabad,8.57
Mahindra,Scorpio,2010,184931,Diesel,Manual,First,Kolkata,1.48
Kia,Sonet,2011,127083,Petrol,Manual,Second,Bengaluru,1.51
Tata,Altroz,2009,204757,Diesel,Manual,Second,Jaipur,0.73
Tata,Harrier,2020,48128,Petrol,Manual,Third,Chennai,7.67
Honda,Amaze,2021,62738,CNG,Manual,First,Pune,4.38
Tata,Nexon,2014,136827,Petrol,Manual,Second,Kolkata,2.1
Mahindra,XUV700,2021,51362,Petrol,Automatic,First,Bengaluru,11.67
Kia,Sonet,2024,18772,Petrol,Manual,First,Delhi,8.5
Hyundai,Venue,2024,16048,Petrol,Manual,First,Mumbai,8.17
Tata,Altroz,2017,77448,Petrol,Automatic,First,Hyderabad,3.18
Mahindra,Bolero,2010,181374,Diesel,Manual,Second,Bengaluru,1.2
Toyota,Glanza,2012,145321,Petrol,Manual,First,Jaipur,1.41
Tata,Harrier,2021,34836,Diesel,Manual,First,Kolkata,11.4
Maruti Suzuki,Ertiga,2018,71564,Diesel,Manual,First,Chennai,4.15
Maruti Suzuki,Alto K10,2020,65328,Petrol,Automatic,First,Jaipur,2.22
Honda,City,2012,176120,Petrol,Manual,Second,Jaipur,1.89
Tata,Nexon,2025,11558,Petrol,Automatic,Third,Kochi,8.98
Honda,Amaze,2017,68613,Petrol,Manual,Third,Jaipur,2.15
Honda,City,2019,66943,Petrol,Manual,Third,Ahmedabad,4.5
Tata,Punch,2014,105827,Petrol,Automatic,First,Mumbai,1.99
Tata,Nexon,2019,61160,Diesel,Automatic,Second,Kochi,5.3
Maruti Suzuki,Ertiga,2021,53324,Petrol,Manual,First,Delhi,6.47
Mahindra,Scorpio,2013,164225,Diesel,Manual,Second,Delhi,2.29
Maruti Suzuki,Swift,2025,11737,Petrol,Manual,First,Pune,6.44
Mahindra,Bolero,2015,66228,Diesel,Automatic,First,Jaipur,2.74
Tata,Punch,2023,25036,Petrol,Automatic,First,Bengaluru,6.73
Hyundai,i20,2009,174951,Petrol,Manual,Second,Mumbai,0.9
Maruti Suzuki,Alto K10,2014,69283,Petrol,Manual,First,Ahmedabad,1.17
Hyundai,Creta,2022,43065,Petrol,Manual,First,Kolkata,8.84
Hyundai,Creta,2018,88951,Petrol,Automatic,Third,Jaipur,4.53
Hyundai,Venue,2025,12880,CNG,Manual,First,Kochi,9.44
Hyundai,Venue,2016,121946,Petrol,Manual,First,Jaipur,2.4
Toyota,Glanza,2010,170890,Petrol,Manual,First,Jaipur,1.08
Maruti Suzuki,Brezza,2018,105744,Petrol,Manual,Third,Pune,3.0
Maruti Suzuki,Alto K10,2017,72559,Petrol,Manual,First,Chennai,1.56
Tata,Harrier,2020,74220,Petrol,Automatic,First,Hyderabad,9.29
Mahindra,Scorpio,2012,161476,Petrol,Manual,First,Delhi,2.46
Toyota,Fortuner,2012,132353,Diesel,Automatic,Second,Kolkata,6.4
Toyota,Glanza,2010,160009,CNG,Manual,First,Kochi,1.13
Hyundai,Creta,2024,17332,Diesel,Manual,Second,Jaipur,11.6
Maruti Suzuki,Baleno,2023,25724,Petrol,Manual,First,Kolkata,5.38
Maruti Suzuki,Baleno,2016,88395,Petrol,Manual,First,Pune,2.6
Hyundai,Creta,2023,25897,Diesel,Manual,First,Mumbai,11.4
Mahindra,XUV700,2009,196601,Petrol,Manual,First,Ahmedabad,2.06
Maruti Suzuki,Brezza,2012,118018,Petrol,Automatic,First,Delhi,1.89
Tata,Harrier,2010,185614,Diesel,Automatic,First,Jaipur,2.21
Hyundai,Creta,2016,95400,Diesel,Automatic,First,Ahmedabad,4.43
Maruti Suzuki,Alto K10,2017,90071,Petrol,Manual,Fourth & above,Chennai,1.17
Tata,Nexon,2018,108892,CNG,Manual,First,Hyderabad,3.99
Tata,Nexon,2013,122932,Diesel,Manual,Second,Mumbai,1.89
Honda,Amaze,2016,101797,Petrol,Manual,Third,Delhi,2.14
Hyundai,Verna,2019,77792,Diesel,Manual,Second,Mumbai,5.07
Kia,Seltos,2025,12782,CNG,Automatic,First,Ahmedabad,12.56
Tata,Nexon,2017,79560,Diesel,Manual,First,Ahmedabad,3.57
Honda,Amaze,2016,104703,Petrol,Manual,Fourth & above,Ahmedabad,1.83
Toyota,Fortuner,2020,62965,Diesel,Manual,Fourth & above,Ahmedabad,16.55
Toyota,Fortuner,2016,99718,Petrol,Manual,Second,Pune,12.47
Tata,Altroz,2024,10523,Diesel,Automatic,Third,Jaipur,6.92
Honda,City,2018,102124,Petrol,Manual,Second,Kolkata,3.98
Hyundai,Verna,2015,89298,Petrol,Manual,First,Pune,3.19
Mahindra,XUV700,2012,195117,Diesel,Automatic,First,Chennai,2.92
Maruti Suzuki,Alto K10,2018,73302,Petrol,Manual,First,Bengaluru,1.77
Kia,Seltos,2011,143802,Diesel,Manual,Second,Pune,1.79
Tata,Harrier,2025,6209,Diesel,Automatic,Fourth & above,Kochi,14.87
Maruti Suzuki,Alto K10,2009,178184,Petrol,Manual,First,Jaipur,0.48
Maruti Suzuki,Baleno,2018,91214,Petrol,Automatic,First,Delhi,3.01
Honda,Amaze,2020,48895,Petrol,Manual,Third,Ahmedabad,3.76
Honda,City,2017,71730,Petrol,Manual,First,Mumbai,4.41
Hyundai,i20,2011,146687,Diesel,Manual,Second,Delhi,1.24
Hyundai,Venue,2021,44715,Diesel,Manual,Second,Delhi,5.55
Maruti Suzuki,Brezza,2024,17157,Diesel,Manual,Second,Chennai,9.19
Maruti Suzuki,Brezza,2021,36811,Petrol,Manual,Second,Jaipur,4.67
Maruti Suzuki,Baleno,2025,10293,Petrol,Manual,First,Hyderabad,6.87
Hyundai,Verna,2022,36820,Petrol,Manual,First,Chennai,7.98
Maruti Suzuki,Brezza,2010,194097,Diesel,Manual,Second,Ahmedabad,1.03
Mahindra,XUV700,2017,111756,Petrol,Manual,Second,Kochi,5.62
Mahindra,Scorpio,2021,70549,Petrol,Manual,First,Hyderabad,7.7
Mahindra,XUV700,2009,183564,Petrol,Automatic,First,Jaipur,2.38
Kia,Seltos,2024,21224,Petrol,Manual,Second,Mumbai,10.77
Honda,City,2019,55107,Petrol,Manual,First,Chennai,6.19
Maruti Suzuki,Ertiga,2017,59664,Petrol,Automatic,First,Bengaluru,4.58
Maruti Suzuki,Ertiga,2020,55085,Petrol,Manual,First,Jaipur,4.98
Renault,Kwid,2018,83762,Petrol,Manual,Second,Ahmedabad,1.67
Maruti Suzuki,Brezza,2011,171729,CNG,Manual,First,Mumbai,1.39
Maruti Suzuki,Brezza,2016,95720,CNG,Manual,Third,Ahmedabad,2.24
Toyota,Innova Crysta,2017,54258,Diesel,Manual,First,Mumbai,8.99
Mahindra,Scorpio,2009,209951,Diesel,Manual,First,Kolkata,1.4
Maruti Suzuki,Baleno,2011,165971,Petrol,Manual,First,Kolkata,1.11
Kia,Seltos,2020,81178,Petrol,Manual,Second,Kochi,6.59
Tata,Punch,2016,111959,Petrol,Manual,First,Hyderabad,2.22
Toyota,Fortuner,2020,52789,Diesel,Manual,Second,Delhi,19.94
Mahindra,Thar,2009,182418,Diesel,Manual,Second,Ahmedabad,1.62
Mahindra,XUV700,2018,112789,Diesel,Manual,First,Kochi,7.48
Tata,Punch,2025,16818,CNG,Manual,First,Bengaluru,6.87
Maruti Suzuki,Brezza,2020,58491,Petrol,Manual,First,Mumbai,4.57
Hyundai,Creta,2012,131490,Petrol,Automatic,First,Bengaluru,2.78
Kia,Seltos,2019,56971,Diesel,Manual,First,Chennai,6.17
Kia,Seltos,2010,195243,Petrol,Manual,First,Pune,1.75
Honda,City,2021,35925,Petrol,Manual,First,Mumbai,7.6
Kia,Seltos,2014,104783,Petrol,Manual,Second,Kolkata,2.73
Toyota,Innova Crysta,2016,84146,Diesel,Manual,Second,Mumbai,6.3
Hyundai,Verna,2019,65865,Petrol,Manual,Third,Mumbai,4.49
Mahindra,XUV700,2009,114311,Diesel,Automatic,Second,Hyderabad,2.63
Maruti Suzuki,Brezza,2018,89341,Petrol,Manual,First,Mumbai,3.88
Hyundai,Venue,2019,59537,CNG,Automatic,Third,Ahmedabad,3.88
Hyundai,Verna,2013,197728,CNG,Manual,Second,Kolkata,1.78
Maruti Suzuki,Alto K10,2009,143752,CNG,Manual,Third,Chennai,0.44
Kia,Seltos,2018,68357,Petrol,Automatic,First,Kochi,5.82
Mahindra,Thar,2021,41448,Petrol,Manual,Second,Bengaluru,7.88
Honda,City,2019,56860,Petrol,Manual,First,Jaipur,4.79
Kia,Seltos,2025,18017,Diesel,Manual,Third,Jaipur,10.27
Tata,Harrier,2012,178125,Diesel,Automatic,Second,Pune,2.72
Maruti Suzuki,Swift,2014,133373,Petrol,Automatic,Second,Delhi,1.45
Tata,Altroz,2012,166025,Petrol,Automatic,First,Ahmedabad,1.44
Hyundai,Venue,2017,93607,Petrol,Manual,Third,Bengaluru,3.11
Mahindra,Bolero,2011,139106,Diesel,Manual,First,Pune,1.57
Toyota,Fortuner,2023,24595,Petrol,Manual,First,Mumbai,30.36
Mahindra,Scorpio,2012,198250,Petrol,Manual,Second,Chennai,2.23
Mahindra,Scorpio,2018,79889,Diesel,Manual,First,Jaipur,5.37
Mahindra,Bolero,2022,34807,Petrol,Manual,First,Pune,7.18
Hyundai,Verna,2013,141860,CNG,Automatic,First,Ahmedabad,2.29
Tata,Altroz,2013,145929,Petrol,Manual,Second,Chennai,1.31
Mahindra,XUV700,2024,14196,Petrol,Manual,Second,Delhi,14.9
Toyota,Glanza,2020,30082,Petrol,Manual,First,Kochi,4.44
Honda,City,2014,115267,Petrol,Automatic,Second,Jaipur,2.76
Hyundai,i20,2021,49604,Petrol,Automatic,Third,Chennai,4.8
Maruti Suzuki,Ertiga,2013,159096,Diesel,Automatic,First,Ahmedabad,1.88
Maruti Suzuki,Baleno,2018,68742,Petrol,Manual,First,Pune,3.05
Maruti Suzuki,Baleno,2015,109018,Petrol,Manual,First,Ahmedabad,1.99
Renault,Kwid,2018,93946,Petrol,Automatic,Second,Jaipur,1.87
Kia,Sonet,2015,122990,Petrol,Automatic,Second,Jaipur,2.29
Hyundai,i20,2012,187022,Diesel,Automatic,First,Chennai,1.24
Hyundai,Venue,2019,85524,Petrol,Manual,First,Ahmedabad,3.74
Maruti Suzuki,Swift,2025,16387,Petrol,Automatic,First,Chennai,7.43
Toyota,Glanza,2025,14082,Petrol,Manual,First,Bengaluru,7.87
Renault,Kwid,2017,77345,Petrol,Manual,First,Jaipur,1.75
Renault,Kwid,2010,184653,Petrol,Manual,First,Hyderabad,0.62
Maruti Suzuki,Brezza,2012,152125,Diesel,Manual,First,Hyderabad,1.44
Mahindra,XUV700,2024,9842,Petrol,Manual,First,Chennai,16.69
Hyundai,Venue,2011,189184,Diesel,Manual,Second,Mumbai,1.16
Kia,Seltos,2018,64334,Diesel,Manual,Second,Bengaluru,5.45
Mahindra,Scorpio,2012,164621,Petrol,Automatic,Second,Chennai,2.51
Honda,City,2010,139900,CNG,Manual,Second,Hyderabad,1.56
Hyundai,Venue,2018,75391,CNG,Manual,Fourth & above,Delhi,2.71
Kia,Seltos,2010,161190,Petrol,Manual,First,Chennai,1.98
Mahindra,XUV700,2020,71149,Petrol,Manual,First,Pune,8.58
Honda,City,2014,115970,Diesel,Manual,Second,Hyderabad,2.4
Toyota,Glanza,2020,65750,Petrol,Automatic,Second,Chennai,3.86
Mahindra,Scorpio,2012,118869,Petrol,Manual,First,Kolkata,2.78
Maruti Suzuki,Alto K10,2018,84098,CNG,Manual,First,Bengaluru,1.76
Maruti Suzuki,Alto K10,2010,156366,Petrol,Automatic,First,Delhi,0.66
Toyota,Fortuner,2024,13960,Petrol,Automatic,First,Kolkata,35.64
Tata,Harrier,2014,125048,Petrol,Manual,First,Mumbai,4.63
Mahindra,Thar,2024,12167,Petrol,Manual,First,Kochi,13.43
Maruti Suzuki,Alto K10,2012,148534,Petrol,Manual,Second,Mumbai,0.77
Renault,Kwid,2009,173453,CNG,Manual,First,Bengaluru,0.57
Maruti Suzuki,Alto K10,2025,8882,Petrol,Manual,Third,Kochi,3.86
Hyundai,i20,2018,64520,Petrol,Manual,Second,Pune,3.03
Maruti Suzuki,Alto K10,2022,46535,Petrol,Manual,Fourth & above,Kochi,2.3
Kia,Sonet,2022,23911,CNG,Manual,Second,Hyderabad,5.87
Kia,Sonet,2017,92915,Diesel,Manual,First,Hyderabad,3.56
Hyundai,i20,2023,23323,Petrol,Manual,First,Pune,6.41
Hyundai,i20,2010,145934,Diesel,Manual,First,Mumbai,1.22
Tata,Altroz,2017,107616,Diesel,Automatic,Second,Hyderabad,2.92
Renault,Kwid,2020,61765,CNG,Automatic,Second,Bengaluru,2.55
Honda,Amaze,2010,209300,CNG,Automatic,Third,Kolkata,0.76
Renault,Kwid,2024,13767,Petrol,Automatic,First,Kolkata,4.89
Toyota,Fortuner,2012,176424,Petrol,Manual,First,Kolkata,6.35
Tata,Nexon,2011,145432,Petrol,Manual,First,Mumbai,1.75
Maruti Suzuki,Swift,2024,14574,Petrol,Manual,Second,Pune,5.35
Honda,Amaze,2016,115700,Petrol,Manual,First,Jaipur,2.33
Kia,Sonet,2023,35845,Petrol,Manual,First,Delhi,7.33
Toyota,Glanza,2011,142411,Petrol,Manual,First,Mumbai,1.37
Hyundai,Venue,2025,17103,Diesel,Automatic,First,Hyderabad,10.75
Maruti Suzuki,Swift,2021,35723,Petrol,Manual,Second,Jaipur,3.9
Tata,Nexon,2013,99111,Petrol,Manual,Second,Pune,2.27
Tata,Altroz,2020,57996,Petrol,Manual,First,Delhi,4.11
Honda,City,2024,16489,Diesel,Manual,First,Bengaluru,12.06
Mahindra,XUV700,2018,61704,Petrol,Manual,Second,Hyderabad,6.83
Mahindra,XUV700,2009,209625,Petrol,Manual,Third,Bengaluru,1.82
Toyota,Innova Crysta,2018,76663,Petrol,Manual,First,Kochi,8.69
Hyundai,Venue,2022,48281,Petrol,Manual,First,Ahmedabad,6.7
Mahindra,Thar,2024,17196,Petrol,Manual,First,Ahmedabad,13.66
Mahindra,XUV700,2022,27013,Petrol,Manual,First,Hyderabad,11.92
Kia,Seltos,2009,182133,Diesel,Manual,First,Bengaluru,1.48
Honda,City,2023,24032,Diesel,Automatic,First,Jaipur,10.5
Honda,Amaze,2015,134892,Petrol,Automatic,Third,Bengaluru,1.84
Toyota,Innova Crysta,2023,20831,Petrol,Manual,First,Jaipur,18.64
Toyota,Glanza,2018,81501,Petrol,Automatic,First,Bengaluru,3.68
Maruti Suzuki,Ertiga,2009,210911,Diesel,Manual,First,Hyderabad,1.11
Mahindra,Thar,2013,149972,Diesel,Manual,Second,Jaipur,2.5
Tata,Altroz,2021,51808,Petrol,Manual,First,Jaipur,4.16
Maruti Suzuki,Alto K10,2023,15354,Petrol,Manual,First,Bengaluru,3.6
Maruti Suzuki,Ertiga,2012,175954,Petrol,Manual,Second,Delhi,1.53
Mahindra,Thar,2015,101630,Petrol,Manual,First,Pune,4.26
Hyundai,Verna,2018,60686,Diesel,Manual,Third,Kolkata,4.04
Mahindra,Thar,2013,106053,Diesel,Automatic,First,Delhi,3.35
Tata,Nexon,2022,42103,Diesel,Manual,First,Ahmedabad,7.16
Tata,Altroz,2015,106690,Petrol,Automatic,First,Chennai,2.41
Hyundai,Venue,2013,149604,Petrol,Automatic,Second,Mumbai,1.87
Honda,Amaze,2022,40531,Petrol,Automatic,First,Chennai,5.58
Tata,Punch,2018,88007,Petrol,Manual,Second,Pune,2.54
Tata,Harrier,2018,84060,CNG,Automatic,First,Delhi,7.11
Maruti Suzuki,Alto K10,2017,124270,Petrol,Manual,First,Bengaluru,1.35
Mahindra,Scorpio,2010,144650,Diesel,Manual,First,Pune,1.98
Maruti Suzuki,Brezza,2018,89144,Petrol,Manual,Second,Chennai,3.54
Honda,City,2012,151019,CNG,Manual,Second,Bengaluru,1.92
Mahindra,Thar,2012,136214,Diesel,Automatic,First,Delhi,3.02
Mahindra,Bolero,2011,151663,Petrol,Automatic,Third,Kochi,1.39
Mahindra,XUV700,2010,157412,Diesel,Manual,First,Pune,2.54
Hyundai,Creta,2016,113225,CNG,Manual,Second,Hyderabad,3.62
Kia,Sonet,2015,152146,CNG,Manual,First,Bengaluru,2.21
Honda,City,2020,64642,Petrol,Automatic,Second,Kochi,6.62
Tata,Harrier,2021,27223,Petrol,Manual,First,Pune,12.06
Kia,Sonet,2012,122846,Petrol,Manual,Second,Kolkata,1.56
Toyota,Innova Crysta,2018,83799,Diesel,Manual,First,Kochi,9.04
Toyota,Fortuner,2017,79628,Diesel,Automatic,Fourth & above,Ahmedabad,11.97
Toyota,Glanza,2014,115861,Petrol,Manual,First,Hyderabad,1.79
Hyundai,i20,2014,113710,Petrol,Manual,Second,Ahmedabad,1.81
Toyota,Innova Crysta,2014,126252,Diesel,Manual,Second,Ahmedabad,4.07
Maruti Suzuki,Swift,2017,82931,Petrol,Manual,First,Jaipur,2.32
Toyota,Innova Crysta,2017,96974,Diesel,Manual,First,Bengaluru,7.27
Mahindra,XUV700,2024,16254,Petrol,Automatic,Fourth & above,Hyderabad,13.33
Tata,Harrier,2010,150321,CNG,Automatic,First,Bengaluru,2.99
Hyundai,Creta,2025,14793,Petrol,Automatic,First,Kolkata,13.99
Mahindra,Scorpio,2020,49475,Diesel,Manual,Third,Kochi,6.63
Toyota,Fortuner,2013,143671,Petrol,Manual,Second,Mumbai,7.18
Tata,Punch,2022,40105,Petrol,Manual,First,Hyderabad,4.76
Toyota,Innova Crysta,2019,80580,Diesel,Manual,First,Kochi,10.65
Hyundai,Venue,2019,96995,Petrol,Automatic,Second,Jaipur,3.8
Hyundai,Verna,2016,122362,Diesel,Automatic,First,Mumbai,3.34
Hyundai,Verna,2012,149037,Petrol,Manual,Second,Delhi,1.92
Mahindra,XUV700,2018,68990,Petrol,Automatic,First,Ahmedabad,7.42
Hyundai,Creta,2017,90863,Petrol,Manual,First,Mumbai,5.1
Renault,Kwid,2011,178519,Petrol,Manual,Third,Ahmedabad,0.63
Toyota,Fortuner,2017,109436,Petrol,Automatic,First,Jaipur,12.71
Honda,City,2019,82353,Diesel,Manual,First,Hyderabad,6.06
Tata,Altroz,2021,43805,Petrol,Manual,Third,Jaipur,3.64
Hyundai,Creta,2009,227176,Petrol,Manual,First,Kolkata,1.39
Hyundai,i20,2015,113503,Petrol,Automatic,First,Kolkata,2.37
Hyundai,Verna,2015,87557,Petrol,Automatic,Third,Ahmedabad,2.87
Honda,Amaze,2025,15297,Petrol,Manual,First,Pune,7.99
Maruti Suzuki,Ertiga,2018,92107,CNG,Manual,Second,Ahmedabad,3.52
Tata,Harrier,2024,5786,Petrol,Manual,First,Kolkata,15.04
Hyundai,Creta,2025,10080,Petrol,Automatic,Third,Bengaluru,11.59
Mahindra,Thar,2012,146625,Diesel,Automatic,Third,Jaipur,2.31
Toyota,Innova Crysta,2012,153705,Petrol,Manual,Fourth & above,Hyderabad,3.17
Honda,Amaze,2017,94201,Petrol,Manual,Third,Jaipur,2.24
Toyota,Glanza,2009,172589,Petrol,Manual,Second,Chennai,0.91
Mahindra,XUV700,2015,116357,Diesel,Manual,Second,Pune,4.36
Maruti Suzuki,Swift,2012,165187,Petrol,Manual,Fourth & above,Mumbai,0.89
Kia,Sonet,2014,136044,Diesel,Manual,Third,Pune,1.57
Toyota,Innova Crysta,2024,9795,Petrol,Automatic,Fourth & above,Bengaluru,17.03
Maruti Suzuki,Alto K10,2019,41899,Petrol,Automatic,Second,Kolkata,2.04
Tata,Harrier,2020,59784,CNG,Manual,First,Chennai,8.5
Mahindra,XUV700,2024,10790,Diesel,Manual,First,Kochi,19.35
Mahindra,Scorpio,2011,114602,Petrol,Automatic,Third,Delhi,2.28
Renault,Kwid,2024,18239,Petrol,Manual,Second,Jaipur,3.97
Mahindra,Bolero,2020,47616,Diesel,Manual,First,Hyderabad,5.15
Maruti Suzuki,Baleno,2023,26565,Petrol,Manual,First,Pune,5.99
Honda,City,2010,116480,Petrol,Manual,Second,Chennai,1.8
Mahindra,Bolero,2019,75711,Petrol,Automatic,First,Delhi,4.59
Hyundai,Venue,2019,59758,Petrol,Manual,First,Bengaluru,4.58
Honda,City,2012,134756,Petrol,Automatic,First,Kolkata,2.83
Mahindra,Thar,2017,115712,Petrol,Manual,First,Hyderabad,5.11
Maruti Suzuki,Alto K10,2025,13568,CNG,Manual,Second,Chennai,3.89
Honda,City,2018,81327,Petrol,Manual,First,Bengaluru,4.81
Toyota,Innova Crysta,2020,48109,Petrol,Automatic,First,Kochi,12.19
Mahindra,Thar,2024,13617,Diesel,Automatic,Second,Jaipur,12.63
Tata,Altroz,2014,98670,Petrol,Manual,Second,Jaipur,1.8
Toyota,Glanza,2025,15814,Petrol,Manual,First,Bengaluru,8.8
Toyota,Glanza,2019,80311,Petrol,Manual,First,Kochi,3.61
Hyundai,Venue,2019,45766,Diesel,Manual,Third,Hyderabad,4.05
Tata,Punch,2017,72081,Petrol,Automatic,Second,Ahmedabad,2.59
Hyundai,i20,2013,131279,Petrol,Manual,First,Delhi,1.83
Tata,Altroz,2009,189869,Petrol,Manual,First,Bengaluru,0.92
Hyundai,Creta,2015,115215,Petrol,Automatic,Second,Kolkata,3.14
Mahindra,XUV700,2022,42217,Diesel,Manual,First,Bengaluru,14.87
Tata,Altroz,2013,138004,Petrol,Manual,Second,Hyderabad,1.51
Toyota,Glanza,2016,85385,Petrol,Manual,Second,Bengaluru,2.36
Maruti Suzuki,Alto K10,2021,47250,Petrol,Automatic,First,Jaipur,2.7
Maruti Suzuki,Ertiga,2010,158211,Petrol,Manual,First,Jaipur,1.39
Mahindra,XUV700,2015,112509,Diesel,Manual,First,Kolkata,3.96
Hyundai,Creta,2014,150739,Petrol,Manual,Fourth & above,Mumbai,2.32
Hyundai,i20,2025,16032,Petrol,Automatic,First,Hyderabad,8.65
Kia,Seltos,2025,9260,Diesel,Manual,Second,Kochi,12.26
Mahindra,Thar,2022,42950,Petrol,Manual,First,Pune,9.52
Hyundai,i20,2014,148349,Petrol,Manual,Second,Hyderabad,1.57
Mahindra,Thar,2023,30457,Petrol,Manual,First,Ahmedabad,12.4
Toyota,Glanza,2015,143741,Petrol,Manual,First,Bengaluru,1.97
Tata,Altroz,2016,68391,Petrol,Manual,First,Kochi,2.71
Maruti Suzuki,Alto K10,2023,22125,Petrol,Manual,First,Kolkata,3.31
Mahindra,Scorpio,2021,32028,Petrol,Automatic,First,Pune,9.81
Maruti Suzuki,Swift,2014,109598,Petrol,Automatic,First,Kolkata,1.62
Mahindra,Thar,2017,64782,Diesel,Automatic,Second,Mumbai,6.06
Tata,Altroz,2016,88859,Petrol,Automatic,First,Ahmedabad,2.48
Toyota,Glanza,2021,52855,Petrol,Manual,First,Ahmedabad,4.67
Maruti Suzuki,Alto K10,2018,78193,Petrol,Manual,Second,Kochi,1.59
Maruti Suzuki,Alto K10,2021,47558,Petrol,Manual,Third,Pune,2.28
Maruti Suzuki,Baleno,2018,87838,Petrol,Automatic,First,Mumbai,2.82
Hyundai,Creta,2025,7498,Diesel,Manual,First,Kolkata,13.85
Hyundai,i20,2009,112103,Petrol,Manual,First,Mumbai,1.15
Maruti Suzuki,Baleno,2009,118949,Petrol,Manual,Second,Jaipur,0.84
Kia,Sonet,2019,72491,CNG,Manual,First,Mumbai,4.66
Maruti Suzuki,Brezza,2009,197949,Petrol,Automatic,First,Bengaluru,1.09
Maruti Suzuki,Baleno,2021,49399,Petrol,Manual,First,Chennai,4.48
Mahindra,Bolero,2015,139955,Diesel,Manual,First,Ahmedabad,2.06
Honda,Amaze,2018,89688,Petrol,Manual,Third,Mumbai,2.57
Maruti Suzuki,Ertiga,2019,80715,Petrol,Manual,First,Bengaluru,5.07
Toyota,Glanza,2014,148026,Petrol,Automatic,First,Kolkata,1.92
Kia,Seltos,2014,145792,Petrol,Automatic,First,Delhi,3.06
Maruti Suzuki,Swift,2019,56519,CNG,Manual,First,Ahmedabad,3.19
Mahindra,XUV700,2013,117911,Diesel,Manual,Second,Jaipur,3.43
Toyota,Fortuner,2021,53849,Petrol,Manual,First,Ahmedabad,22.63
Mahindra,XUV700,2011,161039,Diesel,Manual,Third,Jaipur,2.07
Mahindra,XUV700,2009,137072,Petrol,Automatic,First,Kolkata,2.56
Hyundai,Creta,2009,149408,CNG,Manual,Second,Ahmedabad,1.56
Toyota,Glanza,2021,22018,Petrol,Automatic,Second,Kolkata,4.93
Tata,Punch,2021,67302,Petrol,Manual,First,Delhi,4.34
Maruti Suzuki,Alto K10,2011,213291,Petrol,Manual,First,Jaipur,0.54
Kia,Sonet,2025,15971,Petrol,Manual,First,Hyderabad,8.82
Maruti Suzuki,Ertiga,2015,96141,Petrol,Automatic,First,Delhi,3.26
Tata,Harrier,2024,10389,Petrol,Manual,First,Ahmedabad,14.71
Renault,Kwid,2012,137917,Petrol,Manual,Fourth & above,Chennai,0.69
Mahindra,Thar,2021,42821,Petrol,Automatic,First,Hyderabad,10.63
Mahindra,XUV700,2014,136259,Diesel,Manual,Second,Kolkata,3.69
Tata,Harrier,2015,127755,Petrol,Manual,First,Kolkata,4.25
Maruti Suzuki,Swift,2018,113460,Petrol,Manual,First,Jaipur,2.25
Tata,Harrier,2018,84901,Petrol,Automatic,Second,Pune,7.2
Toyota,Fortuner,2010,175319,Diesel,Manual,Second,Ahmedabad,4.4
Mahindra,XUV700,2013,79705,Petrol,Manual,First,Jaipur,4.22
Hyundai,Creta,2015,142785,CNG,Manual,First,Kolkata,3.06
Mahindra,XUV700,2011,146518,Diesel,Manual,Second,Pune,2.63
Mahindra,Scorpio,2010,188318,Petrol,Manual,First,Chennai,1.97
Maruti Suzuki,Swift,2025,13714,Petrol,Manual,First,Pune,6.7
Mahindra,Bolero,2009,202972,Diesel,Manual,First,Mumbai,1.03
Honda,Amaze,2016,101294,Petrol,Manual,Second,Delhi,2.28
Toyota,Glanza,2018,79721,Petrol,Manual,First,Bengaluru,3.17
Maruti Suzuki,Baleno,2017,105619,Petrol,Automatic,First,Kolkata,2.67
Kia,Seltos,2013,126018,Diesel,Manual,First,Delhi,2.6
Tata,Harrier,2024,10327,Diesel,Automatic,First,Kochi,15.35
Toyota,Glanza,2017,113734,Petrol,Automatic,First,Kochi,2.64
Tata,Altroz,2024,11465,Petrol,Manual,First,Kolkata,6.45
Hyundai,Creta,2014,145817,Diesel,Manual,First,Kolkata,2.66
Tata,Altroz,2021,60060,Diesel,Manual,First,Mumbai,5.04
Maruti Suzuki,Ertiga,2019,73072,Petrol,Manual,First,Mumbai,4.85
Mahindra,Thar,2012,155091,Petrol,Manual,First,Kolkata,2.63
Honda,City,2021,32644,Diesel,Manual,Second,Pune,7.83
Hyundai,Verna,2020,51424,Petrol,Manual,First,Kochi,6.19
Tata,Harrier,2009,176819,Diesel,Automatic,Second,Delhi,1.99
Hyundai,i20,2019,64400,Petrol,Manual,First,Pune,3.59
Honda,Amaze,2009,213987,Petrol,Manual,First,Kolkata,0.86
Tata,Harrier,2012,171688,Diesel,Manual,First,Delhi,2.95
Toyota,Innova Crysta,2011,149660,Diesel,Manual,First,Bengaluru,3.41
Mahindra,XUV700,2022,52798,Petrol,Manual,First,Pune,11.64
Maruti Suzuki,Brezza,2013,166695,Diesel,Manual,First,Mumbai,1.64
Toyota,Glanza,2014,155101,Petrol,Manual,First,Ahmedabad,1.61
Tata,Nexon,2020,40732,Petrol,Manual,First,Pune,5.78
Tata,Altroz,2013,160421,Petrol,Manual,Fourth & above,Delhi,1.07
Maruti Suzuki,Baleno,2009,172048,CNG,Manual,First,Ahmedabad,0.86
Maruti Suzuki,Swift,2012,152845,Petrol,Manual,First,Delhi,1.16
Tata,Nexon,2012,127109,Petrol,Automatic,First,Pune,2.1
Hyundai,Creta,2018,77394,CNG,Manual,First,Ahmedabad,5.56
Hyundai,Venue,2012,129254,Diesel,Manual,Third,Kolkata,1.28
Maruti Suzuki,Ertiga,2023,35439,Petrol,Manual,First,Pune,8.51
Renault,Kwid,2011,181106,Petrol,Manual,Second,Kolkata,0.7
Tata,Nexon,2019,75421,Diesel,Automatic,First,Ahmedabad,5.15
Hyundai,Verna,2016,89130,Diesel,Manual,Second,Mumbai,3.14
Hyundai,Creta,2011,118406,Petrol,Manual,First,Chennai,2.43
Maruti Suzuki,Swift,2018,82573,Petrol,Manual,First,Bengaluru,2.76
Hyundai,i20,2013,135018,Petrol,Automatic,Second,Delhi,1.83
Maruti Suzuki,Baleno,2022,46672,Petrol,Manual,First,Hyderabad,4.77
Maruti Suzuki,Swift,2017,98544,Petrol,Manual,Second,Kolkata,2.06
Maruti Suzuki,Ertiga,2017,120765,Petrol,Manual,First,Kolkata,3.11
Toyota,Innova Crysta,2009,156402,Petrol,Manual,Second,Jaipur,2.48
Maruti Suzuki,Alto K10,2024,7993,Petrol,Manual,First,Chennai,4.28
Honda,Amaze,2025,14469,Petrol,Automatic,Second,Kolkata,7.65
Hyundai,Creta,2012,151520,Petrol,Manual,Second,Kolkata,2.24
Renault,Kwid,2024,22123,Petrol,Manual,Third,Chennai,3.67
Kia,Sonet,2018,97322,Petrol,Automatic,First,Pune,4.3
Tata,Punch,2017,67555,Petrol,Manual,First,Chennai,2.7
Renault,Kwid,2024,18074,Petrol,Automatic,First,Pune,4.43
Mahindra,XUV700,2024,14777,Diesel,Manual,Second,Pune,16.32
Tata,Nexon,2024,7895,Diesel,Manual,First,Kolkata,10.66
Toyota,Fortuner,2015,93208,Petrol,Manual,First,Bengaluru,10.73
Mahindra,Scorpio,2021,51101,Petrol,Manual,Second,Kochi,7.81
Mahindra,Bolero,2012,150321,Diesel,Manual,First,Mumbai,1.56
Honda,Amaze,2023,43207,Petrol,Manual,Fourth & above,Ahmedabad,4.56
Toyota,Glanza,2016,67323,CNG,Manual,First,Pune,2.66
Toyota,Glanza,2019,71867,Petrol,Automatic,Second,Jaipur,3.41
Kia,Sonet,2021,30092,Petrol,Automatic,Second,Ahmedabad,5.72
Renault,Kwid,2015,97814,CNG,Manual,First,Bengaluru,1.26
Maruti Suzuki,Baleno,2025,18689,CNG,Manual,Second,Bengaluru,6.84
Mahindra,Thar,2023,36748,Diesel,Automatic,First,Bengaluru,14.16
Toyota,Glanza,2018,73511,CNG,Automatic,First,Pune,3.65
Mahindra,Scorpio,2015,37082,Petrol,Manual,First,Pune,4.58
Maruti Suzuki,Ertiga,2021,47738,Petrol,Manual,Third,Jaipur,5.06
Maruti Suzuki,Ertiga,2019,53279,Diesel,Manual,Third,Ahmedabad,4.5
Maruti Suzuki,Brezza,2022,33920,Diesel,Manual,Second,Kolkata,5.65
Hyundai,i20,2014,150675,Petrol,Automatic,First,Mumbai,2.07
Toyota,Glanza,2020,49142,Petrol,Manual,First,Mumbai,4.22
Mahindra,XUV700,2009,167836,Diesel,Manual,First,Mumbai,2.27
Maruti Suzuki,Alto K10,2013,155537,Petrol,Automatic,First,Pune,0.91
Toyota,Innova Crysta,2011,117141,Diesel,Manual,First,Jaipur,3.08
Hyundai,Venue,2019,76563,Petrol,Automatic,Second,Mumbai,4.23
Honda,City,2022,47279,Petrol,Manual,First,Pune,7.83
Tata,Nexon,2013,131192,CNG,Manual,Second,Mumbai,1.88
Tata,Punch,2015,107342,Petrol,Automatic,First,Bengaluru,2.3
Mahindra,Thar,2017,77816,Petrol,Manual,Second,Mumbai,5.23
Mahindra,XUV700,2019,82558,Petrol,Manual,Second,Hyderabad,7.7
Maruti Suzuki,Ertiga,2016,85755,Petrol,Automatic,Second,Pune,3.47
Honda,City,2020,70344,Diesel,Manual,First,Jaipur,6.73
Tata,Nexon,2019,65135,Petrol,Automatic,First,Chennai,5.04
Maruti Suzuki,Ertiga,2022,47970,Petrol,Manual,First,Hyderabad,6.86
Toyota,Fortuner,2017,96332,Petrol,Manual,First,Pune,14.25
Hyundai,Venue,2010,147504,Diesel,Manual,Second,Mumbai,1.24
Tata,Punch,2012,120851,Petrol,Automatic,First,Chennai,1.46
Mahindra,Thar,2024,12148,Diesel,Manual,Third,Hyderabad,10.65
Honda,Amaze,2023,24331,Petrol,Manual,First,Jaipur,5.86
Toyota,Innova Crysta,2020,45766,Petrol,Manual,First,Hyderabad,11.05
Hyundai,Creta,2021,40761,Petrol,Manual,Second,Jaipur,7.14
Hyundai,i20,2022,13554,Petrol,Automatic,Second,Delhi,6.15
Tata,Punch,2011,168757,Petrol,Manual,Second,Bengaluru,0.99
Mahindra,Scorpio,2021,24550,Petrol,Automatic,First,Jaipur,9.1
Mahindra,Scorpio,2015,117876,Petrol,Manual,First,Pune,3.67
Toyota,Glanza,2020,56447,Petrol,Manual,Second,Pune,3.82
Mahindra,Bolero,2009,195479,Petrol,Manual,First,Bengaluru,1.18
Maruti Suzuki,Ertiga,2025,12587,Petrol,Manual,Third,Bengaluru,9.1
Maruti Suzuki,Baleno,2019,85744,Petrol,Automatic,Second,Bengaluru,3.56
Honda,Amaze,2016,64173,Petrol,Manual,Third,Jaipur,2.19
Tata,Punch,2024,12149,Petrol,Manual,Second,Chennai,6.34
Mahindra,Thar,2010,207337,Diesel,Automatic,First,Ahmedabad,1.91
Renault,Kwid,2023,20732,Petrol,Manual,Fourth & above,Bengaluru,3.04
Honda,Amaze,2013,156455,Petrol,Manual,Third,Jaipur,1.3
Honda,City,2018,86183,Petrol,Manual,Third,Pune,3.86
Kia,Seltos,2016,104378,Petrol,Manual,First,Chennai,4.3
Toyota,Fortuner,2022,34338,Petrol,Manual,Second,Delhi,25.89
Toyota,Fortuner,2013,140874,Petrol,Manual,First,Delhi,8.36
Mahindra,Scorpio,2016,97875,Diesel,Manual,First,Mumbai,4.54
Maruti Suzuki,Swift,2013,112261,Petrol,Automatic,First,Hyderabad,1.61
Maruti Suzuki,Swift,2021,30344,Petrol,Automatic,First,Kochi,4.44
Kia,Seltos,2023,20749,Diesel,Manual,First,Mumbai,11.45
Kia,Sonet,2021,63406,Petrol,Manual,Second,Chennai,4.55
Tata,Punch,2024,4837,Petrol,Automatic,First,Chennai,7.36
Mahindra,Thar,2012,160834,Petrol,Manual,First,Hyderabad,2.89
Maruti Suzuki,Brezza,2025,13455,Diesel,Manual,First,Bengaluru,10.41
Kia,Seltos,2017,79736,Petrol,Manual,First,Bengaluru,4.54
Maruti Suzuki,Swift,2021,55562,Petrol,Manual,Second,Kolkata,3.4
Hyundai,Creta,2020,63373,CNG,Manual,First,Chennai,6.68
Tata,Punch,2011,132471,Petrol,Automatic,Second,Bengaluru,1.14
Maruti Suzuki,Swift,2011,119294,Petrol,Automatic,First,Delhi,1.24
Kia,Sonet,2012,131922,Petrol,Automatic,Second,Ahmedabad,1.61
Maruti Suzuki,Alto K10,2015,97751,Petrol,Manual,First,Chennai,1.23
Maruti Suzuki,Swift,2015,112169,Petrol,Automatic,Third,Hyderabad,1.6
Mahindra,Scorpio,2020,42283,Petrol,Automatic,Second,Bengaluru,8.13
Hyundai,i20,2014,133066,Diesel,Manual,First,Jaipur,1.85
Mahindra,Bolero,2020,65032,Petrol,Manual,Second,Chennai,4.66
Honda,City,2024,12781,Diesel,Manual,Second,Kolkata,9.77
Kia,Seltos,2023,8343,Petrol,Automatic,First,Delhi,10.77
Honda,City,2011,165128,Petrol,Manual,Second,Chennai,1.83
Toyota,Fortuner,2020,60873,Petrol,Manual,First,Pune,20.62
Renault,Kwid,2009,201985,Petrol,Manual,Third,Chennai,0.47
Maruti Suzuki,Baleno,2013,145682,Petrol,Manual,First,Chennai,1.6
Hyundai,i20,2024,10003,Petrol,Manual,Third,Bengaluru,6.17
Hyundai,i20,2022,34740,Petrol,Manual,Third,Ahmedabad,4.73
Toyota,Fortuner,2009,186156,Petrol,Automatic,First,Hyderabad,5.18
Tata,Altroz,2014,137406,Petrol,Manual,Fourth & above,Ahmedabad,1.41
Mahindra,Thar,2015,134277,Petrol,Manual,Second,Bengaluru,3.94
Maruti Suzuki,Ertiga,2011,162896,Petrol,Manual,Third,Jaipur,1.24
Toyota,Glanza,2012,161659,Petrol,Manual,First,Pune,1.29
Mahindra,Bolero,2013,102706,Petrol,Manual,Second,Ahmedabad,1.92
Hyundai,i20,2009,155824,Petrol,Manual,First,Chennai,1.13
Hyundai,Creta,2016,99496,Petrol,Manual,Third,Ahmedabad,3.52
Hyundai,Creta,2015,105340,Diesel,Manual,First,Jaipur,3.47
Mahindra,XUV700,2015,126947,Diesel,Manual,Third,Kochi,3.56
Renault,Kwid,2025,9000,CNG,Manual,First,Ahmedabad,4.88
Renault,Kwid,2022,32939,Petrol,Manual,Fourth & above,Bengaluru,2.6
Toyota,Glanza,2019,65463,Petrol,Automatic,First,Hyderabad,3.91
Hyundai,Venue,2011,201716,Diesel,Manual,First,Hyderabad,1.32
Honda,City,2009,205719,Petrol,Manual,First,Jaipur,1.33
Honda,Amaze,2013,135233,Petrol,Manual,Third,Hyderabad,1.55
Maruti Suzuki,Baleno,2019,57754,Petrol,Manual,Second,Pune,3.5
Maruti Suzuki,Ertiga,2018,80203,Petrol,Manual,First,Chennai,3.75
Mahindra,Scorpio,2015,138650,Petrol,Manual,First,Delhi,3.59
Maruti Suzuki,Alto K10,2022,35640,Petrol,Manual,First,Mumbai,2.99
Tata,Punch,2010,172447,Petrol,Manual,First,Kochi,0.98
Honda,City,2017,104750,Petrol,Manual,Second,Jaipur,3.83
Toyota,Glanza,2015,120054,Petrol,Manual,Second,Hyderabad,1.97
Hyundai,Verna,2020,68966,CNG,Manual,Third,Pune,4.46
Tata,Altroz,2019,49589,Diesel,Automatic,First,Kochi,4.4
Hyundai,Creta,2012,188432,Petrol,Automatic,First,Pune,2.52
Tata,Altroz,2016,99581,Petrol,Automatic,Second,Pune,2.36
Tata,Altroz,2010,137275,Diesel,Automatic,First,Ahmedabad,1.24
Hyundai,Creta,2012,163571,Diesel,Manual,Third,Kolkata,1.7
Hyundai,Venue,2015,105039,Petrol,Manual,Fourth & above,Delhi,2.16
Kia,Sonet,2022,40635,Petrol,Automatic,First,Pune,7.2
Toyota,Fortuner,2021,42709,Diesel,Manual,Third,Kochi,19.79
Mahindra,Bolero,2023,22049,Diesel,Automatic,First,Chennai,8.36
Mahindra,Bolero,2013,145736,Petrol,Manual,First,Kochi,1.97
Honda,Amaze,2018,59411,Petrol,Manual,First,Hyderabad,3.17
Tata,Nexon,2014,119739,Petrol,Automatic,First,Kochi,2.43
Maruti Suzuki,Ertiga,2015,131173,Diesel,Automatic,Second,Delhi,2.58
Tata,Punch,2015,140839,CNG,Manual,First,Delhi,1.81
Maruti Suzuki,Alto K10,2013,115546,Petrol,Manual,Second,Ahmedabad,0.85
Maruti Suzuki,Swift,2013,164796,Petrol,Manual,First,Delhi,1.48
Toyota,Innova Crysta,2020,69168,Diesel,Automatic,First,Mumbai,13.23
Hyundai,i20,2017,105105,Petrol,Manual,Third,Ahmedabad,2.55
Hyundai,i20,2021,32220,Petrol,Automatic,First,Kochi,5.74
Maruti Suzuki,Swift,2025,17426,CNG,Manual,First,Ahmedabad,6.03
Maruti Suzuki,Alto K10,2010,165970,Petrol,Automatic,First,Mumbai,0.64
Mahindra,Bolero,2010,201823,Petrol,Manual,First,Kolkata,1.15
Toyota,Fortuner,2023,16819,Petrol,Manual,Third,Kochi,28.04
Maruti Suzuki,Alto K10,2018,95877,Petrol,Automatic,First,Bengaluru,1.76
Tata,Nexon,2014,81288,Diesel,Manual,First,Chennai,2.51
Honda,Amaze,2011,187899,Petrol,Manual,First,Bengaluru,1.3
Honda,City,2013,127184,Petrol,Automatic,First,Hyderabad,2.76
Kia,Sonet,2018,91421,Petrol,Manual,Second,Ahmedabad,3.35
Tata,Punch,2023,18538,Petrol,Manual,First,Bengaluru,5.9
Hyundai,i20,2016,95437,Petrol,Manual,Fourth & above,Kochi,1.96
Mahindra,XUV700,2021,37856,Diesel,Automatic,First,Mumbai,13.97
Mahindra,Bolero,2024,17259,Petrol,Automatic,Second,Jaipur,8.03
Tata,Nexon,2017,106643,Petrol,Manual,First,Chennai,3.49
Honda,City,2022,39778,CNG,Automatic,Third,Kochi,7.52
Maruti Suzuki,Baleno,2017,87827,Petrol,Automatic,Second,Mumbai,2.63
Mahindra,Thar,2015,98692,Diesel,Manual,Fourth & above,Hyderabad,2.73
Tata,Altroz,2018,76431,Diesel,Automatic,First,Jaipur,3.28
Tata,Nexon,2010,173098,Petrol,Manual,Second,Delhi,1.38
Mahindra,Thar,2009,156949,Petrol,Manual,Second,Bengaluru,1.71
Maruti Suzuki,Baleno,2014,114116,Petrol,Manual,Second,Jaipur,1.52
Tata,Altroz,2012,138880,Petrol,Manual,First,Kochi,1.47
Hyundai,Venue,2011,173169,Petrol,Automatic,First,Hyderabad,1.71
Maruti Suzuki,Alto K10,2019,76553,Petrol,Manual,Third,Kochi,1.55
Hyundai,i20,2011,147056,Petrol,Automatic,First,Kolkata,1.38
Kia,Sonet,2012,155105,Petrol,Manual,First,Jaipur,1.66
Honda,City,2024,8931,Diesel,Automatic,First,Kochi,12.72
Maruti Suzuki,Baleno,2009,135962,Petrol,Automatic,First,Pune,1.07
Kia,Sonet,2015,108970,Diesel,Manual,First,Kochi,2.32
Kia,Seltos,2017,49749,Petrol,Manual,First,Kolkata,4.77
Tata,Nexon,2009,172690,CNG,Automatic,First,Ahmedabad,1.23
Toyota,Fortuner,2020,78560,Petrol,Automatic,First,Chennai,20.73
Honda,Amaze,2012,135921,Petrol,Manual,Second,Chennai,1.44
Maruti Suzuki,Brezza,2012,121800,Petrol,Manual,First,Jaipur,1.68
Mahindra,Scorpio,2025,8955,Petrol,Automatic,Fourth & above,Delhi,10.9
Tata,Punch,2015,71734,Petrol,Manual,First,Delhi,2.19
Honda,City,2015,112286,Petrol,Manual,Second,Delhi,3.19
Mahindra,XUV700,2024,12827,Petrol,Manual,First,Kolkata,15.41
Toyota,Glanza,2013,146382,CNG,Automatic,Third,Ahmedabad,1.34
Tata,Altroz,2013,110792,Petrol,Manual,Fourth & above,Mumbai,1.42
Kia,Seltos,2023,31035,Petrol,Manual,First,Jaipur,9.7
Tata,Punch,2021,51736,CNG,Manual,Third,Jaipur,3.3
Mahindra,Scorpio,2016,100278,Diesel,Manual,Second,Kochi,3.62
Tata,Nexon,2023,18700,Petrol,Manual,First,Kolkata,8.14
Tata,Harrier,2019,77774,Diesel,Manual,Second,Hyderabad,8.27
Mahindra,Bolero,2010,144909,Diesel,Manual,First,Hyderabad,1.34
Toyota,Glanza,2024,8173,Petrol,Manual,Third,Ahmedabad,5.53
Toyota,Fortuner,2017,78695,Diesel,Manual,Second,Hyderabad,13.85
Honda,Amaze,2010,175106,Petrol,Manual,First,Bengaluru,1.06
Tata,Harrier,2019,60514,Petrol,Manual,Third,Ahmedabad,7.06
Tata,Nexon,2021,44690,Diesel,Manual,Third,Ahmedabad,5.42
Mahindra,XUV700,2009,197397,Diesel,Manual,Second,Kochi,1.87
Honda,Amaze,2013,117280,Petrol,Manual,First,Kolkata,1.69
Kia,Sonet,2020,67525,Diesel,Manual,First,Delhi,5.15
Maruti Suzuki,Swift,2021,44107,Petrol,Manual,First,Ahmedabad,3.93
Kia,Seltos,2011,136906,Petrol,Manual,Second,Bengaluru,2.12
Tata,Harrier,2024,19592,Petrol,Manual,First,Pune,15.84
Toyota,Fortuner,2018,64810,Diesel,Manual,Third,Mumbai,14.93
Tata,Harrier,2014,102605,Petrol,Automatic,First,Mumbai,5.46
Hyundai,Verna,2024,8065,Diesel,Manual,First,Kochi,9.47
Mahindra,Bolero,2018,90165,Diesel,Manual,First,Delhi,3.97
Maruti Suzuki,Baleno,2025,22159,Petrol,Automatic,First,Delhi,7.63
Renault,Kwid,2022,34514,Petrol,Manual,Second,Delhi,2.84
Maruti Suzuki,Alto K10,2021,58222,Petrol,Manual,First,Delhi,2.72
Maruti Suzuki,Baleno,2010,160224,CNG,Manual,Second,Kolkata,0.91
Mahindra,Bolero,2025,13687,Diesel,Manual,First,Kolkata,9.31
Hyundai,Venue,2016,139565,Petrol,Manual,Second,Ahmedabad,2.4
Toyota,Innova Crysta,2023,25516,Petrol,Manual,First,Jaipur,14.59
Hyundai,i20,2024,13092,Diesel,Manual,First,Delhi,8.08
Maruti Suzuki,Swift,2016,118269,CNG,Manual,Second,Kolkata,1.75
Honda,Amaze,2023,34120,CNG,Automatic,First,Ahmedabad,6.0
Maruti Suzuki,Alto K10,2010,182950,Petrol,Automatic,Second,Hyderabad,0.55
Tata,Nexon,2014,122483,Diesel,Automatic,First,Pune,2.36
Honda,Amaze,2011,165134,Petrol,Manual,First,Ahmedabad,1.21
Maruti Suzuki,Brezza,2012,134196,Diesel,Automatic,Second,Ahmedabad,1.67
Mahindra,Bolero,2011,161242,Petrol,Manual,First,Bengaluru,1.61
Mahindra,XUV700,2020,55100,Diesel,Manual,First,Bengaluru,11.27
Maruti Suzuki,Ertiga,2018,80589,Petrol,Manual,Second,Hyderabad,3.56
Maruti Suzuki,Brezza,2016,112885,CNG,Manual,First,Mumbai,2.71
Maruti Suzuki,Alto K10,2017,82325,Petrol,Automatic,Second,Ahmedabad,1.49
Tata,Harrier,2019,71986,Petrol,Manual,Third,Kochi,7.38
Hyundai,Verna,2022,42744,Diesel,Manual,First,Chennai,7.93
Kia,Seltos,2025,14856,Petrol,Manual,Third,Ahmedabad,11.55
Hyundai,i20,2025,12828,Petrol,Automatic,First,Ahmedabad,8.06
Maruti Suzuki,Baleno,2021,60259,Petrol,Manual,First,Kochi,4.31
Maruti Suzuki,Ertiga,2015,96156,Diesel,Manual,Second,Kolkata,2.45
Hyundai,Verna,2024,7099,Petrol,Manual,Second,Delhi,9.43
Maruti Suzuki,Swift,2011,143506,Petrol,Manual,Second,Chennai,0.93
Toyota,Innova Crysta,2024,16723,Petrol,Automatic,Third,Kochi,16.81
Tata,Altroz,2021,36916,Petrol,Manual,First,Pune,4.56
Hyundai,Creta,2010,205017,CNG,Manual,First,Kochi,1.64
Tata,Harrier,2014,105417,Diesel,Manual,Second,Pune,3.72
Kia,Seltos,2010,138792,Diesel,Automatic,Second,Hyderabad,1.82
Hyundai,Creta,2015,104936,Diesel,Automatic,Second,Pune,3.64
Hyundai,i20,2020,46869,Petrol,Manual,Fourth & above,Delhi,3.35
Tata,Altroz,2015,154327,Petrol,Manual,First,Kochi,1.71
Hyundai,Venue,2014,120261,Petrol,Automatic,Third,Bengaluru,2.09
Hyundai,Creta,2017,79036,Diesel,Manual,Third,Pune,4.97
Maruti Suzuki,Baleno,2011,156408,Petrol,Manual,First,Pune,1.2
Mahindra,Bolero,2016,117928,Petrol,Automatic,First,Mumbai,3.09
Hyundai,Verna,2025,15189,Diesel,Manual,First,Pune,11.49
Tata,Harrier,2009,151187,Petrol,Manual,Third,Hyderabad,1.97
Hyundai,Creta,2013,122969,Diesel,Automatic,Third,Bengaluru,2.55
Maruti Suzuki,Swift,2019,56568,Petrol,Automatic,First,Ahmedabad,3.1
Maruti Suzuki,Ertiga,2018,69265,Petrol,Manual,First,Kochi,3.85
Tata,Punch,2024,12884,Petrol,Automatic,Second,Bengaluru,6.09
Toyota,Glanza,2023,36319,Petrol,Manual,Second,Delhi,6.08
Honda,City,2025,10493,Diesel,Automatic,Third,Pune,11.4
Mahindra,Thar,2012,116034,Diesel,Automatic,Third,Jaipur,2.38
Hyundai,Creta,2025,6328,Petrol,Manual,First,Jaipur,13.29
Renault,Kwid,2015,93829,Petrol,Automatic,First,Jaipur,1.39
Hyundai,Creta,2010,176309,Petrol,Manual,First,Kolkata,1.69
Hyundai,Verna,2022,42924,Petrol,Manual,First,Bengaluru,7.54
Maruti Suzuki,Ertiga,2012,147644,Petrol,Manual,Second,Kolkata,1.55
Maruti Suzuki,Ertiga,2021,65817,Petrol,Manual,First,Chennai,6.08
Tata,Altroz,2015,80662,Petrol,Manual,Second,Ahmedabad,1.93
Hyundai,Venue,2024,9597,Petrol,Manual,First,Kochi,7.91
Maruti Suzuki,Brezza,2015,127408,Petrol,Manual,First,Mumbai,2.35
Tata,Altroz,2019,58181,CNG,Automatic,Third,Mumbai,3.04
Toyota,Glanza,2021,55544,Petrol,Manual,First,Pune,4.96
Hyundai,Venue,2015,109544,Diesel,Manual,First,Delhi,2.48
Mahindra,Bolero,2014,163345,Diesel,Manual,Second,Hyderabad,1.77
Mahindra,XUV700,2018,86066,Diesel,Manual,First,Bengaluru,8.99
Hyundai,i20,2024,13214,Petrol,Automatic,First,Chennai,8.03
Maruti Suzuki,Swift,2023,23168,Petrol,Manual,Second,Ahmedabad,4.78
Renault,Kwid,2018,99219,Petrol,Manual,First,Hyderabad,1.96
Maruti Suzuki,Brezza,2012,133049,Petrol,Manual,First,Delhi,1.61
Honda,City,2010,150379,Petrol,Manual,Second,Chennai,1.61
Maruti Suzuki,Alto K10,2017,95495,Petrol,Automatic,First,Bengaluru,1.74
Mahindra,Bolero,2014,116615,Petrol,Manual,First,Mumbai,2.55
Mahindra,Thar,2020,62404,Diesel,Manual,First,Delhi,8.23
Maruti Suzuki,Baleno,2024,13289,CNG,Manual,First,Kochi,6.45
Maruti Suzuki,Swift,2018,111297,Petrol,Manual,Second,Delhi,2.23
Mahindra,Bolero,2020,55768,Diesel,Manual,First,Chennai,5.38
Hyundai,i20,2019,66536,Diesel,Manual,Second,Ahmedabad,3.67
Tata,Harrier,2009,161796,Diesel,Manual,First,Delhi,1.97
Hyundai,Creta,2025,13361,Petrol,Manual,Second,Kochi,11.55
Hyundai,Creta,2017,63967,Petrol,Automatic,Third,Kochi,4.55
Kia,Seltos,2015,99279,Diesel,Manual,First,Jaipur,3.24
Mahindra,Bolero,2012,142999,Diesel,Manual,Second,Chennai,1.48
Kia,Sonet,2022,34644,CNG,Manual,Third,Bengaluru,5.8
Kia,Sonet,2016,78790,CNG,Manual,Second,Kolkata,2.76
Maruti Suzuki,Brezza,2018,85376,Petrol,Manual,Second,Mumbai,3.57
Renault,Kwid,2014,118946,Petrol,Manual,First,Pune,1.21
Hyundai,i20,2011,155082,Petrol,Automatic,First,Jaipur,1.42
Kia,Sonet,2020,48589,Petrol,Automatic,Second,Chennai,5.0
Kia,Sonet,2016,98883,Diesel,Automatic,First,Pune,2.94
Hyundai,Verna,2016,110606,Petrol,Manual,Third,Ahmedabad,2.66
Mahindra,Bolero,2013,141779,Diesel,Manual,First,Jaipur,1.86
Hyundai,i20,2019,80648,Diesel,Automatic,First,Jaipur,4.15
Tata,Nexon,2013,118481,Petrol,Manual,First,Pune,2.43
Hyundai,i20,2021,52013,Diesel,Automatic,First,Jaipur,5.65
Tata,Nexon,2011,157813,Petrol,Manual,First,Bengaluru,1.7
Hyundai,Verna,2010,156112,Diesel,Automatic,First,Delhi,1.55
Kia,Sonet,2022,45760,Diesel,Automatic,First,Kochi,7.57
Maruti Suzuki,Brezza,2017,95005,Petrol,Manual,Fourth & above,Jaipur,2.36
Tata,Punch,2014,146440,Petrol,Automatic,First,Bengaluru,1.82
Renault,Kwid,2016,82401,Petrol,Automatic,First,Pune,1.71
Mahindra,Scorpio,2024,12683,Petrol,Manual,First,Jaipur,12.9
Honda,Amaze,2014,123460,CNG,Automatic,Third,Pune,1.72
Renault,Kwid,2014,129382,Petrol,Manual,Fourth & above,Delhi,0.84
Toyota,Fortuner,2023,27411,Petrol,Manual,First,Chennai,30.32
Hyundai,Verna,2010,133938,Diesel,Manual,Second,Chennai,1.35
Mahindra,Thar,2015,75826,Diesel,Manual,First,Jaipur,3.86
Toyota,Innova Crysta,2009,152215,Diesel,Manual,Second,Mumbai,2.49
Mahindra,Bolero,2010,138746,Petrol,Automatic,First,Ahmedabad,1.52
Renault,Kwid,2025,9167,CNG,Automatic,First,Ahmedabad,5.03
Maruti Suzuki,Swift,2014,128376,Petrol,Manual,Fourth & above,Jaipur,1.16
Mahindra,Thar,2013,175923,Petrol,Automatic,Second,Kochi,2.83
Maruti Suzuki,Brezza,2018,59463,CNG,Manual,First,Kolkata,3.71
Toyota,Fortuner,2016,72881,Diesel,Manual,First,Hyderabad,12.93
Mahindra,Bolero,2017,122300,Petrol,Manual,First,Ahmedabad,3.19
Kia,Seltos,2022,25192,Petrol,Manual,First,Pune,9.5
Tata,Nexon,2015,105308,Diesel,Manual,First,Pune,2.59
Tata,Harrier,2015,87326,Petrol,Manual,Second,Chennai,4.57
Maruti Suzuki,Brezza,2012,123353,Diesel,Manual,First,Delhi,1.69
Honda,City,2020,40743,CNG,Manual,First,Mumbai,6.1
Hyundai,Venue,2025,13912,Petrol,Manual,Fourth & above,Jaipur,6.74
Maruti Suzuki,Brezza,2023,29181,Diesel,Manual,Fourth & above,Ahmedabad,5.48
Honda,City,2010,179141,CNG,Manual,First,Chennai,1.51
Toyota,Innova Crysta,2024,12048,Petrol,Manual,First,Kolkata,18.24
Kia,Sonet,2019,80188,Petrol,Manual,First,Mumbai,4.17
Mahindra,XUV700,2025,8077,Petrol,Manual,Second,Hyderabad,17.13
Honda,City,2016,84882,CNG,Manual,First,Delhi,3.78
Toyota,Innova Crysta,2024,9683,Diesel,Manual,First,Ahmedabad,18.84
Honda,City,2021,54554,Petrol,Manual,First,Bengaluru,7.61
Maruti Suzuki,Baleno,2019,79590,Petrol,Manual,Second,Jaipur,2.49
Kia,Seltos,2010,208218,Petrol,Manual,First,Ahmedabad,1.57
Mahindra,Scorpio,2014,145282,Petrol,Manual,First,Jaipur,2.93
Mahindra,XUV700,2016,83150,Diesel,Manual,First,Delhi,5.79
Tata,Altroz,2014,169920,Petrol,Automatic,First,Kochi,1.66
Maruti Suzuki,Baleno,2021,57031,Petrol,Manual,First,Jaipur,4.19
Kia,Seltos,2010,135195,Petrol,Automatic,Third,Kolkata,1.65
Kia,Seltos,2018,69108,Diesel,Manual,Second,Jaipur,4.96
Maruti Suzuki,Ertiga,2020,65395,Petrol,Manual,Second,Pune,4.75
Maruti Suzuki,Alto K10,2009,167817,CNG,Manual,Third,Bengaluru,0.46
Mahindra,XUV700,2013,97526,Petrol,Automatic,Third,Hyderabad,3.68
Kia,Seltos,2020,51802,Diesel,Automatic,First,Kolkata,7.86
Maruti Suzuki,Alto K10,2010,164868,Petrol,Manual,Second,Jaipur,0.51
Mahindra,Thar,2010,195774,Diesel,Manual,First,Ahmedabad,1.81
Tata,Altroz,2017,131910,Petrol,Manual,Second,Pune,2.45
Renault,Kwid,2014,138828,Petrol,Manual,Second,Kochi,1.0
Toyota,Innova Crysta,2009,146869,Petrol,Manual,First,Kolkata,2.73
Honda,Amaze,2013,144386,Petrol,Manual,First,Ahmedabad,1.56
Maruti Suzuki,Baleno,2020,82398,Petrol,Manual,First,Bengaluru,3.68
Tata,Altroz,2017,85610,Petrol,Manual,Third,Bengaluru,2.59
Hyundai,i20,2018,57972,Diesel,Manual,First,Mumbai,3.67
Tata,Punch,2011,184160,Petrol,Manual,First,Hyderabad,1.03
Honda,Amaze,2013,169777,Petrol,Automatic,First,Hyderabad,1.53
Mahindra,Scorpio,2010,186985,Petrol,Manual,Second,Kochi,1.84
Honda,Amaze,2011,180985,Petrol,Manual,Fourth & above,Jaipur,0.89
Tata,Punch,2011,166824,Petrol,Manual,Third,Kochi,0.95
Toyota,Innova Crysta,2022,41990,Diesel,Manual,First,Kochi,14.75
Maruti Suzuki,Swift,2013,129440,Petrol,Manual,First,Kochi,1.43
Hyundai,Creta,2014,121167,Petrol,Manual,First,Jaipur,3.02
Mahindra,XUV700,2020,70777,Petrol,Automatic,First,Chennai,10.12
Maruti Suzuki,Alto K10,2021,35358,Petrol,Manual,First,Chennai,2.68
Tata,Punch,2018,71204,CNG,Manual,First,Kolkata,2.84
Hyundai,i20,2009,156889,CNG,Automatic,Second,Bengaluru,1.11
Tata,Punch,2017,77239,CNG,Manual,First,Jaipur,2.59
Maruti Suzuki,Brezza,2010,164450,Petrol,Manual,First,Delhi,1.44
Hyundai,Creta,2023,14593,Petrol,Automatic,First,Kochi,11.35
Tata,Altroz,2014,97751,CNG,Manual,First,Ahmedabad,1.85
Mahindra,XUV700,2009,185657,Diesel,Manual,First,Pune,1.94
Toyota,Glanza,2024,6718,Petrol,Manual,First,Delhi,6.69
Tata,Nexon,2009,182982,Petrol,Manual,First,Pune,1.28
Hyundai,Verna,2011,128061,Diesel,Manual,First,Hyderabad,1.84
Honda,Amaze,2018,61012,Petrol,Automatic,Second,Jaipur,3.15
Tata,Harrier,2013,120497,Petrol,Manual,First,Bengaluru,4.13
Maruti Suzuki,Baleno,2015,82033,Petrol,Automatic,Fourth & above,Pune,1.82
Maruti Suzuki,Ertiga,2009,160963,Petrol,Manual,Second,Mumbai,1.19
Maruti Suzuki,Baleno,2021,69475,Petrol,Automatic,First,Jaipur,4.12
Maruti Suzuki,Brezza,2017,76860,Petrol,Automatic,First,Kochi,3.55
Tata,Nexon,2018,80937,Diesel,Manual,First,Pune,4.7
Tata,Punch,2025,13139,Petrol,Manual,First,Ahmedabad,6.46
Kia,Seltos,2023,12372,Diesel,Automatic,Third,Hyderabad,9.85
Maruti Suzuki,Alto K10,2011,186324,Petrol,Manual,Second,Mumbai,0.62
Maruti Suzuki,Brezza,2016,123988,Diesel,Manual,Second,Ahmedabad,2.19
Maruti Suzuki,Alto K10,2022,28732,Petrol,Manual,Fourth & above,Ahmedabad,2.23
Toyota,Glanza,2014,108258,Petrol,Manual,First,Chennai,2.17
Tata,Harrier,2018,71944,Diesel,Manual,First,Hyderabad,7.16
Mahindra,Bolero,2012,113562,Diesel,Manual,Second,Ahmedabad,1.57
Tata,Altroz,2010,154109,Diesel,Automatic,First,Delhi,1.08
Toyota,Glanza,2021,50339,Petrol,Manual,First,Ahmedabad,4.44
Hyundai,Verna,2015,86991,Petrol,Manual,Third,Mumbai,2.69
Honda,Amaze,2009,176036,Petrol,Manual,First,Kolkata,1.04
Maruti Suzuki,Alto K10,2018,81161,Petrol,Manual,First,Pune,1.62
Hyundai,i20,2017,100845,Diesel,Manual,First,Jaipur,2.91
Hyundai,i20,2016,110213,Petrol,Automatic,First,Pune,2.72
Mahindra,Bolero,2013,161039,Petrol,Automatic,First,Kochi,2.08
Tata,Altroz,2009,248580,Diesel,Manual,Second,Kochi,0.62
Tata,Punch,2013,160739,Petrol,Manual,First,Pune,1.31
Honda,City,2022,39996,Diesel,Automatic,First,Jaipur,9.16
Toyota,Fortuner,2018,82562,Petrol,Manual,Second,Mumbai,14.07
Honda,Amaze,2017,97451,Petrol,Manual,First,Pune,2.85
Tata,Punch,2023,31522,Petrol,Manual,Fourth & above,Bengaluru,4.58
Renault,Kwid,2016,100988,Petrol,Manual,First,Jaipur,1.4
Mahindra,XUV700,2012,137219,Petrol,Manual,First,Kochi,3.04
Tata,Punch,2012,151129,Petrol,Manual,First,Kolkata,1.27
Kia,Sonet,2013,140935,Diesel,Manual,First,Jaipur,1.73
Tata,Nexon,2020,58891,Diesel,Manual,First,Jaipur,5.0
Maruti Suzuki,Ertiga,2011,173081,Petrol,Manual,Second,Delhi,1.42
Maruti Suzuki,Alto K10,2012,159285,Petrol,Manual,First,Delhi,0.81
Kia,Sonet,2012,153471,Diesel,Manual,Second,Chennai,1.47
Tata,Nexon,2024,13359,Petrol,Manual,First,Kochi,9.63
Mahindra,XUV700,2024,16437,Diesel,Automatic,First,Kolkata,18.69
Hyundai,Creta,2013,119168,Diesel,Manual,Third,Mumbai,2.43
Hyundai,Verna,2021,37745,Diesel,Manual,Fourth & above,Chennai,5.19
Maruti Suzuki,Brezza,2012,152736,Petrol,Manual,Second,Jaipur,1.46
Mahindra,Thar,2023,25971,Petrol,Manual,Second,Mumbai,11.72
Maruti Suzuki,Ertiga,2018,88424,Diesel,Manual,Second,Delhi,4.17
Maruti Suzuki,Baleno,2018,62346,Petrol,Automatic,First,Pune,3.42
Toyota,Fortuner,2016,73738,Petrol,Automatic,Third,Chennai,11.38
Honda,City,2013,143512,Diesel,Automatic,Third,Hyderabad,2.12
Hyundai,Creta,2011,153546,Petrol,Automatic,First,Chennai,2.21
Maruti Suzuki,Brezza,2014,130025,Diesel,Manual,First,Bengaluru,2.06
Kia,Sonet,2014,116604,Petrol,Manual,Second,Chennai,2.04
Maruti Suzuki,Ertiga,2020,47741,Diesel,Manual,First,Kolkata,5.82
Mahindra,Bolero,2024,11388,Petrol,Manual,First,Kochi,9.29
Honda,City,2023,21823,Petrol,Manual,First,Bengaluru,10.1
Toyota,Glanza,2022,26559,Petrol,Manual,Second,Mumbai,5.53
Maruti Suzuki,Brezza,2010,151945,Diesel,Automatic,First,Kochi,1.37
Maruti Suzuki,Swift,2010,182171,Petrol,Automatic,First,Kolkata,0.87
Maruti Suzuki,Alto K10,2015,140434,Petrol,Manual,First,Chennai,1.08
Honda,City,2010,182800,Diesel,Manual,Fourth & above,Kolkata,1.11
Maruti Suzuki,Swift,2019,65595,Petrol,Manual,First,Delhi,3.4
Mahindra,XUV700,2017,89704,Diesel,Manual,Fourth & above,Chennai,5.65
Kia,Sonet,2024,9657,Petrol,Manual,Second,Chennai,7.7
Mahindra,Bolero,2013,145451,Diesel,Manual,Third,Pune,1.56
Mahindra,Scorpio,2025,17945,Diesel,Manual,Second,Bengaluru,13.8
Hyundai,Creta,2020,83526,Petrol,Manual,Third,Mumbai,5.72
Maruti Suzuki,Ertiga,2024,6123,Petrol,Manual,Second,Kolkata,8.1
Maruti Suzuki,Baleno,2017,88138,Petrol,Automatic,First,Ahmedabad,2.67
Renault,Kwid,2020,40870,Petrol,Automatic,Third,Kolkata,2.0
Maruti Suzuki,Ertiga,2025,18225,Diesel,Manual,Second,Chennai,10.97
Mahindra,Thar,2016,116192,Petrol,Manual,Third,Bengaluru,3.61
Tata,Harrier,2010,219506,Petrol,Manual,Second,Kochi,2.06
Mahindra,XUV700,2021,28625,Petrol,Manual,Second,Kochi,9.5
Tata,Harrier,2016,107176,Petrol,Manual,First,Pune,5.6
Tata,Harrier,2018,74566,Diesel,Automatic,First,Chennai,7.68
Hyundai,i20,2013,136493,CNG,Manual,First,Pune,1.7
Maruti Suzuki,Alto K10,2010,195125,Petrol,Manual,First,Chennai,0.71
Mahindra,XUV700,2016,81695,Petrol,Manual,Second,Kochi,5.69
Tata,Harrier,2014,82640,Petrol,Automatic,First,Delhi,5.12
Hyundai,Creta,2019,87470,Diesel,Manual,First,Chennai,5.96
Mahindra,Scorpio,2021,47393,Diesel,Manual,Second,Kochi,8.67
Hyundai,Verna,2013,151918,Petrol,Manual,Third,Kolkata,1.81
Toyota,Glanza,2024,17369,Petrol,Automatic,Second,Kolkata,6.24
Tata,Nexon,2022,48761,Petrol,Manual,First,Chennai,6.6
Mahindra,Bolero,2024,18412,Petrol,Manual,First,Jaipur,8.46
Honda,City,2014,139190,Petrol,Automatic,First,Bengaluru,2.95
Toyota,Fortuner,2021,59330,Diesel,Automatic,Fourth & above,Mumbai,20.21
Tata,Harrier,2023,13808,Petrol,Manual,First,Mumbai,14.42
Mahindra,XUV700,2013,109593,Diesel,Automatic,Third,Bengaluru,3.15
Maruti Suzuki,Alto K10,2020,47571,Petrol,Manual,First,Chennai,2.35
Kia,Sonet,2011,194529,Petrol,Manual,First,Pune,1.28
Honda,City,2021,47877,Petrol,Manual,Second,Kochi,6.61
Honda,City,2011,165368,Diesel,Manual,Second,Chennai,1.63
Toyota,Glanza,2022,26263,Petrol,Manual,Second,Ahmedabad,4.54
Mahindra,Thar,2021,44811,Diesel,Manual,Second,Chennai,8.63
Hyundai,i20,2013,136416,Petrol,Manual,First,Chennai,1.7
Tata,Punch,2015,122904,Petrol,Manual,Second,Delhi,1.69
Hyundai,Venue,2010,165640,Petrol,Manual,Second,Bengaluru,1.3
Tata,Nexon,2019,76497,CNG,Manual,First,Mumbai,4.57
Tata,Nexon,2018,75461,Diesel,Manual,Third,Kolkata,3.51
Tata,Harrier,2015,105596,Petrol,Manual,First,Chennai,4.74
Mahindra,XUV700,2023,25538,Petrol,Automatic,First,Kochi,15.12
Hyundai,Venue,2019,64609,Petrol,Automatic,First,Bengaluru,5.14
Maruti Suzuki,Baleno,2021,33297,Petrol,Manual,First,Jaipur,4.38
Honda,Amaze,2012,195264,Petrol,Manual,Second,Bengaluru,1.25
Tata,Altroz,2023,32149,Diesel,Manual,First,Jaipur,6.01
Toyota,Glanza,2013,127782,CNG,Manual,Third,Mumbai,1.26
Maruti Suzuki,Brezza,2010,131779,Petrol,Manual,First,Kolkata,1.43
Tata,Nexon,2018,81274,Petrol,Manual,First,Kolkata,3.93
Toyota,Fortuner,2015,88940,Petrol,Manual,First,Ahmedabad,11.58
Tata,Harrier,2014,99797,Petrol,Manual,First,Bengaluru,4.49
Honda,City,2014,100030,Diesel,Manual,First,Mumbai,2.81
Mahindra,Thar,2010,138061,Petrol,Manual,First,Chennai,2.19
Hyundai,i20,2025,12676,Petrol,Automatic,First,Delhi,9.29
Maruti Suzuki,Swift,2025,7210,Petrol,Manual,First,Kochi,6.83
Kia,Sonet,2013,132217,CNG,Manual,First,Pune,1.74
Hyundai,Verna,2009,157464,Diesel,Manual,First,Bengaluru,1.41
Renault,Kwid,2025,11743,Petrol,Manual,First,Chennai,4.98
Maruti Suzuki,Baleno,2010,186448,Petrol,Manual,Second,Mumbai,0.89
Hyundai,i20,2017,76219,Petrol,Manual,Second,Mumbai,2.79
Kia,Sonet,2017,80859,Diesel,Automatic,First,Pune,4.23
Toyota,Innova Crysta,2012,139566,Petrol,Manual,First,Kochi,3.92
Kia,Sonet,2020,37176,Diesel,Automatic,Fourth & above,Kochi,4.75
Mahindra,Bolero,2009,179443,Petrol,Manual,Second,Kolkata,1.05
Tata,Punch,2019,77033,Petrol,Automatic,First,Jaipur,3.32
Tata,Harrier,2011,169402,Petrol,Manual,First,Pune,2.75
Kia,Seltos,2024,13050,Petrol,Manual,Third,Bengaluru,9.71
Mahindra,Scorpio,2012,179908,Diesel,Manual,Second,Ahmedabad,1.89
Mahindra,XUV700,2024,19312,Diesel,Manual,First,Ahmedabad,18.21
Tata,Altroz,2023,39808,Petrol,Automatic,First,Jaipur,5.95
Honda,Amaze,2022,25344,Petrol,Manual,First,Mumbai,5.64
Tata,Punch,2021,13309,Petrol,Manual,First,Chennai,5.2
Maruti Suzuki,Alto K10,2019,58376,Petrol,Manual,First,Mumbai,2.04
Kia,Seltos,2015,70033,CNG,Automatic,First,Mumbai,4.35
Mahindra,XUV700,2022,44864,Diesel,Manual,First,Hyderabad,13.49
Hyundai,Creta,2017,112860,Petrol,Automatic,Second,Bengaluru,4.63
Tata,Nexon,2025,10550,Petrol,Automatic,First,Chennai,11.16
Mahindra,XUV700,2018,58859,Petrol,Manual,Second,Delhi,7.44
Honda,City,2018,109583,Diesel,Manual,Second,Mumbai,4.85
Mahindra,XUV700,2010,135249,Petrol,Manual,First,Ahmedabad,2.58
Toyota,Innova Crysta,2021,54610,Diesel,Manual,Second,Chennai,12.88
Maruti Suzuki,Brezza,2025,18030,Petrol,Manual,First,Hyderabad,8.93
Toyota,Glanza,2022,50708,Petrol,Manual,First,Kolkata,5.43
Mahindra,Bolero,2024,9750,Petrol,Automatic,First,Hyderabad,9.82
Kia,Seltos,2021,46604,Diesel,Manual,First,Kolkata,8.39
Tata,Nexon,2022,48816,CNG,Automatic,First,Ahmedabad,6.18
Honda,Amaze,2024,17256,Petrol,Manual,Second,Ahmedabad,6.2
Maruti Suzuki,Alto K10,2022,45340,Petrol,Automatic,First,Chennai,3.44
Kia,Sonet,2015,132350,Petrol,Manual,Second,Ahmedabad,2.12
Mahindra,Bolero,2019,92627,Petrol,Manual,First,Jaipur,4.27
Mahindra,Thar,2011,158975,Diesel,Manual,Fourth & above,Bengaluru,1.65
Hyundai,Venue,2013,117429,CNG,Manual,First,Mumbai,1.98
Tata,Nexon,2017,74919,Petrol,Manual,First,Kochi,3.57
Toyota,Fortuner,2011,148805,Petrol,Manual,Third,Ahmedabad,4.88
Kia,Sonet,2015,113627,Petrol,Manual,Second,Bengaluru,2.4
Kia,Seltos,2011,143147,Diesel,Manual,First,Delhi,2.09
Mahindra,Thar,2015,124283,Diesel,Manual,Second,Hyderabad,3.24
Renault,Kwid,2019,66918,Petrol,Automatic,First,Chennai,2.31
Tata,Nexon,2021,51875,Diesel,Manual,Second,Mumbai,5.42
Kia,Seltos,2024,11247,Petrol,Manual,First,Chennai,11.46
Maruti Suzuki,Brezza,2018,91098,Petrol,Manual,Second,Delhi,3.2
Toyota,Innova Crysta,2017,82943,Petrol,Manual,Third,Ahmedabad,6.1
Maruti Suzuki,Ertiga,2018,76661,Diesel,Manual,Second,Delhi,4.28
Tata,Altroz,2013,158041,Petrol,Manual,First,Kochi,1.49
Renault,Kwid,2025,11790,Petrol,Automatic,First,Hyderabad,4.84
Mahindra,Thar,2016,89348,Petrol,Manual,First,Kolkata,4.88
Maruti Suzuki,Baleno,2024,23022,Petrol,Manual,First,Kochi,6.78
Toyota,Fortuner,2012,163080,Petrol,Manual,First,Pune,6.63
Kia,Sonet,2014,135696,Petrol,Manual,Second,Pune,2.1
Hyundai,Venue,2014,108527,Petrol,Manual,First,Jaipur,2.52
Maruti Suzuki,Alto K10,2010,154135,Petrol,Manual,Third,Kochi,0.52
Maruti Suzuki,Baleno,2018,68371,Petrol,Automatic,First,Hyderabad,3.17
Mahindra,XUV700,2023,22511,Petrol,Automatic,First,Pune,16.53
Maruti Suzuki,Ertiga,2015,116011,Diesel,Manual,Second,Hyderabad,2.23
Toyota,Fortuner,2014,195365,Diesel,Manual,First,Jaipur,6.18
Hyundai,i20,2016,120089,CNG,Manual,First,Jaipur,2.1
Toyota,Fortuner,2010,136085,Petrol,Manual,Second,Jaipur,5.0
Maruti Suzuki,Baleno,2024,17724,Petrol,Manual,First,Hyderabad,6.27
Maruti Suzuki,Ertiga,2015,79469,Diesel,Manual,First,Ahmedabad,2.93
Mahindra,Bolero,2023,20116,Diesel,Manual,First,Bengaluru,7.98
Tata,Punch,2017,80429,Petrol,Automatic,First,Pune,2.89
Kia,Seltos,2017,65589,Petrol,Manual,First,Kolkata,4.8
Hyundai,i20,2015,62605,CNG,Manual,Third,Bengaluru,2.25
Tata,Punch,2009,197974,Petrol,Manual,Second,Hyderabad,0.71
Maruti Suzuki,Swift,2022,39328,Petrol,Manual,First,Mumbai,4.77
Mahindra,Bolero,2015,76178,Petrol,Manual,Second,Hyderabad,2.92
Toyota,Glanza,2024,15101,Petrol,Manual,First,Jaipur,7.59
Hyundai,Venue,2019,41225,Petrol,Manual,Second,Chennai,4.33
Hyundai,Verna,2016,82038,Diesel,Manual,Second,Bengaluru,3.19
Honda,Amaze,2022,47269,Petrol,Manual,Second,Ahmedabad,4.64
Maruti Suzuki,Brezza,2009,183529,Diesel,Automatic,First,Ahmedabad,1.02
Kia,Seltos,2011,149001,Diesel,Automatic,First,Pune,2.33
Hyundai,Creta,2012,154280,Petrol,Manual,First,Chennai,2.5
Toyota,Glanza,2016,112317,Petrol,Automatic,First,Ahmedabad,2.34
Hyundai,Verna,2020,48979,Diesel,Manual,Third,Kolkata,5.24
Mahindra,XUV700,2020,60841,Petrol,Manual,Third,Ahmedabad,7.48
Maruti Suzuki,Ertiga,2014,107382,Petrol,Automatic,Second,Kolkata,2.26
Maruti Suzuki,Swift,2010,179586,Petrol,Manual,Second,Kolkata,0.76
Hyundai,Verna,2017,86141,Diesel,Automatic,First,Pune,4.35
Tata,Nexon,2022,27732,Petrol,Manual,First,Mumbai,8.01
Mahindra,Bolero,2009,176458,Petrol,Manual,Third,Ahmedabad,0.95
Hyundai,Venue,2019,57181,Petrol,Manual,Second,Mumbai,4.18
Tata,Nexon,2023,23462,Petrol,Manual,First,Kochi,7.43
Maruti Suzuki,Alto K10,2009,193709,Petrol,Manual,First,Hyderabad,0.52
Toyota,Glanza,2016,85131,Petrol,Manual,First,Delhi,2.57
Honda,City,2016,142007,Petrol,Manual,First,Mumbai,3.55
Maruti Suzuki,Swift,2018,72791,Petrol,Automatic,First,Delhi,2.78
Mahindra,Bolero,2020,56630,Diesel,Manual,Second,Kolkata,5.05
Honda,Amaze,2020,45744,Petrol,Manual,First,Ahmedabad,4.01
Mahindra,Scorpio,2012,166984,Petrol,Manual,First,Bengaluru,2.5
Mahindra,Scorpio,2011,132802,Petrol,Automatic,Second,Pune,2.31
Kia,Sonet,2012,150880,Petrol,Manual,Second,Mumbai,1.62
Mahindra,XUV700,2020,72694,Diesel,Manual,First,Pune,11.45
Renault,Kwid,2017,102024,Petrol,Manual,First,Kolkata,1.7
Maruti Suzuki,Brezza,2016,117557,Petrol,Manual,Third,Delhi,2.43
Mahindra,XUV700,2013,160789,Diesel,Automatic,First,Kolkata,3.51
Mahindra,XUV700,2015,134505,Diesel,Automatic,Fourth & above,Mumbai,3.33
Mahindra,Thar,2018,85309,Petrol,Automatic,Second,Bengaluru,6.16
Hyundai,i20,2014,110714,Diesel,Automatic,First,Bengaluru,1.98
Maruti Suzuki,Ertiga,2010,113316,Petrol,Manual,First,Mumbai,1.54
Maruti Suzuki,Alto K10,2024,16985,CNG,Manual,Third,Kolkata,3.1
Hyundai,Creta,2010,165780,Diesel,Automatic,First,Delhi,1.99
Maruti Suzuki,Ertiga,2011,168140,Petrol,Manual,Fourth & above,Bengaluru,1.34
Mahindra,Scorpio,2010,192979,Diesel,Automatic,Third,Kochi,1.61
Tata,Nexon,2023,19418,Diesel,Manual,First,Bengaluru,8.18
Kia,Seltos,2019,89334,Diesel,Manual,First,Pune,6.28
Mahindra,Bolero,2013,149123,Petrol,Automatic,First,Mumbai,2.15
Tata,Harrier,2011,133060,Petrol,Manual,Third,Jaipur,2.43
Toyota,Glanza,2015,123716,Petrol,Manual,Fourth & above,Hyderabad,1.65
Maruti Suzuki,Swift,2015,119558,Petrol,Manual,First,Bengaluru,1.65
Renault,Kwid,2025,14151,Petrol,Manual,Second,Ahmedabad,4.06
Tata,Nexon,2023,21136,Diesel,Manual,First,Hyderabad,8.01
Mahindra,Thar,2009,164868,Petrol,Manual,First,Hyderabad,1.98
Hyundai,Creta,2021,41809,Petrol,Automatic,Third,Hyderabad,7.51
Tata,Nexon,2025,15225,Petrol,Manual,First,Mumbai,10.03
Maruti Suzuki,Baleno,2016,118153,Petrol,Manual,First,Pune,2.24
Toyota,Fortuner,2017,108556,Diesel,Manual,Second,Mumbai,15.1
Hyundai,Verna,2015,121940,Petrol,Manual,First,Bengaluru,3.35
Mahindra,XUV700,2023,15380,Petrol,Automatic,Third,Mumbai,13.08
Maruti Suzuki,Swift,2019,82127,Petrol,Automatic,First,Jaipur,2.83
Maruti Suzuki,Swift,2017,88069,Petrol,Manual,Third,Delhi,1.99
Hyundai,Verna,2016,114205,Petrol,Manual,First,Delhi,3.38
Maruti Suzuki,Alto K10,2015,94605,Petrol,Automatic,First,Delhi,1.44
Hyundai,i20,2023,33248,CNG,Manual,First,Kochi,5.85
Renault,Kwid,2017,101134,Petrol,Manual,First,Chennai,1.69
Kia,Seltos,2011,137906,Diesel,Manual,First,Bengaluru,2.08
Maruti Suzuki,Alto K10,2015,111132,Petrol,Manual,First,Hyderabad,1.2
Toyota,Innova Crysta,2012,112127,Diesel,Manual,First,Kochi,3.88
Maruti Suzuki,Ertiga,2015,119891,Diesel,Automatic,First,Delhi,2.85
Toyota,Innova Crysta,2015,82443,Petrol,Manual,First,Pune,6.38
Kia,Sonet,2022,38224,Petrol,Manual,First,Kochi,5.58
Maruti Suzuki,Alto K10,2009,189729,Petrol,Automatic,First,Pune,0.57
Tata,Punch,2019,56597,Petrol,Manual,Second,Hyderabad,3.02
Tata,Altroz,2013,145053,Petrol,Manual,Second,Hyderabad,1.47
Hyundai,Creta,2014,136685,Petrol,Manual,Second,Hyderabad,2.94
Toyota,Glanza,2010,190793,Petrol,Manual,First,Mumbai,1.04
Toyota,Glanza,2019,63788,Petrol,Manual,First,Bengaluru,4.07
Tata,Harrier,2023,13193,Diesel,Automatic,First,Mumbai,16.43
Toyota,Innova Crysta,2009,199096,Petrol,Manual,Third,Chennai,2.17
Renault,Kwid,2014,108239,CNG,Automatic,Third,Kochi,0.99
Mahindra,XUV700,2009,162911,Diesel,Automatic,First,Chennai,2.4
Renault,Kwid,2019,67375,Petrol,Manual,Second,Chennai,2.1
Maruti Suzuki,Brezza,2018,91208,Petrol,Manual,First,Bengaluru,3.63
Renault,Kwid,2024,10350,Petrol,Automatic,First,Delhi,5.0
Honda,City,2017,102233,Diesel,Manual,Fourth & above,Mumbai,3.49
Mahindra,Scorpio,2022,35010,Diesel,Manual,Second,Chennai,9.8
Toyota,Fortuner,2015,134766,Petrol,Manual,First,Pune,10.1
Maruti Suzuki,Baleno,2024,5428,Petrol,Manual,Fourth & above,Pune,5.4
Tata,Nexon,2016,73238,Petrol,Automatic,Second,Bengaluru,3.54
Maruti Suzuki,Baleno,2023,22354,Petrol,Automatic,First,Kolkata,6.09
Hyundai,Venue,2018,61838,Diesel,Manual,Third,Kolkata,3.41
Honda,Amaze,2010,174602,Petrol,Manual,First,Jaipur,1.0
Hyundai,i20,2024,18369,Diesel,Automatic,First,Bengaluru,8.74
Tata,Nexon,2021,51334,CNG,Manual,First,Chennai,6.06
Maruti Suzuki,Brezza,2014,93699,Petrol,Manual,Second,Bengaluru,2.07
Toyota,Fortuner,2022,39213,Petrol,Manual,Second,Ahmedabad,23.88
Toyota,Glanza,2012,171273,Petrol,Automatic,First,Kochi,1.35
Hyundai,Verna,2025,12326,Petrol,Manual,First,Chennai,11.32
Mahindra,Thar,2015,86440,Petrol,Automatic,Second,Delhi,4.36
Tata,Altroz,2014,141246,Petrol,Automatic,First,Pune,1.84
Toyota,Fortuner,2010,175643,Diesel,Manual,First,Ahmedabad,4.7
Hyundai,i20,2012,140473,Diesel,Manual,First,Kolkata,1.3
Kia,Seltos,2019,44331,Petrol,Manual,First,Hyderabad,6.32
Tata,Altroz,2009,208842,Petrol,Manual,First,Chennai,0.9
Kia,Seltos,2009,220528,Diesel,Manual,Second,Bengaluru,1.26
Honda,Amaze,2019,79139,Petrol,Manual,Third,Jaipur,2.74
Mahindra,Bolero,2025,12342,Diesel,Manual,First,Kolkata,9.68
Maruti Suzuki,Ertiga,2009,182262,Diesel,Manual,First,Hyderabad,1.17
Mahindra,XUV700,2018,59862,Petrol,Manual,First,Jaipur,7.05
Toyota,Innova Crysta,2015,98589,Diesel,Manual,First,Jaipur,5.33
Toyota,Glanza,2014,142536,Petrol,Manual,First,Hyderabad,1.64
Mahindra,Scorpio,2009,176265,Diesel,Manual,Second,Kochi,1.57
Hyundai,Creta,2011,164390,Petrol,Manual,Second,Kolkata,1.98
Hyundai,Creta,2017,82625,Diesel,Manual,First,Ahmedabad,5.15
Mahindra,Scorpio,2015,130332,Diesel,Manual,First,Hyderabad,3.56
Tata,Altroz,2025,13731,Petrol,Manual,First,Chennai,7.42
Maruti Suzuki,Alto K10,2022,32234,Petrol,Manual,Second,Ahmedabad,2.89
Renault,Kwid,2010,160720,CNG,Manual,First,Bengaluru,0.71
Mahindra,Scorpio,2012,137600,Petrol,Automatic,Third,Kochi,2.39
Mahindra,XUV700,2009,131100,Petrol,Automatic,First,Ahmedabad,2.75
Mahindra,Scorpio,2013,137969,Diesel,Manual,Third,Mumbai,2.27
Tata,Harrier,2018,83093,Diesel,Manual,First,Chennai,7.7
Tata,Altroz,2014,99242,CNG,Manual,First,Kolkata,1.89
Tata,Harrier,2024,10444,Diesel,Manual,Second,Ahmedabad,15.53
Renault,Kwid,2009,172364,Petrol,Manual,First,Hyderabad,0.63
Tata,Nexon,2017,70678,Petrol,Manual,First,Kochi,3.8
Maruti Suzuki,Alto K10,2015,133153,Petrol,Manual,First,Pune,1.1
Hyundai,Creta,2011,111135,Petrol,Manual,First,Hyderabad,2.49
Toyota,Innova Crysta,2010,121976,Diesel,Manual,Second,Jaipur,2.72
Tata,Punch,2021,44556,Petrol,Manual,Second,Kochi,4.45
Mahindra,Scorpio,2016,109331,Petrol,Automatic,Second,Kochi,4.86
Hyundai,Venue,2012,108186,Diesel,Manual,First,Hyderabad,1.76
Hyundai,i20,2014,123467,Petrol,Manual,First,Pune,1.92
Kia,Sonet,2011,181449,Diesel,Automatic,First,Hyderabad,1.43
Tata,Nexon,2018,50240,Diesel,Automatic,Second,Jaipur,4.66
Tata,Nexon,2013,209231,Petrol,Automatic,Second,Kolkata,1.64
Maruti Suzuki,Brezza,2018,60911,CNG,Automatic,Second,Bengaluru,3.99
Mahindra,Scorpio,2017,84601,Diesel,Automatic,First,Delhi,6.01
Maruti Suzuki,Ertiga,2019,88245,Petrol,Manual,Second,Bengaluru,3.77
Maruti Suzuki,Ertiga,2013,132578,Petrol,Manual,Second,Pune,1.93
Kia,Seltos,2010,135119,Petrol,Manual,First,Bengaluru,1.92
Toyota,Innova Crysta,2019,55061,Petrol,Automatic,First,Hyderabad,11.03
Honda,Amaze,2012,121430,Petrol,Manual,First,Bengaluru,1.47
Toyota,Glanza,2009,202837,Petrol,Manual,Third,Hyderabad,0.73
Honda,City,2009,180308,Petrol,Manual,First,Kolkata,1.46
Honda,City,2009,184913,Petrol,Manual,Third,Chennai,1.22
Tata,Altroz,2019,74273,Petrol,Manual,First,Ahmedabad,3.5
Hyundai,Verna,2025,15716,CNG,Manual,Third,Delhi,8.54
Renault,Kwid,2025,20260,Petrol,Manual,First,Ahmedabad,4.5
Honda,Amaze,2019,60855,Petrol,Automatic,First,Mumbai,3.97
Mahindra,Thar,2011,137081,Diesel,Automatic,First,Jaipur,2.33
Hyundai,Verna,2021,59227,Petrol,Manual,First,Jaipur,5.92
Tata,Altroz,2018,83788,Petrol,Manual,First,Kochi,2.86
Maruti Suzuki,Ertiga,2012,179653,Petrol,Manual,First,Ahmedabad,1.62
Maruti Suzuki,Alto K10,2013,142942,Petrol,Automatic,Second,Hyderabad,0.9
Mahindra,Bolero,2025,9721,Petrol,Manual,First,Kolkata,8.64
Hyundai,i20,2024,8093,Petrol,Automatic,First,Hyderabad,8.02
Mahindra,Thar,2023,27366,Petrol,Manual,Third,Ahmedabad,9.28
Toyota,Glanza,2025,17249,Petrol,Manual,First,Ahmedabad,6.79
Maruti Suzuki,Swift,2024,7897,CNG,Manual,First,Mumbai,5.67
Hyundai,i20,2016,123764,Petrol,Manual,Second,Mumbai,2.25
Tata,Nexon,2016,126076,Petrol,Manual,First,Chennai,3.06
Maruti Suzuki,Baleno,2010,166074,Petrol,Manual,First,Chennai,1.04
Toyota,Innova Crysta,2010,201943,Diesel,Manual,Third,Mumbai,2.22
Maruti Suzuki,Swift,2022,31204,Petrol,Manual,First,Mumbai,4.55
Kia,Sonet,2011,157648,Diesel,Automatic,Second,Bengaluru,1.39
Honda,Amaze,2017,77289,CNG,Manual,First,Delhi,2.87
Kia,Seltos,2009,129219,Petrol,Manual,First,Jaipur,1.78
Tata,Nexon,2025,14824,Petrol,Manual,Second,Hyderabad,8.87
Tata,Punch,2024,18975,Petrol,Manual,First,Delhi,7.21
Mahindra,Scorpio,2011,142878,Petrol,Manual,First,Ahmedabad,2.46
Hyundai,Creta,2020,73814,Petrol,Manual,First,Kolkata,6.66
Mahindra,Scorpio,2023,25328,Petrol,Manual,First,Jaipur,11.01
Tata,Harrier,2014,138862,Petrol,Manual,First,Kolkata,3.78
Maruti Suzuki,Brezza,2010,210359,Petrol,Manual,First,Hyderabad,1.16
Kia,Seltos,2022,39651,Petrol,Manual,First,Pune,8.7
Mahindra,XUV700,2010,148313,Petrol,Automatic,First,Mumbai,2.91
Maruti Suzuki,Alto K10,2011,109926,CNG,Manual,First,Delhi,0.75
Mahindra,Bolero,2020,86646,Petrol,Automatic,Second,Hyderabad,4.65
Honda,City,2025,1856,Diesel,Manual,First,Ahmedabad,13.54
Mahindra,XUV700,2023,16675,Petrol,Automatic,Second,Kochi,13.64
Hyundai,Verna,2009,165634,Petrol,Automatic,Fourth & above,Hyderabad,1.09
Hyundai,i20,2018,94732,Diesel,Manual,Second,Chennai,2.9
Tata,Punch,2021,32731,Petrol,Manual,Third,Kochi,3.81
Toyota,Innova Crysta,2019,84900,Diesel,Manual,Third,Kochi,7.93
Hyundai,Venue,2020,49900,CNG,Manual,First,Chennai,5.01
Maruti Suzuki,Baleno,2019,54248,Petrol,Manual,First,Ahmedabad,3.64
Toyota,Fortuner,2021,48393,Petrol,Automatic,First,Mumbai,25.69
Honda,City,2017,136289,Diesel,Manual,Second,Chennai,3.8
Maruti Suzuki,Alto K10,2025,7049,Petrol,Manual,First,Pune,4.24
Hyundai,Venue,2015,116983,Petrol,Automatic,First,Delhi,2.73
Kia,Seltos,2025,14062,Petrol,Manual,First,Delhi,13.21
Maruti Suzuki,Ertiga,2011,150814,CNG,Automatic,First,Kolkata,1.64
Toyota,Innova Crysta,2020,82172,Petrol,Manual,Second,Hyderabad,9.39
Hyundai,i20,2012,117394,Petrol,Automatic,Second,Delhi,1.67
Hyundai,Verna,2017,91476,Petrol,Automatic,Second,Mumbai,4.05
Mahindra,Thar,2022,26476,Diesel,Manual,First,Kolkata,11.42
Tata,Punch,2018,110766,Petrol,Automatic,Second,Pune,2.9
Mahindra,Thar,2010,167653,Petrol,Manual,First,Mumbai,2.19
Maruti Suzuki,Ertiga,2017,88804,Diesel,Automatic,First,Jaipur,3.99
Maruti Suzuki,Brezza,2013,161834,Petrol,Manual,First,Ahmedabad,1.67
Honda,Amaze,2016,96578,Petrol,Manual,Second,Delhi,2.24
Toyota,Fortuner,2020,63777,Petrol,Manual,Third,Jaipur,15.67
Mahindra,Bolero,2010,143061,Petrol,Manual,Second,Kolkata,1.17
Tata,Punch,2019,55835,Petrol,Automatic,First,Chennai,3.69
Hyundai,i20,2014,152354,Diesel,Manual,Second,Ahmedabad,1.52
Honda,Amaze,2015,121985,Petrol,Automatic,Third,Kolkata,1.68
Mahindra,Bolero,2017,123007,Diesel,Manual,Second,Delhi,2.84
Mahindra,Bolero,2013,119351,Petrol,Automatic,First,Hyderabad,2.2
Hyundai,Creta,2013,92652,Petrol,Manual,Fourth & above,Ahmedabad,2.39
Maruti Suzuki,Swift,2019,62626,Petrol,Manual,Second,Kochi,2.82
Mahindra,Scorpio,2012,134561,Diesel,Manual,Second,Pune,2.41
Hyundai,Creta,2013,138836,Petrol,Manual,Second,Kochi,2.85
Tata,Harrier,2010,190851,Petrol,Manual,First,Delhi,2.22
Hyundai,i20,2022,36227,Diesel,Manual,Second,Kochi,5.56
Hyundai,Venue,2012,93898,Petrol,Manual,Second,Mumbai,1.83
Tata,Altroz,2017,60927,Diesel,Manual,First,Jaipur,3.05
Honda,Amaze,2025,19983,Petrol,Manual,Second,Pune,7.48
Hyundai,Venue,2015,88621,Petrol,Manual,Second,Hyderabad,2.59
Mahindra,Thar,2011,164910,Petrol,Manual,First,Jaipur,2.36
Toyota,Glanza,2014,148023,Petrol,Manual,Second,Kochi,1.62
Honda,Amaze,2010,201481,Petrol,Manual,First,Mumbai,1.08
Honda,City,2011,199667,Petrol,Manual,Second,Mumbai,1.52
Toyota,Glanza,2019,56880,Petrol,Automatic,Second,Kolkata,3.47
Mahindra,Bolero,2023,5535,Diesel,Manual,First,Delhi,8.53
Tata,Harrier,2018,98379,CNG,Manual,First,Kochi,6.62
Maruti Suzuki,Brezza,2025,19367,Diesel,Manual,Second,Kolkata,8.73
Maruti Suzuki,Baleno,2012,146975,Petrol,Manual,First,Kolkata,1.19
Honda,Amaze,2023,27324,CNG,Manual,First,Delhi,5.97
Mahindra,XUV700,2012,161486,Petrol,Automatic,First,Ahmedabad,3.83
Maruti Suzuki,Swift,2025,7025,Petrol,Manual,First,Delhi,6.8
Tata,Nexon,2015,124658,Petrol,Manual,Third,Kochi,2.26
Kia,Sonet,2014,104363,Petrol,Manual,Third,Chennai,1.95
Kia,Seltos,2022,26618,Petrol,Manual,First,Delhi,9.43
Maruti Suzuki,Ertiga,2016,99979,Diesel,Manual,First,Bengaluru,3.09
Tata,Punch,2023,24380,Petrol,Manual,First,Delhi,5.87
Toyota,Glanza,2010,132403,Petrol,Manual,Second,Pune,1.06
Hyundai,i20,2014,124697,Petrol,Manual,First,Hyderabad,1.89
Renault,Kwid,2018,80069,Petrol,Manual,First,Jaipur,1.85
Honda,Amaze,2020,38901,Petrol,Automatic,First,Hyderabad,4.6
Toyota,Fortuner,2010,181166,Petrol,Manual,First,Bengaluru,5.05
Maruti Suzuki,Brezza,2016,98998,Petrol,Manual,First,Mumbai,2.76
Mahindra,Scorpio,2016,109416,Petrol,Manual,First,Kochi,4.12
Hyundai,Venue,2009,169677,Petrol,Manual,Second,Bengaluru,1.21
Mahindra,Scorpio,2019,84253,Diesel,Automatic,Second,Mumbai,6.06
Kia,Seltos,2018,88309,CNG,Automatic,First,Pune,4.68
Maruti Suzuki,Ertiga,2011,140468,Petrol,Manual,Second,Kochi,1.63
Maruti Suzuki,Ertiga,2016,90837,Petrol,Manual,Fourth & above,Delhi,2.42
Kia,Seltos,2011,183145,CNG,Manual,First,Jaipur,1.77
Kia,Seltos,2011,174678,Diesel,Manual,Third,Delhi,1.61
Tata,Altroz,2010,193110,CNG,Manual,First,Ahmedabad,0.91
Maruti Suzuki,Baleno,2019,59706,Petrol,Manual,First,Mumbai,3.43
Toyota,Glanza,2022,41154,Petrol,Manual,First,Kochi,4.85
Maruti Suzuki,Alto K10,2016,78460,Petrol,Automatic,Second,Kolkata,1.35
Mahindra,XUV700,2018,71241,Diesel,Manual,First,Jaipur,7.51
Maruti Suzuki,Swift,2009,164108,CNG,Manual,First,Bengaluru,0.78
Honda,City,2012,129735,Petrol,Manual,Second,Hyderabad,2.0
Hyundai,i20,2020,48081,Petrol,Automatic,Fourth & above,Hyderabad,3.5
Tata,Nexon,2011,170416,Petrol,Manual,Second,Jaipur,1.29
Hyundai,i20,2013,130254,Petrol,Manual,First,Jaipur,1.55
Hyundai,i20,2018,72890,Diesel,Automatic,First,Bengaluru,4.03
Hyundai,Creta,2019,80729,Petrol,Manual,First,Bengaluru,6.21
Mahindra,Scorpio,2016,107843,Diesel,Automatic,First,Delhi,4.21
Maruti Suzuki,Ertiga,2019,76735,Petrol,Automatic,Second,Pune,5.0
Kia,Seltos,2010,139744,CNG,Manual,First,Ahmedabad,1.8
Mahindra,Thar,2013,139446,Petrol,Manual,Second,Bengaluru,2.7
Mahindra,Bolero,2023,13789,Petrol,Manual,First,Delhi,7.5
Mahindra,Scorpio,2010,133191,Diesel,Manual,Second,Hyderabad,1.73
Kia,Sonet,2010,207043,Petrol,Manual,Third,Delhi,0.94
Hyundai,Creta,2010,179991,Diesel,Automatic,First,Delhi,1.78
Hyundai,i20,2015,133008,Petrol,Manual,First,Chennai,2.24
Hyundai,Verna,2016,101215,Diesel,Automatic,Second,Jaipur,3.09
Maruti Suzuki,Swift,2015,75002,Petrol,Automatic,Fourth & above,Ahmedabad,1.76
Maruti Suzuki,Ertiga,2025,13303,Petrol,Manual,Fourth & above,Chennai,8.16
Maruti Suzuki,Swift,2018,87129,Petrol,Automatic,First,Jaipur,2.45
Mahindra,XUV700,2011,152752,Diesel,Manual,First,Hyderabad,2.99
Tata,Altroz,2023,15750,Diesel,Manual,First,Delhi,6.46
Hyundai,Venue,2014,133343,Petrol,Manual,Second,Chennai,2.04
Maruti Suzuki,Alto K10,2017,72909,Petrol,Automatic,Third,Mumbai,1.49
Maruti Suzuki,Baleno,2013,149508,CNG,Manual,First,Delhi,1.39
Mahindra,Thar,2010,164904,Petrol,Automatic,Third,Kolkata,1.92
Toyota,Glanza,2014,119293,Petrol,Automatic,First,Hyderabad,2.03
Tata,Altroz,2015,142052,Petrol,Manual,Third,Jaipur,1.39
Toyota,Innova Crysta,2009,167141,Petrol,Manual,Second,Bengaluru,2.58
Toyota,Fortuner,2013,110155,Diesel,Automatic,First,Pune,8.18
Maruti Suzuki,Brezza,2024,8390,Petrol,Manual,First,Delhi,8.28
Honda,Amaze,2015,142749,Petrol,Manual,First,Kolkata,2.0
Hyundai,i20,2021,28730,Petrol,Manual,First,Bengaluru,5.81
Kia,Sonet,2017,81613,Petrol,Manual,Second,Chennai,3.32
Tata,Nexon,2024,12271,Diesel,Manual,First,Kolkata,9.88
Kia,Sonet,2017,93326,Diesel,Manual,Third,Kolkata,2.81
Tata,Nexon,2010,177903,Petrol,Automatic,First,Chennai,1.56
Tata,Punch,2010,184418,CNG,Manual,Second,Bengaluru,0.91
Tata,Punch,2018,81826,Petrol,Manual,Second,Mumbai,3.02
Kia,Sonet,2020,61044,Diesel,Automatic,First,Kochi,5.93
Honda,City,2010,174739,Petrol,Automatic,Second,Pune,1.51
Kia,Seltos,2011,190136,Diesel,Manual,First,Delhi,1.58
Kia,Seltos,2024,16125,Petrol,Manual,First,Hyderabad,11.7
Mahindra,XUV700,2019,64219,Diesel,Manual,Second,Hyderabad,8.79
Mahindra,Scorpio,2023,17630,Diesel,Manual,First,Delhi,12.78
Maruti Suzuki,Baleno,2010,139632,Petrol,Automatic,First,Mumbai,1.17
Kia,Seltos,2009,163878,Petrol,Manual,First,Kolkata,1.69
Maruti Suzuki,Ertiga,2010,193770,Diesel,Automatic,First,Kochi,1.31
Mahindra,Scorpio,2010,166643,Petrol,Manual,Second,Chennai,1.75
Hyundai,Venue,2023,23239,Petrol,Manual,First,Mumbai,8.25
Toyota,Glanza,2011,154138,Petrol,Manual,First,Mumbai,1.25
Toyota,Fortuner,2022,24781,Diesel,Manual,Second,Chennai,28.19
Kia,Sonet,2018,76215,Diesel,Manual,First,Pune,4.35
Tata,Nexon,2012,136127,CNG,Manual,Second,Kolkata,1.72
Maruti Suzuki,Alto K10,2025,20481,Petrol,Manual,Second,Chennai,4.34
Mahindra,Scorpio,2021,57499,Petrol,Manual,First,Chennai,8.43
Hyundai,Venue,2015,87519,Petrol,Manual,Third,Bengaluru,2.51
Toyota,Fortuner,2017,40971,Diesel,Manual,Fourth & above,Kochi,12.94
Toyota,Glanza,2012,180093,Petrol,Manual,Second,Jaipur,1.19
Kia,Sonet,2010,144731,Petrol,Automatic,Third,Kolkata,1.22
Kia,Sonet,2013,115353,Petrol,Manual,Second,Delhi,1.91
Toyota,Innova Crysta,2010,195097,Diesel,Manual,Fourth & above,Chennai,2.05
Mahindra,Scorpio,2020,34642,Diesel,Manual,Second,Delhi,8.03
Mahindra,Scorpio,2020,63025,Petrol,Manual,First,Jaipur,6.73
Hyundai,Creta,2020,62087,Petrol,Manual,First,Kolkata,6.6
Toyota,Fortuner,2013,112689,Petrol,Manual,Second,Jaipur,6.7
Tata,Altroz,2018,101701,Petrol,Automatic,Third,Kochi,2.46
Maruti Suzuki,Brezza,2025,13084,Petrol,Automatic,Third,Pune,8.12
Kia,Sonet,2012,136641,Petrol,Automatic,First,Delhi,1.89
Hyundai,Venue,2017,68571,Diesel,Automatic,First,Pune,3.98
Tata,Nexon,2016,101631,Diesel,Manual,Second,Kochi,2.8
Hyundai,Creta,2019,50032,Diesel,Manual,Third,Chennai,6.14
Hyundai,i20,2012,137979,Petrol,Automatic,Second,Ahmedabad,1.43
Hyundai,Venue,2016,110913,Petrol,Automatic,First,Mumbai,3.13
Hyundai,i20,2024,12746,Petrol,Manual,First,Chennai,7.34
Tata,Harrier,2021,57582,Petrol,Manual,Second,Pune,10.13
Tata,Altroz,2024,20493,Diesel,Manual,First,Jaipur,6.86
Hyundai,Verna,2013,137120,Diesel,Manual,Second,Pune,1.91
Hyundai,i20,2017,60429,Diesel,Manual,Second,Kolkata,2.97
Honda,City,2015,121661,Petrol,Manual,Second,Kolkata,2.89
Tata,Punch,2024,16992,CNG,Manual,Second,Kochi,5.29
Tata,Harrier,2013,89063,Petrol,Manual,Second,Bengaluru,3.77
Honda,City,2010,219256,Diesel,Manual,First,Bengaluru,1.4
Maruti Suzuki,Brezza,2020,53246,Petrol,Manual,First,Jaipur,4.44
Honda,City,2012,147459,Diesel,Manual,Second,Delhi,1.97
Tata,Harrier,2021,34353,CNG,Automatic,Second,Kochi,10.15
Renault,Kwid,2010,191242,Petrol,Manual,First,Jaipur,0.59
Renault,Kwid,2012,102667,Petrol,Automatic,Second,Mumbai,0.94
Kia,Seltos,2012,147493,Petrol,Manual,First,Ahmedabad,2.37
Hyundai,i20,2015,131863,Petrol,Manual,First,Mumbai,2.15
Hyundai,i20,2025,18269,Petrol,Manual,Third,Mumbai,7.36
Mahindra,Scorpio,2025,14456,Petrol,Manual,First,Kochi,13.44
Hyundai,Verna,2016,70249,Diesel,Automatic,Second,Bengaluru,3.46
Maruti Suzuki,Baleno,2025,14745,Petrol,Manual,First,Chennai,7.26
Maruti Suzuki,Brezza,2021,50091,Petrol,Manual,First,Delhi,5.54
Maruti Suzuki,Baleno,2024,500,CNG,Manual,First,Jaipur,6.07
Tata,Harrier,2014,118857,Diesel,Manual,Third,Pune,3.29
Hyundai,i20,2012,141256,Diesel,Automatic,Second,Pune,1.5
Tata,Punch,2010,200730,Petrol,Manual,First,Jaipur,0.87
Mahindra,Thar,2011,155800,Diesel,Manual,Second,Jaipur,1.88
Tata,Harrier,2013,191662,Diesel,Manual,First,Pune,3.04
Hyundai,i20,2016,90729,Petrol,Manual,First,Delhi,2.56
Mahindra,Thar,2009,165514,Diesel,Manual,Second,Hyderabad,1.77
Toyota,Innova Crysta,2020,72563,Diesel,Manual,Fourth & above,Delhi,8.88
Mahindra,XUV700,2012,168496,Diesel,Manual,First,Hyderabad,3.06
Mahindra,XUV700,2024,8849,Diesel,Automatic,Second,Hyderabad,17.58
Kia,Seltos,2010,144933,CNG,Manual,Second,Bengaluru,1.73
Honda,Amaze,2009,204207,Petrol,Manual,First,Chennai,0.89
Hyundai,i20,2009,159118,Petrol,Manual,First,Kochi,1.04
Tata,Nexon,2023,18338,Diesel,Manual,First,Chennai,9.67
Tata,Punch,2021,58301,Petrol,Manual,Second,Bengaluru,4.16
Maruti Suzuki,Baleno,2022,32281,Petrol,Automatic,Third,Chennai,4.66
Tata,Nexon,2009,190356,Petrol,Automatic,Second,Chennai,1.13
Honda,Amaze,2019,60749,Petrol,Manual,First,Kolkata,3.73
Tata,Nexon,2011,184269,Petrol,Automatic,First,Bengaluru,1.6
Hyundai,Creta,2023,29458,Petrol,Manual,Second,Pune,10.04
Kia,Sonet,2017,133937,Petrol,Manual,First,Jaipur,3.01
Maruti Suzuki,Baleno,2017,80262,Petrol,Manual,First,Pune,2.54
Maruti Suzuki,Ertiga,2018,60223,Diesel,Manual,First,Delhi,4.8
Tata,Altroz,2012,129451,Diesel,Automatic,First,Bengaluru,1.5
Maruti Suzuki,Brezza,2009,182788,Petrol,Manual,First,Kolkata,1.05
Mahindra,Bolero,2024,20097,Diesel,Manual,First,Hyderabad,9.35
Maruti Suzuki,Alto K10,2015,134576,CNG,Manual,Second,Mumbai,1.04
Mahindra,Scorpio,2022,43629,Diesel,Manual,First,Chennai,10.83
Renault,Kwid,2015,127168,Petrol,Manual,First,Bengaluru,1.26
Mahindra,Scorpio,2021,55023,Petrol,Automatic,First,Mumbai,9.11
Renault,Kwid,2022,32341,Petrol,Automatic,First,Jaipur,2.99
Maruti Suzuki,Brezza,2009,188714,Petrol,Manual,Second,Chennai,1.03
Maruti Suzuki,Alto K10,2010,139369,Petrol,Automatic,First,Kolkata,0.7
Kia,Sonet,2021,24639,Diesel,Manual,Third,Jaipur,5.37
Mahindra,Thar,2023,26809,Diesel,Manual,First,Delhi,12.39
Tata,Punch,2012,148138,Petrol,Automatic,First,Jaipur,1.18
Hyundai,i20,2018,74676,Petrol,Manual,Second,Hyderabad,2.93
Honda,Amaze,2014,106807,Petrol,Manual,First,Delhi,1.88
Kia,Seltos,2017,90547,Petrol,Manual,Third,Ahmedabad,3.97
Toyota,Fortuner,2009,183049,Petrol,Automatic,Second,Delhi,4.5
Mahindra,Thar,2015,122528,Petrol,Manual,First,Delhi,3.62
Toyota,Glanza,2023,23764,Petrol,Automatic,First,Chennai,6.88
Hyundai,Venue,2014,141034,CNG,Manual,First,Chennai,1.96
Maruti Suzuki,Swift,2024,7901,CNG,Manual,First,Kolkata,5.65
Hyundai,Verna,2015,76180,Petrol,Manual,First,Kolkata,3.23
Maruti Suzuki,Baleno,2015,108395,Petrol,Manual,First,Pune,2.0
Honda,Amaze,2020,68201,Petrol,Manual,Second,Kolkata,3.74
Maruti Suzuki,Alto K10,2018,74151,Petrol,Manual,Third,Bengaluru,1.62
Tata,Altroz,2018,69860,Petrol,Manual,First,Chennai,3.63
Toyota,Innova Crysta,2012,157446,Diesel,Manual,Second,Chennai,3.45
Hyundai,i20,2014,89048,Petrol,Manual,First,Hyderabad,2.25
Hyundai,Venue,2016,79654,Diesel,Automatic,First,Kochi,3.22
Mahindra,Bolero,2009,168069,Petrol,Manual,Third,Jaipur,1.05
Maruti Suzuki,Ertiga,2025,20083,CNG,Automatic,Second,Mumbai,10.24
Tata,Altroz,2009,176922,Diesel,Manual,Second,Delhi,0.8
Mahindra,Thar,2024,14621,Diesel,Automatic,Second,Kolkata,13.55
Toyota,Innova Crysta,2009,199665,Petrol,Manual,First,Mumbai,2.63
Kia,Sonet,2025,8920,Petrol,Manual,Third,Hyderabad,8.43
Mahindra,Scorpio,2015,137970,Petrol,Automatic,First,Kolkata,3.5
Honda,Amaze,2018,97094,Petrol,Automatic,First,Chennai,3.24
Hyundai,i20,2016,111613,Petrol,Automatic,First,Mumbai,2.66
Tata,Altroz,2024,13856,Petrol,Manual,First,Ahmedabad,6.67
Toyota,Fortuner,2018,88285,Diesel,Manual,First,Chennai,16.44
Tata,Nexon,2010,144424,Petrol,Automatic,First,Pune,1.68
Mahindra,XUV700,2012,162065,Diesel,Manual,First,Hyderabad,3.03
Toyota,Fortuner,2018,39158,Petrol,Manual,First,Jaipur,17.61
Mahindra,Bolero,2023,30094,Diesel,Manual,Second,Pune,7.51
Kia,Sonet,2022,51628,CNG,Manual,First,Hyderabad,5.77
Tata,Punch,2023,30094,CNG,Manual,First,Delhi,5.11
Toyota,Glanza,2017,105780,CNG,Manual,Second,Jaipur,2.38
Mahindra,Bolero,2012,162516,Diesel,Automatic,Second,Delhi,1.38
Mahindra,Scorpio,2011,116479,Diesel,Manual,First,Hyderabad,2.26
Maruti Suzuki,Ertiga,2018,75487,CNG,Manual,Second,Delhi,3.79
Renault,Kwid,2016,115244,Petrol,Automatic,First,Ahmedabad,1.51
Renault,Kwid,2012,186608,CNG,Manual,First,Kolkata,0.72
Honda,City,2009,178788,Petrol,Manual,Second,Bengaluru,1.45
Maruti Suzuki,Baleno,2020,52199,Petrol,Manual,Fourth & above,Jaipur,2.88
Mahindra,Bolero,2024,15170,Petrol,Automatic,Second,Kochi,8.28
Mahindra,Thar,2014,114709,Diesel,Automatic,First,Jaipur,3.47
Hyundai,Venue,2018,92800,Diesel,Manual,First,Ahmedabad,3.5
Tata,Harrier,2017,97410,Petrol,Automatic,First,Ahmedabad,6.79
Maruti Suzuki,Brezza,2018,79861,Diesel,Automatic,Second,Hyderabad,3.93
Honda,Amaze,2014,169213,Petrol,Manual,Second,Pune,1.7
Toyota,Glanza,2016,136584,Petrol,Automatic,First,Chennai,2.18
Toyota,Innova Crysta,2012,160109,Diesel,Manual,First,Ahmedabad,3.38
Kia,Seltos,2025,19182,Petrol,Manual,Fourth & above,Kochi,10.16
Mahindra,Scorpio,2025,11160,Petrol,Automatic,First,Kolkata,13.8
Toyota,Glanza,2020,62135,Petrol,Manual,First,Hyderabad,4.69
Tata,Altroz,2013,132409,Diesel,Automatic,First,Kolkata,1.52
Mahindra,Scorpio,2023,26075,Petrol,Manual,First,Chennai,11.66
Tata,Punch,2017,105902,Petrol,Manual,Second,Mumbai,2.11
Tata,Harrier,2021,45916,CNG,Automatic,Second,Mumbai,11.15
Tata,Harrier,2011,132924,Diesel,Manual,First,Mumbai,2.72
Tata,Punch,2012,90703,Petrol,Manual,Second,Chennai,1.32
Maruti Suzuki,Baleno,2009,207233,Petrol,Manual,Second,Delhi,0.76
Maruti Suzuki,Ertiga,2018,84771,Diesel,Manual,First,Jaipur,4.04
Toyota,Glanza,2014,92757,Petrol,Manual,First,Ahmedabad,2.0
Hyundai,Verna,2025,15699,CNG,Automatic,First,Jaipur,11.33
Hyundai,Verna,2023,21832,Petrol,Automatic,First,Delhi,8.62
Kia,Seltos,2009,151699,Petrol,Automatic,First,Kochi,1.76
Mahindra,XUV700,2017,82475,Diesel,Manual,First,Delhi,6.57
Hyundai,Creta,2011,136508,Diesel,Automatic,First,Pune,2.11
Tata,Nexon,2016,54896,Petrol,Manual,Second,Hyderabad,3.48
Tata,Punch,2017,111879,Petrol,Manual,Third,Kochi,2.03
Tata,Altroz,2017,71883,Petrol,Manual,Second,Delhi,2.64
Mahindra,Bolero,2017,60569,Diesel,Automatic,First,Mumbai,4.41
Hyundai,Verna,2021,62339,Petrol,Manual,Third,Ahmedabad,5.5
Toyota,Glanza,2019,69319,Petrol,Manual,Third,Bengaluru,3.11
Tata,Harrier,2022,36392,Diesel,Manual,First,Jaipur,12.85
Kia,Seltos,2024,24042,CNG,Automatic,First,Delhi,12.53
Mahindra,Bolero,2025,8731,Diesel,Manual,Second,Pune,9.7
Hyundai,i20,2020,68074,Diesel,Manual,First,Jaipur,4.11
Mahindra,XUV700,2024,12641,Diesel,Automatic,Second,Jaipur,16.79
Mahindra,XUV700,2021,30882,Petrol,Manual,First,Kochi,11.72
Tata,Altroz,2009,193308,Diesel,Automatic,First,Hyderabad,0.94
Honda,City,2018,80752,Diesel,Manual,First,Jaipur,5.12
Honda,City,2022,28704,Petrol,Automatic,First,Ahmedabad,8.09
Tata,Altroz,2022,28152,Petrol,Manual,First,Mumbai,5.49
Toyota,Glanza,2022,29476,Petrol,Automatic,First,Pune,6.0
Maruti Suzuki,Alto K10,2019,63948,Petrol,Manual,Second,Mumbai,1.84
Toyota,Fortuner,2012,110540,Diesel,Manual,First,Hyderabad,6.86
Hyundai,Verna,2011,143186,CNG,Manual,Third,Kochi,1.52
Maruti Suzuki,Swift,2020,53931,Petrol,Manual,First,Bengaluru,4.05
Hyundai,Verna,2009,176283,Petrol,Automatic,First,Ahmedabad,1.39
Mahindra,Bolero,2013,99920,Petrol,Automatic,Second,Kochi,2.22
Maruti Suzuki,Swift,2019,76202,Petrol,Manual,First,Ahmedabad,2.87
Maruti Suzuki,Ertiga,2011,135086,CNG,Manual,Second,Jaipur,1.49
Mahindra,Scorpio,2024,9475,Diesel,Manual,First,Delhi,13.32
Kia,Seltos,2014,128294,Petrol,Manual,Second,Pune,2.82
Hyundai,Venue,2021,32790,Petrol,Manual,First,Kolkata,5.53
Renault,Kwid,2022,29546,Petrol,Automatic,First,Kochi,3.61
Mahindra,XUV700,2025,10861,Petrol,Manual,First,Chennai,17.76
Maruti Suzuki,Brezza,2024,22309,Diesel,Automatic,First,Hyderabad,8.73
Tata,Punch,2025,9917,Petrol,Manual,First,Chennai,7.17
Maruti Suzuki,Brezza,2025,22660,Petrol,Manual,First,Ahmedabad,9.19
Maruti Suzuki,Brezza,2010,192510,Petrol,Manual,First,Pune,1.22
Mahindra,XUV700,2021,43984,Petrol,Manual,Third,Chennai,9.79
Tata,Nexon,2017,87669,Petrol,Manual,First,Kochi,3.16
Renault,Kwid,2011,140798,Petrol,Automatic,First,Hyderabad,0.8
Hyundai,Creta,2017,64511,Petrol,Manual,First,Kochi,5.3
Toyota,Innova Crysta,2025,21270,Diesel,Manual,First,Bengaluru,24.14
Mahindra,Scorpio,2020,66180,Petrol,Manual,First,Bengaluru,7.7
Kia,Seltos,2012,163269,CNG,Manual,First,Jaipur,2.16
Tata,Nexon,2009,153990,Petrol,Manual,First,Delhi,1.34
Maruti Suzuki,Ertiga,2020,72106,Petrol,Manual,Second,Kochi,4.34
Hyundai,Venue,2012,136520,Petrol,Manual,First,Delhi,1.92
Tata,Nexon,2013,96598,Petrol,Automatic,First,Chennai,2.64
Hyundai,Verna,2021,67754,Petrol,Automatic,Second,Delhi,6.58
Kia,Seltos,2015,98489,Diesel,Manual,Second,Hyderabad,2.89
Kia,Sonet,2014,102792,Petrol,Manual,First,Kolkata,2.47
Maruti Suzuki,Ertiga,2019,72979,Diesel,Manual,Second,Bengaluru,5.04
Toyota,Glanza,2021,29213,Petrol,Manual,First,Pune,4.91
Kia,Seltos,2009,166341,Diesel,Manual,First,Kochi,1.52
Kia,Sonet,2011,142376,Petrol,Manual,Second,Bengaluru,1.41
Toyota,Glanza,2025,14572,Petrol,Manual,Second,Delhi,7.21
Toyota,Innova Crysta,2019,51838,Petrol,Manual,Second,Ahmedabad,9.68
Toyota,Fortuner,2012,113391,Diesel,Manual,First,Bengaluru,7.5
Tata,Punch,2016,143440,Petrol,Automatic,Third,Kolkata,1.77
Maruti Suzuki,Baleno,2020,49530,Petrol,Automatic,First,Jaipur,3.87
Honda,City,2017,81448,Petrol,Manual,Third,Hyderabad,3.66
Mahindra,XUV700,2018,86528,Petrol,Automatic,First,Chennai,7.67
Mahindra,XUV700,2024,15085,Diesel,Manual,First,Mumbai,18.68
Maruti Suzuki,Swift,2014,140792,Petrol,Manual,Third,Pune,1.22
Maruti Suzuki,Brezza,2019,48552,Diesel,Manual,First,Pune,4.99
Toyota,Innova Crysta,2024,18385,Diesel,Manual,First,Ahmedabad,19.1
Toyota,Fortuner,2015,137673,Petrol,Manual,First,Hyderabad,9.87
Maruti Suzuki,Alto K10,2016,102281,Petrol,Manual,Second,Chennai,1.27
Mahindra,Bolero,2018,108316,Petrol,Manual,Second,Pune,3.08
Mahindra,Bolero,2023,26282,Diesel,Manual,Second,Kolkata,6.39
Kia,Seltos,2010,150346,Petrol,Manual,Second,Ahmedabad,1.7
Hyundai,i20,2022,44881,Petrol,Manual,First,Bengaluru,5.48
Hyundai,Verna,2019,70631,Petrol,Manual,First,Ahmedabad,5.08
Maruti Suzuki,Ertiga,2009,176383,Petrol,Manual,Second,Bengaluru,1.28
Mahindra,Scorpio,2013,97630,Petrol,Manual,Second,Kolkata,2.74
Mahindra,Scorpio,2021,40368,Petrol,Manual,First,Jaipur,8.46
Hyundai,Verna,2024,9863,Petrol,Manual,First,Mumbai,10.48
Mahindra,XUV700,2016,97473,Diesel,Automatic,First,Jaipur,6.22
Maruti Suzuki,Baleno,2019,75969,Petrol,Manual,First,Mumbai,3.57
Tata,Punch,2013,153597,Petrol,Manual,Third,Kochi,1.21
Maruti Suzuki,Swift,2022,23453,Petrol,Manual,Third,Pune,3.85
Tata,Nexon,2020,59857,Petrol,Manual,Fourth & above,Jaipur,3.84
Toyota,Innova Crysta,2010,225913,Diesel,Manual,First,Kochi,2.39
Hyundai,i20,2014,134981,Diesel,Manual,First,Pune,1.78
Renault,Kwid,2016,110177,Petrol,Manual,First,Hyderabad,1.34
Maruti Suzuki,Alto K10,2023,23952,Petrol,Manual,Second,Pune,2.85
Maruti Suzuki,Baleno,2019,54855,Petrol,Manual,First,Kochi,3.64
Renault,Kwid,2018,70760,Petrol,Manual,Second,Kolkata,1.65
Mahindra,Bolero,2020,71348,Petrol,Manual,First,Chennai,4.85
Tata,Punch,2019,66169,Petrol,Manual,First,Kolkata,3.25
Maruti Suzuki,Ertiga,2009,164902,Petrol,Manual,First,Ahmedabad,1.22
Toyota,Fortuner,2014,121340,Petrol,Manual,First,Jaipur,9.01
Honda,Amaze,2022,34547,Petrol,Automatic,First,Mumbai,5.93
Hyundai,Verna,2018,78373,Diesel,Manual,Third,Bengaluru,4.14
Tata,Altroz,2017,65741,Petrol,Manual,Third,Pune,2.46
Tata,Punch,2012,178274,Petrol,Manual,Second,Mumbai,1.11
Mahindra,Bolero,2014,105747,Diesel,Manual,First,Ahmedabad,2.29
Kia,Seltos,2018,106140,Diesel,Automatic,First,Kolkata,5.33
Toyota,Innova Crysta,2013,139657,Petrol,Manual,First,Bengaluru,4.68
Hyundai,i20,2012,122583,Petrol,Manual,First,Pune,1.6
Maruti Suzuki,Swift,2011,155961,Petrol,Manual,First,Kolkata,0.97
Toyota,Innova Crysta,2012,142088,Diesel,Manual,Second,Mumbai,3.56
Maruti Suzuki,Baleno,2018,70749,Petrol,Automatic,First,Pune,3.24
Mahindra,XUV700,2009,206696,Diesel,Manual,First,Mumbai,2.04
Hyundai,i20,2022,30462,Petrol,Automatic,Second,Kochi,5.14
Tata,Altroz,2013,165607,Diesel,Manual,First,Hyderabad,1.58
Tata,Nexon,2016,110437,CNG,Manual,Second,Pune,2.69
Hyundai,i20,2022,40116,Diesel,Manual,First,Delhi,6.01
Toyota,Fortuner,2025,11509,Petrol,Automatic,Second,Jaipur,35.39
Mahindra,XUV700,2013,110570,Petrol,Manual,Third,Kolkata,3.5
Maruti Suzuki,Brezza,2023,16836,Petrol,Manual,First,Kolkata,7.04
Kia,Sonet,2020,66407,Petrol,Manual,Second,Kochi,4.48
Mahindra,XUV700,2018,74680,Petrol,Automatic,First,Chennai,8.21
Mahindra,Thar,2022,41913,Diesel,Manual,First,Delhi,11.36
Hyundai,i20,2025,7358,Petrol,Manual,Second,Kochi,7.92
Maruti Suzuki,Brezza,2016,93851,Diesel,Automatic,Second,Bengaluru,2.86
Toyota,Innova Crysta,2016,125276,Diesel,Manual,First,Pune,5.65
Toyota,Glanza,2024,14568,Petrol,Manual,First,Pune,7.66
Mahindra,XUV700,2024,13854,Petrol,Manual,First,Delhi,16.84
Mahindra,Scorpio,2013,125404,Diesel,Manual,First,Pune,2.64
Toyota,Fortuner,2010,161465,Petrol,Manual,Second,Delhi,4.79
Maruti Suzuki,Baleno,2018,105257,Petrol,Manual,Second,Jaipur,2.45
Hyundai,Verna,2018,76932,Petrol,Automatic,First,Jaipur,4.58
Mahindra,Scorpio,2013,119167,Diesel,Automatic,First,Hyderabad,3.05
Maruti Suzuki,Baleno,2015,125009,Petrol,Manual,First,Jaipur,1.69
Toyota,Glanza,2015,155086,Petrol,Manual,Third,Bengaluru,1.63
Toyota,Fortuner,2011,180034,Petrol,Automatic,Second,Hyderabad,6.09
Tata,Nexon,2015,124863,Petrol,Manual,First,Kolkata,2.42
Hyundai,i20,2021,70585,Diesel,Manual,First,Chennai,5.1
Toyota,Fortuner,2023,12650,Diesel,Manual,First,Bengaluru,33.53
Tata,Punch,2016,104326,Petrol,Manual,Second,Ahmedabad,1.82
Hyundai,i20,2016,122376,Petrol,Manual,First,Chennai,2.38
Toyota,Glanza,2011,144981,Petrol,Automatic,Second,Mumbai,1.36
Toyota,Fortuner,2020,76334,Diesel,Automatic,Second,Bengaluru,20.04
Hyundai,Venue,2014,115131,Petrol,Manual,First,Jaipur,1.99
Honda,Amaze,2025,18236,Petrol,Automatic,First,Delhi,8.91
Hyundai,i20,2014,144104,Petrol,Manual,First,Delhi,1.8
Hyundai,i20,2018,76479,Petrol,Manual,First,Pune,3.13
Toyota,Glanza,2022,30163,Petrol,Manual,First,Ahmedabad,5.28
Tata,Altroz,2019,69903,Diesel,Manual,First,Chennai,4.11
Maruti Suzuki,Ertiga,2018,107826,Petrol,Automatic,First,Mumbai,4.12
Maruti Suzuki,Alto K10,2015,114745,Petrol,Manual,Second,Hyderabad,1.06
Honda,Amaze,2019,45872,CNG,Manual,Fourth & above,Hyderabad,2.67
Maruti Suzuki,Baleno,2018,58953,Petrol,Manual,Third,Ahmedabad,2.57
Hyundai,i20,2014,102163,Petrol,Manual,Second,Pune,1.83
Hyundai,Venue,2022,42953,Petrol,Manual,First,Kolkata,5.93
Honda,City,2009,166298,Petrol,Manual,First,Mumbai,1.62
Mahindra,Thar,2019,57084,Petrol,Manual,Second,Kolkata,5.73
Mahindra,XUV700,2023,22182,Diesel,Manual,First,Hyderabad,15.38
Maruti Suzuki,Brezza,2012,153447,Diesel,Automatic,First,Jaipur,1.47
Tata,Harrier,2018,56780,Petrol,Automatic,First,Kochi,7.63
Honda,City,2014,113696,Petrol,Manual,Second,Delhi,2.98
Honda,Amaze,2012,129913,Petrol,Automatic,First,Hyderabad,1.71
Maruti Suzuki,Brezza,2012,144261,Petrol,Automatic,First,Jaipur,1.73
Toyota,Glanza,2020,44962,Petrol,Manual,Second,Mumbai,3.89
Maruti Suzuki,Brezza,2020,50107,Petrol,Manual,First,Chennai,4.73
Maruti Suzuki,Ertiga,2018,49920,Diesel,Automatic,Third,Kochi,4.36
Hyundai,Verna,2017,78141,Petrol,Automatic,First,Kolkata,4.37
Tata,Punch,2017,59227,Petrol,Manual,First,Ahmedabad,2.77
Renault,Kwid,2013,145363,Petrol,Automatic,First,Jaipur,0.94
Maruti Suzuki,Brezza,2024,500,Petrol,Manual,Second,Ahmedabad,7.8
Maruti Suzuki,Swift,2020,75165,Petrol,Automatic,First,Bengaluru,3.71
Maruti Suzuki,Baleno,2011,172037,Petrol,Automatic,First,Bengaluru,1.21
Toyota,Fortuner,2020,36748,Diesel,Manual,Second,Delhi,21.96
Honda,City,2016,89718,CNG,Manual,First,Ahmedabad,3.44
Tata,Nexon,2021,54888,Petrol,Manual,First,Hyderabad,6.33
Renault,Kwid,2015,108316,CNG,Manual,Second,Kolkata,1.13
Tata,Nexon,2018,92593,Diesel,Manual,First,Kochi,4.32
Maruti Suzuki,Alto K10,2016,97854,Petrol,Manual,First,Bengaluru,1.36
Maruti Suzuki,Swift,2023,20988,CNG,Automatic,Second,Delhi,4.69
Toyota,Glanza,2009,164793,Petrol,Manual,First,Mumbai,1.01
Toyota,Glanza,2021,65724,Petrol,Manual,First,Chennai,4.39
Maruti Suzuki,Brezza,2014,101824,Petrol,Manual,First,Chennai,2.3
Maruti Suzuki,Ertiga,2012,158553,Petrol,Automatic,First,Mumbai,1.97
Hyundai,Verna,2014,136939,Petrol,Manual,Third,Kochi,2.15
Renault,Kwid,2021,40033,Petrol,Manual,First,Pune,3.13
Hyundai,Verna,2010,142237,Petrol,Automatic,First,Delhi,1.89
Honda,City,2018,94809,Diesel,Manual,First,Ahmedabad,5.1
Mahindra,XUV700,2009,174134,Diesel,Manual,Second,Bengaluru,1.96
Tata,Altroz,2024,11678,Petrol,Manual,Second,Delhi,6.71
Honda,City,2024,16808,Petrol,Manual,Second,Hyderabad,9.93
Hyundai,i20,2022,16106,Petrol,Manual,First,Bengaluru,6.1
Mahindra,XUV700,2025,17893,Petrol,Automatic,First,Ahmedabad,18.83
Tata,Altroz,2016,91819,Diesel,Manual,First,Chennai,2.3
Maruti Suzuki,Baleno,2012,167586,Petrol,Manual,Second,Pune,1.17
Toyota,Fortuner,2009,156661,Petrol,Manual,Second,Delhi,4.5
Mahindra,Scorpio,2012,151014,Petrol,Automatic,First,Hyderabad,2.75
Honda,Amaze,2019,50023,Petrol,Manual,Second,Ahmedabad,3.08
Hyundai,Verna,2023,29672,Petrol,Automatic,First,Chennai,9.5
Toyota,Fortuner,2013,136372,Petrol,Manual,Fourth & above,Pune,5.79
Maruti Suzuki,Ertiga,2017,60799,Diesel,Manual,First,Jaipur,3.85
Tata,Harrier,2013,122240,Petrol,Manual,First,Pune,3.6
Maruti Suzuki,Brezza,2019,88829,Petrol,Manual,Second,Kolkata,3.56
Honda,Amaze,2014,127510,Petrol,Automatic,First,Delhi,2.06
Hyundai,i20,2010,172061,Petrol,Manual,First,Kochi,1.13
Tata,Altroz,2014,121490,Diesel,Automatic,Second,Kochi,1.82
Maruti Suzuki,Swift,2024,17907,Petrol,Automatic,First,Pune,5.91
Maruti Suzuki,Ertiga,2010,159622,Petrol,Automatic,Second,Bengaluru,1.64
Mahindra,Scorpio,2018,74238,Petrol,Manual,Second,Delhi,5.36
Honda,Amaze,2015,133946,Petrol,Manual,First,Jaipur,1.95
Tata,Nexon,2017,76602,Diesel,Manual,First,Mumbai,4.43
Toyota,Fortuner,2012,107954,Diesel,Manual,First,Pune,7.03
Mahindra,XUV700,2023,38215,Diesel,Manual,Second,Chennai,14.75
Renault,Kwid,2024,7482,Petrol,Manual,First,Jaipur,4.14
Mahindra,XUV700,2009,158385,Petrol,Manual,First,Mumbai,2.62
Hyundai,Verna,2025,7879,Petrol,Manual,Second,Bengaluru,10.0
Honda,City,2020,62872,Petrol,Manual,First,Delhi,6.06
Honda,City,2020,38654,Diesel,Automatic,Fourth & above,Hyderabad,5.43
Honda,Amaze,2020,48951,Petrol,Manual,First,Mumbai,4.61
Mahindra,Scorpio,2023,24246,Diesel,Automatic,First,Delhi,13.23
Toyota,Innova Crysta,2021,47778,Petrol,Automatic,First,Mumbai,14.56
Honda,City,2015,109558,Diesel,Manual,First,Kolkata,3.11
Hyundai,Creta,2010,206898,Petrol,Manual,First,Kochi,1.79
Tata,Punch,2023,22139,Petrol,Automatic,First,Kolkata,6.13
Kia,Sonet,2009,180022,Petrol,Manual,First,Ahmedabad,1.1
Mahindra,Scorpio,2011,204756,Diesel,Manual,Second,Mumbai,1.66
Kia,Sonet,2013,151072,Diesel,Manual,First,Ahmedabad,1.77
Honda,Amaze,2013,133732,Petrol,Automatic,First,Mumbai,1.8
Honda,City,2016,114318,Petrol,Manual,Fourth & above,Chennai,2.89
Hyundai,i20,2015,113949,Petrol,Manual,Second,Bengaluru,2.0
Toyota,Glanza,2013,95057,CNG,Manual,First,Mumbai,1.73
Toyota,Glanza,2025,14344,Petrol,Manual,First,Chennai,7.47
Mahindra,Thar,2021,58719,Petrol,Manual,First,Hyderabad,8.22
Honda,Amaze,2014,170826,Petrol,Automatic,First,Kochi,1.67
Toyota,Innova Crysta,2009,218605,Diesel,Manual,First,Jaipur,1.87
Toyota,Glanza,2019,85603,Petrol,Manual,First,Jaipur,3.4
Maruti Suzuki,Swift,2015,90845,Petrol,Automatic,Second,Ahmedabad,1.79
Kia,Seltos,2019,52243,Petrol,Manual,First,Bengaluru,6.78
Honda,City,2013,135327,Diesel,Manual,First,Jaipur,2.27
Renault,Kwid,2011,179505,Petrol,Manual,Fourth & above,Bengaluru,0.64
Kia,Seltos,2013,138164,Petrol,Manual,First,Mumbai,2.81
Honda,City,2014,119081,Diesel,Manual,First,Delhi,2.64
Maruti Suzuki,Swift,2021,31997,Petrol,Automatic,First,Delhi,4.46
Tata,Punch,2009,159677,Petrol,Manual,Second,Ahmedabad,0.81
Hyundai,Venue,2025,16850,Petrol,Manual,Second,Kochi,8.39
Toyota,Fortuner,2019,83460,Petrol,Automatic,Third,Hyderabad,15.1
Tata,Nexon,2011,175626,Diesel,Automatic,First,Ahmedabad,1.49
Tata,Altroz,2014,142893,Petrol,Manual,Second,Bengaluru,1.62
Kia,Seltos,2024,7135,Diesel,Manual,First,Chennai,12.35
Maruti Suzuki,Ertiga,2009,182398,Diesel,Manual,Third,Pune,1.04
Maruti Suzuki,Ertiga,2024,14755,Petrol,Automatic,Second,Mumbai,9.2
Toyota,Glanza,2017,91754,CNG,Manual,Second,Chennai,2.34
Toyota,Glanza,2010,155336,Petrol,Manual,Second,Jaipur,0.89
Renault,Kwid,2023,23050,Petrol,Manual,First,Pune,3.82
Mahindra,Thar,2025,15882,Diesel,Manual,First,Bengaluru,16.76
Kia,Sonet,2011,145269,Diesel,Manual,Second,Hyderabad,1.31
Tata,Nexon,2010,209845,CNG,Automatic,Second,Mumbai,1.19
Maruti Suzuki,Ertiga,2010,162289,Diesel,Manual,Second,Bengaluru,1.24
Honda,City,2013,117342,Diesel,Manual,Third,Mumbai,2.17
Tata,Harrier,2025,15954,Diesel,Automatic,First,Pune,20.82
Tata,Nexon,2019,70793,Petrol,Manual,Second,Mumbai,4.39
Tata,Harrier,2019,85818,CNG,Manual,First,Pune,7.66
Toyota,Fortuner,2020,54962,Diesel,Manual,First,Mumbai,20.19
Maruti Suzuki,Baleno,2022,31371,Petrol,Manual,First,Pune,5.42
Tata,Nexon,2018,81630,Petrol,Manual,Second,Hyderabad,3.53
Hyundai,i20,2009,130723,Diesel,Manual,First,Bengaluru,1.02
Renault,Kwid,2010,178865,Petrol,Manual,First,Pune,0.71
Honda,Amaze,2024,16825,Petrol,Manual,Second,Mumbai,6.78
Tata,Punch,2013,148939,Petrol,Manual,Second,Mumbai,1.38
Kia,Sonet,2018,73046,Petrol,Manual,Third,Kochi,3.05
Mahindra,Scorpio,2022,29173,Petrol,Manual,First,Mumbai,10.86
Hyundai,Venue,2020,46217,CNG,Manual,Fourth & above,Jaipur,3.48
Tata,Altroz,2025,13289,Petrol,Manual,First,Hyderabad,7.66
Toyota,Glanza,2025,12607,Petrol,Manual,Second,Pune,7.45
Tata,Harrier,2014,95059,Petrol,Manual,First,Bengaluru,4.45
Tata,Harrier,2010,148984,Petrol,Automatic,First,Jaipur,2.62
Maruti Suzuki,Swift,2023,29327,Petrol,Manual,First,Ahmedabad,4.98
Maruti Suzuki,Brezza,2013,119555,Diesel,Manual,Fourth & above,Chennai,1.47
Toyota,Glanza,2019,50525,Petrol,Manual,First,Kochi,3.7
Tata,Altroz,2023,48079,Diesel,Automatic,First,Ahmedabad,5.88
Hyundai,Verna,2013,109513,Petrol,Manual,First,Mumbai,2.4
Maruti Suzuki,Alto K10,2021,60204,Petrol,Automatic,First,Jaipur,2.55
Maruti Suzuki,Alto K10,2011,197126,Petrol,Manual,First,Bengaluru,0.65
Maruti Suzuki,Baleno,2014,151208,Petrol,Manual,First,Pune,1.75
Tata,Punch,2013,153086,CNG,Manual,First,Bengaluru,1.26
Tata,Nexon,2018,89522,Petrol,Automatic,Second,Chennai,3.9
Mahindra,Thar,2024,15748,Petrol,Manual,First,Kolkata,13.09
Mahindra,Scorpio,2017,103377,Petrol,Manual,First,Ahmedabad,4.6
Mahindra,XUV700,2010,180285,Petrol,Manual,First,Mumbai,2.5
Honda,City,2023,24789,Petrol,Automatic,Third,Kochi,8.25
Tata,Punch,2014,98889,Petrol,Manual,First,Mumbai,1.98
Honda,Amaze,2014,122272,Petrol,Automatic,First,Kolkata,2.02
Renault,Kwid,2013,76179,Petrol,Automatic,Second,Delhi,1.31
Kia,Sonet,2021,44336,Diesel,Manual,Second,Hyderabad,5.77
Hyundai,Verna,2011,174526,CNG,Manual,First,Bengaluru,1.76
Tata,Harrier,2024,7309,Diesel,Manual,First,Hyderabad,18.35
Hyundai,i20,2014,91925,Diesel,Manual,Second,Pune,1.89
Maruti Suzuki,Ertiga,2011,129373,Petrol,Manual,First,Chennai,1.87
Maruti Suzuki,Brezza,2010,156214,Petrol,Manual,First,Hyderabad,1.26
Hyundai,Verna,2009,204418,Diesel,Manual,First,Bengaluru,1.32
Kia,Seltos,2009,196677,Petrol,Manual,Second,Kolkata,1.39
Mahindra,Bolero,2015,88213,Diesel,Manual,Third,Chennai,2.22
Hyundai,Verna,2015,109412,Petrol,Manual,Second,Ahmedabad,2.65
Mahindra,Scorpio,2024,11010,Petrol,Manual,Second,Chennai,12.37
Mahindra,Scorpio,2014,125285,Diesel,Automatic,First,Chennai,3.11
Toyota,Fortuner,2017,106878,Diesel,Automatic,First,Jaipur,13.46
Kia,Sonet,2015,90040,Petrol,Manual,First,Kochi,2.7
Tata,Altroz,2020,52388,Petrol,Automatic,First,Pune,4.36
Hyundai,Creta,2018,61350,Petrol,Manual,Second,Chennai,5.47
Maruti Suzuki,Alto K10,2013,147394,Petrol,Manual,First,Mumbai,0.86
Hyundai,Venue,2010,210259,CNG,Manual,First,Chennai,1.1
Maruti Suzuki,Baleno,2019,51083,Petrol,Manual,Second,Delhi,3.56
Toyota,Innova Crysta,2017,93330,Diesel,Automatic,First,Pune,8.73
Maruti Suzuki,Ertiga,2020,51701,Petrol,Manual,Third,Ahmedabad,4.61
Mahindra,Scorpio,2010,171348,Petrol,Manual,Third,Jaipur,1.47
Mahindra,Scorpio,2015,110567,Petrol,Manual,Third,Jaipur,3.07
Maruti Suzuki,Ertiga,2014,118888,Diesel,Manual,First,Delhi,2.31
Renault,Kwid,2025,5580,Petrol,Manual,First,Hyderabad,5.47
Toyota,Innova Crysta,2009,203152,Petrol,Manual,First,Delhi,2.24
Hyundai,i20,2022,20865,Petrol,Automatic,First,Jaipur,5.41
Kia,Seltos,2020,71120,Petrol,Manual,Second,Hyderabad,5.91
Toyota,Fortuner,2023,30920,Diesel,Automatic,First,Pune,34.03
Maruti Suzuki,Ertiga,2017,84341,Diesel,Manual,First,Chennai,3.76
Mahindra,Thar,2011,181448,Diesel,Automatic,First,Bengaluru,2.42
Maruti Suzuki,Brezza,2014,117524,CNG,Automatic,Second,Kolkata,1.97
Honda,City,2011,147669,Petrol,Manual,Second,Bengaluru,1.89
Kia,Sonet,2010,168659,CNG,Manual,First,Ahmedabad,1.19
Hyundai,Creta,2024,4211,Petrol,Manual,First,Kochi,11.41
Hyundai,i20,2018,97840,Petrol,Manual,First,Delhi,3.05
Kia,Sonet,2018,95398,Petrol,Manual,First,Pune,3.96
Honda,City,2013,135804,Petrol,Manual,First,Pune,2.78
Maruti Suzuki,Alto K10,2018,94488,CNG,Manual,First,Pune,1.63
Mahindra,Thar,2022,27407,Petrol,Manual,Third,Hyderabad,8.6
Honda,City,2019,81407,CNG,Manual,Second,Mumbai,5.07
Mahindra,Scorpio,2024,10353,Diesel,Automatic,First,Mumbai,15.15
Hyundai,Creta,2011,185760,Petrol,Manual,Second,Kochi,1.8
Tata,Altroz,2009,174833,Petrol,Manual,First,Hyderabad,1.02
Toyota,Innova Crysta,2024,9118,Petrol,Manual,Third,Mumbai,16.6
Mahindra,Bolero,2014,171872,Petrol,Automatic,First,Jaipur,2.24
Kia,Seltos,2013,104634,Diesel,Manual,First,Kochi,2.74
Hyundai,Verna,2020,45752,Petrol,Automatic,First,Kolkata,6.52
Mahindra,Bolero,2019,50983,Petrol,Manual,First,Jaipur,4.56
Mahindra,Thar,2022,45156,Petrol,Manual,Second,Delhi,9.6
Tata,Harrier,2017,88867,Petrol,Manual,First,Pune,6.74
Honda,City,2013,116885,Petrol,Manual,Third,Ahmedabad,2.11
Kia,Seltos,2021,36895,Petrol,Manual,First,Pune,7.96
Tata,Nexon,2018,74646,Diesel,Manual,First,Jaipur,3.9
Maruti Suzuki,Brezza,2021,42368,Petrol,Automatic,Second,Ahmedabad,5.89
Toyota,Fortuner,2012,127329,Diesel,Manual,First,Pune,7.25
Honda,City,2015,136371,Petrol,Automatic,First,Mumbai,3.69
Mahindra,XUV700,2012,162056,Petrol,Automatic,First,Hyderabad,3.75
Toyota,Fortuner,2025,17311,Petrol,Automatic,Second,Ahmedabad,36.73
Toyota,Innova Crysta,2010,151820,Petrol,Manual,First,Bengaluru,3.3
Maruti Suzuki,Alto K10,2023,13765,Petrol,Manual,First,Pune,3.3
Tata,Altroz,2021,38330,Petrol,Automatic,First,Delhi,4.99
Tata,Nexon,2019,89812,Petrol,Manual,Second,Chennai,4.07
Mahindra,XUV700,2014,126640,Petrol,Manual,First,Pune,3.96
Mahindra,Thar,2021,33115,Diesel,Manual,First,Kochi,8.96
Mahindra,XUV700,2019,82544,Petrol,Manual,Second,Hyderabad,7.12
Mahindra,Thar,2012,157534,Diesel,Manual,Second,Ahmedabad,2.23
Renault,Kwid,2009,153440,CNG,Manual,Fourth & above,Mumbai,0.45
Mahindra,XUV700,2018,60423,Diesel,Manual,First,Kochi,7.96
Maruti Suzuki,Baleno,2010,217306,Petrol,Manual,First,Mumbai,0.87
Hyundai,Venue,2021,40532,Petrol,Manual,First,Kochi,5.87
Toyota,Fortuner,2018,88047,Petrol,Manual,First,Ahmedabad,14.85
Honda,City,2023,25903,Petrol,Manual,Second,Hyderabad,8.69
Maruti Suzuki,Swift,2010,156756,Petrol,Manual,First,Hyderabad,0.95
Maruti Suzuki,Swift,2014,73787,Petrol,Automatic,Second,Kolkata,1.6
Toyota,Innova Crysta,2010,139169,Petrol,Manual,First,Jaipur,3.15
Tata,Nexon,2014,103975,Petrol,Manual,First,Bengaluru,2.65
Hyundai,Venue,2017,109516,Petrol,Automatic,First,Kochi,3.48
Maruti Suzuki,Swift,2022,48298,Petrol,Automatic,Third,Kolkata,4.52
Mahindra,Bolero,2015,128672,Petrol,Manual,First,Jaipur,2.54
Maruti Suzuki,Ertiga,2017,80529,Petrol,Manual,First,Ahmedabad,3.32
Toyota,Fortuner,2012,111250,Petrol,Automatic,First,Jaipur,7.17
Tata,Nexon,2022,35219,Petrol,Manual,First,Kolkata,6.54
Hyundai,Verna,2014,115252,Petrol,Manual,First,Jaipur,2.69
Hyundai,i20,2012,149711,Petrol,Automatic,First,Mumbai,1.81
Toyota,Glanza,2024,10696,Petrol,Manual,Third,Hyderabad,6.62
Mahindra,XUV700,2012,151734,Petrol,Manual,First,Hyderabad,3.47
Maruti Suzuki,Alto K10,2021,48933,Petrol,Manual,First,Chennai,2.63
Mahindra,Scorpio,2015,111967,Petrol,Manual,First,Mumbai,4.0
Mahindra,Thar,2012,147151,Petrol,Manual,First,Ahmedabad,2.75
Renault,Kwid,2011,172034,Petrol,Manual,First,Kolkata,0.7
Tata,Altroz,2016,117115,Petrol,Automatic,First,Bengaluru,2.42
Tata,Punch,2020,50828,Petrol,Manual,Third,Chennai,2.94
Honda,Amaze,2011,82482,Petrol,Automatic,First,Kochi,1.6
Tata,Harrier,2022,27956,Diesel,Manual,First,Ahmedabad,13.46
Honda,City,2013,150237,Petrol,Manual,First,Hyderabad,2.39
Kia,Seltos,2018,99942,Diesel,Manual,First,Bengaluru,5.57
Toyota,Innova Crysta,2020,38169,Diesel,Automatic,Second,Bengaluru,12.81
Maruti Suzuki,Ertiga,2017,105580,Petrol,Manual,First,Kochi,3.39
Toyota,Fortuner,2018,89099,Diesel,Manual,First,Pune,15.47
Maruti Suzuki,Brezza,2009,200129,Diesel,Manual,First,Hyderabad,0.98
Kia,Seltos,2017,70439,Petrol,Automatic,First,Ahmedabad,5.34
Mahindra,Thar,2014,152631,Diesel,Automatic,Second,Kochi,3.16
Toyota,Glanza,2014,130011,Petrol,Manual,Third,Kochi,1.45
Hyundai,Creta,2019,96901,Diesel,Manual,First,Hyderabad,5.79
Hyundai,i20,2012,183968,Diesel,Manual,First,Delhi,1.22
Tata,Nexon,2021,53439,Diesel,Automatic,First,Delhi,6.37
Tata,Altroz,2024,19073,Diesel,Manual,Second,Bengaluru,6.49
Tata,Harrier,2014,126575,Diesel,Manual,Second,Pune,3.61
Maruti Suzuki,Alto K10,2014,125608,Petrol,Manual,Fourth & above,Hyderabad,0.79
Toyota,Glanza,2014,123908,Petrol,Manual,First,Pune,1.74
Renault,Kwid,2012,159846,Petrol,Manual,First,Delhi,0.93
Hyundai,Creta,2022,34268,Petrol,Manual,First,Kochi,9.02
Mahindra,Scorpio,2024,24864,Petrol,Manual,First,Pune,13.02
Maruti Suzuki,Swift,2013,124481,Petrol,Manual,First,Jaipur,1.37
Maruti Suzuki,Brezza,2023,33638,Petrol,Manual,First,Chennai,6.77
Mahindra,Thar,2025,12679,Petrol,Manual,First,Bengaluru,15.44
Maruti Suzuki,Alto K10,2016,123319,Petrol,Manual,Second,Hyderabad,1.13
Hyundai,Verna,2011,178969,Diesel,Manual,First,Chennai,1.47
Honda,Amaze,2017,95108,Petrol,Manual,Fourth & above,Bengaluru,2.2
Mahindra,Thar,2021,42964,Petrol,Manual,First,Jaipur,7.86
Renault,Kwid,2012,148996,Petrol,Manual,First,Ahmedabad,0.89
Maruti Suzuki,Swift,2024,26518,Petrol,Manual,First,Pune,5.63
Maruti Suzuki,Swift,2018,102280,Petrol,Manual,First,Mumbai,2.56
Tata,Harrier,2010,190698,Petrol,Manual,Fourth & above,Mumbai,1.81
Maruti Suzuki,Ertiga,2019,67788,CNG,Automatic,First,Ahmedabad,4.88
Tata,Harrier,2009,168415,Petrol,Manual,Fourth & above,Kolkata,1.59
Maruti Suzuki,Alto K10,2017,119547,Petrol,Manual,Second,Bengaluru,1.45
Toyota,Innova Crysta,2025,17747,Petrol,Manual,Second,Pune,19.03
Tata,Harrier,2009,214922,Diesel,Manual,First,Jaipur,1.67
Tata,Punch,2013,148382,Petrol,Manual,Second,Chennai,1.4
Hyundai,Creta,2013,142070,Diesel,Manual,Second,Bengaluru,2.66
Mahindra,Thar,2022,43865,Diesel,Manual,Third,Kochi,9.6
Tata,Punch,2021,62641,Petrol,Manual,First,Hyderabad,4.34
Toyota,Fortuner,2022,28261,Petrol,Manual,First,Ahmedabad,26.33
Kia,Sonet,2024,18582,CNG,Manual,Second,Kolkata,7.11
Hyundai,Venue,2022,42258,Diesel,Manual,First,Jaipur,6.56
Tata,Harrier,2016,98912,Petrol,Automatic,Second,Kolkata,5.19
Kia,Sonet,2011,208984,Diesel,Manual,Third,Mumbai,1.04
Toyota,Fortuner,2018,110924,Petrol,Manual,First,Hyderabad,13.66
Renault,Kwid,2020,71907,Petrol,Manual,First,Bengaluru,2.62
Hyundai,Verna,2024,7677,Diesel,Automatic,Third,Chennai,9.56
Kia,Sonet,2021,58922,Petrol,Manual,First,Mumbai,6.02
Maruti Suzuki,Baleno,2019,74041,Petrol,Manual,Third,Hyderabad,2.82
Maruti Suzuki,Swift,2010,211742,CNG,Automatic,First,Kochi,0.78
Maruti Suzuki,Swift,2009,191767,CNG,Manual,First,Kolkata,0.73
Mahindra,XUV700,2009,217313,Petrol,Manual,First,Delhi,1.97
Mahindra,Bolero,2023,25873,Petrol,Manual,Second,Ahmedabad,7.1
Mahindra,Thar,2012,186492,Petrol,Manual,First,Bengaluru,2.58
Toyota,Innova Crysta,2020,59633,Diesel,Manual,Second,Jaipur,11.12
Honda,Amaze,2016,132604,Petrol,Manual,First,Ahmedabad,2.41
Maruti Suzuki,Alto K10,2010,127832,Petrol,Manual,First,Chennai,0.66
Maruti Suzuki,Alto K10,2012,137829,Petrol,Manual,Fourth & above,Delhi,0.59
Mahindra,Thar,2013,156630,Petrol,Manual,Third,Kochi,2.62
Toyota,Fortuner,2022,33466,Diesel,Manual,Fourth & above,Bengaluru,22.18
Honda,Amaze,2024,11916,Petrol,Manual,Second,Kolkata,6.03
Maruti Suzuki,Swift,2009,185880,CNG,Manual,Second,Delhi,0.71
Honda,Amaze,2009,127050,Petrol,Automatic,Second,Kolkata,1.1
Hyundai,Venue,2022,54638,CNG,Manual,Second,Pune,5.52
Tata,Punch,2015,116495,Petrol,Manual,Second,Hyderabad,1.73
Maruti Suzuki,Swift,2020,61868,Petrol,Manual,First,Kolkata,3.19
Hyundai,i20,2015,112557,Petrol,Manual,First,Ahmedabad,2.11
Hyundai,Verna,2013,109110,Petrol,Manual,First,Jaipur,2.32
Tata,Altroz,2009,212294,Petrol,Manual,First,Pune,0.85
Kia,Sonet,2025,14639,Diesel,Automatic,Second,Pune,9.45
Hyundai,Verna,2016,85871,Diesel,Manual,First,Hyderabad,3.13
Maruti Suzuki,Alto K10,2019,82595,Petrol,Manual,First,Jaipur,1.88
Hyundai,i20,2021,38472,Petrol,Manual,First,Pune,5.03
Maruti Suzuki,Swift,2022,41247,Petrol,Manual,First,Kolkata,4.84
Maruti Suzuki,Ertiga,2012,179577,Diesel,Manual,First,Bengaluru,1.71
Hyundai,i20,2018,81338,Petrol,Manual,First,Bengaluru,3.51
Hyundai,Verna,2009,179523,Petrol,Manual,Second,Mumbai,1.28
Honda,City,2013,150931,CNG,Automatic,First,Jaipur,2.43
Toyota,Fortuner,2013,100368,Petrol,Manual,Third,Bengaluru,7.79
Renault,Kwid,2009,149337,Petrol,Manual,First,Kochi,0.57
Tata,Altroz,2013,126362,Petrol,Automatic,First,Pune,1.98
Hyundai,Creta,2020,59153,Diesel,Automatic,First,Hyderabad,8.09
Kia,Seltos,2010,145028,Diesel,Manual,Third,Delhi,1.57
Toyota,Glanza,2011,127712,Petrol,Automatic,First,Kochi,1.47
Tata,Nexon,2018,82007,CNG,Manual,Second,Mumbai,3.55
Tata,Altroz,2020,78729,Petrol,Manual,First,Kolkata,3.72
Hyundai,Venue,2009,192386,CNG,Manual,Second,Pune,1.07
Maruti Suzuki,Swift,2021,45306,Petrol,Manual,First,Delhi,4.3
Maruti Suzuki,Brezza,2017,110992,Petrol,Automatic,First,Hyderabad,3.09
Mahindra,Bolero,2024,20392,Diesel,Manual,Second,Mumbai,9.47
Maruti Suzuki,Ertiga,2021,70253,Petrol,Manual,First,Bengaluru,5.91
Maruti Suzuki,Baleno,2025,18062,Petrol,Manual,First,Jaipur,7.33
Kia,Sonet,2017,101328,Petrol,Manual,First,Mumbai,3.25
Kia,Sonet,2018,107573,Diesel,Manual,First,Bengaluru,4.12
Maruti Suzuki,Alto K10,2016,84975,Petrol,Manual,Second,Mumbai,1.32
Mahindra,Thar,2011,153481,Petrol,Manual,First,Chennai,2.34
Toyota,Fortuner,2009,174983,Petrol,Manual,Second,Kochi,4.9
Hyundai,Verna,2009,192132,Petrol,Manual,Second,Kochi,1.21
Mahindra,Scorpio,2012,119161,Petrol,Automatic,First,Chennai,2.93
Maruti Suzuki,Alto K10,2011,142048,Petrol,Automatic,Second,Hyderabad,0.73
Hyundai,Verna,2020,60188,Petrol,Automatic,First,Pune,6.12
Hyundai,Venue,2013,132061,Petrol,Manual,First,Kochi,1.98
Toyota,Glanza,2019,74498,Petrol,Manual,Second,Bengaluru,3.4
Kia,Seltos,2018,70086,Petrol,Manual,First,Chennai,5.32
Hyundai,i20,2014,110648,Diesel,Manual,First,Chennai,1.92
Hyundai,Creta,2018,80465,Diesel,Automatic,First,Delhi,5.73
Hyundai,Venue,2014,111244,Diesel,Automatic,First,Mumbai,2.31
Tata,Harrier,2011,123036,CNG,Manual,First,Hyderabad,2.74
Honda,Amaze,2015,126901,CNG,Manual,First,Mumbai,2.04
Tata,Nexon,2016,109551,Diesel,Manual,Second,Kolkata,2.46
Maruti Suzuki,Alto K10,2016,119586,Petrol,Manual,First,Mumbai,1.23
Kia,Seltos,2015,120925,Petrol,Manual,Second,Pune,3.22
Mahindra,Scorpio,2024,15609,Petrol,Automatic,First,Kochi,13.05
Tata,Altroz,2021,52522,Diesel,Automatic,First,Pune,4.81
Honda,Amaze,2021,47670,Petrol,Manual,First,Mumbai,4.99
Hyundai,Creta,2019,66868,Petrol,Manual,First,Kolkata,6.23
Tata,Punch,2010,182381,Petrol,Manual,Second,Mumbai,0.87
Maruti Suzuki,Ertiga,2011,173329,Petrol,Manual,First,Hyderabad,1.7
Hyundai,Venue,2019,52634,CNG,Manual,First,Mumbai,4.53
Hyundai,Creta,2014,162121,Diesel,Manual,First,Kolkata,2.69
Tata,Punch,2021,41633,Petrol,Manual,Second,Pune,4.55
Honda,Amaze,2013,108695,Petrol,Automatic,Second,Mumbai,1.88
Honda,Amaze,2014,160982,Petrol,Manual,Third,Delhi,1.44
Tata,Altroz,2012,141090,Petrol,Manual,First,Ahmedabad,1.48
Mahindra,Bolero,2015,103733,Diesel,Manual,First,Chennai,2.38
Toyota,Fortuner,2009,189540,Petrol,Automatic,First,Delhi,4.94
Mahindra,Scorpio,2014,117786,Petrol,Manual,First,Delhi,3.12
Tata,Harrier,2023,20192,CNG,Manual,Second,Chennai,11.4
Tata,Altroz,2012,137908,Petrol,Automatic,First,Jaipur,1.47
Toyota,Innova Crysta,2012,118424,Petrol,Manual,Second,Chennai,3.88
Toyota,Glanza,2024,19892,Petrol,Manual,Third,Delhi,5.66
Mahindra,Thar,2014,143897,Petrol,Manual,First,Hyderabad,3.52
Kia,Sonet,2022,31443,Petrol,Manual,Second,Delhi,6.27
Toyota,Glanza,2016,99189,Petrol,Manual,First,Jaipur,2.31
Maruti Suzuki,Alto K10,2010,164210,Petrol,Manual,First,Bengaluru,0.63
Honda,Amaze,2015,101220,Petrol,Manual,Second,Bengaluru,2.04
Maruti Suzuki,Alto K10,2015,114486,Petrol,Automatic,First,Bengaluru,1.25
Tata,Punch,2012,155023,CNG,Manual,First,Hyderabad,1.26
Toyota,Innova Crysta,2021,61881,Diesel,Manual,Second,Jaipur,12.0
Toyota,Glanza,2019,69009,CNG,Automatic,First,Delhi,3.94
Kia,Sonet,2021,60217,Petrol,Manual,First,Bengaluru,5.26
Maruti Suzuki,Swift,2009,128611,Petrol,Manual,Second,Delhi,0.81
Hyundai,Creta,2022,27476,Diesel,Manual,First,Chennai,9.56
Mahindra,Scorpio,2010,211925,Petrol,Manual,First,Kolkata,1.85
Tata,Nexon,2011,157619,Diesel,Manual,First,Kochi,1.48
Mahindra,XUV700,2016,85506,Petrol,Manual,First,Kolkata,5.44
Honda,Amaze,2010,188706,CNG,Manual,First,Mumbai,0.98
Mahindra,Scorpio,2025,12708,Petrol,Manual,First,Bengaluru,14.88
Maruti Suzuki,Swift,2011,139630,Petrol,Manual,First,Pune,1.01
Hyundai,Creta,2023,38649,Diesel,Manual,First,Kolkata,10.38
Mahindra,Bolero,2016,100774,Diesel,Automatic,First,Mumbai,3.14
Renault,Kwid,2020,96280,CNG,Manual,Third,Jaipur,1.87
Renault,Kwid,2009,176780,Petrol,Manual,Second,Kochi,0.56
Kia,Seltos,2010,168861,Petrol,Manual,First,Hyderabad,1.68
Kia,Seltos,2012,140550,Petrol,Automatic,First,Delhi,2.74
Mahindra,Thar,2014,131233,Petrol,Automatic,Second,Bengaluru,3.6
Mahindra,Bolero,2019,88724,Diesel,Manual,Second,Pune,3.99
Toyota,Glanza,2022,47090,Petrol,Manual,First,Chennai,4.72
Toyota,Fortuner,2017,49266,Diesel,Manual,First,Hyderabad,13.77
Honda,City,2012,146117,Petrol,Manual,First,Pune,2.27
Maruti Suzuki,Baleno,2017,83276,Petrol,Manual,First,Hyderabad,2.48
Tata,Nexon,2013,129947,Diesel,Manual,First,Pune,1.99
Toyota,Innova Crysta,2021,42312,Diesel,Automatic,Third,Chennai,13.46
Renault,Kwid,2019,79018,Petrol,Manual,First,Pune,2.2
Maruti Suzuki,Swift,2013,148361,Petrol,Manual,First,Delhi,1.22
Kia,Seltos,2012,155031,Petrol,Manual,First,Pune,2.34
Hyundai,Venue,2025,21071,Diesel,Manual,First,Delhi,9.95
Mahindra,XUV700,2022,29034,Diesel,Manual,First,Pune,13.56
Toyota,Innova Crysta,2009,153231,Petrol,Manual,Second,Jaipur,2.43
Maruti Suzuki,Ertiga,2014,101167,Petrol,Manual,First,Chennai,2.53
Toyota,Glanza,2009,160997,Petrol,Manual,Second,Hyderabad,0.83
Maruti Suzuki,Swift,2009,190331,Petrol,Manual,Second,Ahmedabad,0.73
Hyundai,Creta,2013,160594,Diesel,Automatic,Second,Pune,2.43
Tata,Altroz,2025,10439,Diesel,Manual,First,Jaipur,8.91
Toyota,Glanza,2009,225369,Petrol,Automatic,First,Mumbai,0.91
Hyundai,Verna,2017,60351,Petrol,Manual,First,Jaipur,4.18
Mahindra,XUV700,2024,14236,Diesel,Automatic,Second,Pune,17.34
Kia,Seltos,2009,180686,Diesel,Manual,First,Delhi,1.49
Hyundai,Venue,2011,154207,Diesel,Automatic,First,Jaipur,1.37
Hyundai,Venue,2012,180140,CNG,Manual,First,Kolkata,1.34
Honda,Amaze,2021,52903,Petrol,Manual,First,Chennai,4.76
Toyota,Innova Crysta,2009,204338,Petrol,Automatic,Second,Delhi,2.36
Tata,Nexon,2009,157406,Petrol,Manual,First,Mumbai,1.38
Maruti Suzuki,Baleno,2017,87876,Petrol,Manual,First,Pune,2.61
Hyundai,Verna,2021,65538,CNG,Manual,First,Pune,6.58
Toyota,Glanza,2021,45378,Petrol,Manual,First,Chennai,5.03
Maruti Suzuki,Brezza,2016,123094,CNG,Manual,Third,Mumbai,2.29
Hyundai,Creta,2017,86502,Petrol,Manual,First,Delhi,5.06
Maruti Suzuki,Alto K10,2018,95476,Petrol,Manual,Second,Chennai,1.53
Mahindra,Thar,2013,131732,Diesel,Manual,First,Mumbai,3.25
Maruti Suzuki,Ertiga,2025,13944,Petrol,Automatic,First,Kochi,10.8
Mahindra,XUV700,2021,48807,Diesel,Manual,First,Bengaluru,12.06
Toyota,Glanza,2020,66354,Petrol,Manual,First,Jaipur,3.65
Mahindra,XUV700,2010,130044,Diesel,Manual,Second,Pune,2.29
Honda,City,2009,109098,Diesel,Manual,Second,Chennai,1.5
Mahindra,Scorpio,2024,19596,Diesel,Manual,Second,Mumbai,12.47
Toyota,Fortuner,2022,37027,Diesel,Manual,First,Jaipur,25.73
Hyundai,i20,2023,22889,Petrol,Manual,First,Kolkata,6.33
Renault,Kwid,2025,11703,Petrol,Manual,First,Hyderabad,4.63
Kia,Sonet,2011,148722,Petrol,Manual,First,Delhi,1.48
Hyundai,Verna,2017,108731,Petrol,Manual,First,Delhi,3.61
Maruti Suzuki,Ertiga,2023,33322,Petrol,Automatic,Second,Pune,8.17
Maruti Suzuki,Swift,2014,109025,Petrol,Automatic,First,Chennai,1.65
Mahindra,Scorpio,2023,23580,Petrol,Automatic,First,Delhi,11.25
Tata,Altroz,2017,105484,Diesel,Automatic,Second,Pune,2.72
Tata,Nexon,2022,32108,Petrol,Manual,First,Mumbai,7.39
Tata,Punch,2023,26789,CNG,Automatic,Second,Kolkata,5.43
Maruti Suzuki,Ertiga,2025,6028,Petrol,Manual,First,Ahmedabad,10.6
Renault,Kwid,2025,12661,Petrol,Automatic,First,Bengaluru,5.02
Maruti Suzuki,Swift,2024,13108,Petrol,Manual,First,Hyderabad,5.85
Mahindra,Scorpio,2011,177347,Petrol,Manual,Second,Hyderabad,2.02
Hyundai,Verna,2012,147884,Diesel,Automatic,First,Jaipur,1.88
Kia,Sonet,2020,32964,Diesel,Automatic,First,Hyderabad,5.82
Kia,Sonet,2014,131133,Diesel,Automatic,First,Chennai,2.39
Mahindra,Thar,2024,7593,Petrol,Manual,Third,Mumbai,12.46
Honda,City,2023,16336,Petrol,Manual,First,Chennai,10.45
Toyota,Innova Crysta,2022,36492,Diesel,Manual,Second,Bengaluru,16.11
Maruti Suzuki,Brezza,2024,17004,Diesel,Manual,Second,Ahmedabad,7.91
Mahindra,XUV700,2022,45825,Diesel,Automatic,First,Mumbai,14.14
Toyota,Innova Crysta,2020,59311,Petrol,Manual,First,Pune,11.53
Mahindra,Bolero,2023,29918,Diesel,Manual,First,Chennai,8.72
Kia,Seltos,2013,140301,Petrol,Manual,First,Pune,2.86
Toyota,Fortuner,2012,154811,Petrol,Automatic,First,Kochi,7.13
Mahindra,Thar,2024,12161,Diesel,Manual,First,Pune,14.42
Toyota,Glanza,2009,222173,Petrol,Manual,First,Delhi,0.89
Maruti Suzuki,Brezza,2021,59357,Petrol,Automatic,Second,Hyderabad,5.24
Tata,Altroz,2010,175620,Diesel,Manual,Second,Kolkata,0.95
Kia,Sonet,2023,28620,Diesel,Automatic,First,Bengaluru,9.02
Hyundai,i20,2021,42342,Petrol,Manual,Second,Ahmedabad,4.24
Hyundai,Creta,2014,123644,Diesel,Automatic,Second,Jaipur,2.71
Honda,City,2012,131227,Petrol,Manual,First,Pune,2.26
Kia,Seltos,2016,78799,Petrol,Manual,First,Jaipur,4.0
Mahindra,XUV700,2025,11266,Petrol,Automatic,Fourth & above,Kolkata,12.53
Hyundai,Verna,2009,185554,Petrol,Manual,First,Hyderabad,1.36
Toyota,Innova Crysta,2015,109483,Petrol,Manual,Third,Mumbai,5.27
Tata,Harrier,2013,133784,Petrol,Manual,Third,Chennai,3.1
Maruti Suzuki,Ertiga,2023,20230,Petrol,Manual,Second,Pune,7.39
Mahindra,Thar,2014,120220,Petrol,Manual,Fourth & above,Chennai,2.71
Toyota,Innova Crysta,2011,183385,Diesel,Manual,Second,Bengaluru,2.6
Mahindra,Bolero,2020,68586,Petrol,Automatic,First,Pune,5.56
Hyundai,i20,2021,45345,Petrol,Automatic,Second,Ahmedabad,4.55
Maruti Suzuki,Brezza,2010,126197,Petrol,Manual,First,Pune,1.43
Mahindra,Bolero,2023,21719,Diesel,Manual,Fourth & above,Hyderabad,6.38
Hyundai,Verna,2012,114442,Petrol,Automatic,First,Delhi,2.21
Toyota,Fortuner,2025,11800,Diesel,Manual,First,Delhi,43.83
Tata,Harrier,2015,77991,Petrol,Automatic,First,Jaipur,5.32
Mahindra,Thar,2014,92609,Diesel,Manual,Second,Pune,3.43
Kia,Sonet,2024,17533,Petrol,Automatic,First,Kochi,8.74
Tata,Nexon,2019,64073,Petrol,Manual,First,Chennai,4.94
Mahindra,Thar,2020,44403,Petrol,Automatic,First,Kolkata,8.09
Tata,Harrier,2012,162398,Petrol,Manual,First,Ahmedabad,3.04
Hyundai,Creta,2024,14530,CNG,Manual,First,Delhi,11.14
Mahindra,Scorpio,2014,119159,Petrol,Manual,First,Kolkata,3.27
Maruti Suzuki,Alto K10,2019,96727,Petrol,Automatic,Fourth & above,Chennai,1.65
Kia,Seltos,2021,51758,Petrol,Manual,First,Ahmedabad,8.11
Hyundai,Creta,2020,58388,Diesel,Manual,Second,Kolkata,6.89
Maruti Suzuki,Swift,2013,138589,Petrol,Manual,Second,Kolkata,1.21
Tata,Nexon,2011,116055,Petrol,Manual,First,Bengaluru,1.83
Mahindra,XUV700,2011,184226,Petrol,Automatic,Second,Hyderabad,2.79
Tata,Harrier,2009,177188,Petrol,Manual,First,Ahmedabad,2.21
Mahindra,XUV700,2021,53026,Petrol,Manual,Second,Chennai,10.39
Kia,Sonet,2021,56010,Petrol,Manual,First,Pune,5.68
Maruti Suzuki,Alto K10,2023,28878,Petrol,Manual,Second,Kochi,2.96
Maruti Suzuki,Alto K10,2017,89008,Petrol,Manual,Second,Delhi,1.47
Mahindra,Thar,2019,71504,Petrol,Manual,First,Mumbai,7.12
Tata,Harrier,2017,83881,Petrol,Automatic,Third,Hyderabad,5.45
Hyundai,Verna,2021,61900,CNG,Manual,First,Pune,6.22
Maruti Suzuki,Baleno,2014,120370,Petrol,Manual,Second,Chennai,1.52
Maruti Suzuki,Swift,2020,31055,Petrol,Automatic,First,Jaipur,3.83
Kia,Sonet,2011,132155,Diesel,Automatic,First,Bengaluru,1.61
Hyundai,Verna,2009,115422,Petrol,Manual,First,Kolkata,1.54
Tata,Harrier,2013,189379,CNG,Automatic,Second,Mumbai,3.06
Toyota,Glanza,2009,191607,Petrol,Manual,Second,Hyderabad,0.9
Maruti Suzuki,Ertiga,2011,143490,CNG,Manual,Second,Delhi,1.54
Hyundai,Venue,2020,45835,Petrol,Manual,First,Ahmedabad,5.1
Toyota,Glanza,2021,51888,Petrol,Manual,First,Kochi,4.15
Toyota,Glanza,2023,26326,Petrol,Automatic,First,Pune,6.69
Tata,Altroz,2022,31169,Petrol,Manual,First,Bengaluru,5.38
Mahindra,Bolero,2020,71444,Diesel,Manual,First,Mumbai,5.18
Maruti Suzuki,Brezza,2025,14703,Diesel,Automatic,First,Jaipur,10.02
Mahindra,Bolero,2018,73521,Diesel,Manual,First,Kolkata,4.38
Tata,Nexon,2018,78244,Petrol,Manual,Second,Chennai,3.83
Tata,Punch,2024,15299,Petrol,Automatic,Second,Jaipur,6.62
Hyundai,Creta,2012,137420,Petrol,Manual,First,Pune,2.51
Honda,City,2010,159760,Petrol,Manual,First,Delhi,1.81
Toyota,Innova Crysta,2022,43138,Petrol,Manual,Second,Bengaluru,12.57
Honda,City,2024,17587,Diesel,Manual,Second,Delhi,10.93
Mahindra,Thar,2017,59963,Petrol,Manual,First,Delhi,5.53
Hyundai,Venue,2009,170386,CNG,Manual,First,Jaipur,1.09
Maruti Suzuki,Ertiga,2021,50210,Diesel,Manual,Fourth & above,Chennai,5.28
Toyota,Fortuner,2019,75525,Petrol,Manual,First,Delhi,17.38
Hyundai,Creta,2009,156772,Diesel,Manual,First,Mumbai,1.67
Honda,City,2009,159679,Diesel,Manual,First,Hyderabad,1.52
Mahindra,Thar,2012,192954,Petrol,Automatic,Second,Ahmedabad,2.51
Maruti Suzuki,Swift,2025,10490,Petrol,Manual,Second,Jaipur,5.9
Hyundai,i20,2010,139984,Petrol,Automatic,First,Chennai,1.28
Toyota,Glanza,2010,162954,Petrol,Automatic,First,Chennai,1.13
Honda,City,2017,85053,Petrol,Manual,First,Delhi,4.48
Toyota,Fortuner,2022,46609,Diesel,Manual,Second,Kolkata,27.37
Kia,Sonet,2010,158711,Diesel,Manual,Third,Pune,1.05
Maruti Suzuki,Brezza,2016,51372,CNG,Manual,Second,Delhi,2.74
Maruti Suzuki,Baleno,2013,101704,Petrol,Automatic,First,Bengaluru,1.8
Hyundai,Creta,2022,45567,Petrol,Manual,First,Chennai,10.16
Tata,Punch,2013,161986,Petrol,Manual,First,Pune,1.49
Honda,City,2018,57979,Petrol,Automatic,First,Kolkata,5.52
Maruti Suzuki,Swift,2021,36216,Petrol,Automatic,First,Pune,4.29
Tata,Punch,2018,95260,Petrol,Manual,First,Chennai,2.81
Maruti Suzuki,Ertiga,2010,224760,Petrol,Automatic,Second,Delhi,1.26
Tata,Punch,2021,48312,CNG,Automatic,First,Kolkata,4.64
Hyundai,Creta,2014,118247,Diesel,Manual,First,Bengaluru,3.07
Toyota,Glanza,2018,81905,Petrol,Manual,Second,Hyderabad,2.84
Tata,Nexon,2022,37169,Diesel,Manual,Second,Kolkata,6.95
Hyundai,Creta,2021,62079,Petrol,Automatic,First,Kolkata,8.12
Kia,Seltos,2012,145213,Petrol,Manual,First,Delhi,2.28
Renault,Kwid,2017,82030,Petrol,Manual,Second,Chennai,1.68
Hyundai,i20,2023,40654,Diesel,Automatic,Third,Delhi,5.96
Tata,Altroz,2012,136251,CNG,Manual,Third,Kochi,1.15
Tata,Nexon,2016,55389,Petrol,Automatic,First,Delhi,3.89
Mahindra,Scorpio,2019,72303,Diesel,Automatic,First,Chennai,7.49
Hyundai,Venue,2016,116101,Petrol,Manual,Second,Mumbai,2.78
Maruti Suzuki,Ertiga,2011,179382,Petrol,Manual,First,Delhi,1.5
Hyundai,Creta,2019,53526,Diesel,Manual,First,Ahmedabad,6.83
Maruti Suzuki,Ertiga,2018,106613,Petrol,Manual,First,Hyderabad,3.6
Toyota,Glanza,2025,19088,Petrol,Manual,Second,Kochi,7.37
Hyundai,Verna,2022,36409,Petrol,Automatic,First,Delhi,8.47
Tata,Harrier,2017,72746,Diesel,Manual,First,Hyderabad,6.45
Kia,Sonet,2014,146343,Petrol,Manual,Second,Bengaluru,2.05
Toyota,Innova Crysta,2011,182083,Diesel,Manual,First,Mumbai,3.08
Tata,Punch,2016,115825,Petrol,Automatic,Second,Jaipur,2.16
Toyota,Glanza,2016,115708,Petrol,Manual,Second,Kochi,1.93
Hyundai,Venue,2011,138938,Petrol,Automatic,First,Jaipur,1.63
Maruti Suzuki,Baleno,2017,86912,Petrol,Manual,First,Chennai,2.81
Hyundai,i20,2023,18967,Petrol,Automatic,First,Kolkata,6.42
Tata,Nexon,2012,202719,Petrol,Manual,Second,Chennai,1.5
Toyota,Glanza,2017,80243,Petrol,Manual,Second,Mumbai,2.5
Tata,Altroz,2014,132304,CNG,Manual,First,Mumbai,1.99
Tata,Altroz,2016,92198,Petrol,Automatic,Second,Mumbai,2.43
Maruti Suzuki,Baleno,2024,14453,Petrol,Automatic,Second,Chennai,6.45
Hyundai,Verna,2022,36403,Petrol,Automatic,Third,Ahmedabad,6.07
Hyundai,i20,2019,55941,CNG,Manual,First,Ahmedabad,3.67
Toyota,Innova Crysta,2015,72478,Diesel,Manual,Third,Mumbai,5.15
Mahindra,Thar,2015,132733,Petrol,Automatic,First,Hyderabad,3.92
Renault,Kwid,2018,86582,Petrol,Automatic,First,Kolkata,2.02
Hyundai,Venue,2025,18347,Petrol,Automatic,Fourth & above,Hyderabad,7.9
Hyundai,Verna,2024,21984,Petrol,Manual,Third,Mumbai,8.45
Hyundai,Venue,2023,39183,Petrol,Manual,First,Ahmedabad,6.77
Mahindra,Scorpio,2009,205242,Petrol,Manual,First,Bengaluru,1.63
Honda,City,2022,38085,Petrol,Manual,Third,Pune,6.89
Honda,Amaze,2010,192144,Petrol,Manual,First,Jaipur,1.03
Toyota,Fortuner,2022,24141,Diesel,Manual,First,Pune,30.65
Toyota,Glanza,2012,155235,Petrol,Manual,Second,Ahmedabad,1.23
Kia,Sonet,2012,144614,Petrol,Manual,Second,Kochi,1.63
Tata,Harrier,2018,66064,Petrol,Automatic,First,Bengaluru,8.04
Renault,Kwid,2022,29158,Petrol,Manual,Second,Delhi,2.87
Hyundai,i20,2012,148140,Diesel,Manual,First,Delhi,1.33
Toyota,Fortuner,2021,51492,Petrol,Manual,Third,Hyderabad,21.33
Mahindra,XUV700,2011,129057,Diesel,Automatic,First,Ahmedabad,3.06
Maruti Suzuki,Ertiga,2020,29168,Petrol,Manual,First,Mumbai,5.33
Toyota,Glanza,2024,11294,Petrol,Manual,Second,Mumbai,6.5
Renault,Kwid,2025,10409,Petrol,Manual,Second,Mumbai,4.48
Maruti Suzuki,Swift,2016,88227,Petrol,Automatic,First,Hyderabad,2.27
Honda,City,2025,11008,Petrol,Manual,Second,Delhi,11.18
Tata,Nexon,2024,15093,Diesel,Manual,First,Hyderabad,8.99
Tata,Harrier,2014,100317,Petrol,Manual,First,Delhi,4.48
Mahindra,XUV700,2014,120425,Diesel,Manual,First,Chennai,3.91
Mahindra,Bolero,2020,33357,Petrol,Automatic,First,Jaipur,5.5
Toyota,Fortuner,2010,197046,Petrol,Manual,First,Jaipur,4.96
Maruti Suzuki,Swift,2024,12511,Petrol,Manual,Third,Jaipur,4.97
Hyundai,i20,2017,101730,Petrol,Manual,First,Chennai,2.97
Hyundai,Creta,2016,136257,Petrol,Manual,First,Bengaluru,3.86
Maruti Suzuki,Ertiga,2021,60856,Petrol,Manual,First,Ahmedabad,5.58
Hyundai,Venue,2015,88623,Petrol,Manual,Second,Bengaluru,2.56
Toyota,Glanza,2015,121464,Petrol,Manual,Fourth & above,Kochi,1.51
Kia,Sonet,2010,187275,Petrol,Manual,First,Jaipur,1.15
Honda,Amaze,2009,185461,Petrol,Manual,Second,Jaipur,0.79
Toyota,Glanza,2015,101773,Petrol,Automatic,First,Delhi,2.23
Maruti Suzuki,Baleno,2015,112512,CNG,Manual,Second,Mumbai,1.75
Tata,Nexon,2011,146453,Petrol,Manual,First,Delhi,1.55
Honda,City,2018,62862,Petrol,Manual,First,Chennai,5.02
Toyota,Innova Crysta,2016,110776,Petrol,Manual,First,Kolkata,6.46
Mahindra,XUV700,2010,115073,Diesel,Automatic,First,Kochi,3.01
Tata,Punch,2015,125030,Petrol,Manual,Second,Bengaluru,1.83
Maruti Suzuki,Baleno,2016,101912,Petrol,Manual,Second,Mumbai,1.99
Honda,Amaze,2017,115362,Petrol,Manual,First,Jaipur,2.55
Toyota,Fortuner,2020,86048,Petrol,Manual,Second,Hyderabad,19.24
Maruti Suzuki,Brezza,2015,117170,Diesel,Automatic,Third,Mumbai,2.05
Toyota,Fortuner,2015,114178,Diesel,Manual,Second,Hyderabad,8.63
Tata,Altroz,2018,98515,Petrol,Manual,First,Ahmedabad,3.11
Tata,Nexon,2023,26988,Petrol,Manual,First,Bengaluru,7.61
Mahindra,Scorpio,2013,138375,Diesel,Manual,First,Chennai,2.82
Hyundai,i20,2019,72870,Diesel,Manual,First,Mumbai,4.33
Hyundai,Verna,2022,26595,Petrol,Manual,Second,Pune,7.26
Renault,Kwid,2018,64575,Petrol,Manual,Second,Jaipur,1.8
Hyundai,i20,2015,125081,Petrol,Manual,Second,Chennai,2.04
Tata,Punch,2011,158509,Petrol,Manual,First,Delhi,1.27
Hyundai,i20,2010,158760,Diesel,Automatic,First,Mumbai,1.2
Renault,Kwid,2021,47809,Petrol,Manual,Second,Kolkata,2.6
Hyundai,i20,2025,8750,Petrol,Manual,First,Bengaluru,8.54
Renault,Kwid,2011,161908,Petrol,Manual,Second,Hyderabad,0.73
Mahindra,XUV700,2016,81139,Diesel,Automatic,Third,Mumbai,4.74
Toyota,Innova Crysta,2009,194657,Petrol,Manual,First,Ahmedabad,2.56
Hyundai,Verna,2025,5927,Petrol,Automatic,First,Hyderabad,11.93
Toyota,Innova Crysta,2020,46924,Diesel,Manual,Second,Delhi,11.99
Mahindra,Bolero,2012,153163,Petrol,Automatic,First,Mumbai,1.88
Tata,Harrier,2023,24045,Petrol,Manual,First,Chennai,13.33
Tata,Harrier,2010,157883,Petrol,Manual,Third,Mumbai,2.03
Toyota,Fortuner,2014,149068,Diesel,Manual,Second,Ahmedabad,6.99
Maruti Suzuki,Ertiga,2025,21207,Petrol,Manual,First,Pune,9.96
Tata,Punch,2014,127862,Petrol,Automatic,First,Ahmedabad,1.79
Toyota,Innova Crysta,2017,108883,Petrol,Manual,First,Pune,6.88
Honda,Amaze,2010,171336,Petrol,Manual,Third,Bengaluru,0.95
Tata,Punch,2017,76215,Petrol,Manual,Third,Pune,2.38
Toyota,Glanza,2015,112546,Petrol,Automatic,First,Pune,2.4
Honda,Amaze,2025,13301,CNG,Automatic,First,Kolkata,8.46
Maruti Suzuki,Brezza,2010,192552,Petrol,Manual,Second,Ahmedabad,1.14
Honda,City,2016,92972,Diesel,Automatic,Second,Kolkata,3.54
Mahindra,Scorpio,2022,36123,Petrol,Manual,First,Hyderabad,9.86
Tata,Altroz,2010,180507,Petrol,Automatic,First,Kochi,1.1
Hyundai,i20,2014,114280,Diesel,Automatic,First,Chennai,1.88
Maruti Suzuki,Alto K10,2017,78897,Petrol,Manual,First,Hyderabad,1.63
Mahindra,Bolero,2022,43328,Petrol,Manual,First,Kochi,6.22
Maruti Suzuki,Brezza,2019,87344,Petrol,Manual,First,Kolkata,4.14
Kia,Sonet,2024,18197,Diesel,Manual,Second,Chennai,7.84
Honda,City,2019,58134,CNG,Manual,Third,Mumbai,4.97
Maruti Suzuki,Baleno,2012,153158,Petrol,Automatic,Second,Hyderabad,1.39
Tata,Harrier,2013,116507,Diesel,Automatic,First,Ahmedabad,3.93
Tata,Harrier,2025,11190,Diesel,Manual,Second,Delhi,15.47
Toyota,Innova Crysta,2018,63802,Petrol,Manual,First,Kolkata,8.53
Maruti Suzuki,Swift,2009,186707,CNG,Manual,Fourth & above,Jaipur,0.56
Mahindra,Thar,2017,91152,Petrol,Automatic,Fourth & above,Pune,4.09
Honda,Amaze,2025,11772,Petrol,Automatic,First,Hyderabad,8.91
Honda,Amaze,2019,81798,Petrol,Manual,First,Pune,3.97
Honda,City,2014,106813,Petrol,Manual,Second,Bengaluru,2.92
Kia,Sonet,2024,15403,Petrol,Automatic,First,Jaipur,8.27
Toyota,Glanza,2009,232309,CNG,Automatic,First,Pune,0.85
Hyundai,i20,2013,166331,Diesel,Manual,First,Chennai,1.63
Mahindra,XUV700,2024,16951,Petrol,Automatic,Second,Kolkata,15.28
Mahindra,Thar,2017,109320,Petrol,Manual,First,Chennai,4.77
Kia,Sonet,2023,31627,Petrol,Manual,First,Pune,7.72
Tata,Harrier,2016,80699,Diesel,Automatic,First,Hyderabad,5.97
Mahindra,Scorpio,2024,11228,Petrol,Manual,Second,Delhi,12.06
Tata,Nexon,2009,157067,Diesel,Manual,First,Hyderabad,1.18
Mahindra,Thar,2017,113982,Diesel,Manual,First,Jaipur,5.22
Maruti Suzuki,Ertiga,2021,68789,Petrol,Manual,First,Chennai,5.78
Maruti Suzuki,Baleno,2022,25410,Petrol,Manual,Third,Bengaluru,4.58
Tata,Harrier,2009,173447,Diesel,Manual,Third,Chennai,1.59
Maruti Suzuki,Alto K10,2020,67270,Petrol,Manual,First,Hyderabad,2.36
Maruti Suzuki,Baleno,2016,98057,Petrol,Manual,First,Kochi,2.2
Kia,Seltos,2022,35106,Petrol,Automatic,First,Hyderabad,9.16
Mahindra,Bolero,2025,17940,Petrol,Manual,Second,Mumbai,9.53
Honda,Amaze,2009,144978,Petrol,Manual,Second,Kolkata,0.92
Hyundai,Creta,2016,121866,Petrol,Manual,First,Chennai,4.36
Maruti Suzuki,Alto K10,2020,30972,Petrol,Manual,First,Delhi,2.5
Maruti Suzuki,Alto K10,2009,139059,Petrol,Automatic,First,Mumbai,0.64
Toyota,Fortuner,2009,198596,Petrol,Manual,First,Chennai,4.69
Honda,City,2014,154659,Petrol,Manual,Second,Pune,2.56
Tata,Nexon,2020,64641,Diesel,Manual,Third,Ahmedabad,4.58
Honda,Amaze,2012,104685,Petrol,Manual,Second,Chennai,1.62
Mahindra,Scorpio,2022,27871,Diesel,Manual,Second,Bengaluru,10.3
Hyundai,i20,2021,48760,Petrol,Automatic,First,Chennai,5.64
Honda,City,2009,174560,Petrol,Manual,First,Hyderabad,1.52
Toyota,Fortuner,2017,84000,Diesel,Manual,Second,Mumbai,15.29
Toyota,Fortuner,2009,188057,Petrol,Manual,Fourth & above,Hyderabad,3.54
Tata,Punch,2012,208535,Petrol,Manual,Third,Delhi,0.95
Hyundai,Creta,2023,19585,CNG,Automatic,Fourth & above,Jaipur,7.83
Hyundai,Venue,2012,146671,CNG,Manual,First,Hyderabad,1.66
Mahindra,Thar,2024,7074,Petrol,Manual,First,Chennai,13.93
Tata,Altroz,2016,105423,CNG,Manual,First,Ahmedabad,2.24
Maruti Suzuki,Baleno,2023,16415,Petrol,Manual,First,Jaipur,6.14
Toyota,Glanza,2011,156147,Petrol,Manual,First,Hyderabad,1.13
Toyota,Fortuner,2019,65024,Diesel,Manual,First,Mumbai,19.55
Hyundai,i20,2024,10642,Petrol,Manual,Third,Bengaluru,5.92
Hyundai,Venue,2016,101242,Petrol,Automatic,Second,Hyderabad,3.02
Toyota,Glanza,2015,127328,Petrol,Manual,First,Ahmedabad,1.85
Hyundai,Venue,2014,142363,Petrol,Manual,First,Kolkata,1.9
Tata,Harrier,2020,80500,Diesel,Manual,Second,Kolkata,9.16
Tata,Altroz,2009,174176,Petrol,Manual,First,Mumbai,1.04
Tata,Altroz,2011,168502,Diesel,Manual,First,Mumbai,1.2
Maruti Suzuki,Baleno,2016,132891,Petrol,Automatic,First,Chennai,2.45
Honda,Amaze,2022,26384,Petrol,Automatic,First,Kochi,5.62
Hyundai,Creta,2016,83998,Petrol,Manual,First,Pune,4.46
Tata,Altroz,2023,23376,Diesel,Manual,First,Mumbai,6.71
Kia,Sonet,2013,159806,Petrol,Automatic,Second,Ahmedabad,1.63
Toyota,Fortuner,2011,144569,Petrol,Manual,First,Delhi,6.65
Mahindra,Scorpio,2019,42986,Petrol,Manual,Second,Hyderabad,5.95
Mahindra,XUV700,2016,136866,Diesel,Manual,First,Pune,4.91
Honda,City,2015,104646,Diesel,Manual,First,Hyderabad,3.1
Maruti Suzuki,Swift,2013,122418,Petrol,Automatic,First,Pune,1.44
Kia,Sonet,2009,188824,Diesel,Manual,Fourth & above,Kolkata,0.77
Hyundai,Creta,2018,69852,Diesel,Automatic,First,Delhi,6.14
Toyota,Fortuner,2018,72134,Petrol,Manual,First,Delhi,15.61
Maruti Suzuki,Swift,2015,116881,Petrol,Manual,Fourth & above,Ahmedabad,1.29
Toyota,Glanza,2014,98898,CNG,Automatic,First,Kolkata,2.01
Kia,Seltos,2020,73772,Diesel,Manual,First,Kolkata,7.0
Kia,Sonet,2009,168520,Petrol,Automatic,Second,Kolkata,1.11
Toyota,Glanza,2017,87937,Petrol,Automatic,Second,Kolkata,2.68
Toyota,Fortuner,2013,112920,Diesel,Manual,First,Kolkata,7.83
Mahindra,XUV700,2015,102668,Petrol,Automatic,First,Kochi,5.35
Renault,Kwid,2015,104001,CNG,Manual,Second,Kochi,1.12
Hyundai,i20,2024,22438,Petrol,Manual,First,Ahmedabad,6.95
Toyota,Glanza,2009,166078,Petrol,Manual,Second,Kochi,0.88
Kia,Seltos,2020,71987,Diesel,Manual,First,Chennai,6.63
Kia,Sonet,2024,16672,Petrol,Automatic,Third,Kochi,7.5
Mahindra,XUV700,2024,12290,Petrol,Manual,First,Hyderabad,17.5
Tata,Altroz,2019,88262,Diesel,Manual,Second,Hyderabad,3.52
Maruti Suzuki,Baleno,2022,24957,Petrol,Manual,First,Jaipur,5.07
Maruti Suzuki,Alto K10,2016,102531,Petrol,Manual,First,Pune,1.44
Honda,Amaze,2018,75367,CNG,Manual,First,Bengaluru,3.27
Tata,Nexon,2015,125395,Petrol,Manual,Second,Hyderabad,2.37
Maruti Suzuki,Ertiga,2014,77616,Diesel,Manual,First,Hyderabad,2.65
Hyundai,Venue,2016,93305,Petrol,Manual,First,Kolkata,2.72
Hyundai,i20,2009,153528,Petrol,Manual,Second,Jaipur,0.97
Kia,Sonet,2016,118759,Petrol,Manual,Fourth & above,Chennai,2.2
Mahindra,Scorpio,2012,148937,Diesel,Automatic,Second,Jaipur,2.29
Toyota,Glanza,2013,134087,Petrol,Automatic,First,Bengaluru,1.77
Maruti Suzuki,Swift,2024,9706,Petrol,Manual,Third,Ahmedabad,4.59
Renault,Kwid,2021,53463,CNG,Manual,Second,Delhi,2.59
Toyota,Innova Crysta,2022,37449,Diesel,Manual,First,Jaipur,13.94
Honda,City,2009,193891,Diesel,Automatic,First,Delhi,1.46
Hyundai,Verna,2015,130926,Diesel,Automatic,Second,Kochi,2.56
Hyundai,i20,2010,171031,Petrol,Manual,Fourth & above,Delhi,0.89
Hyundai,Creta,2019,44088,Petrol,Manual,First,Chennai,6.53
Hyundai,Creta,2015,132150,CNG,Manual,First,Chennai,3.6
Toyota,Fortuner,2018,60742,Diesel,Manual,First,Pune,17.45
Hyundai,Creta,2009,155310,Diesel,Manual,First,Hyderabad,1.57
Maruti Suzuki,Ertiga,2010,152148,CNG,Automatic,Third,Kochi,1.22
Honda,Amaze,2023,32616,Petrol,Automatic,First,Bengaluru,7.1
Tata,Altroz,2010,207515,Petrol,Manual,First,Ahmedabad,0.97
Toyota,Innova Crysta,2013,150874,Diesel,Manual,Second,Bengaluru,3.83
Tata,Harrier,2020,55305,Petrol,Manual,Second,Ahmedabad,8.29
Maruti Suzuki,Swift,2019,75233,Petrol,Manual,First,Mumbai,2.95
Mahindra,Bolero,2015,93054,Petrol,Manual,Second,Chennai,2.54
Maruti Suzuki,Ertiga,2021,52514,Petrol,Automatic,First,Ahmedabad,5.41
Honda,City,2024,12665,CNG,Manual,Second,Mumbai,9.06
Hyundai,Verna,2022,33403,Diesel,Automatic,First,Pune,8.53
Tata,Harrier,2023,19165,Petrol,Automatic,Third,Mumbai,12.63
Mahindra,Thar,2015,90711,Diesel,Manual,Second,Jaipur,3.31
Maruti Suzuki,Alto K10,2018,88636,Petrol,Manual,First,Ahmedabad,1.74
Hyundai,Venue,2017,94891,Petrol,Automatic,Second,Delhi,3.41
Mahindra,Thar,2010,216868,Petrol,Automatic,Third,Jaipur,1.69
Hyundai,Verna,2025,10252,Petrol,Manual,Second,Mumbai,11.05
Mahindra,Scorpio,2020,71640,Petrol,Manual,First,Delhi,6.75
Hyundai,Venue,2010,132911,CNG,Manual,Second,Ahmedabad,1.16
Maruti Suzuki,Ertiga,2019,60931,Petrol,Automatic,First,Kolkata,4.76
Maruti Suzuki,Swift,2012,126936,Petrol,Automatic,First,Chennai,1.46
Hyundai,Venue,2016,105572,Petrol,Manual,Third,Chennai,2.58
Hyundai,Verna,2024,16481,Petrol,Manual,Second,Hyderabad,9.23
Mahindra,Bolero,2021,37566,Diesel,Manual,First,Ahmedabad,5.63
Hyundai,Venue,2019,88923,Diesel,Manual,First,Mumbai,4.8
Kia,Sonet,2025,13210,Petrol,Automatic,Second,Mumbai,9.55
Hyundai,Verna,2013,142655,Diesel,Manual,First,Mumbai,2.25
Toyota,Fortuner,2018,71945,Diesel,Manual,Second,Jaipur,14.8
Hyundai,Creta,2022,37428,Diesel,Manual,First,Chennai,10.0
Toyota,Innova Crysta,2025,14162,Petrol,Automatic,First,Kochi,23.51
Tata,Punch,2025,18955,Petrol,Manual,Third,Jaipur,5.19
Toyota,Innova Crysta,2009,197785,Petrol,Manual,First,Jaipur,2.33
Toyota,Innova Crysta,2011,179000,Diesel,Manual,First,Jaipur,3.03
Renault,Kwid,2022,41810,Petrol,Manual,First,Chennai,3.14
Hyundai,Creta,2021,53133,Petrol,Automatic,First,Kolkata,8.64
Tata,Altroz,2009,154362,CNG,Manual,First,Kochi,0.89
Hyundai,Venue,2014,120844,Petrol,Manual,First,Chennai,2.4
Toyota,Fortuner,2010,170482,Diesel,Manual,First,Kolkata,4.69
Maruti Suzuki,Alto K10,2020,80005,Petrol,Manual,First,Jaipur,1.93
Toyota,Fortuner,2009,213167,Diesel,Manual,First,Mumbai,4.35
Maruti Suzuki,Alto K10,2018,47904,Petrol,Manual,First,Mumbai,1.88
Mahindra,Bolero,2009,151089,Diesel,Manual,Second,Ahmedabad,1.02
Kia,Sonet,2020,72113,CNG,Manual,Second,Kochi,4.35
Toyota,Glanza,2016,132904,Petrol,Automatic,First,Pune,2.26
Renault,Kwid,2022,35324,Petrol,Manual,First,Mumbai,3.56
Honda,City,2014,188729,Petrol,Manual,First,Chennai,2.52
Tata,Punch,2010,186033,Petrol,Automatic,First,Pune,1.1
Mahindra,XUV700,2020,63750,Diesel,Manual,Second,Bengaluru,8.81
Toyota,Innova Crysta,2024,9138,Diesel,Manual,Second,Bengaluru,18.37
Maruti Suzuki,Alto K10,2014,117569,Petrol,Automatic,Second,Ahmedabad,1.05
Hyundai,Venue,2021,26542,Petrol,Automatic,Second,Jaipur,4.89
Mahindra,XUV700,2011,182547,Diesel,Manual,Second,Chennai,2.31
Maruti Suzuki,Brezza,2010,152686,Diesel,Manual,Second,Kolkata,1.13
Tata,Harrier,2018,81236,Petrol,Manual,First,Delhi,7.54
Maruti Suzuki,Swift,2011,196183,Petrol,Automatic,First,Bengaluru,1.11
Tata,Harrier,2020,54444,Petrol,Manual,First,Pune,9.6
Mahindra,XUV700,2016,82259,Diesel,Manual,Second,Delhi,5.23
Maruti Suzuki,Brezza,2017,69662,Petrol,Manual,First,Kolkata,3.39
Hyundai,Creta,2025,9017,Diesel,Automatic,First,Bengaluru,15.58
Mahindra,Thar,2013,163184,Petrol,Manual,First,Hyderabad,3.26
Hyundai,Verna,2011,106635,Diesel,Automatic,Third,Bengaluru,1.87
Hyundai,Creta,2018,72378,Petrol,Automatic,First,Mumbai,5.53
Toyota,Innova Crysta,2011,135959,Diesel,Manual,First,Bengaluru,3.41
Kia,Sonet,2015,141271,Diesel,Manual,Second,Chennai,2.26
Maruti Suzuki,Swift,2015,135484,Petrol,Manual,First,Ahmedabad,1.46
Renault,Kwid,2025,19123,Petrol,Manual,First,Hyderabad,4.73
Hyundai,i20,2021,71616,Diesel,Automatic,First,Chennai,5.74
Toyota,Innova Crysta,2017,71565,Petrol,Automatic,First,Bengaluru,8.29
Hyundai,Creta,2012,153333,Petrol,Manual,Fourth & above,Kochi,1.88
Renault,Kwid,2023,21432,Petrol,Automatic,First,Kochi,4.13
Renault,Kwid,2013,124108,Petrol,Automatic,First,Ahmedabad,1.05
Toyota,Innova Crysta,2024,10983,Petrol,Manual,First,Chennai,21.82
Toyota,Glanza,2013,129318,CNG,Manual,Second,Delhi,1.41
Tata,Punch,2016,119814,Petrol,Automatic,Third,Mumbai,2.01
Tata,Punch,2018,75904,Petrol,Manual,First,Delhi,2.96
Tata,Altroz,2010,158059,Petrol,Manual,First,Kolkata,1.11
Kia,Seltos,2016,122900,CNG,Manual,First,Jaipur,3.63
Mahindra,Scorpio,2014,136157,Diesel,Manual,Second,Pune,2.79
Hyundai,Venue,2024,20176,Petrol,Automatic,First,Kochi,8.48
Honda,Amaze,2011,201565,Petrol,Automatic,First,Bengaluru,1.23
Hyundai,Venue,2025,7885,Diesel,Manual,First,Delhi,10.52
Honda,City,2025,7581,Petrol,Manual,First,Kochi,12.0
Hyundai,Verna,2024,9933,Diesel,Manual,First,Kochi,10.9
Mahindra,XUV700,2022,44163,Petrol,Manual,First,Ahmedabad,12.37
Maruti Suzuki,Ertiga,2016,87949,Diesel,Manual,First,Kolkata,2.98
Maruti Suzuki,Swift,2015,113368,Petrol,Manual,First,Jaipur,1.9
Hyundai,Creta,2025,17301,Petrol,Manual,Second,Mumbai,11.13
Maruti Suzuki,Baleno,2020,67464,Petrol,Automatic,First,Pune,4.06
Tata,Altroz,2009,208277,CNG,Automatic,First,Pune,0.87
Maruti Suzuki,Ertiga,2024,12062,Diesel,Manual,First,Kochi,9.27
Honda,City,2017,85106,Diesel,Manual,Fourth & above,Bengaluru,3.38
Toyota,Innova Crysta,2019,66045,Petrol,Manual,Third,Kolkata,8.14
Kia,Seltos,2020,69682,Petrol,Automatic,First,Hyderabad,7.58
Maruti Suzuki,Alto K10,2016,108878,Petrol,Automatic,First,Ahmedabad,1.33
Tata,Harrier,2017,112312,Petrol,Manual,First,Bengaluru,5.88
Mahindra,XUV700,2017,97549,Diesel,Manual,Second,Mumbai,6.55
Tata,Altroz,2012,143868,Petrol,Automatic,First,Pune,1.38
Mahindra,XUV700,2020,62565,Diesel,Automatic,Third,Delhi,8.84
Mahindra,Bolero,2012,188686,Petrol,Manual,Second,Jaipur,1.41
Toyota,Fortuner,2015,129967,Petrol,Manual,Second,Kolkata,8.85
Toyota,Fortuner,2019,47725,Diesel,Manual,First,Ahmedabad,18.1
Hyundai,Verna,2018,71563,Petrol,Automatic,Second,Hyderabad,4.27
Toyota,Fortuner,2017,92027,Petrol,Manual,Second,Hyderabad,12.86
Renault,Kwid,2010,196616,Petrol,Automatic,Second,Jaipur,0.58
Tata,Harrier,2017,74564,Petrol,Manual,Third,Bengaluru,5.82
Hyundai,Creta,2010,162901,Diesel,Manual,First,Kolkata,1.62
Maruti Suzuki,Brezza,2023,22321,Diesel,Automatic,First,Delhi,8.44
Tata,Altroz,2017,97820,CNG,Manual,First,Bengaluru,2.82
Mahindra,Bolero,2020,44442,Diesel,Manual,First,Mumbai,5.85
Kia,Seltos,2009,193724,Petrol,Manual,Second,Ahmedabad,1.4
Maruti Suzuki,Alto K10,2013,75214,CNG,Manual,First,Jaipur,0.95
Tata,Altroz,2017,99989,Diesel,Manual,First,Chennai,3.07
Hyundai,Verna,2013,150853,CNG,Manual,First,Hyderabad,2.05
Hyundai,Verna,2014,74638,Petrol,Manual,First,Delhi,3.22
Maruti Suzuki,Alto K10,2020,47413,CNG,Manual,First,Hyderabad,2.26
Toyota,Innova Crysta,2013,130175,Petrol,Automatic,First,Chennai,4.98
Hyundai,i20,2014,102157,CNG,Manual,First,Chennai,2.03
Toyota,Glanza,2012,178833,Petrol,Automatic,First,Bengaluru,1.54
Mahindra,Thar,2019,37960,Petrol,Automatic,Second,Delhi,7.32
Mahindra,Bolero,2018,50616,Diesel,Automatic,First,Kolkata,4.43
Tata,Harrier,2021,53687,Diesel,Automatic,Second,Hyderabad,10.7
Honda,City,2018,71610,Petrol,Automatic,First,Chennai,5.17
Kia,Seltos,2009,214594,CNG,Automatic,First,Chennai,1.63
Tata,Harrier,2017,90619,Petrol,Manual,Second,Bengaluru,5.39
Honda,City,2010,156309,Petrol,Manual,First,Chennai,1.75
Toyota,Innova Crysta,2015,115353,Petrol,Manual,First,Delhi,5.42
Mahindra,Thar,2019,45204,Diesel,Manual,First,Pune,7.52
Mahindra,Thar,2024,19118,Diesel,Manual,First,Chennai,13.66
Tata,Punch,2010,153312,Petrol,Manual,First,Ahmedabad,1.05
Maruti Suzuki,Brezza,2023,34600,Diesel,Manual,Second,Kolkata,6.35
Mahindra,Thar,2019,79566,Diesel,Automatic,First,Mumbai,7.45
Maruti Suzuki,Ertiga,2019,55623,Diesel,Automatic,Second,Ahmedabad,5.36
Mahindra,XUV700,2011,190429,Diesel,Manual,Second,Hyderabad,2.19
Maruti Suzuki,Brezza,2013,159534,Petrol,Manual,Second,Bengaluru,1.65
Hyundai,Venue,2009,156801,Petrol,Manual,First,Kochi,1.22
Tata,Altroz,2017,100162,Diesel,Manual,Fourth & above,Mumbai,2.3
Hyundai,Verna,2013,126914,Petrol,Manual,First,Kolkata,2.39
Maruti Suzuki,Brezza,2015,94642,Diesel,Manual,First,Ahmedabad,2.41
Mahindra,XUV700,2020,50430,Diesel,Manual,First,Bengaluru,10.65
Renault,Kwid,2015,105477,CNG,Manual,First,Mumbai,1.3
Tata,Punch,2012,113144,Petrol,Manual,Third,Ahmedabad,1.28
Maruti Suzuki,Baleno,2019,62812,Petrol,Manual,First,Ahmedabad,3.01
Kia,Seltos,2021,43468,Petrol,Automatic,First,Jaipur,8.16
Honda,City,2021,19088,Diesel,Manual,First,Delhi,8.63
Maruti Suzuki,Brezza,2018,82137,Petrol,Manual,First,Hyderabad,3.78
Toyota,Innova Crysta,2022,33499,Diesel,Automatic,First,Delhi,16.27
Maruti Suzuki,Baleno,2017,82151,Petrol,Manual,First,Jaipur,2.5
Mahindra,Thar,2014,105931,Petrol,Automatic,First,Pune,3.82
Maruti Suzuki,Ertiga,2018,91339,Petrol,Manual,First,Kochi,4.03
Maruti Suzuki,Alto K10,2009,176342,Petrol,Manual,First,Hyderabad,0.54
Maruti Suzuki,Alto K10,2012,135258,Petrol,Manual,First,Ahmedabad,0.76
Maruti Suzuki,Swift,2015,126374,Petrol,Manual,First,Bengaluru,1.76
Mahindra,Scorpio,2011,182581,Petrol,Manual,Fourth & above,Hyderabad,1.62
Hyundai,i20,2016,102346,Petrol,Automatic,Second,Chennai,2.71
Kia,Sonet,2022,38541,Petrol,Manual,Second,Hyderabad,6.13
Mahindra,Thar,2024,17355,Petrol,Manual,First,Pune,12.8
Mahindra,Scorpio,2015,145511,Petrol,Manual,Third,Mumbai,2.96
Hyundai,Venue,2020,63261,Petrol,Automatic,Second,Jaipur,4.85
Mahindra,Scorpio,2021,41399,Diesel,Automatic,First,Hyderabad,9.58
Maruti Suzuki,Baleno,2022,29269,Petrol,Manual,First,Mumbai,5.48
Hyundai,Venue,2017,116831,Petrol,Manual,Second,Ahmedabad,2.62
Maruti Suzuki,Baleno,2014,119759,CNG,Automatic,First,Kochi,1.8
Kia,Seltos,2020,66866,CNG,Manual,Second,Delhi,6.0
Toyota,Fortuner,2010,206534,Petrol,Automatic,Third,Ahmedabad,4.29
Maruti Suzuki,Brezza,2015,98696,Petrol,Manual,First,Ahmedabad,2.65
Kia,Seltos,2018,66198,Petrol,Manual,First,Ahmedabad,5.25
Honda,Amaze,2010,174848,Petrol,Manual,First,Kolkata,1.05
Toyota,Glanza,2022,42922,Petrol,Manual,First,Kolkata,5.24
Tata,Harrier,2014,107020,Diesel,Manual,Third,Jaipur,3.34
Maruti Suzuki,Alto K10,2018,131906,Petrol,Manual,First,Pune,1.7
Hyundai,i20,2016,80903,Diesel,Manual,First,Chennai,2.42
Hyundai,Creta,2019,60910,Petrol,Manual,First,Chennai,6.12
Kia,Sonet,2018,79013,Petrol,Automatic,Third,Kochi,3.19
Toyota,Innova Crysta,2015,164376,Diesel,Automatic,First,Kochi,5.8
Maruti Suzuki,Swift,2024,11416,Petrol,Automatic,Second,Chennai,5.52
Mahindra,XUV700,2019,68619,Diesel,Manual,First,Bengaluru,9.8
Tata,Nexon,2014,129732,Petrol,Automatic,First,Ahmedabad,2.65
Maruti Suzuki,Ertiga,2020,51922,Diesel,Manual,Second,Bengaluru,5.71
Mahindra,XUV700,2019,99537,Diesel,Manual,First,Pune,9.45
Hyundai,i20,2013,154732,Petrol,Manual,First,Jaipur,1.61
Tata,Punch,2016,115281,Petrol,Manual,First,Ahmedabad,2.06
Kia,Sonet,2019,65889,CNG,Manual,First,Chennai,4.09
Maruti Suzuki,Brezza,2015,94769,CNG,Automatic,First,Delhi,2.76
Maruti Suzuki,Ertiga,2009,178644,Petrol,Manual,First,Bengaluru,1.27
Toyota,Innova Crysta,2021,65935,Petrol,Manual,Second,Bengaluru,12.07
Hyundai,i20,2017,122916,Diesel,Manual,First,Delhi,2.85
Kia,Sonet,2010,147810,Diesel,Manual,First,Kolkata,1.21
Toyota,Fortuner,2010,183199,Diesel,Manual,First,Hyderabad,4.95
Tata,Punch,2010,143004,Petrol,Automatic,Second,Hyderabad,1.2
Hyundai,Creta,2023,13194,Petrol,Automatic,First,Hyderabad,11.53
Hyundai,i20,2021,25925,Diesel,Automatic,Second,Kolkata,5.47
Maruti Suzuki,Ertiga,2019,75487,Petrol,Automatic,Second,Hyderabad,4.94
Tata,Altroz,2011,146241,Petrol,Manual,Second,Bengaluru,1.18
Maruti Suzuki,Baleno,2019,85770,Petrol,Manual,Third,Ahmedabad,2.75
Maruti Suzuki,Brezza,2025,18316,Petrol,Automatic,First,Bengaluru,10.45
Tata,Punch,2018,48200,Petrol,Automatic,First,Delhi,3.34
Kia,Sonet,2017,88484,Petrol,Manual,First,Kochi,3.5
Maruti Suzuki,Brezza,2022,40951,CNG,Manual,First,Kochi,5.73
Hyundai,Creta,2023,24904,Diesel,Manual,First,Jaipur,11.14
Mahindra,XUV700,2020,66781,Diesel,Manual,Second,Mumbai,9.9
Renault,Kwid,2016,133219,CNG,Manual,First,Mumbai,1.58
Mahindra,XUV700,2023,34833,Petrol,Manual,First,Ahmedabad,13.27
Honda,City,2025,27167,Petrol,Automatic,Second,Delhi,11.65
Toyota,Innova Crysta,2018,84761,Diesel,Manual,First,Jaipur,9.57
Renault,Kwid,2011,204346,Petrol,Manual,First,Kochi,0.68
Maruti Suzuki,Brezza,2015,105043,Diesel,Automatic,First,Ahmedabad,2.38
Maruti Suzuki,Ertiga,2009,209193,Diesel,Manual,First,Kolkata,1.03
Maruti Suzuki,Ertiga,2009,186637,Petrol,Manual,First,Hyderabad,1.21
Mahindra,Scorpio,2017,84133,Petrol,Manual,Third,Jaipur,4.21
Mahindra,XUV700,2019,81144,Petrol,Manual,Second,Kochi,8.08
Mahindra,Scorpio,2011,194677,Petrol,Manual,Third,Ahmedabad,1.7
Maruti Suzuki,Alto K10,2011,165125,Petrol,Manual,First,Bengaluru,0.72
Mahindra,Scorpio,2013,152793,Diesel,Automatic,First,Jaipur,2.68
Toyota,Glanza,2014,124209,Petrol,Automatic,First,Kochi,2.0
Maruti Suzuki,Alto K10,2010,144343,CNG,Manual,Second,Jaipur,0.52
Tata,Nexon,2021,45797,Petrol,Manual,First,Bengaluru,5.94
Hyundai,i20,2021,42210,Petrol,Manual,First,Kolkata,4.92
Mahindra,Thar,2013,121864,Petrol,Manual,Second,Kochi,3.03
Maruti Suzuki,Ertiga,2021,47928,CNG,Automatic,First,Kochi,6.38
Mahindra,Scorpio,2012,158469,Petrol,Manual,Second,Kochi,2.42
Maruti Suzuki,Brezza,2014,119406,Petrol,Manual,Second,Ahmedabad,2.27
Mahindra,XUV700,2021,48579,Diesel,Manual,First,Mumbai,13.7
Mahindra,Scorpio,2010,187935,Diesel,Manual,Second,Delhi,1.62
Hyundai,Creta,2013,124034,Petrol,Manual,First,Pune,2.9
Kia,Sonet,2015,94602,Petrol,Manual,Fourth & above,Bengaluru,2.14
Maruti Suzuki,Ertiga,2013,137522,CNG,Manual,First,Pune,1.93
Hyundai,Creta,2014,111806,Diesel,Automatic,First,Delhi,3.52
Mahindra,XUV700,2010,152755,Diesel,Manual,First,Chennai,2.7
Tata,Harrier,2019,71185,Petrol,Manual,Second,Kochi,6.92
Honda,Amaze,2016,101889,Petrol,Manual,First,Hyderabad,2.39
Mahindra,XUV700,2018,70927,Diesel,Automatic,First,Pune,8.53
Mahindra,Scorpio,2014,142015,Diesel,Manual,Second,Pune,2.96
Toyota,Glanza,2015,158468,Petrol,Manual,Second,Bengaluru,1.73
Kia,Seltos,2010,172981,Petrol,Automatic,Second,Jaipur,1.7
Kia,Sonet,2016,119625,Diesel,Automatic,First,Kochi,2.63
Kia,Sonet,2012,130399,Petrol,Manual,First,Hyderabad,1.86
Kia,Sonet,2015,118140,CNG,Manual,First,Chennai,2.66
Toyota,Fortuner,2015,73464,Diesel,Manual,Second,Mumbai,11.09
Hyundai,Verna,2009,141467,CNG,Manual,First,Ahmedabad,1.45
Tata,Nexon,2018,106480,Petrol,Manual,First,Hyderabad,3.87
Maruti Suzuki,Baleno,2020,64271,Petrol,Manual,First,Kochi,3.62
Toyota,Innova Crysta,2012,138329,Petrol,Manual,Third,Chennai,3.01
Toyota,Fortuner,2011,144709,Petrol,Automatic,Second,Hyderabad,5.97
Maruti Suzuki,Baleno,2016,88700,Petrol,Manual,First,Pune,2.24
Maruti Suzuki,Brezza,2016,103858,CNG,Manual,First,Delhi,2.73
Hyundai,Verna,2009,198270,Petrol,Automatic,First,Bengaluru,1.54
Tata,Altroz,2023,19225,Diesel,Automatic,First,Kolkata,6.87
Tata,Harrier,2025,8536,Petrol,Manual,First,Jaipur,17.72
Mahindra,Scorpio,2015,86121,Petrol,Manual,Second,Kolkata,3.75
Tata,Harrier,2020,71327,Petrol,Manual,Third,Ahmedabad,7.01
Kia,Sonet,2025,13589,Petrol,Automatic,Second,Kochi,9.06
Renault,Kwid,2009,165612,Petrol,Manual,First,Jaipur,0.6
Mahindra,Thar,2025,21604,Diesel,Manual,First,Mumbai,16.15
Mahindra,Thar,2019,57092,Diesel,Manual,First,Chennai,7.38
Tata,Altroz,2010,228509,Petrol,Manual,First,Pune,1.01
Tata,Altroz,2012,184986,CNG,Automatic,First,Mumbai,1.34
Honda,City,2020,51032,Petrol,Manual,First,Mumbai,6.33
Hyundai,Verna,2020,51396,Diesel,Manual,Second,Ahmedabad,5.66
Toyota,Glanza,2012,146344,Petrol,Manual,First,Bengaluru,1.52
Maruti Suzuki,Baleno,2023,23499,Petrol,Manual,First,Chennai,5.97
Maruti Suzuki,Swift,2010,167196,Petrol,Automatic,Second,Delhi,0.91
Toyota,Innova Crysta,2015,131817,Petrol,Manual,First,Delhi,5.6
Maruti Suzuki,Ertiga,2019,76476,Petrol,Manual,Fourth & above,Jaipur,3.17
Mahindra,Scorpio,2020,58144,Diesel,Automatic,First,Ahmedabad,8.04
Maruti Suzuki,Alto K10,2009,182865,Petrol,Manual,First,Pune,0.51
Maruti Suzuki,Brezza,2014,152691,Petrol,Manual,Third,Jaipur,1.72
Tata,Nexon,2011,153064,Diesel,Manual,First,Mumbai,1.73
Kia,Seltos,2012,122006,Diesel,Automatic,Second,Kochi,2.31
Tata,Punch,2025,7276,Petrol,Manual,First,Kochi,6.78
Tata,Nexon,2015,88337,Petrol,Manual,First,Jaipur,2.81
Honda,City,2012,162426,Diesel,Automatic,Third,Ahmedabad,1.64
Hyundai,Creta,2021,70406,Diesel,Manual,First,Ahmedabad,7.72
Toyota,Innova Crysta,2021,35999,Diesel,Manual,First,Kochi,14.45
Hyundai,Verna,2013,132654,Petrol,Manual,First,Kochi,2.33
Renault,Kwid,2013,126148,Petrol,Automatic,First,Delhi,1.09
Maruti Suzuki,Baleno,2022,30539,CNG,Manual,First,Jaipur,4.87
Honda,City,2021,74420,Diesel,Manual,First,Jaipur,6.98
Tata,Nexon,2018,67501,CNG,Manual,First,Delhi,4.51
Tata,Nexon,2016,121102,Petrol,Automatic,First,Ahmedabad,3.22
Hyundai,Venue,2021,51206,Petrol,Manual,Third,Chennai,4.57
Honda,Amaze,2022,27509,Petrol,Manual,Second,Mumbai,5.24
Tata,Punch,2018,90010,CNG,Manual,Second,Kolkata,2.49
Toyota,Glanza,2019,60163,Petrol,Manual,Third,Chennai,2.93
Honda,City,2021,39057,Diesel,Manual,First,Delhi,7.06
Maruti Suzuki,Baleno,2014,138780,Petrol,Manual,Second,Delhi,1.65
Hyundai,Creta,2014,139533,Petrol,Manual,First,Ahmedabad,3.08
Hyundai,Venue,2010,173188,Diesel,Manual,First,Ahmedabad,1.19
Mahindra,XUV700,2023,26364,Petrol,Manual,Second,Kochi,13.57
Tata,Altroz,2012,154389,Diesel,Manual,First,Hyderabad,1.29
Tata,Nexon,2016,101044,Petrol,Manual,First,Ahmedabad,3.06
Maruti Suzuki,Swift,2011,186278,Petrol,Manual,Third,Ahmedabad,0.8
Maruti Suzuki,Brezza,2011,141948,Diesel,Automatic,First,Delhi,1.42
Renault,Kwid,2011,171712,Petrol,Manual,First,Delhi,0.76
Toyota,Glanza,2015,106640,Petrol,Automatic,Second,Chennai,2.26
Hyundai,i20,2024,11533,Petrol,Manual,First,Chennai,7.6
Tata,Harrier,2016,118196,Petrol,Manual,First,Kolkata,4.7
Mahindra,Thar,2010,173168,Diesel,Automatic,Second,Delhi,1.84
Maruti Suzuki,Ertiga,2012,149786,Petrol,Manual,Second,Hyderabad,1.79
Mahindra,Bolero,2023,8351,Petrol,Automatic,First,Mumbai,8.73
Hyundai,Venue,2010,181766,Petrol,Manual,Second,Chennai,1.07
Maruti Suzuki,Baleno,2013,98079,Petrol,Manual,First,Mumbai,1.62
Kia,Sonet,2015,128643,CNG,Manual,First,Kochi,2.34
Kia,Seltos,2019,81276,Diesel,Manual,First,Chennai,6.63
Tata,Altroz,2016,72953,Petrol,Automatic,First,Chennai,2.74
Maruti Suzuki,Brezza,2019,74110,Diesel,Manual,First,Ahmedabad,4.37
Toyota,Glanza,2025,19078,Petrol,Automatic,Third,Chennai,6.66
Hyundai,i20,2020,56351,Petrol,Automatic,Second,Chennai,4.4
Maruti Suzuki,Alto K10,2021,41325,Petrol,Manual,Second,Ahmedabad,2.22
Tata,Punch,2021,66866,Petrol,Automatic,First,Mumbai,4.29
Tata,Altroz,2014,110067,Diesel,Manual,First,Mumbai,1.83
Mahindra,XUV700,2010,147324,Diesel,Manual,First,Jaipur,2.38
Toyota,Glanza,2017,78296,Petrol,Manual,First,Kolkata,2.67
Toyota,Innova Crysta,2022,38243,Diesel,Manual,First,Pune,14.97
Maruti Suzuki,Brezza,2014,147310,Petrol,Automatic,First,Ahmedabad,2.2
Kia,Seltos,2025,18895,Petrol,Manual,Second,Jaipur,10.68
Kia,Seltos,2010,159969,CNG,Manual,First,Delhi,1.72
Maruti Suzuki,Alto K10,2015,125762,Petrol,Manual,First,Pune,1.14
Maruti Suzuki,Brezza,2014,92669,Petrol,Automatic,First,Kolkata,2.4
Tata,Nexon,2010,172446,Diesel,Manual,First,Delhi,1.21
Kia,Sonet,2020,66581,Petrol,Automatic,First,Hyderabad,5.9
Tata,Harrier,2023,35108,Petrol,Automatic,First,Hyderabad,14.72
Toyota,Glanza,2009,166386,Petrol,Manual,Third,Pune,0.83
Honda,Amaze,2009,170806,Petrol,Automatic,First,Pune,1.04
Toyota,Fortuner,2021,53579,Diesel,Manual,Second,Bengaluru,22.44
Kia,Sonet,2023,22110,Petrol,Manual,Third,Pune,6.24
Maruti Suzuki,Brezza,2025,18511,Diesel,Manual,First,Pune,9.33
Renault,Kwid,2019,65839,Petrol,Manual,First,Delhi,2.05
Maruti Suzuki,Alto K10,2023,26454,Petrol,Manual,Second,Ahmedabad,2.91
Tata,Harrier,2010,165644,CNG,Manual,First,Chennai,2.48
Honda,City,2012,159186,CNG,Automatic,Second,Bengaluru,2.02
Kia,Seltos,2011,182691,Diesel,Manual,First,Kolkata,1.65
Tata,Nexon,2016,101529,CNG,Manual,First,Bengaluru,3.27
Maruti Suzuki,Brezza,2022,38337,Petrol,Automatic,Second,Pune,6.08
Toyota,Fortuner,2010,171117,Diesel,Automatic,First,Mumbai,5.98
Maruti Suzuki,Brezza,2019,82713,Petrol,Manual,Second,Kolkata,3.86
Kia,Seltos,2010,194099,Petrol,Manual,First,Hyderabad,1.7
Mahindra,Scorpio,2011,125329,Petrol,Automatic,Second,Kochi,2.32
Hyundai,Creta,2009,199505,Petrol,Manual,First,Pune,1.65
Toyota,Glanza,2012,120337,Petrol,Manual,First,Chennai,1.62
Maruti Suzuki,Swift,2015,115431,Petrol,Manual,Second,Pune,1.45
Honda,Amaze,2015,105203,Petrol,Manual,First,Delhi,2.18
Toyota,Innova Crysta,2019,66801,Petrol,Manual,Third,Delhi,8.36
Maruti Suzuki,Swift,2024,10580,CNG,Automatic,Second,Mumbai,5.7
Toyota,Glanza,2009,154456,Petrol,Manual,First,Delhi,1.01
Maruti Suzuki,Swift,2024,23832,Petrol,Manual,First,Jaipur,5.19
Maruti Suzuki,Ertiga,2010,138562,Diesel,Manual,Second,Chennai,1.24
Toyota,Glanza,2024,9394,CNG,Manual,First,Bengaluru,7.61
Toyota,Glanza,2014,133963,Petrol,Manual,Second,Ahmedabad,1.59
Tata,Punch,2016,84230,Petrol,Manual,Second,Ahmedabad,2.05
Renault,Kwid,2013,131314,Petrol,Manual,First,Kochi,0.99
Maruti Suzuki,Ertiga,2011,159178,Petrol,Automatic,First,Chennai,1.68
Hyundai,i20,2011,146588,CNG,Manual,Second,Mumbai,1.17
Maruti Suzuki,Baleno,2011,194243,Petrol,Automatic,Second,Pune,1.2
Mahindra,Bolero,2009,141196,Diesel,Manual,First,Pune,1.25
Honda,City,2013,133089,Diesel,Automatic,Fourth & above,Ahmedabad,1.76
Mahindra,Bolero,2022,27086,Diesel,Manual,First,Ahmedabad,6.61
Renault,Kwid,2024,14067,Petrol,Manual,First,Mumbai,4.31
Hyundai,Creta,2014,107669,CNG,Manual,First,Kolkata,3.0
Tata,Nexon,2013,172805,Petrol,Automatic,First,Pune,2.27
Tata,Nexon,2012,138814,Petrol,Automatic,Second,Jaipur,1.62
Kia,Sonet,2022,48445,Petrol,Manual,First,Bengaluru,6.78
Mahindra,XUV700,2021,34404,Diesel,Manual,First,Pune,12.5
Maruti Suzuki,Brezza,2012,109625,Diesel,Manual,Third,Bengaluru,1.65
Tata,Harrier,2012,169739,CNG,Manual,Second,Kolkata,2.56
Toyota,Innova Crysta,2017,93486,Petrol,Manual,Second,Ahmedabad,6.61
Toyota,Innova Crysta,2023,22383,Petrol,Automatic,Second,Kolkata,15.92
Toyota,Glanza,2025,16222,Petrol,Automatic,Second,Kochi,8.05
Maruti Suzuki,Brezza,2016,64018,Petrol,Automatic,Second,Kochi,2.98
Hyundai,Verna,2009,179481,Diesel,Manual,Second,Delhi,1.19
Hyundai,Venue,2024,12219,Petrol,Manual,First,Jaipur,7.53
Maruti Suzuki,Baleno,2019,59766,CNG,Manual,First,Mumbai,3.51
Toyota,Fortuner,2009,161995,Petrol,Manual,First,Mumbai,5.17
Maruti Suzuki,Baleno,2021,38858,Petrol,Manual,Second,Jaipur,3.72
Tata,Punch,2021,62219,Petrol,Manual,First,Pune,4.26
Tata,Nexon,2015,123420,Diesel,Manual,First,Kolkata,2.53
Kia,Seltos,2021,35041,Petrol,Manual,First,Kolkata,7.25
Maruti Suzuki,Alto K10,2025,10728,Petrol,Manual,First,Mumbai,4.42
Tata,Altroz,2014,120564,CNG,Manual,Second,Kolkata,1.49
Hyundai,i20,2022,41085,Petrol,Automatic,First,Delhi,6.09
Maruti Suzuki,Ertiga,2023,21582,CNG,Automatic,Second,Ahmedabad,7.12
Maruti Suzuki,Alto K10,2023,21903,Petrol,Manual,First,Mumbai,3.64
Maruti Suzuki,Ertiga,2015,66020,Petrol,Manual,First,Delhi,3.05
Maruti Suzuki,Baleno,2023,20899,Petrol,Manual,First,Hyderabad,5.8
Maruti Suzuki,Brezza,2011,179456,Petrol,Manual,First,Kochi,1.33
Tata,Altroz,2025,14536,CNG,Manual,First,Bengaluru,7.71
Maruti Suzuki,Swift,2019,100103,CNG,Manual,Second,Kolkata,2.39
Mahindra,XUV700,2014,103760,Petrol,Manual,Second,Pune,4.21
Kia,Seltos,2015,130012,Petrol,Manual,Second,Ahmedabad,3.02
Mahindra,Thar,2013,102102,Petrol,Manual,Second,Jaipur,2.92
Mahindra,Bolero,2017,64650,Diesel,Manual,First,Pune,4.57
Toyota,Fortuner,2019,58053,Diesel,Automatic,First,Jaipur,19.97
Honda,Amaze,2011,147113,CNG,Manual,First,Jaipur,1.17
Hyundai,Verna,2009,151138,Diesel,Manual,Fourth & above,Bengaluru,0.95
Honda,City,2018,67096,Diesel,Automatic,First,Chennai,5.76
Hyundai,Creta,2012,135359,Diesel,Manual,Third,Jaipur,1.97
Honda,Amaze,2017,69897,Petrol,Manual,First,Kolkata,2.82
Tata,Nexon,2023,25198,Petrol,Manual,First,Chennai,7.39
Mahindra,XUV700,2017,79977,Diesel,Manual,Second,Bengaluru,6.69
Mahindra,XUV700,2018,111735,Petrol,Manual,Second,Chennai,6.47
Hyundai,Venue,2014,133804,Diesel,Automatic,First,Pune,2.19
Tata,Punch,2016,88332,Petrol,Manual,First,Hyderabad,2.25
Toyota,Glanza,2024,20372,Petrol,Manual,Third,Jaipur,5.18
Toyota,Glanza,2012,143311,Petrol,Automatic,Third,Kolkata,1.2
Toyota,Innova Crysta,2016,92501,Diesel,Manual,First,Pune,6.64
Tata,Altroz,2024,7510,Petrol,Manual,First,Delhi,6.86
Kia,Seltos,2023,27686,Diesel,Manual,First,Mumbai,10.92
Hyundai,Venue,2018,103422,Petrol,Manual,First,Hyderabad,3.71
Tata,Punch,2013,110110,Petrol,Manual,First,Hyderabad,1.56
Toyota,Fortuner,2021,51458,Diesel,Manual,First,Kochi,24.4
Renault,Kwid,2024,17412,Petrol,Manual,First,Bengaluru,4.46
Toyota,Innova Crysta,2010,122429,Petrol,Manual,Fourth & above,Delhi,2.64
Honda,City,2019,101287,Petrol,Manual,First,Chennai,4.98
Renault,Kwid,2019,69214,Petrol,Manual,First,Pune,2.33
Honda,Amaze,2023,36951,Petrol,Automatic,Second,Chennai,6.48
Mahindra,XUV700,2018,113620,Petrol,Automatic,First,Pune,7.04
Maruti Suzuki,Ertiga,2016,101505,Petrol,Manual,First,Hyderabad,3.42
Hyundai,i20,2018,88775,Diesel,Automatic,First,Mumbai,4.13
Renault,Kwid,2023,16162,Petrol,Automatic,First,Kochi,3.77
Hyundai,Verna,2022,45023,Petrol,Manual,First,Chennai,7.79
Toyota,Fortuner,2024,21007,Petrol,Manual,Second,Delhi,28.12
Mahindra,Bolero,2023,30068,Petrol,Manual,First,Jaipur,7.38
Kia,Sonet,2017,82413,Diesel,Automatic,Second,Mumbai,3.98
Maruti Suzuki,Ertiga,2014,115913,CNG,Manual,First,Kolkata,2.28
Maruti Suzuki,Baleno,2018,80505,Petrol,Automatic,Second,Hyderabad,3.07
Tata,Altroz,2012,155864,Petrol,Automatic,Fourth & above,Jaipur,1.09
Kia,Seltos,2017,78481,Petrol,Automatic,Second,Jaipur,4.78
Tata,Nexon,2017,71282,Petrol,Manual,First,Jaipur,3.17
Mahindra,XUV700,2017,82995,Diesel,Manual,First,Chennai,6.94
Honda,Amaze,2010,158505,CNG,Automatic,Second,Kochi,1.15
Mahindra,XUV700,2013,114751,Diesel,Automatic,Second,Bengaluru,3.86
Hyundai,Venue,2009,156280,Diesel,Manual,Third,Kolkata,0.97
Mahindra,XUV700,2023,22085,Petrol,Manual,First,Bengaluru,15.18
Hyundai,Verna,2021,38647,CNG,Automatic,First,Bengaluru,7.35
Maruti Suzuki,Swift,2022,35456,Petrol,Manual,First,Bengaluru,4.86
Maruti Suzuki,Swift,2020,66588,Petrol,Manual,First,Bengaluru,3.74
Maruti Suzuki,Ertiga,2013,109715,Diesel,Automatic,First,Jaipur,2.21
Hyundai,Venue,2012,130886,Petrol,Automatic,Third,Hyderabad,1.58
Hyundai,Creta,2023,32810,Petrol,Automatic,First,Bengaluru,11.18
Toyota,Fortuner,2014,144386,Diesel,Manual,Third,Ahmedabad,6.87
Honda,City,2019,76685,Petrol,Automatic,First,Delhi,6.14
Toyota,Fortuner,2022,43411,Diesel,Automatic,Second,Kochi,25.2
Toyota,Fortuner,2021,42154,Diesel,Automatic,First,Pune,25.84
Honda,Amaze,2010,128854,Petrol,Manual,Third,Chennai,1.03
Hyundai,Venue,2013,160903,Petrol,Manual,Second,Delhi,1.74
Mahindra,Thar,2016,82271,Diesel,Manual,First,Mumbai,4.64
Toyota,Fortuner,2014,170831,Diesel,Automatic,Second,Mumbai,7.64
Mahindra,Thar,2010,174875,Petrol,Manual,Second,Jaipur,1.8
Hyundai,Venue,2009,189933,CNG,Automatic,First,Delhi,1.11
Maruti Suzuki,Alto K10,2011,129989,Petrol,Automatic,Second,Ahmedabad,0.68
Hyundai,Verna,2013,116815,Petrol,Manual,First,Ahmedabad,2.57
Maruti Suzuki,Alto K10,2024,14224,CNG,Automatic,First,Kochi,4.09
Maruti Suzuki,Alto K10,2022,36553,Petrol,Manual,Fourth & above,Kolkata,2.32
Tata,Harrier,2015,120526,Petrol,Manual,Second,Delhi,4.18
Tata,Nexon,2021,53273,Diesel,Manual,First,Bengaluru,6.12
Mahindra,XUV700,2014,130763,Diesel,Manual,First,Ahmedabad,4.14
Renault,Kwid,2023,10536,Petrol,Manual,First,Kolkata,3.69
Honda,City,2022,41541,Petrol,Automatic,Second,Kochi,7.95
Mahindra,XUV700,2014,107533,Diesel,Manual,First,Jaipur,4.25
Renault,Kwid,2010,139469,Petrol,Manual,First,Jaipur,0.69
Kia,Seltos,2025,14801,Petrol,Manual,Second,Kochi,11.7
Tata,Punch,2014,152641,Petrol,Manual,First,Pune,1.75
Maruti Suzuki,Alto K10,2022,50908,Petrol,Manual,Second,Ahmedabad,2.66
Toyota,Innova Crysta,2016,98375,Diesel,Manual,Second,Mumbai,6.09
Maruti Suzuki,Baleno,2010,195191,Petrol,Manual,First,Chennai,1.03
Mahindra,XUV700,2017,110851,Diesel,Manual,Third,Kolkata,5.04
Tata,Altroz,2011,136412,Diesel,Manual,First,Mumbai,1.33
Toyota,Fortuner,2010,217078,Diesel,Manual,First,Kolkata,4.05
Honda,Amaze,2012,166915,Petrol,Manual,First,Mumbai,1.41
Hyundai,Creta,2012,180363,CNG,Automatic,First,Delhi,2.13
Honda,Amaze,2021,40560,Petrol,Manual,Second,Chennai,4.21
Toyota,Innova Crysta,2024,16742,Petrol,Manual,First,Ahmedabad,17.74
Toyota,Fortuner,2023,27605,Petrol,Manual,First,Mumbai,32.61
Maruti Suzuki,Ertiga,2023,30812,Petrol,Manual,Second,Chennai,6.83
Honda,Amaze,2018,81374,Petrol,Automatic,First,Kochi,3.27
Kia,Seltos,2014,103764,Petrol,Manual,Second,Chennai,2.89
Kia,Seltos,2013,97971,Petrol,Automatic,Third,Chennai,2.61
Mahindra,Thar,2018,95506,Petrol,Manual,Third,Bengaluru,4.63
Maruti Suzuki,Brezza,2015,86900,Petrol,Manual,Second,Bengaluru,2.73
Hyundai,i20,2024,14925,Diesel,Manual,First,Ahmedabad,7.58
Maruti Suzuki,Swift,2025,22183,Petrol,Manual,Third,Delhi,5.77
Honda,City,2022,46782,Petrol,Manual,Fourth & above,Kolkata,5.52
Hyundai,Venue,2014,100997,CNG,Manual,First,Hyderabad,2.35
Toyota,Innova Crysta,2019,77637,Diesel,Automatic,First,Kolkata,10.51
Hyundai,Verna,2010,132111,Petrol,Manual,Second,Kochi,1.7
Toyota,Glanza,2023,21986,Petrol,Automatic,Second,Mumbai,6.51
Maruti Suzuki,Ertiga,2014,126112,Petrol,Manual,First,Kochi,2.35
Kia,Seltos,2011,170307,Petrol,Manual,First,Jaipur,1.86
Tata,Punch,2019,58940,Petrol,Manual,Second,Delhi,3.11
Mahindra,Thar,2024,13549,Petrol,Manual,Third,Jaipur,11.51
Tata,Punch,2025,20868,Petrol,Manual,First,Bengaluru,8.03
Kia,Seltos,2017,41493,CNG,Automatic,Fourth & above,Kolkata,4.28
Hyundai,Creta,2013,120849,Petrol,Manual,First,Delhi,2.81
Renault,Kwid,2020,68257,Petrol,Manual,First,Bengaluru,2.68
Mahindra,XUV700,2022,38476,Diesel,Manual,First,Ahmedabad,12.88
Toyota,Fortuner,2024,15621,Petrol,Automatic,First,Kochi,36.88
Toyota,Glanza,2013,96130,CNG,Manual,First,Mumbai,1.74
Toyota,Glanza,2017,110702,CNG,Automatic,First,Kolkata,2.68
Kia,Seltos,2020,38619,CNG,Automatic,First,Kochi,7.71
Mahindra,Bolero,2022,40836,Diesel,Automatic,Second,Jaipur,6.38
Tata,Punch,2009,190638,CNG,Manual,First,Jaipur,0.77
Mahindra,Thar,2020,47906,Petrol,Manual,Second,Pune,8.0
Toyota,Fortuner,2011,188523,Petrol,Manual,First,Delhi,5.94
Maruti Suzuki,Alto K10,2014,126735,Petrol,Automatic,Second,Ahmedabad,0.95
Mahindra,Bolero,2016,133299,Diesel,Manual,Second,Kochi,2.48
Hyundai,Venue,2009,210567,Petrol,Manual,First,Delhi,1.19
Tata,Nexon,2016,85421,Petrol,Manual,Second,Kolkata,2.98
Hyundai,i20,2022,43517,CNG,Manual,First,Hyderabad,5.35
Kia,Sonet,2017,79613,Petrol,Automatic,First,Jaipur,3.33
Maruti Suzuki,Baleno,2023,22108,Petrol,Manual,Second,Kochi,5.01
Honda,Amaze,2010,139069,CNG,Manual,First,Mumbai,1.14
Maruti Suzuki,Brezza,2017,93972,Petrol,Automatic,Second,Chennai,3.21
Toyota,Fortuner,2022,46190,Diesel,Manual,First,Pune,29.31
Maruti Suzuki,Brezza,2021,61748,Petrol,Manual,First,Delhi,5.19
Hyundai,Creta,2019,55597,Diesel,Manual,First,Pune,7.12
Maruti Suzuki,Ertiga,2018,103137,Petrol,Manual,Second,Kochi,3.41
Mahindra,XUV700,2015,141796,Petrol,Automatic,First,Kolkata,4.73
Toyota,Glanza,2009,166116,CNG,Manual,Third,Jaipur,0.78
Hyundai,Creta,2023,5833,CNG,Automatic,Second,Mumbai,10.99
Mahindra,Thar,2010,105745,Petrol,Manual,Second,Mumbai,2.22
Mahindra,Scorpio,2016,104448,Petrol,Manual,First,Kolkata,4.15
Hyundai,Venue,2024,12399,Petrol,Automatic,First,Pune,8.83
Hyundai,Creta,2022,48301,Diesel,Manual,Second,Kolkata,7.97
Renault,Kwid,2013,112855,Petrol,Manual,Third,Chennai,0.95
Maruti Suzuki,Ertiga,2017,94269,Petrol,Manual,First,Chennai,3.87
Maruti Suzuki,Ertiga,2019,65337,Petrol,Automatic,Second,Hyderabad,4.72
Tata,Harrier,2022,40864,Petrol,Automatic,First,Jaipur,12.57
Hyundai,Verna,2017,103713,Diesel,Automatic,Third,Mumbai,3.68
Tata,Altroz,2022,41195,CNG,Manual,First,Bengaluru,5.39
Tata,Nexon,2009,161326,Petrol,Manual,Second,Mumbai,1.28
Toyota,Innova Crysta,2009,202016,Petrol,Automatic,Second,Kolkata,2.32
Toyota,Fortuner,2013,174515,Diesel,Manual,First,Delhi,6.57
Hyundai,Verna,2022,56498,Diesel,Manual,First,Kochi,8.41
Hyundai,i20,2025,19404,Diesel,Manual,Second,Kochi,7.89
Toyota,Fortuner,2024,13086,Diesel,Manual,First,Bengaluru,37.8
Mahindra,Thar,2013,144072,Petrol,Automatic,First,Delhi,3.21
Tata,Harrier,2020,54855,Diesel,Manual,Third,Mumbai,8.47
Tata,Altroz,2021,24832,Diesel,Manual,First,Hyderabad,5.67
Maruti Suzuki,Baleno,2015,95865,Petrol,Automatic,First,Hyderabad,2.18
Mahindra,Scorpio,2025,19462,Petrol,Manual,First,Pune,13.72
Tata,Harrier,2019,60457,Petrol,Manual,Third,Kochi,6.82
Toyota,Fortuner,2025,15748,Petrol,Manual,First,Hyderabad,40.22
Maruti Suzuki,Baleno,2020,56546,Petrol,Manual,First,Mumbai,4.2
Tata,Altroz,2018,49065,Diesel,Manual,First,Jaipur,3.22
Maruti Suzuki,Baleno,2010,238873,Petrol,Manual,First,Jaipur,0.85
Maruti Suzuki,Brezza,2020,63963,Diesel,Manual,First,Kochi,5.07
Hyundai,Creta,2011,168887,Diesel,Manual,Second,Mumbai,1.86
Mahindra,Thar,2025,13289,Petrol,Manual,Second,Delhi,13.34
Tata,Altroz,2010,121284,Petrol,Manual,First,Kochi,1.28
Tata,Altroz,2011,119329,Diesel,Manual,First,Chennai,1.23
Tata,Altroz,2018,61932,Diesel,Automatic,First,Hyderabad,3.96
Maruti Suzuki,Swift,2013,155054,Petrol,Manual,First,Kolkata,1.19
Mahindra,Scorpio,2022,30226,Petrol,Automatic,Second,Mumbai,9.44
Maruti Suzuki,Swift,2012,122904,Petrol,Manual,First,Jaipur,1.17
Renault,Kwid,2022,28388,CNG,Automatic,Second,Chennai,3.35
Hyundai,Verna,2015,129327,Petrol,Manual,First,Pune,3.01
Toyota,Innova Crysta,2018,81713,Diesel,Automatic,First,Pune,10.19
Toyota,Fortuner,2023,18649,Diesel,Manual,Second,Delhi,31.67
Tata,Harrier,2021,62738,Diesel,Automatic,First,Hyderabad,12.6
Renault,Kwid,2025,17496,Petrol,Manual,First,Jaipur,4.6
Maruti Suzuki,Swift,2019,78849,CNG,Automatic,First,Bengaluru,3.0
Tata,Harrier,2019,55133,Diesel,Manual,Second,Delhi,8.78
Honda,City,2020,62664,Diesel,Automatic,Second,Chennai,6.33
Tata,Harrier,2020,60293,Diesel,Manual,First,Bengaluru,9.58
Toyota,Fortuner,2018,95711,Petrol,Manual,Fourth & above,Hyderabad,10.79
Hyundai,Verna,2012,144087,Petrol,Automatic,First,Mumbai,2.16
Honda,City,2013,133809,Diesel,Manual,First,Ahmedabad,2.25
Tata,Altroz,2024,9060,CNG,Manual,First,Hyderabad,7.15
Maruti Suzuki,Baleno,2015,130859,Petrol,Manual,First,Kolkata,1.84
Toyota,Fortuner,2022,34489,Diesel,Manual,First,Kolkata,26.44
Mahindra,XUV700,2021,65720,Diesel,Manual,Third,Mumbai,9.47
Tata,Harrier,2022,40127,Petrol,Manual,First,Hyderabad,11.65
Maruti Suzuki,Baleno,2025,19866,Petrol,Manual,Second,Kolkata,6.33
Maruti Suzuki,Ertiga,2025,16737,Petrol,Automatic,Third,Ahmedabad,8.13
Hyundai,Verna,2016,102286,Diesel,Manual,First,Pune,3.2
Tata,Harrier,2025,11752,Diesel,Automatic,Fourth & above,Mumbai,17.04
Maruti Suzuki,Ertiga,2013,105667,Petrol,Manual,First,Ahmedabad,2.15
Hyundai,Verna,2012,144313,Petrol,Automatic,Second,Kolkata,1.86
Maruti Suzuki,Brezza,2022,30238,Petrol,Manual,Third,Delhi,5.1
Toyota,Fortuner,2023,31225,Petrol,Automatic,Second,Jaipur,25.44
Maruti Suzuki,Ertiga,2024,18831,Petrol,Automatic,First,Kochi,10.38
Mahindra,Thar,2015,103200,Petrol,Automatic,First,Chennai,4.72
Hyundai,Creta,2016,72708,Petrol,Manual,Second,Kochi,4.06
Honda,City,2010,186880,Diesel,Manual,Second,Pune,1.36
Hyundai,Venue,2023,31880,Petrol,Manual,Second,Delhi,6.83
Tata,Punch,2021,74781,Petrol,Manual,First,Hyderabad,3.92
Maruti Suzuki,Brezza,2016,89504,CNG,Manual,First,Chennai,2.85
Kia,Seltos,2012,166706,Petrol,Manual,First,Mumbai,2.41
Toyota,Fortuner,2022,25599,Petrol,Automatic,Third,Chennai,24.17
Tata,Harrier,2017,86602,Diesel,Manual,Fourth & above,Bengaluru,5.32
Honda,Amaze,2020,58750,Petrol,Automatic,First,Mumbai,4.65
Mahindra,XUV700,2019,63876,Petrol,Manual,First,Mumbai,8.81
Maruti Suzuki,Ertiga,2025,10348,Petrol,Manual,First,Hyderabad,9.81
Honda,Amaze,2025,19743,Petrol,Manual,Third,Mumbai,6.89
Hyundai,Verna,2022,22640,Petrol,Manual,First,Delhi,8.08
Hyundai,Verna,2018,88759,Petrol,Manual,First,Delhi,4.58
Tata,Punch,2009,202577,CNG,Manual,First,Delhi,0.76
Tata,Punch,2012,177476,Petrol,Automatic,First,Chennai,1.25
Mahindra,Scorpio,2019,73459,Diesel,Manual,First,Mumbai,7.06
Hyundai,Venue,2011,149021,Petrol,Automatic,First,Kolkata,1.38
Honda,City,2016,85802,Petrol,Manual,Second,Hyderabad,3.8
Maruti Suzuki,Baleno,2016,96983,Petrol,Manual,First,Ahmedabad,2.1
Kia,Sonet,2014,132999,Petrol,Manual,First,Pune,2.12
Maruti Suzuki,Swift,2014,118737,Petrol,Manual,First,Chennai,1.61
Hyundai,Creta,2014,84095,Petrol,Manual,Third,Bengaluru,3.05
Kia,Seltos,2023,30497,Petrol,Manual,First,Mumbai,10.35
Tata,Nexon,2025,13259,Petrol,Automatic,First,Kochi,10.79
Honda,Amaze,2013,121538,Petrol,Manual,First,Jaipur,1.57
Mahindra,Thar,2023,30111,Diesel,Manual,Second,Bengaluru,11.81
Kia,Seltos,2012,146505,CNG,Manual,First,Delhi,2.17
Hyundai,Creta,2015,102937,Diesel,Automatic,First,Mumbai,3.81
Hyundai,i20,2013,116770,CNG,Automatic,Second,Ahmedabad,1.5
Maruti Suzuki,Baleno,2016,102652,Petrol,Automatic,Second,Jaipur,2.05
Toyota,Glanza,2011,178413,Petrol,Manual,First,Delhi,1.22
Maruti Suzuki,Baleno,2018,96655,Petrol,Automatic,First,Mumbai,3.37
Tata,Nexon,2012,154134,Petrol,Manual,Second,Pune,1.62
Hyundai,Creta,2020,75238,Diesel,Automatic,First,Pune,7.99
Renault,Kwid,2020,63941,Petrol,Automatic,First,Pune,2.75
Maruti Suzuki,Swift,2019,74630,Petrol,Automatic,Third,Bengaluru,2.82
Mahindra,XUV700,2011,111788,Petrol,Automatic,Third,Jaipur,3.06
Maruti Suzuki,Baleno,2009,225562,Petrol,Manual,First,Mumbai,0.75
Kia,Seltos,2024,9048,Petrol,Manual,First,Chennai,11.37
Maruti Suzuki,Ertiga,2019,60546,Petrol,Manual,Second,Pune,4.59
Honda,Amaze,2010,169237,Petrol,Manual,First,Pune,1.11
Toyota,Innova Crysta,2010,184624,Diesel,Manual,First,Jaipur,2.65
Maruti Suzuki,Alto K10,2011,136293,Petrol,Manual,Second,Chennai,0.62
Toyota,Glanza,2018,104455,Petrol,Manual,Second,Kochi,2.81
Maruti Suzuki,Ertiga,2014,107868,Petrol,Manual,Second,Pune,2.28
Toyota,Glanza,2009,207697,Petrol,Automatic,Second,Pune,0.92
Mahindra,Thar,2015,78950,Petrol,Automatic,Second,Hyderabad,4.29
Tata,Punch,2018,74602,Petrol,Manual,First,Jaipur,2.83
Toyota,Fortuner,2022,22334,Diesel,Manual,First,Kolkata,30.39
Mahindra,Scorpio,2025,12610,Petrol,Automatic,First,Kolkata,14.76
Toyota,Innova Crysta,2015,114392,Petrol,Manual,First,Jaipur,5.57
Kia,Sonet,2010,141832,Petrol,Manual,First,Delhi,1.46
Toyota,Glanza,2024,15327,Petrol,Manual,First,Mumbai,6.47
Hyundai,Venue,2015,118754,Petrol,Manual,First,Kolkata,2.45
Kia,Seltos,2020,67323,Petrol,Manual,Second,Kochi,5.68
Maruti Suzuki,Brezza,2020,62688,Petrol,Automatic,First,Delhi,4.69
Hyundai,Verna,2013,143557,Diesel,Manual,Second,Delhi,2.01
Tata,Altroz,2014,116205,CNG,Manual,First,Chennai,1.88
Hyundai,i20,2023,19757,Diesel,Manual,First,Kolkata,7.17
Toyota,Glanza,2012,128424,Petrol,Automatic,First,Jaipur,1.5
Maruti Suzuki,Brezza,2020,55575,Petrol,Manual,First,Bengaluru,4.93
Tata,Altroz,2021,46786,Petrol,Manual,Second,Kolkata,4.18
Maruti Suzuki,Alto K10,2020,57335,CNG,Manual,Second,Delhi,1.99
Hyundai,Verna,2011,144947,Petrol,Manual,First,Kolkata,1.85
Honda,City,2021,42105,CNG,Automatic,First,Kolkata,7.26
Tata,Altroz,2011,179107,Diesel,Automatic,First,Delhi,1.1
Maruti Suzuki,Baleno,2022,40406,CNG,Manual,First,Hyderabad,4.7
Toyota,Fortuner,2019,77984,Petrol,Manual,Fourth & above,Ahmedabad,12.82
Tata,Nexon,2014,114900,Diesel,Manual,Third,Chennai,2.01
Toyota,Fortuner,2022,39337,Diesel,Automatic,Second,Jaipur,28.53
Mahindra,Scorpio,2017,97855,Petrol,Manual,Second,Jaipur,3.97
Mahindra,Scorpio,2011,161961,Petrol,Automatic,First,Pune,2.32
Toyota,Glanza,2015,106409,Petrol,Automatic,First,Mumbai,2.44
Maruti Suzuki,Ertiga,2011,146223,Diesel,Manual,Second,Chennai,1.43
Tata,Punch,2025,14396,Petrol,Automatic,First,Kolkata,7.63
Maruti Suzuki,Swift,2020,44917,Petrol,Manual,First,Bengaluru,3.68
Toyota,Innova Crysta,2009,177990,Diesel,Automatic,First,Bengaluru,2.95
Toyota,Glanza,2012,174282,Petrol,Automatic,Third,Hyderabad,1.26
Honda,Amaze,2010,148777,Petrol,Automatic,First,Hyderabad,1.26
Kia,Sonet,2022,34293,Petrol,Manual,First,Kochi,7.02
Tata,Harrier,2022,39880,Petrol,Automatic,First,Hyderabad,12.88
Toyota,Fortuner,2014,192823,Petrol,Manual,First,Kochi,7.84
Honda,Amaze,2016,126170,Petrol,Manual,First,Kolkata,2.12
Toyota,Innova Crysta,2021,31486,Diesel,Automatic,First,Delhi,15.56
Mahindra,Bolero,2024,9536,Petrol,Automatic,First,Kolkata,9.48
Toyota,Glanza,2017,95216,Petrol,Manual,First,Kolkata,2.59
Tata,Nexon,2009,113860,Diesel,Manual,First,Chennai,1.36
Maruti Suzuki,Ertiga,2018,90198,Diesel,Manual,First,Pune,4.16
Mahindra,Thar,2013,158624,Diesel,Manual,Second,Jaipur,2.38
Maruti Suzuki,Brezza,2020,61235,Diesel,Automatic,Second,Kolkata,4.71
Toyota,Innova Crysta,2025,13806,Petrol,Manual,Second,Pune,19.49
Honda,City,2013,134713,Petrol,Automatic,Second,Mumbai,2.53
Maruti Suzuki,Alto K10,2015,121051,Petrol,Automatic,First,Bengaluru,1.26
Mahindra,XUV700,2023,36507,Diesel,Manual,First,Chennai,15.35
Maruti Suzuki,Brezza,2020,52643,Petrol,Manual,First,Mumbai,5.07
Tata,Punch,2019,58810,Petrol,Automatic,First,Jaipur,3.81
Mahindra,XUV700,2014,103642,Petrol,Automatic,Fourth & above,Kolkata,3.6
Hyundai,i20,2015,130284,Petrol,Manual,Second,Pune,1.88
Tata,Punch,2025,10962,Petrol,Manual,First,Kochi,7.06
Maruti Suzuki,Ertiga,2009,148332,Petrol,Manual,Second,Delhi,1.19
Hyundai,Creta,2011,176740,Petrol,Manual,First,Bengaluru,2.37
Tata,Nexon,2023,24274,Petrol,Manual,Second,Kolkata,7.3
Maruti Suzuki,Baleno,2010,126769,Petrol,Automatic,First,Kochi,1.22
Mahindra,XUV700,2019,66538,Diesel,Automatic,First,Kolkata,9.8
Toyota,Glanza,2020,53985,Petrol,Manual,First,Mumbai,4.41
Hyundai,Creta,2012,114287,Petrol,Manual,First,Mumbai,2.62
Hyundai,i20,2010,172903,Petrol,Manual,Second,Hyderabad,0.99
Maruti Suzuki,Baleno,2018,42476,Petrol,Automatic,First,Delhi,3.41
Maruti Suzuki,Baleno,2014,152320,Petrol,Manual,Fourth & above,Jaipur,1.16
Tata,Nexon,2009,165352,Petrol,Manual,First,Hyderabad,1.28
Toyota,Glanza,2012,142080,Petrol,Manual,Second,Pune,1.28
Tata,Nexon,2024,21284,Petrol,Automatic,Second,Kolkata,8.46
Honda,Amaze,2025,19928,Petrol,Manual,First,Jaipur,7.19
Toyota,Innova Crysta,2011,169416,Petrol,Manual,Second,Mumbai,3.08
Maruti Suzuki,Brezza,2018,60124,Diesel,Manual,Fourth & above,Jaipur,2.99
Maruti Suzuki,Swift,2016,91847,CNG,Manual,First,Chennai,1.86
Hyundai,Venue,2017,97587,Petrol,Manual,Second,Kochi,2.94
Maruti Suzuki,Baleno,2012,149556,Petrol,Automatic,First,Jaipur,1.44
Tata,Nexon,2018,80504,CNG,Manual,Second,Delhi,3.76
Mahindra,XUV700,2019,47443,Diesel,Manual,First,Pune,10.77
Hyundai,Venue,2012,95820,Diesel,Manual,First,Kolkata,1.78
Hyundai,Creta,2020,53565,Petrol,Manual,First,Delhi,6.86
Maruti Suzuki,Swift,2011,187205,Petrol,Manual,First,Hyderabad,1.06
Maruti Suzuki,Swift,2012,102093,Petrol,Manual,Third,Mumbai,1.09
Toyota,Glanza,2015,105909,Petrol,Manual,Second,Kolkata,1.86
Maruti Suzuki,Baleno,2024,22348,Petrol,Automatic,Fourth & above,Hyderabad,5.15
Maruti Suzuki,Brezza,2018,68905,Diesel,Manual,First,Ahmedabad,3.9
Tata,Harrier,2024,11232,Petrol,Manual,First,Mumbai,16.62
Hyundai,i20,2016,92402,Petrol,Manual,First,Jaipur,2.66
Maruti Suzuki,Ertiga,2017,129143,Petrol,Manual,First,Kolkata,3.15
Tata,Punch,2018,29695,CNG,Manual,Second,Hyderabad,3.01
Tata,Punch,2016,126881,Petrol,Automatic,Third,Ahmedabad,1.85
Maruti Suzuki,Swift,2011,155818,Petrol,Manual,Second,Pune,0.98
Mahindra,Bolero,2025,11283,Diesel,Manual,First,Ahmedabad,9.56
Mahindra,XUV700,2021,39362,Diesel,Manual,First,Bengaluru,13.98
Mahindra,Scorpio,2015,105243,Petrol,Manual,Third,Bengaluru,3.66
Tata,Harrier,2016,110106,Diesel,Manual,First,Chennai,5.36
Mahindra,XUV700,2015,121538,Diesel,Manual,First,Kochi,4.68
Mahindra,Thar,2021,64411,Diesel,Manual,Third,Jaipur,6.97
Kia,Seltos,2024,19886,CNG,Manual,First,Hyderabad,11.27
Honda,Amaze,2014,92521,Petrol,Manual,Third,Bengaluru,1.94
Kia,Seltos,2020,76731,Petrol,Automatic,First,Ahmedabad,6.46
Toyota,Fortuner,2020,53889,Petrol,Manual,First,Bengaluru,23.18
Honda,City,2010,185610,Diesel,Manual,First,Bengaluru,1.63
Tata,Harrier,2011,171058,Petrol,Manual,First,Kochi,2.77
Kia,Seltos,2013,135703,Diesel,Automatic,First,Kochi,2.39
Hyundai,Verna,2016,122840,Petrol,Automatic,Second,Hyderabad,3.19
Mahindra,XUV700,2017,68631,Diesel,Manual,First,Pune,7.39
Hyundai,Venue,2012,161442,Petrol,Manual,First,Kochi,1.65
Toyota,Glanza,2023,22416,CNG,Manual,Second,Kochi,5.28
Hyundai,Venue,2024,12933,Petrol,Manual,First,Bengaluru,9.02
Mahindra,XUV700,2021,55290,Petrol,Manual,First,Hyderabad,10.65
Mahindra,Thar,2016,86851,Diesel,Manual,First,Ahmedabad,3.93
Honda,City,2022,38663,CNG,Manual,Second,Pune,7.57
Mahindra,Thar,2015,98489,Petrol,Manual,Second,Hyderabad,3.96
Hyundai,Venue,2021,35325,CNG,Manual,Second,Hyderabad,5.07
Maruti Suzuki,Swift,2011,196927,Petrol,Manual,Second,Delhi,0.87
Maruti Suzuki,Swift,2017,66817,Petrol,Automatic,First,Delhi,2.69
Tata,Nexon,2024,14930,Diesel,Manual,First,Kolkata,9.09
Maruti Suzuki,Brezza,2017,68633,Petrol,Automatic,First,Kochi,3.68
Mahindra,Scorpio,2012,202350,Diesel,Automatic,First,Pune,2.15
Tata,Altroz,2021,17148,Diesel,Automatic,First,Chennai,5.86
Toyota,Fortuner,2025,10556,Diesel,Manual,First,Kochi,41.46
Kia,Sonet,2011,183747,Diesel,Manual,First,Mumbai,1.28
Maruti Suzuki,Ertiga,2011,136208,Diesel,Manual,First,Jaipur,1.4
Hyundai,Creta,2013,105630,Diesel,Manual,First,Pune,2.7
Kia,Seltos,2025,15190,Diesel,Automatic,First,Bengaluru,15.74
Toyota,Innova Crysta,2021,60995,Petrol,Manual,First,Bengaluru,12.49
Renault,Kwid,2019,67066,Petrol,Manual,First,Jaipur,2.09
Toyota,Glanza,2014,107936,Petrol,Manual,First,Bengaluru,1.99
Maruti Suzuki,Swift,2021,42612,CNG,Automatic,Second,Ahmedabad,3.9
Kia,Sonet,2012,148753,Petrol,Automatic,Third,Hyderabad,1.56
Maruti Suzuki,Alto K10,2024,16598,Petrol,Manual,First,Bengaluru,4.34
Kia,Seltos,2020,67518,Diesel,Manual,First,Kochi,6.67
Tata,Harrier,2025,15303,Petrol,Manual,Third,Delhi,16.04
Hyundai,i20,2023,22604,Diesel,Automatic,First,Kochi,7.65
Mahindra,Thar,2012,156783,Petrol,Manual,First,Chennai,2.69
Maruti Suzuki,Swift,2022,36560,Petrol,Automatic,Second,Mumbai,4.26
Tata,Harrier,2023,34105,Petrol,Automatic,First,Kolkata,13.84
Mahindra,XUV700,2015,112840,Petrol,Automatic,First,Chennai,5.52
Toyota,Glanza,2013,162219,Petrol,Automatic,Third,Kochi,1.43
Maruti Suzuki,Alto K10,2012,188566,Petrol,Manual,First,Mumbai,0.74
Toyota,Fortuner,2016,29755,Diesel,Manual,Second,Chennai,12.38
Hyundai,i20,2019,59034,Petrol,Automatic,First,Pune,4.43
Toyota,Innova Crysta,2012,148376,Petrol,Manual,Second,Kochi,3.21
Maruti Suzuki,Brezza,2025,5294,Diesel,Manual,First,Chennai,10.5
Tata,Harrier,2022,35461,Petrol,Manual,Fourth & above,Pune,9.0
Maruti Suzuki,Ertiga,2022,35460,Petrol,Manual,First,Pune,6.64
Hyundai,Venue,2024,12877,Petrol,Automatic,First,Pune,9.7
Maruti Suzuki,Alto K10,2010,203283,Petrol,Manual,First,Ahmedabad,0.56
Tata,Nexon,2018,82174,Petrol,Manual,First,Kochi,4.3
Kia,Sonet,2017,85060,Diesel,Manual,First,Jaipur,3.45
Toyota,Innova Crysta,2023,15001,Petrol,Manual,First,Delhi,17.78
Renault,Kwid,2018,64711,Petrol,Manual,Second,Jaipur,1.91
Tata,Harrier,2013,125237,Diesel,Automatic,Third,Jaipur,2.94
Honda,Amaze,2022,46302,Petrol,Automatic,Second,Bengaluru,5.39
Honda,Amaze,2017,93984,Petrol,Manual,Second,Ahmedabad,2.54
Kia,Seltos,2012,115487,Petrol,Manual,First,Pune,2.55
Tata,Altroz,2010,143830,CNG,Manual,First,Hyderabad,1.06
Maruti Suzuki,Swift,2014,122979,Petrol,Automatic,Fourth & above,Kochi,1.26
Maruti Suzuki,Ertiga,2024,8238,Petrol,Automatic,First,Mumbai,10.26
Toyota,Fortuner,2012,172486,Diesel,Manual,First,Kolkata,5.95
Toyota,Glanza,2020,73211,CNG,Manual,First,Kochi,3.46
Mahindra,XUV700,2023,24060,Petrol,Manual,Second,Hyderabad,12.43
Maruti Suzuki,Baleno,2022,44382,Petrol,Automatic,Second,Pune,5.0
Tata,Altroz,2013,125862,Diesel,Manual,First,Ahmedabad,1.44
Tata,Altroz,2025,19943,CNG,Automatic,First,Delhi,7.84
Maruti Suzuki,Ertiga,2010,167373,Petrol,Manual,Second,Chennai,1.42
Toyota,Fortuner,2025,15071,Diesel,Manual,First,Jaipur,40.51
Maruti Suzuki,Ertiga,2011,150026,Petrol,Manual,Second,Delhi,1.5
Mahindra,Scorpio,2022,24096,Diesel,Manual,First,Bengaluru,10.62
Maruti Suzuki,Brezza,2020,51621,Petrol,Manual,First,Pune,5.09
Maruti Suzuki,Alto K10,2010,199257,Petrol,Manual,First,Ahmedabad,0.57
Hyundai,Verna,2009,182161,Petrol,Manual,Second,Kolkata,1.14
Toyota,Glanza,2019,82872,Petrol,Manual,First,Chennai,3.51
Tata,Nexon,2025,14415,Petrol,Manual,First,Pune,9.91
Maruti Suzuki,Swift,2023,21538,Petrol,Manual,First,Kolkata,5.03
Toyota,Glanza,2025,15908,Petrol,Manual,First,Ahmedabad,7.36
Honda,City,2016,75275,Petrol,Automatic,Third,Kolkata,3.39
Mahindra,XUV700,2021,55569,Diesel,Manual,First,Mumbai,12.22
Tata,Punch,2014,98329,Petrol,Manual,Second,Pune,1.75
Maruti Suzuki,Baleno,2024,1622,Petrol,Automatic,First,Jaipur,7.13
Mahindra,Thar,2013,144590,Diesel,Automatic,Second,Ahmedabad,2.82
Mahindra,XUV700,2020,49005,Petrol,Manual,Second,Bengaluru,9.85
Hyundai,i20,2010,125206,Diesel,Manual,Second,Ahmedabad,1.04
Toyota,Glanza,2010,196654,Petrol,Manual,Third,Hyderabad,0.82
Toyota,Glanza,2023,23330,Petrol,Automatic,First,Ahmedabad,5.72
Mahindra,Thar,2011,164998,Petrol,Manual,Third,Hyderabad,1.95
Hyundai,Venue,2016,93498,Petrol,Automatic,Fourth & above,Kolkata,2.26
Hyundai,Venue,2025,13656,Petrol,Manual,Second,Kolkata,7.99
Tata,Harrier,2011,137247,Petrol,Manual,First,Ahmedabad,2.87
Maruti Suzuki,Brezza,2022,37529,CNG,Automatic,First,Bengaluru,6.22
Maruti Suzuki,Alto K10,2022,28587,Petrol,Manual,First,Chennai,3.23
Maruti Suzuki,Baleno,2019,83524,Petrol,Manual,Second,Bengaluru,3.48
Maruti Suzuki,Brezza,2016,77695,Petrol,Manual,First,Ahmedabad,2.92
Tata,Nexon,2021,58515,Petrol,Automatic,Third,Kolkata,5.5
Toyota,Innova Crysta,2022,50479,Petrol,Automatic,First,Hyderabad,16.08
Toyota,Glanza,2018,75893,Petrol,Manual,First,Kochi,3.19
Mahindra,Thar,2014,113813,Petrol,Automatic,Second,Hyderabad,3.41
Mahindra,Thar,2011,131021,Petrol,Manual,Third,Bengaluru,2.2
Hyundai,Venue,2018,84275,Petrol,Manual,First,Kolkata,3.79
Hyundai,Venue,2024,14874,Diesel,Manual,First,Kolkata,8.7
Mahindra,Thar,2015,126314,Diesel,Manual,First,Ahmedabad,3.72
Toyota,Fortuner,2018,81406,Diesel,Manual,Second,Delhi,14.95
Honda,City,2019,85579,Petrol,Manual,First,Hyderabad,5.3
Toyota,Fortuner,2021,52278,Diesel,Automatic,First,Chennai,28.21
Honda,City,2024,17341,Diesel,Manual,First,Kolkata,11.84
Maruti Suzuki,Ertiga,2014,108963,Petrol,Automatic,Second,Kochi,2.49
Hyundai,Venue,2009,165721,Diesel,Manual,First,Kolkata,1.21
Hyundai,Creta,2009,165847,CNG,Manual,First,Jaipur,1.65
Maruti Suzuki,Swift,2016,98627,Petrol,Manual,Third,Jaipur,1.5
Tata,Nexon,2010,199905,Petrol,Manual,First,Pune,1.32
Mahindra,Scorpio,2012,130237,Diesel,Automatic,Second,Delhi,2.74
Mahindra,Thar,2019,71612,Diesel,Manual,First,Bengaluru,6.73
Toyota,Innova Crysta,2023,26641,Petrol,Manual,First,Mumbai,17.78
Hyundai,i20,2012,158944,Diesel,Manual,First,Delhi,1.3
Tata,Nexon,2022,46819,Petrol,Manual,First,Ahmedabad,6.26
Mahindra,Bolero,2013,183413,Petrol,Automatic,Second,Kolkata,1.74
Renault,Kwid,2010,183030,Petrol,Manual,Fourth & above,Ahmedabad,0.48
Maruti Suzuki,Swift,2012,176977,Petrol,Manual,First,Delhi,1.12
Mahindra,Thar,2020,46775,Diesel,Manual,First,Pune,8.94
Renault,Kwid,2014,96110,Petrol,Manual,First,Kochi,1.21
Toyota,Glanza,2013,112963,Petrol,Manual,First,Pune,1.77
Mahindra,XUV700,2020,55708,Petrol,Manual,Second,Ahmedabad,8.59
Renault,Kwid,2021,36903,Petrol,Manual,First,Jaipur,3.02
Mahindra,XUV700,2013,181322,Petrol,Manual,First,Chennai,3.39
Renault,Kwid,2020,50686,Petrol,Manual,First,Kolkata,2.59
Maruti Suzuki,Ertiga,2009,194027,Diesel,Automatic,Second,Kochi,1.1
Maruti Suzuki,Ertiga,2012,142901,Diesel,Automatic,Third,Ahmedabad,1.46
Tata,Altroz,2016,113628,Petrol,Manual,First,Delhi,2.31
Toyota,Fortuner,2015,113951,Diesel,Automatic,Second,Jaipur,9.03
Mahindra,Scorpio,2018,74764,Petrol,Manual,First,Hyderabad,5.85
Maruti Suzuki,Ertiga,2022,38196,Diesel,Automatic,Second,Kolkata,7.14
Mahindra,Scorpio,2017,117002,Diesel,Manual,First,Ahmedabad,4.61
Mahindra,Thar,2015,99182,Petrol,Manual,First,Bengaluru,4.24
Mahindra,XUV700,2012,118981,Diesel,Automatic,Second,Kolkata,3.39
Kia,Seltos,2025,17871,Diesel,Automatic,First,Pune,13.51
Honda,Amaze,2011,139716,Petrol,Manual,First,Jaipur,1.2
Mahindra,XUV700,2014,123180,Petrol,Manual,First,Jaipur,4.73
Kia,Sonet,2022,50797,Petrol,Manual,Second,Jaipur,5.1
Hyundai,Creta,2019,83887,Diesel,Manual,First,Jaipur,5.78
Hyundai,Venue,2019,63462,CNG,Manual,Third,Mumbai,3.9
Mahindra,XUV700,2010,186952,Diesel,Manual,First,Chennai,2.43
Maruti Suzuki,Ertiga,2020,85482,Petrol,Manual,First,Pune,5.11
Toyota,Innova Crysta,2021,48788,Petrol,Manual,Second,Kochi,12.3
Toyota,Fortuner,2011,158893,Petrol,Manual,First,Ahmedabad,5.95
Honda,Amaze,2022,34974,Petrol,Manual,Third,Kolkata,3.95
Kia,Seltos,2025,14074,Petrol,Manual,First,Kolkata,12.64
Mahindra,Scorpio,2014,91031,Diesel,Automatic,Fourth & above,Kolkata,2.47
Maruti Suzuki,Baleno,2013,138312,Petrol,Automatic,Second,Bengaluru,1.54
Hyundai,i20,2025,16867,Petrol,Manual,Second,Bengaluru,8.2
Hyundai,Venue,2025,15021,Diesel,Manual,Second,Kochi,8.71
Maruti Suzuki,Alto K10,2010,184414,Petrol,Manual,Second,Jaipur,0.53
Honda,Amaze,2012,122295,Petrol,Automatic,Second,Hyderabad,1.42
Tata,Punch,2022,28114,Petrol,Manual,First,Chennai,5.24
Renault,Kwid,2012,154000,Petrol,Manual,First,Chennai,0.9
Maruti Suzuki,Baleno,2025,10608,Petrol,Automatic,Fourth & above,Pune,6.79
Toyota,Fortuner,2022,24689,Diesel,Manual,Second,Pune,27.22
Maruti Suzuki,Ertiga,2014,142380,Diesel,Manual,Second,Ahmedabad,1.92
Hyundai,Venue,2020,40480,Diesel,Manual,First,Ahmedabad,5.77
Mahindra,Thar,2024,18254,Petrol,Manual,First,Hyderabad,13.0
Toyota,Glanza,2019,93355,Petrol,Automatic,First,Delhi,3.53
Maruti Suzuki,Brezza,2011,129104,Petrol,Manual,Second,Bengaluru,1.4
Maruti Suzuki,Alto K10,2015,108388,Petrol,Manual,First,Chennai,1.18
Kia,Seltos,2010,166367,Petrol,Manual,First,Bengaluru,1.75
Maruti Suzuki,Alto K10,2015,120262,Petrol,Automatic,First,Pune,1.18
Tata,Punch,2023,21903,Petrol,Manual,First,Bengaluru,5.72
Hyundai,Verna,2017,80712,CNG,Manual,Fourth & above,Chennai,2.96
Kia,Seltos,2018,68541,Petrol,Manual,First,Pune,5.81
Toyota,Innova Crysta,2015,116436,Petrol,Manual,First,Hyderabad,5.8
Mahindra,XUV700,2012,139080,Petrol,Manual,Second,Kolkata,3.21
Hyundai,Verna,2021,28479,Diesel,Manual,First,Bengaluru,7.67
Maruti Suzuki,Ertiga,2015,100599,Diesel,Manual,First,Delhi,2.83
Maruti Suzuki,Brezza,2021,13790,Petrol,Manual,Second,Delhi,5.75
Honda,City,2019,98489,Petrol,Manual,First,Bengaluru,5.02
Tata,Punch,2025,12276,Petrol,Automatic,First,Jaipur,8.03
Tata,Nexon,2011,159506,Petrol,Manual,Second,Pune,1.51
Maruti Suzuki,Baleno,2019,102448,Petrol,Manual,First,Delhi,3.19
Maruti Suzuki,Ertiga,2018,84700,Diesel,Manual,Second,Kolkata,4.08
Maruti Suzuki,Alto K10,2025,17032,Petrol,Manual,First,Chennai,4.44
Renault,Kwid,2014,136270,CNG,Manual,First,Jaipur,1.01
Tata,Nexon,2023,29389,Diesel,Manual,First,Mumbai,8.94
Kia,Sonet,2011,182294,Petrol,Automatic,First,Ahmedabad,1.42
Hyundai,Venue,2022,44867,Petrol,Automatic,Second,Ahmedabad,6.14
Tata,Nexon,2012,161159,CNG,Manual,First,Ahmedabad,1.71
Toyota,Fortuner,2023,23649,Petrol,Manual,First,Mumbai,29.78
Hyundai,Venue,2023,18863,Diesel,Manual,Third,Chennai,6.87
Hyundai,Creta,2024,8165,Petrol,Manual,Second,Ahmedabad,9.76
Maruti Suzuki,Brezza,2011,193221,Petrol,Manual,First,Jaipur,1.34
Tata,Altroz,2020,70923,CNG,Manual,First,Bengaluru,3.92
Kia,Sonet,2019,68026,Diesel,Manual,Second,Pune,4.2
Renault,Kwid,2009,203035,Petrol,Automatic,Second,Hyderabad,0.55
Mahindra,XUV700,2024,5477,Diesel,Manual,Second,Bengaluru,18.43
Kia,Sonet,2018,78195,Petrol,Manual,First,Delhi,4.04
Maruti Suzuki,Ertiga,2025,14277,Petrol,Manual,First,Bengaluru,10.74
Maruti Suzuki,Brezza,2023,22005,Petrol,Automatic,First,Delhi,8.19
Maruti Suzuki,Brezza,2021,61759,Petrol,Manual,First,Pune,5.34
Maruti Suzuki,Swift,2025,14570,Petrol,Manual,Fourth & above,Mumbai,5.28
Hyundai,Venue,2009,189874,Petrol,Manual,First,Delhi,1.1
Hyundai,Verna,2023,23992,Diesel,Automatic,Second,Jaipur,8.33
Tata,Altroz,2011,169729,CNG,Automatic,First,Bengaluru,1.24
Tata,Harrier,2016,78074,Petrol,Manual,First,Jaipur,5.95
Maruti Suzuki,Brezza,2015,138783,Diesel,Manual,First,Kochi,2.25
Toyota,Innova Crysta,2010,167181,Petrol,Manual,First,Jaipur,2.86
Honda,Amaze,2018,51251,Petrol,Manual,Third,Hyderabad,2.89
Hyundai,Creta,2021,52633,Petrol,Manual,First,Chennai,8.75
Hyundai,Venue,2018,53129,Diesel,Manual,First,Pune,4.14
Toyota,Innova Crysta,2009,183487,Diesel,Manual,First,Hyderabad,2.23
Mahindra,Bolero,2024,14518,Diesel,Automatic,First,Ahmedabad,9.91
Maruti Suzuki,Swift,2020,52730,Petrol,Manual,First,Pune,3.35
Tata,Nexon,2020,66767,Petrol,Automatic,First,Jaipur,5.49
Hyundai,Creta,2015,119951,Petrol,Manual,Second,Mumbai,3.53
Renault,Kwid,2022,36553,Petrol,Manual,Second,Jaipur,2.82
Toyota,Innova Crysta,2018,69485,Petrol,Automatic,First,Kolkata,8.97
Tata,Altroz,2009,153589,Petrol,Manual,First,Delhi,0.96
Maruti Suzuki,Ertiga,2022,34195,Diesel,Automatic,First,Jaipur,7.17
Tata,Altroz,2011,146274,Petrol,Manual,First,Pune,1.21
Mahindra,XUV700,2024,13915,Diesel,Automatic,First,Hyderabad,18.67
Tata,Harrier,2014,135488,Petrol,Manual,First,Kolkata,4.08
Hyundai,Venue,2022,40021,Petrol,Manual,First,Ahmedabad,6.55
Hyundai,Verna,2010,176706,Diesel,Manual,Third,Pune,1.22
Maruti Suzuki,Ertiga,2024,11408,Petrol,Manual,First,Jaipur,8.95
Tata,Harrier,2023,38142,Petrol,Automatic,First,Jaipur,13.26
Mahindra,Scorpio,2010,200633,Petrol,Automatic,First,Pune,1.95
Tata,Altroz,2023,33056,Petrol,Automatic,First,Ahmedabad,6.49
Honda,City,2014,136967,Petrol,Automatic,First,Kolkata,2.87
Tata,Harrier,2018,65439,Petrol,Automatic,First,Hyderabad,7.99
Mahindra,Scorpio,2012,96795,Petrol,Manual,First,Jaipur,2.73
Tata,Nexon,2020,76920,Petrol,Automatic,First,Mumbai,5.48
Tata,Nexon,2018,80651,Diesel,Manual,Third,Chennai,3.73
Tata,Punch,2009,148907,Petrol,Manual,First,Pune,0.99
Toyota,Glanza,2017,111647,Petrol,Manual,Second,Bengaluru,2.68
Honda,City,2015,117383,Petrol,Automatic,Fourth & above,Bengaluru,2.69
Tata,Harrier,2009,171607,Petrol,Manual,First,Mumbai,2.16
Hyundai,i20,2017,102647,Petrol,Manual,First,Bengaluru,2.93
Kia,Sonet,2018,104810,Petrol,Automatic,First,Ahmedabad,4.03
Hyundai,Verna,2009,174979,Petrol,Manual,Second,Kolkata,1.39
Hyundai,Creta,2017,108673,Diesel,Automatic,Second,Ahmedabad,5.25
Maruti Suzuki,Brezza,2019,69168,Diesel,Manual,First,Pune,4.53
Honda,Amaze,2019,68707,Petrol,Manual,First,Mumbai,3.59
Maruti Suzuki,Brezza,2015,110598,Petrol,Automatic,First,Delhi,2.46
Maruti Suzuki,Brezza,2018,94635,CNG,Manual,First,Bengaluru,3.62
Kia,Sonet,2015,82471,Petrol,Manual,Third,Kochi,2.22
Hyundai,i20,2016,81699,Petrol,Manual,Second,Mumbai,2.54
Mahindra,Scorpio,2019,43991,Petrol,Automatic,First,Pune,7.24
Maruti Suzuki,Ertiga,2009,213691,Petrol,Manual,Third,Delhi,0.93
Maruti Suzuki,Baleno,2025,17718,Petrol,Automatic,First,Chennai,7.84
Maruti Suzuki,Ertiga,2016,127928,Petrol,Manual,First,Chennai,2.94
Honda,City,2021,46894,Diesel,Manual,Fourth & above,Kolkata,5.75
Renault,Kwid,2020,43541,Petrol,Manual,First,Bengaluru,2.76
Toyota,Innova Crysta,2014,91707,Petrol,Manual,First,Delhi,5.48
Kia,Seltos,2020,60251,Petrol,Manual,Second,Hyderabad,6.47
Honda,City,2009,177213,Petrol,Manual,Second,Jaipur,1.37
Tata,Altroz,2012,176839,Diesel,Automatic,First,Jaipur,1.33
Renault,Kwid,2009,166274,Petrol,Manual,First,Hyderabad,0.58
Maruti Suzuki,Ertiga,2009,185964,Diesel,Manual,First,Bengaluru,1.13
Mahindra,Bolero,2012,114087,Diesel,Automatic,First,Delhi,1.89
Maruti Suzuki,Brezza,2016,98853,Diesel,Automatic,First,Hyderabad,3.01
Renault,Kwid,2009,179272,Petrol,Automatic,Fourth & above,Kolkata,0.46
Hyundai,Venue,2009,180994,Petrol,Manual,First,Delhi,1.13
Maruti Suzuki,Alto K10,2014,132385,Petrol,Manual,First,Hyderabad,1.0
Maruti Suzuki,Swift,2018,45869,Petrol,Automatic,Second,Pune,2.8
Honda,Amaze,2009,173359,Petrol,Manual,First,Mumbai,1.01
Kia,Sonet,2012,178466,Petrol,Manual,First,Bengaluru,1.56
Toyota,Fortuner,2018,73900,Petrol,Manual,First,Mumbai,16.47
Honda,City,2022,42629,Diesel,Manual,Third,Ahmedabad,6.98
Honda,City,2019,76406,Diesel,Manual,Third,Jaipur,4.87
Toyota,Glanza,2010,146314,Petrol,Manual,First,Mumbai,1.09
Tata,Harrier,2009,182916,Petrol,Automatic,Second,Pune,2.08
Hyundai,Creta,2023,31609,CNG,Automatic,First,Kolkata,10.7
Kia,Seltos,2013,144954,Petrol,Manual,First,Mumbai,2.62
Tata,Altroz,2025,10447,Petrol,Automatic,First,Hyderabad,8.5
Maruti Suzuki,Swift,2011,126681,Petrol,Manual,First,Pune,1.1
Maruti Suzuki,Brezza,2018,49676,Diesel,Manual,First,Jaipur,4.28
Toyota,Glanza,2025,13240,CNG,Manual,Second,Hyderabad,7.02
Hyundai,i20,2019,45772,Petrol,Manual,First,Jaipur,3.56
Toyota,Innova Crysta,2016,125546,Petrol,Manual,Third,Ahmedabad,5.18
Maruti Suzuki,Alto K10,2024,13560,Petrol,Manual,First,Jaipur,4.03
Hyundai,Verna,2021,44815,Petrol,Automatic,First,Jaipur,6.93
Maruti Suzuki,Baleno,2010,189643,CNG,Manual,First,Bengaluru,1.0
Toyota,Fortuner,2013,147365,Petrol,Manual,First,Kolkata,7.87
Honda,City,2011,192490,Petrol,Manual,Third,Ahmedabad,1.36
Kia,Sonet,2011,212308,Petrol,Manual,First,Kochi,1.31
Maruti Suzuki,Ertiga,2013,142789,Petrol,Manual,First,Pune,2.3
Hyundai,i20,2009,163036,Petrol,Manual,First,Ahmedabad,0.98
Hyundai,Creta,2010,148981,CNG,Automatic,First,Delhi,1.93
Renault,Kwid,2024,9534,Petrol,Manual,Second,Delhi,4.15
Honda,City,2021,34884,Diesel,Manual,Second,Hyderabad,7.56
Kia,Sonet,2018,92923,Petrol,Manual,First,Hyderabad,3.42
Mahindra,Bolero,2023,35616,Diesel,Manual,First,Bengaluru,7.98
Maruti Suzuki,Alto K10,2017,82160,Petrol,Manual,Third,Chennai,1.34
Maruti Suzuki,Swift,2022,38527,Petrol,Manual,Third,Kochi,3.48
Toyota,Fortuner,2020,55556,Diesel,Manual,Third,Ahmedabad,17.73
Hyundai,Verna,2024,20770,Petrol,Manual,First,Mumbai,10.68
Renault,Kwid,2009,191515,Petrol,Manual,First,Pune,0.59
Honda,City,2010,177644,Petrol,Manual,First,Ahmedabad,1.57
Tata,Punch,2015,87152,Petrol,Automatic,Second,Hyderabad,2.2
Mahindra,Bolero,2019,68602,Diesel,Manual,First,Ahmedabad,4.55
Mahindra,Thar,2018,84002,Petrol,Manual,First,Kochi,5.48
Kia,Sonet,2014,86366,Petrol,Manual,First,Pune,2.56
Mahindra,Thar,2018,67417,Petrol,Manual,Third,Hyderabad,5.18
Maruti Suzuki,Brezza,2025,12859,Petrol,Manual,First,Kolkata,8.98
Mahindra,Bolero,2019,63007,Petrol,Automatic,First,Delhi,4.73
Kia,Seltos,2009,172391,Diesel,Automatic,First,Hyderabad,1.59
Kia,Sonet,2018,60906,Diesel,Automatic,First,Hyderabad,4.42
Toyota,Glanza,2013,157567,Petrol,Manual,First,Pune,1.5
Tata,Nexon,2023,23116,Petrol,Manual,First,Bengaluru,8.16
Hyundai,i20,2010,176412,Petrol,Manual,First,Mumbai,1.17
Tata,Altroz,2025,14847,Diesel,Manual,Second,Kochi,7.43
Tata,Nexon,2011,205084,Petrol,Automatic,First,Bengaluru,1.6
Mahindra,Scorpio,2023,25777,Diesel,Manual,Second,Kolkata,10.43
Mahindra,XUV700,2017,101822,Petrol,Manual,First,Bengaluru,6.74
Kia,Seltos,2011,162719,Petrol,Manual,Third,Bengaluru,1.73
Mahindra,Thar,2021,33795,Diesel,Manual,Third,Pune,9.12
Maruti Suzuki,Brezza,2010,185767,Diesel,Manual,First,Delhi,1.23
Hyundai,i20,2010,208297,Diesel,Manual,First,Mumbai,1.07
Maruti Suzuki,Ertiga,2023,25295,Petrol,Automatic,First,Mumbai,8.83
Kia,Seltos,2015,112065,Diesel,Automatic,First,Delhi,3.66
Toyota,Fortuner,2020,52093,Petrol,Manual,Second,Hyderabad,18.2
Toyota,Fortuner,2014,114450,Petrol,Manual,First,Pune,9.74
Maruti Suzuki,Swift,2009,187204,Petrol,Manual,First,Kolkata,0.71
Tata,Punch,2016,91947,Petrol,Automatic,First,Mumbai,2.48
Toyota,Fortuner,2017,108234,Petrol,Manual,First,Kolkata,12.08
Toyota,Fortuner,2025,5525,Petrol,Manual,Second,Pune,35.8
Maruti Suzuki,Ertiga,2018,65677,Petrol,Automatic,First,Ahmedabad,4.39
Hyundai,Creta,2019,102314,Petrol,Automatic,Second,Hyderabad,5.6
Hyundai,Venue,2020,55086,Diesel,Automatic,First,Ahmedabad,5.3
Hyundai,Verna,2014,88625,CNG,Manual,First,Jaipur,2.89
Maruti Suzuki,Brezza,2025,16457,Petrol,Manual,First,Delhi,9.28
Mahindra,Thar,2023,27127,Diesel,Manual,First,Pune,12.86
Hyundai,Venue,2013,138409,CNG,Manual,Second,Ahmedabad,1.69
Renault,Kwid,2013,168602,CNG,Manual,First,Pune,0.89
Mahindra,Bolero,2019,59005,Diesel,Automatic,First,Delhi,5.73
Kia,Seltos,2009,150786,Diesel,Manual,First,Delhi,1.52
Mahindra,Scorpio,2021,57550,Petrol,Automatic,First,Bengaluru,9.29
Honda,City,2023,27550,Petrol,Manual,Second,Delhi,8.75
Hyundai,Verna,2020,65297,CNG,Manual,Second,Kochi,5.3
Renault,Kwid,2017,70555,Petrol,Manual,First,Mumbai,1.84
Renault,Kwid,2022,35725,CNG,Manual,First,Chennai,3.24
Toyota,Fortuner,2025,9422,Diesel,Manual,Second,Delhi,38.93
Tata,Nexon,2020,63596,Petrol,Manual,Third,Hyderabad,4.49
Honda,City,2017,79366,Diesel,Manual,First,Bengaluru,5.16
Hyundai,Verna,2013,118241,Petrol,Automatic,Second,Jaipur,2.3
Maruti Suzuki,Ertiga,2025,6355,Diesel,Manual,First,Hyderabad,11.14
Toyota,Fortuner,2019,64850,Diesel,Manual,Second,Hyderabad,16.84
Kia,Seltos,2012,166402,Petrol,Manual,First,Kochi,2.21
Maruti Suzuki,Brezza,2023,35970,Diesel,Automatic,First,Mumbai,7.88
Maruti Suzuki,Alto K10,2025,12064,Petrol,Manual,Third,Delhi,3.97
Kia,Sonet,2023,30327,Diesel,Automatic,Second,Jaipur,7.23
Kia,Seltos,2019,95929,Petrol,Manual,First,Mumbai,5.63
Tata,Punch,2024,13493,Petrol,Manual,First,Kochi,6.53
Renault,Kwid,2017,88565,Petrol,Manual,Fourth & above,Mumbai,1.3
Mahindra,Thar,2025,17106,Diesel,Manual,First,Kolkata,14.99
Tata,Harrier,2017,106555,Petrol,Manual,First,Hyderabad,5.79
Maruti Suzuki,Brezza,2014,112402,CNG,Automatic,First,Delhi,2.68
Honda,City,2012,141752,Petrol,Manual,Second,Kochi,2.09
Tata,Harrier,2025,19824,Petrol,Automatic,Second,Kochi,16.71
Renault,Kwid,2017,117525,Petrol,Manual,Second,Ahmedabad,1.49
Honda,Amaze,2025,18277,Petrol,Manual,Second,Bengaluru,7.06
Tata,Punch,2022,32123,Petrol,Manual,First,Ahmedabad,4.61
Tata,Nexon,2014,130600,Diesel,Manual,First,Bengaluru,2.3
Tata,Altroz,2015,108118,Petrol,Manual,First,Kochi,1.96
Hyundai,Verna,2010,165848,Diesel,Automatic,Second,Kolkata,1.33
Renault,Kwid,2013,122463,Petrol,Manual,Second,Chennai,0.86
Hyundai,Verna,2016,94306,Diesel,Manual,First,Bengaluru,3.46
Honda,Amaze,2011,148541,Petrol,Manual,Third,Ahmedabad,1.07
Toyota,Innova Crysta,2015,76308,Diesel,Manual,First,Kochi,5.52
Hyundai,Venue,2024,17507,Diesel,Manual,First,Kochi,9.3
Mahindra,Thar,2015,77325,Petrol,Manual,First,Delhi,4.85
Kia,Sonet,2012,132616,Diesel,Manual,First,Bengaluru,1.75
Renault,Kwid,2023,23444,CNG,Automatic,First,Hyderabad,4.08
Honda,Amaze,2009,144901,CNG,Manual,First,Pune,1.06
Mahindra,Thar,2016,103269,Petrol,Manual,First,Kolkata,4.12
Mahindra,Bolero,2025,8345,Petrol,Manual,Second,Pune,9.46
Renault,Kwid,2021,45088,Petrol,Automatic,Second,Jaipur,2.66
Toyota,Innova Crysta,2009,187782,Diesel,Manual,First,Kolkata,2.4
Hyundai,Verna,2017,90348,Diesel,Automatic,First,Mumbai,4.8
Tata,Nexon,2016,98765,Petrol,Automatic,First,Pune,3.49
Hyundai,Venue,2024,3075,CNG,Manual,Third,Kochi,7.25
Mahindra,Thar,2023,25648,Diesel,Manual,Second,Chennai,11.02
Renault,Kwid,2024,14597,Petrol,Manual,Second,Kochi,3.83
Hyundai,Venue,2012,122232,CNG,Manual,First,Delhi,1.56
Tata,Nexon,2015,73359,Petrol,Manual,First,Ahmedabad,3.14
Tata,Harrier,2024,16380,CNG,Manual,First,Kolkata,13.5
Toyota,Glanza,2013,153353,Petrol,Manual,Second,Hyderabad,1.37
Kia,Seltos,2025,16824,CNG,Manual,First,Pune,12.86
Hyundai,i20,2023,20891,Diesel,Automatic,Second,Delhi,6.55
Tata,Nexon,2013,157069,Diesel,Manual,Second,Delhi,1.66
Hyundai,Creta,2012,125321,Petrol,Manual,Third,Kochi,2.11
Maruti Suzuki,Alto K10,2022,50664,Petrol,Manual,First,Chennai,3.04
Tata,Punch,2010,135728,Petrol,Manual,First,Kochi,1.01
Honda,City,2019,76245,Diesel,Manual,First,Chennai,6.36
Kia,Sonet,2019,105702,Diesel,Manual,First,Kolkata,3.88
Toyota,Fortuner,2009,171563,Diesel,Manual,First,Chennai,4.39
Tata,Harrier,2012,166025,Diesel,Manual,First,Mumbai,2.71
Honda,City,2009,201429,CNG,Automatic,First,Kolkata,1.49
Mahindra,XUV700,2018,81376,Petrol,Manual,Fourth & above,Bengaluru,5.37
Tata,Altroz,2014,111536,Diesel,Manual,First,Mumbai,1.67
Toyota,Fortuner,2022,53193,Petrol,Manual,First,Mumbai,26.52
Maruti Suzuki,Ertiga,2024,12408,Diesel,Manual,First,Bengaluru,11.12
Toyota,Innova Crysta,2014,121303,Petrol,Manual,First,Bengaluru,5.27
Mahindra,XUV700,2019,51591,Petrol,Automatic,First,Ahmedabad,8.24
Tata,Punch,2023,15973,CNG,Manual,First,Bengaluru,6.0
Mahindra,XUV700,2017,88613,Petrol,Manual,Third,Chennai,5.07
Tata,Altroz,2018,59659,Diesel,Manual,First,Kochi,3.78
Maruti Suzuki,Alto K10,2021,49319,CNG,Manual,Third,Bengaluru,2.01
Hyundai,Creta,2020,43223,CNG,Automatic,First,Pune,7.29
Kia,Sonet,2017,75342,Petrol,Manual,First,Ahmedabad,3.45
Mahindra,Bolero,2011,151948,Petrol,Automatic,Second,Pune,1.62
Mahindra,Scorpio,2018,80620,Petrol,Automatic,First,Ahmedabad,5.82
Tata,Harrier,2012,94799,Petrol,Automatic,First,Kolkata,3.72
Tata,Altroz,2015,132575,Petrol,Automatic,First,Jaipur,2.04
Mahindra,Scorpio,2022,58130,Petrol,Manual,Third,Jaipur,7.32
Renault,Kwid,2018,57853,Petrol,Manual,First,Bengaluru,2.15
Toyota,Glanza,2019,60406,Petrol,Manual,Fourth & above,Pune,3.02
Maruti Suzuki,Brezza,2025,5253,Petrol,Manual,First,Chennai,9.85
Kia,Seltos,2017,75559,Diesel,Automatic,First,Kochi,5.31
Hyundai,Venue,2020,63866,Petrol,Automatic,First,Bengaluru,5.8
Mahindra,Thar,2016,105872,Diesel,Manual,First,Chennai,4.1
Mahindra,XUV700,2015,87686,Petrol,Automatic,First,Jaipur,5.25
Maruti Suzuki,Alto K10,2016,87627,Petrol,Manual,First,Ahmedabad,1.24
Toyota,Innova Crysta,2009,157229,Petrol,Manual,First,Mumbai,2.96
Toyota,Fortuner,2023,22561,Petrol,Manual,First,Ahmedabad,28.02
Tata,Altroz,2021,51852,Diesel,Manual,First,Jaipur,4.51
Toyota,Fortuner,2021,50349,Diesel,Manual,First,Delhi,23.55
Kia,Seltos,2009,181508,Petrol,Automatic,First,Pune,1.77
Toyota,Fortuner,2023,18392,Petrol,Manual,First,Hyderabad,32.21
Hyundai,Verna,2021,37270,CNG,Manual,First,Mumbai,7.62
Maruti Suzuki,Baleno,2020,56620,CNG,Manual,First,Chennai,3.94
Mahindra,XUV700,2011,152902,Petrol,Manual,First,Kolkata,2.72
Mahindra,Thar,2021,39904,Diesel,Manual,First,Mumbai,9.4
Tata,Punch,2021,50656,Petrol,Manual,Second,Delhi,4.22
Mahindra,Bolero,2013,114393,Petrol,Manual,First,Bengaluru,2.04
Mahindra,Thar,2022,39558,Diesel,Manual,First,Bengaluru,11.06
Mahindra,Thar,2020,55384,Diesel,Automatic,First,Hyderabad,10.04
Maruti Suzuki,Alto K10,2024,8983,Petrol,Manual,Second,Chennai,3.44
Mahindra,Bolero,2019,52558,Diesel,Manual,Second,Chennai,4.67
Tata,Altroz,2016,109823,Diesel,Automatic,First,Mumbai,2.35
Honda,City,2024,8110,CNG,Manual,Second,Ahmedabad,9.63
Mahindra,Bolero,2021,59190,Petrol,Manual,Third,Kolkata,4.47
Maruti Suzuki,Brezza,2023,24356,Petrol,Manual,Second,Pune,6.61
Tata,Nexon,2009,174102,CNG,Manual,Second,Bengaluru,1.29
Mahindra,Bolero,2018,54126,Diesel,Manual,First,Delhi,4.43
Hyundai,Venue,2016,91957,Petrol,Manual,First,Mumbai,3.14
Toyota,Fortuner,2022,18510,Diesel,Manual,Second,Jaipur,26.61
Hyundai,Verna,2018,86656,Petrol,Manual,Second,Mumbai,3.87
Maruti Suzuki,Ertiga,2018,98187,Petrol,Manual,Third,Ahmedabad,3.31
Mahindra,Thar,2023,28760,Diesel,Automatic,First,Bengaluru,13.14
Honda,City,2022,50415,Petrol,Manual,Second,Kolkata,7.08
Tata,Altroz,2021,30732,Diesel,Automatic,First,Pune,5.75
Mahindra,Scorpio,2012,121816,Diesel,Automatic,Second,Kochi,2.59
Kia,Sonet,2016,90965,Diesel,Manual,Second,Pune,2.69
Tata,Nexon,2018,78489,CNG,Manual,Fourth & above,Kolkata,2.75
Toyota,Innova Crysta,2022,22038,Diesel,Manual,First,Ahmedabad,16.44
Honda,Amaze,2020,49592,CNG,Automatic,First,Ahmedabad,4.49
Tata,Punch,2018,83642,Petrol,Manual,First,Kolkata,2.8
Hyundai,Verna,2011,140176,Petrol,Automatic,Second,Bengaluru,1.92
Maruti Suzuki,Baleno,2022,26962,Petrol,Manual,Third,Kochi,4.19
Hyundai,Creta,2011,126372,Diesel,Manual,First,Delhi,2.08
Toyota,Fortuner,2022,50099,Diesel,Manual,First,Jaipur,27.45
Tata,Altroz,2012,124416,Petrol,Manual,Second,Hyderabad,1.4
Maruti Suzuki,Ertiga,2024,17650,Diesel,Manual,Third,Bengaluru,8.5
Tata,Altroz,2009,135823,Petrol,Automatic,First,Jaipur,1.08
Tata,Nexon,2013,108988,Diesel,Manual,First,Mumbai,2.04
Hyundai,Creta,2025,14346,Diesel,Manual,First,Kochi,13.05
Tata,Altroz,2018,79344,Petrol,Manual,Second,Jaipur,2.77
Kia,Sonet,2021,40675,CNG,Manual,Third,Kochi,4.66
Mahindra,Bolero,2020,58317,Diesel,Manual,First,Jaipur,5.54
Maruti Suzuki,Swift,2025,13362,Petrol,Manual,First,Kolkata,6.83
Kia,Seltos,2011,114980,Diesel,Automatic,First,Kolkata,2.21
Tata,Nexon,2021,37019,Petrol,Manual,Third,Ahmedabad,5.32
Mahindra,Bolero,2022,23627,Petrol,Automatic,First,Delhi,7.5
Honda,Amaze,2013,154822,Petrol,Manual,First,Kochi,1.54
Tata,Altroz,2022,36754,CNG,Manual,Second,Kochi,4.57
Honda,City,2019,55064,Diesel,Automatic,First,Chennai,6.12
Tata,Harrier,2023,29344,Petrol,Manual,First,Kolkata,12.31
Renault,Kwid,2024,19314,Petrol,Manual,First,Ahmedabad,4.33
Tata,Altroz,2024,13546,Petrol,Manual,First,Hyderabad,7.44
Maruti Suzuki,Baleno,2023,26030,Petrol,Manual,Third,Kochi,4.85
Renault,Kwid,2010,167623,Petrol,Manual,First,Mumbai,0.74
Toyota,Innova Crysta,2021,40538,Diesel,Manual,First,Bengaluru,13.84
Mahindra,Scorpio,2022,36555,Diesel,Automatic,First,Kolkata,11.17
Kia,Sonet,2010,185734,Petrol,Manual,First,Hyderabad,1.18
Toyota,Innova Crysta,2010,151717,Diesel,Automatic,First,Pune,3.24
Maruti Suzuki,Swift,2023,16258,Petrol,Manual,Third,Pune,4.58
Toyota,Innova Crysta,2020,64496,Petrol,Automatic,First,Kolkata,11.22
Mahindra,Bolero,2014,93221,Petrol,Manual,First,Ahmedabad,2.55
Hyundai,Venue,2016,130904,Diesel,Automatic,Second,Delhi,2.51
Tata,Nexon,2014,126150,Petrol,Automatic,First,Kolkata,2.3
Tata,Altroz,2023,30585,CNG,Manual,First,Chennai,5.56
Toyota,Glanza,2015,131133,CNG,Automatic,First,Bengaluru,2.23
Tata,Punch,2021,61426,Petrol,Manual,First,Pune,4.03
Hyundai,i20,2014,139927,Diesel,Manual,First,Ahmedabad,1.81
Hyundai,Venue,2023,28268,Petrol,Manual,First,Ahmedabad,7.14
Kia,Sonet,2024,15382,Diesel,Automatic,First,Kochi,10.3
Hyundai,Verna,2024,16378,CNG,Manual,First,Delhi,9.54
Mahindra,XUV700,2017,104982,Petrol,Manual,First,Mumbai,6.77
Toyota,Innova Crysta,2024,16227,Diesel,Automatic,First,Jaipur,21.89
Maruti Suzuki,Brezza,2009,159928,Petrol,Manual,First,Pune,1.16
Maruti Suzuki,Brezza,2022,43310,Petrol,Manual,First,Jaipur,6.67
Kia,Sonet,2021,57723,Petrol,Manual,Second,Bengaluru,4.89
Tata,Altroz,2013,170161,Petrol,Manual,First,Chennai,1.44
Mahindra,XUV700,2012,135239,Petrol,Automatic,Second,Mumbai,3.48
Mahindra,Scorpio,2011,187285,Diesel,Manual,Second,Mumbai,2.04
Maruti Suzuki,Swift,2022,41213,Petrol,Manual,Second,Ahmedabad,3.79
Mahindra,XUV700,2009,172941,Diesel,Automatic,First,Mumbai,2.32
Toyota,Fortuner,2019,49012,Diesel,Manual,First,Mumbai,20.64
Maruti Suzuki,Ertiga,2025,9407,Petrol,Manual,First,Chennai,9.76
Tata,Harrier,2018,73774,Petrol,Manual,First,Delhi,6.59
Maruti Suzuki,Swift,2013,167982,Petrol,Automatic,First,Chennai,1.29
Mahindra,XUV700,2012,141079,Diesel,Automatic,Second,Pune,3.03
Hyundai,Verna,2017,80961,Petrol,Manual,First,Delhi,4.07
Hyundai,Venue,2015,101361,Petrol,Manual,Second,Hyderabad,2.48
Mahindra,XUV700,2013,142801,Petrol,Manual,First,Delhi,3.71
Toyota,Glanza,2017,80317,Petrol,Automatic,First,Bengaluru,3.16
Mahindra,Bolero,2025,12309,Diesel,Manual,First,Pune,10.16
Mahindra,Scorpio,2017,88884,Diesel,Automatic,First,Chennai,5.24
Kia,Sonet,2013,135553,Diesel,Automatic,First,Delhi,1.93
Kia,Sonet,2010,183221,Petrol,Manual,First,Pune,1.32
Kia,Sonet,2018,82013,CNG,Manual,Second,Mumbai,3.31
Maruti Suzuki,Swift,2017,107818,Petrol,Manual,Second,Delhi,2.02
Kia,Seltos,2013,145615,Petrol,Automatic,First,Hyderabad,2.86
Hyundai,Creta,2025,19673,Diesel,Automatic,First,Kolkata,14.47
Mahindra,Thar,2020,54974,Diesel,Manual,Second,Pune,7.3
Honda,City,2011,169775,Diesel,Automatic,First,Mumbai,1.95
Maruti Suzuki,Brezza,2014,133895,Petrol,Manual,First,Mumbai,2.12
Toyota,Glanza,2019,58684,Petrol,Automatic,First,Kochi,4.18
Maruti Suzuki,Swift,2010,171807,CNG,Manual,Second,Kochi,0.78
Kia,Sonet,2025,11076,Diesel,Automatic,Second,Delhi,9.01
Tata,Harrier,2010,189853,Petrol,Manual,First,Chennai,2.36
Tata,Punch,2025,13752,Petrol,Manual,Second,Ahmedabad,6.2
Renault,Kwid,2015,100871,CNG,Manual,First,Kochi,1.18
Mahindra,Bolero,2009,161944,Petrol,Manual,First,Kolkata,1.11
Kia,Seltos,2017,108480,Diesel,Manual,First,Ahmedabad,4.69
Maruti Suzuki,Alto K10,2018,59770,Petrol,Automatic,First,Delhi,2.12
Toyota,Innova Crysta,2013,86999,Diesel,Automatic,Second,Ahmedabad,4.34
Tata,Harrier,2022,33685,Petrol,Manual,First,Pune,13.32
Maruti Suzuki,Brezza,2010,163633,Petrol,Manual,First,Jaipur,1.29
Kia,Seltos,2011,153247,Petrol,Manual,First,Delhi,2.22
Mahindra,XUV700,2022,35279,Petrol,Automatic,Second,Ahmedabad,11.86
Maruti Suzuki,Brezza,2024,21932,Petrol,Automatic,Second,Ahmedabad,7.57
Tata,Punch,2024,12537,Petrol,Manual,First,Pune,6.95
Toyota,Glanza,2018,58643,Petrol,Automatic,Fourth & above,Bengaluru,2.61
Honda,Amaze,2025,15171,CNG,Automatic,Second,Chennai,7.23
Honda,Amaze,2021,46221,Petrol,Manual,First,Chennai,4.77
Tata,Harrier,2014,121945,Petrol,Manual,First,Jaipur,3.61
Honda,Amaze,2014,131761,Petrol,Manual,Second,Hyderabad,1.75
Hyundai,Venue,2024,9576,Petrol,Manual,Second,Jaipur,7.53
Mahindra,Scorpio,2009,205279,Petrol,Automatic,Second,Jaipur,1.45
Mahindra,Thar,2018,45025,Petrol,Manual,First,Delhi,6.89
Honda,City,2019,66996,Diesel,Manual,Fourth & above,Jaipur,4.85
Tata,Altroz,2016,90702,Diesel,Manual,Second,Ahmedabad,2.06
Toyota,Innova Crysta,2021,45026,Diesel,Manual,First,Ahmedabad,13.71
Maruti Suzuki,Alto K10,2014,133443,Petrol,Manual,First,Jaipur,1.02
Hyundai,Creta,2021,30424,CNG,Manual,First,Ahmedabad,8.41
Tata,Harrier,2012,139120,Petrol,Manual,Third,Kolkata,2.57
Maruti Suzuki,Brezza,2009,161992,Petrol,Automatic,First,Jaipur,1.34
Maruti Suzuki,Swift,2010,184074,Petrol,Manual,First,Pune,0.88
Honda,Amaze,2018,72383,Petrol,Manual,First,Pune,3.27
Maruti Suzuki,Brezza,2021,58296,Petrol,Manual,First,Chennai,5.23
Kia,Seltos,2014,116986,Petrol,Automatic,First,Pune,3.58
Honda,City,2011,209181,Petrol,Manual,First,Pune,1.7
Maruti Suzuki,Brezza,2025,15018,Diesel,Automatic,First,Mumbai,11.39
Tata,Harrier,2009,174818,Petrol,Manual,Second,Chennai,2.05
Renault,Kwid,2018,82620,Petrol,Manual,Second,Bengaluru,1.58
Tata,Harrier,2016,108276,Diesel,Manual,Second,Jaipur,4.11
Tata,Altroz,2018,63309,CNG,Manual,First,Chennai,3.12
Renault,Kwid,2024,15698,Petrol,Manual,Second,Pune,3.92
Mahindra,Thar,2023,22576,Diesel,Automatic,Second,Mumbai,13.36
Maruti Suzuki,Swift,2017,61117,Petrol,Automatic,First,Kochi,2.52
Tata,Altroz,2010,171087,Diesel,Manual,First,Mumbai,0.92
Toyota,Glanza,2013,116252,Petrol,Manual,Third,Bengaluru,1.47
Tata,Harrier,2023,22051,CNG,Manual,First,Bengaluru,12.97
Tata,Punch,2013,149588,Petrol,Automatic,First,Hyderabad,1.6
Hyundai,Creta,2017,86580,Petrol,Manual,Third,Bengaluru,4.54
Maruti Suzuki,Swift,2023,17074,CNG,Manual,Second,Delhi,4.4
Toyota,Fortuner,2012,163933,Diesel,Automatic,First,Jaipur,6.15
Renault,Kwid,2011,115610,Petrol,Automatic,First,Kolkata,0.89
Hyundai,Creta,2022,21325,Petrol,Manual,First,Chennai,11.23
Maruti Suzuki,Swift,2011,181889,Petrol,Manual,First,Pune,1.03
Mahindra,Bolero,2024,16207,Petrol,Manual,Second,Kolkata,7.87
Maruti Suzuki,Swift,2011,161733,Petrol,Manual,Second,Pune,0.91
Honda,City,2016,112708,CNG,Manual,Second,Delhi,3.12
Tata,Nexon,2022,26335,Petrol,Automatic,Second,Bengaluru,7.38
Maruti Suzuki,Baleno,2022,37302,Petrol,Manual,First,Hyderabad,5.15
Maruti Suzuki,Baleno,2022,39238,Petrol,Manual,First,Ahmedabad,4.85
Maruti Suzuki,Ertiga,2024,16595,Petrol,Manual,Second,Chennai,8.5
Tata,Nexon,2009,193980,Diesel,Manual,First,Kolkata,1.14
Maruti Suzuki,Swift,2009,164254,Petrol,Automatic,Second,Kochi,0.81
Toyota,Glanza,2022,29563,Petrol,Manual,First,Kochi,5.06
Maruti Suzuki,Baleno,2024,10455,Petrol,Manual,First,Kolkata,6.42
Mahindra,Thar,2010,153662,Diesel,Manual,First,Chennai,2.12
Maruti Suzuki,Baleno,2012,123587,CNG,Manual,Fourth & above,Pune,1.05
Hyundai,Venue,2021,46884,Diesel,Manual,First,Kolkata,5.92
Tata,Nexon,2017,76904,Petrol,Manual,First,Jaipur,3.64
Maruti Suzuki,Baleno,2021,44719,Petrol,Automatic,First,Bengaluru,4.91
Hyundai,Verna,2023,32686,Petrol,Manual,First,Kolkata,8.57
Mahindra,XUV700,2010,189484,Petrol,Manual,First,Pune,2.55
Toyota,Fortuner,2015,153700,Petrol,Manual,Second,Mumbai,9.0
Tata,Altroz,2019,71786,Petrol,Automatic,First,Hyderabad,3.78
Kia,Sonet,2015,98731,Petrol,Automatic,Second,Delhi,2.58
Maruti Suzuki,Alto K10,2021,50317,Petrol,Manual,Second,Chennai,2.34
Hyundai,Venue,2022,31568,Diesel,Manual,Fourth & above,Delhi,5.74
Mahindra,Bolero,2018,77902,Petrol,Automatic,Third,Kolkata,3.15
Mahindra,XUV700,2015,131678,Diesel,Manual,First,Mumbai,4.21
Maruti Suzuki,Ertiga,2011,172304,Petrol,Manual,Second,Jaipur,1.23
Renault,Kwid,2024,9966,Petrol,Manual,First,Ahmedabad,4.16
Tata,Harrier,2022,22639,Petrol,Automatic,First,Pune,14.41
Toyota,Innova Crysta,2025,21315,Diesel,Automatic,First,Kochi,24.97
Tata,Punch,2015,105220,Petrol,Manual,First,Kolkata,1.98
Mahindra,XUV700,2021,52878,Petrol,Manual,First,Jaipur,10.69
Mahindra,Bolero,2015,96661,Petrol,Manual,First,Ahmedabad,2.94
Mahindra,Thar,2019,65791,Petrol,Manual,First,Bengaluru,6.53
Maruti Suzuki,Swift,2009,210171,Petrol,Automatic,First,Pune,0.83
Maruti Suzuki,Brezza,2020,49340,CNG,Manual,First,Pune,4.55
Honda,Amaze,2023,25227,Petrol,Automatic,First,Mumbai,6.56
Maruti Suzuki,Alto K10,2016,111525,CNG,Automatic,Third,Jaipur,1.07
Hyundai,Creta,2012,204476,Diesel,Manual,First,Bengaluru,1.91
Hyundai,Creta,2018,109177,Diesel,Automatic,First,Kochi,5.82
Toyota,Glanza,2015,115551,Petrol,Manual,First,Ahmedabad,2.07
Tata,Altroz,2025,21262,Petrol,Manual,First,Ahmedabad,7.79
Mahindra,XUV700,2016,82798,Petrol,Automatic,Second,Kolkata,5.82
Honda,Amaze,2010,111500,Petrol,Manual,First,Delhi,1.09
Kia,Seltos,2023,29366,Petrol,Manual,First,Hyderabad,11.11
Toyota,Glanza,2019,67386,Petrol,Manual,First,Delhi,3.51
Maruti Suzuki,Swift,2018,79960,Petrol,Manual,First,Kochi,2.51
Tata,Harrier,2022,20844,Diesel,Manual,First,Pune,12.76
Mahindra,Bolero,2019,67183,Diesel,Manual,First,Hyderabad,4.83
Tata,Harrier,2023,17897,Petrol,Automatic,First,Jaipur,15.45
Honda,Amaze,2021,55348,CNG,Manual,First,Delhi,4.6
Mahindra,Thar,2020,68552,Petrol,Manual,First,Hyderabad,7.66
Honda,City,2015,100726,Diesel,Manual,First,Kochi,3.18
Honda,City,2016,90635,Petrol,Manual,First,Mumbai,4.02
Mahindra,Bolero,2020,47165,Diesel,Manual,First,Kochi,5.59
Maruti Suzuki,Swift,2010,153671,Petrol,Manual,First,Jaipur,0.92
Maruti Suzuki,Baleno,2023,24502,Petrol,Manual,First,Chennai,5.97
Honda,City,2015,112978,Petrol,Manual,Second,Hyderabad,3.33
Kia,Seltos,2020,69660,Diesel,Automatic,Second,Jaipur,6.51
Toyota,Fortuner,2020,70165,Diesel,Manual,Second,Delhi,19.07
Hyundai,Verna,2014,135216,Petrol,Manual,First,Delhi,2.73
Maruti Suzuki,Baleno,2017,86511,Petrol,Manual,First,Pune,2.63
Tata,Punch,2024,13039,Petrol,Manual,First,Bengaluru,6.65
Maruti Suzuki,Alto K10,2025,9770,Petrol,Manual,Second,Chennai,3.74
Maruti Suzuki,Baleno,2017,110826,Petrol,Manual,First,Bengaluru,2.57
Mahindra,XUV700,2020,40623,Petrol,Manual,First,Ahmedabad,9.88
Kia,Seltos,2014,209319,Petrol,Manual,First,Kochi,2.41
Hyundai,Creta,2017,86151,Diesel,Manual,Fourth & above,Jaipur,3.67
Mahindra,Scorpio,2016,103064,Petrol,Manual,First,Jaipur,4.23
Mahindra,Thar,2019,96845,Petrol,Automatic,Second,Hyderabad,6.34
Toyota,Fortuner,2012,144088,Diesel,Automatic,First,Delhi,6.93
Mahindra,XUV700,2020,58577,Petrol,Manual,First,Chennai,9.2
Maruti Suzuki,Ertiga,2025,17988,Petrol,Manual,First,Mumbai,10.51
Tata,Punch,2014,140055,Petrol,Manual,First,Kolkata,1.64
Hyundai,Venue,2009,158665,Diesel,Manual,First,Pune,1.16
Tata,Punch,2019,68779,Petrol,Automatic,First,Pune,3.79
Maruti Suzuki,Baleno,2019,43160,Petrol,Automatic,First,Ahmedabad,3.94
Mahindra,Thar,2014,129523,Petrol,Manual,First,Hyderabad,3.63
Hyundai,Verna,2020,69088,Diesel,Manual,Second,Ahmedabad,5.56
Toyota,Fortuner,2020,75160,Petrol,Manual,First,Pune,18.0
Maruti Suzuki,Ertiga,2009,145343,Diesel,Manual,First,Ahmedabad,1.22
Maruti Suzuki,Baleno,2015,106836,Petrol,Manual,First,Mumbai,1.9
Mahindra,XUV700,2023,28718,Diesel,Automatic,First,Bengaluru,17.74
Maruti Suzuki,Alto K10,2014,138554,Petrol,Automatic,First,Kochi,1.11
Maruti Suzuki,Ertiga,2012,137238,Diesel,Manual,Second,Kochi,1.42
Maruti Suzuki,Baleno,2013,111541,Petrol,Manual,First,Bengaluru,1.67
Honda,Amaze,2020,72027,Petrol,Automatic,Second,Pune,4.06
Hyundai,Creta,2009,132949,Petrol,Manual,First,Kolkata,1.62
Honda,Amaze,2012,143693,Petrol,Automatic,Second,Kolkata,1.39
Toyota,Glanza,2012,124551,Petrol,Manual,First,Bengaluru,1.57
Mahindra,Thar,2012,147940,Diesel,Manual,First,Pune,2.66
Tata,Nexon,2025,18711,CNG,Manual,Fourth & above,Ahmedabad,7.69
Honda,City,2019,82518,Petrol,Manual,Second,Kochi,5.36
Tata,Altroz,2012,144857,CNG,Manual,First,Pune,1.4
Hyundai,i20,2017,91607,CNG,Manual,Third,Hyderabad,2.32
Maruti Suzuki,Ertiga,2016,98074,Petrol,Automatic,First,Bengaluru,3.72
Maruti Suzuki,Swift,2023,24244,Petrol,Manual,Third,Kolkata,4.05
Maruti Suzuki,Alto K10,2012,156882,Petrol,Manual,First,Pune,0.72
Hyundai,i20,2010,153873,Diesel,Manual,Second,Bengaluru,1.06
Maruti Suzuki,Brezza,2015,112568,Diesel,Automatic,Second,Pune,2.2
Tata,Harrier,2020,58598,CNG,Automatic,Second,Ahmedabad,7.84
Kia,Seltos,2018,88007,Petrol,Automatic,Second,Jaipur,5.15
Hyundai,Verna,2025,22555,Petrol,Manual,First,Pune,10.23
Tata,Nexon,2021,51753,Diesel,Manual,First,Hyderabad,6.73
Toyota,Fortuner,2019,82141,Petrol,Manual,Second,Delhi,15.77
Mahindra,Thar,2012,163573,Petrol,Manual,Third,Delhi,2.32
Toyota,Innova Crysta,2023,20563,Petrol,Manual,Second,Kochi,13.39
Mahindra,XUV700,2010,197789,Diesel,Manual,Second,Delhi,2.37
Tata,Harrier,2021,38771,Petrol,Manual,First,Pune,11.02
Honda,City,2024,17601,CNG,Manual,First,Pune,10.56
Kia,Sonet,2011,207148,Diesel,Manual,First,Pune,1.26
Mahindra,XUV700,2012,171405,Petrol,Manual,First,Hyderabad,2.78
Hyundai,Verna,2025,14006,Petrol,Manual,First,Bengaluru,11.52
Honda,City,2021,43333,CNG,Manual,First,Hyderabad,6.71
Maruti Suzuki,Alto K10,2013,114106,Petrol,Manual,First,Delhi,0.92
Mahindra,Scorpio,2022,39744,Petrol,Manual,First,Kolkata,9.76
Tata,Punch,2025,15626,Petrol,Automatic,Second,Delhi,7.51
Kia,Seltos,2022,51014,Petrol,Manual,First,Jaipur,8.26
Maruti Suzuki,Ertiga,2022,44394,Diesel,Manual,Second,Pune,6.68
Hyundai,i20,2018,102324,Petrol,Automatic,Third,Bengaluru,2.57
Honda,City,2024,10333,Diesel,Manual,Third,Delhi,10.04
Maruti Suzuki,Baleno,2024,12564,Petrol,Automatic,First,Kochi,6.93
Mahindra,Scorpio,2021,32790,Petrol,Manual,First,Bengaluru,9.47
Maruti Suzuki,Brezza,2012,160936,CNG,Manual,First,Delhi,1.55
Maruti Suzuki,Swift,2013,171761,Petrol,Manual,First,Delhi,1.22
Hyundai,Verna,2014,125643,Diesel,Automatic,First,Chennai,3.0
Toyota,Innova Crysta,2022,42789,Petrol,Manual,First,Delhi,14.42
Tata,Altroz,2011,181855,Petrol,Automatic,First,Bengaluru,1.33
Hyundai,Verna,2025,16335,Petrol,Manual,First,Bengaluru,11.06
Tata,Altroz,2011,130290,Petrol,Manual,First,Delhi,1.4
Honda,City,2019,75432,CNG,Manual,First,Jaipur,4.82
Honda,City,2015,123552,Diesel,Manual,Fourth & above,Pune,2.42
Mahindra,Scorpio,2021,40252,Petrol,Manual,First,Kolkata,8.43
Renault,Kwid,2024,18076,Petrol,Manual,First,Kochi,4.05
Tata,Harrier,2021,59163,Petrol,Manual,Second,Mumbai,10.0
Kia,Sonet,2010,156121,Petrol,Manual,First,Jaipur,1.25
Maruti Suzuki,Alto K10,2010,167443,Petrol,Automatic,Second,Bengaluru,0.63
Mahindra,Thar,2020,61248,Diesel,Manual,Second,Mumbai,7.58
Toyota,Glanza,2009,149918,Petrol,Manual,First,Kolkata,1.08
Kia,Seltos,2025,13330,Diesel,Automatic,Third,Bengaluru,13.3
Hyundai,Verna,2010,130827,Petrol,Automatic,Second,Delhi,1.69
Maruti Suzuki,Alto K10,2025,16390,Petrol,Manual,First,Kochi,4.34
Renault,Kwid,2024,20429,Petrol,Manual,Second,Mumbai,4.4
Honda,Amaze,2020,66309,Petrol,Manual,First,Bengaluru,4.34
Mahindra,Thar,2018,71159,Diesel,Manual,Second,Pune,6.09
Hyundai,Venue,2014,120037,Petrol,Manual,First,Bengaluru,2.35
Maruti Suzuki,Swift,2015,85183,Petrol,Automatic,Second,Jaipur,1.68
Hyundai,Venue,2012,125029,Diesel,Manual,Third,Jaipur,1.14
Mahindra,Thar,2023,27851,Diesel,Automatic,Second,Bengaluru,12.53
Maruti Suzuki,Ertiga,2025,10347,Diesel,Automatic,First,Ahmedabad,10.52
Mahindra,Thar,2014,125131,Diesel,Manual,First,Ahmedabad,3.55
Hyundai,i20,2010,199537,CNG,Manual,Fourth & above,Mumbai,0.89
Maruti Suzuki,Alto K10,2009,205241,Petrol,Manual,First,Kochi,0.5
Mahindra,XUV700,2012,143744,Petrol,Automatic,Second,Bengaluru,3.58
Hyundai,Venue,2019,70537,Diesel,Manual,First,Kolkata,4.87
Maruti Suzuki,Baleno,2018,69551,Petrol,Manual,First,Mumbai,3.31
Tata,Nexon,2019,52647,Petrol,Manual,First,Mumbai,4.66
Renault,Kwid,2019,60049,Petrol,Manual,First,Kochi,2.41
Mahindra,Thar,2018,77471,Diesel,Manual,Third,Chennai,5.6
Honda,Amaze,2015,142174,Petrol,Manual,Second,Delhi,1.97
Mahindra,Thar,2012,169868,Diesel,Manual,Second,Hyderabad,2.28
Maruti Suzuki,Swift,2011,110517,Petrol,Automatic,Second,Mumbai,1.23
Hyundai,Creta,2017,98443,Petrol,Manual,Second,Kolkata,4.25
Tata,Altroz,2012,153063,Petrol,Automatic,First,Jaipur,1.44
Maruti Suzuki,Baleno,2021,68451,CNG,Automatic,First,Jaipur,4.1
Tata,Altroz,2020,63302,CNG,Manual,Third,Jaipur,3.04
Hyundai,Verna,2024,21591,Petrol,Manual,First,Jaipur,9.68
Kia,Seltos,2009,167531,Diesel,Manual,First,Kolkata,1.6
Renault,Kwid,2012,105443,CNG,Automatic,First,Pune,0.99
Hyundai,Creta,2013,103211,CNG,Manual,First,Delhi,2.74
Tata,Harrier,2023,23684,Petrol,Manual,Second,Pune,12.33
Maruti Suzuki,Swift,2020,46251,Petrol,Automatic,First,Chennai,3.76
Mahindra,Scorpio,2016,114364,Diesel,Manual,First,Mumbai,3.88
Mahindra,Scorpio,2020,50251,Petrol,Manual,First,Delhi,7.87
Toyota,Fortuner,2011,169577,Petrol,Manual,First,Mumbai,5.55
Maruti Suzuki,Swift,2018,81372,Petrol,Manual,Second,Ahmedabad,2.49
Tata,Nexon,2013,106520,Diesel,Manual,First,Ahmedabad,2.27
Toyota,Glanza,2018,64899,Petrol,Manual,First,Pune,3.22
Tata,Nexon,2011,155567,Petrol,Manual,Second,Hyderabad,1.43
Hyundai,Venue,2009,179817,Petrol,Manual,Second,Chennai,1.06
Kia,Sonet,2016,101359,Petrol,Manual,First,Bengaluru,2.57
Maruti Suzuki,Ertiga,2024,7183,Diesel,Manual,Second,Pune,8.76
Maruti Suzuki,Ertiga,2014,147438,Petrol,Manual,First,Delhi,2.35
Hyundai,i20,2022,39371,Diesel,Automatic,First,Chennai,6.78
Maruti Suzuki,Alto K10,2012,131650,CNG,Manual,First,Jaipur,0.77
Hyundai,i20,2024,14035,Petrol,Manual,First,Bengaluru,7.87
Kia,Seltos,2025,16390,Petrol,Manual,First,Kochi,11.47
Mahindra,Bolero,2022,48411,Diesel,Automatic,Second,Hyderabad,6.63
Mahindra,Thar,2014,90975,Diesel,Manual,Second,Kochi,3.38
Toyota,Glanza,2012,139100,Petrol,Automatic,Second,Hyderabad,1.37
Maruti Suzuki,Swift,2021,56869,Petrol,Manual,First,Bengaluru,4.05
Maruti Suzuki,Brezza,2015,75015,Petrol,Manual,Second,Kolkata,2.52
Tata,Nexon,2022,25348,Diesel,Manual,Second,Pune,7.43
Mahindra,Scorpio,2013,114433,Petrol,Manual,First,Pune,2.9
Mahindra,XUV700,2017,84819,Diesel,Manual,Third,Ahmedabad,5.64
Kia,Seltos,2011,191643,Diesel,Manual,Third,Mumbai,1.37
Kia,Seltos,2019,51304,Petrol,Manual,First,Ahmedabad,6.29
Toyota,Fortuner,2024,13812,Diesel,Manual,Second,Chennai,31.76
Toyota,Glanza,2023,15630,CNG,Automatic,Second,Pune,6.48
Mahindra,Thar,2014,116062,Diesel,Manual,First,Chennai,3.6
Tata,Nexon,2013,144151,Petrol,Manual,Third,Hyderabad,1.79
Maruti Suzuki,Swift,2016,92825,Petrol,Manual,First,Mumbai,2.06
Tata,Punch,2016,125719,Petrol,Automatic,Fourth & above,Hyderabad,1.69
Honda,Amaze,2018,112949,Petrol,Manual,First,Bengaluru,3.06
Hyundai,Verna,2013,147637,Petrol,Automatic,Third,Hyderabad,1.95
Maruti Suzuki,Brezza,2009,170588,Petrol,Automatic,First,Jaipur,1.26
Tata,Altroz,2016,91561,Diesel,Manual,Second,Hyderabad,2.11
Tata,Nexon,2014,120525,Petrol,Automatic,First,Kolkata,2.6
Maruti Suzuki,Swift,2018,69289,Petrol,Automatic,First,Mumbai,3.17
Tata,Altroz,2017,85970,Petrol,Manual,Second,Chennai,2.45
Tata,Harrier,2015,83193,Petrol,Manual,Third,Kolkata,3.92
Toyota,Fortuner,2022,50717,Petrol,Manual,First,Ahmedabad,23.63
Maruti Suzuki,Ertiga,2024,18528,Diesel,Manual,First,Mumbai,9.32
Toyota,Glanza,2015,131828,Petrol,Manual,First,Ahmedabad,1.94
Toyota,Fortuner,2024,9341,Petrol,Manual,First,Mumbai,34.74
Kia,Seltos,2014,137458,Petrol,Automatic,First,Hyderabad,3.31
Maruti Suzuki,Swift,2017,102497,CNG,Automatic,First,Mumbai,2.55
Mahindra,Bolero,2024,10953,Petrol,Automatic,First,Mumbai,8.98
Hyundai,Creta,2012,141465,Petrol,Automatic,Second,Hyderabad,2.51
Renault,Kwid,2019,49989,CNG,Manual,First,Kolkata,2.05
Renault,Kwid,2016,109988,Petrol,Manual,First,Ahmedabad,1.47
Tata,Harrier,2025,18249,Diesel,Manual,Second,Mumbai,17.99
Toyota,Glanza,2022,34393,Petrol,Manual,First,Mumbai,5.9
Honda,Amaze,2018,78530,Petrol,Automatic,Second,Jaipur,3.26
Toyota,Innova Crysta,2019,65507,Diesel,Manual,First,Jaipur,10.42
Toyota,Innova Crysta,2016,89593,Diesel,Automatic,First,Hyderabad,6.79
Maruti Suzuki,Ertiga,2023,19137,Petrol,Automatic,Second,Jaipur,7.3
Honda,City,2009,224742,Petrol,Manual,Third,Ahmedabad,1.16
Tata,Harrier,2020,59387,Diesel,Manual,First,Bengaluru,10.16
Hyundai,Creta,2011,184420,Diesel,Manual,First,Mumbai,1.99
Maruti Suzuki,Ertiga,2019,61819,Diesel,Automatic,Second,Delhi,5.29
Hyundai,Creta,2015,109253,CNG,Manual,Second,Jaipur,3.56
Tata,Punch,2015,108478,Petrol,Manual,Third,Jaipur,1.55
Maruti Suzuki,Brezza,2024,14057,Petrol,Manual,First,Bengaluru,8.75
Honda,Amaze,2020,63334,Petrol,Manual,First,Bengaluru,4.15
Kia,Sonet,2018,77748,Petrol,Automatic,Second,Pune,3.99
Renault,Kwid,2013,125444,Petrol,Automatic,First,Ahmedabad,1.06
Toyota,Fortuner,2014,125388,Diesel,Manual,Second,Hyderabad,7.82
Hyundai,Creta,2023,37328,Petrol,Manual,First,Mumbai,10.63
Maruti Suzuki,Brezza,2023,11880,Petrol,Manual,First,Pune,7.97
Hyundai,Creta,2023,26114,Petrol,Manual,Third,Bengaluru,9.84
Maruti Suzuki,Brezza,2020,40432,CNG,Automatic,First,Kochi,5.33
Maruti Suzuki,Ertiga,2016,72764,Petrol,Manual,Third,Kochi,2.79
Honda,City,2012,169679,Diesel,Manual,Second,Pune,1.73
Toyota,Innova Crysta,2011,193563,Petrol,Manual,Second,Bengaluru,3.06
Hyundai,Verna,2011,115116,Petrol,Manual,Third,Delhi,1.66
Toyota,Innova Crysta,2024,9000,Diesel,Automatic,Second,Pune,22.35
Maruti Suzuki,Brezza,2019,92552,Diesel,Automatic,Fourth & above,Kolkata,3.52
Toyota,Innova Crysta,2016,96792,Diesel,Automatic,First,Pune,6.05
Honda,City,2012,154442,Diesel,Manual,Third,Ahmedabad,1.74
Toyota,Fortuner,2025,19753,Petrol,Manual,First,Hyderabad,37.2
Maruti Suzuki,Brezza,2025,13544,Diesel,Manual,First,Kolkata,9.75
Toyota,Glanza,2025,16797,Petrol,Manual,Second,Hyderabad,7.13
Maruti Suzuki,Swift,2009,156181,Petrol,Manual,Second,Kochi,0.78
Mahindra,XUV700,2025,20411,Petrol,Automatic,Second,Chennai,18.56
Mahindra,XUV700,2012,181207,Diesel,Manual,Second,Ahmedabad,2.6
Tata,Punch,2025,9272,Petrol,Manual,Second,Jaipur,7.06
Maruti Suzuki,Brezza,2018,77866,CNG,Manual,Third,Delhi,3.17
Maruti Suzuki,Alto K10,2018,65614,Petrol,Manual,Second,Kolkata,1.61
Mahindra,Thar,2015,108243,Petrol,Manual,Second,Kochi,3.73
Maruti Suzuki,Brezza,2024,15307,Petrol,Manual,First,Ahmedabad,8.07
Maruti Suzuki,Brezza,2021,35516,Petrol,Manual,Third,Bengaluru,4.8
Honda,City,2022,39934,Petrol,Manual,First,Pune,8.99
Kia,Sonet,2015,159517,CNG,Manual,Second,Jaipur,1.95
Mahindra,Scorpio,2015,125884,Petrol,Manual,Second,Hyderabad,3.35
Toyota,Fortuner,2016,135024,Petrol,Manual,First,Bengaluru,11.43
Hyundai,Venue,2024,21098,Diesel,Manual,Third,Chennai,8.18
Toyota,Fortuner,2015,108682,Petrol,Manual,First,Jaipur,9.84
Mahindra,XUV700,2011,178589,Diesel,Manual,First,Jaipur,2.66
Hyundai,Venue,2025,11163,Diesel,Manual,First,Kolkata,9.92
Mahindra,XUV700,2021,69131,Diesel,Automatic,Second,Jaipur,11.17
Maruti Suzuki,Brezza,2014,104562,Diesel,Manual,First,Bengaluru,2.07
Honda,City,2024,16836,Diesel,Manual,Second,Kolkata,9.08
Maruti Suzuki,Brezza,2025,17805,Petrol,Manual,First,Jaipur,9.57
Tata,Punch,2017,88315,Petrol,Automatic,Second,Bengaluru,2.5
Hyundai,Venue,2016,107181,Diesel,Manual,First,Mumbai,2.75
Mahindra,Bolero,2025,13176,Petrol,Automatic,Second,Chennai,9.36
Maruti Suzuki,Baleno,2017,79491,Petrol,Automatic,First,Ahmedabad,2.94
Honda,City,2025,11526,Petrol,Manual,First,Jaipur,11.34
Mahindra,Bolero,2022,53312,Diesel,Automatic,Second,Chennai,6.9
Hyundai,Verna,2023,29281,Diesel,Manual,First,Kolkata,9.33
Hyundai,Venue,2009,201672,CNG,Automatic,First,Jaipur,1.19
Hyundai,Venue,2016,89905,Diesel,Manual,Third,Kochi,2.34
Renault,Kwid,2021,42122,Petrol,Manual,Second,Mumbai,2.75
Hyundai,i20,2021,47684,Petrol,Manual,Second,Jaipur,4.74
Kia,Sonet,2021,27817,Diesel,Manual,First,Kolkata,6.48
Tata,Altroz,2014,150167,Petrol,Automatic,Second,Kolkata,1.64
Mahindra,Bolero,2009,191038,Petrol,Manual,First,Pune,1.16
Mahindra,Scorpio,2014,94342,Petrol,Manual,Fourth & above,Kochi,2.52
Renault,Kwid,2021,41001,CNG,Automatic,First,Bengaluru,3.25
Mahindra,Thar,2024,12926,Petrol,Manual,First,Kochi,13.07
Hyundai,Venue,2019,50198,CNG,Manual,First,Pune,4.25
Honda,City,2013,119672,Diesel,Manual,First,Mumbai,2.5
Mahindra,XUV700,2019,94943,Petrol,Manual,Second,Jaipur,7.37
Renault,Kwid,2023,20400,Petrol,Automatic,First,Ahmedabad,4.04
Maruti Suzuki,Alto K10,2013,99427,Petrol,Manual,First,Jaipur,0.92
Maruti Suzuki,Ertiga,2021,33252,CNG,Manual,First,Kolkata,5.63
Maruti Suzuki,Alto K10,2013,117193,Petrol,Manual,First,Ahmedabad,0.87
Maruti Suzuki,Brezza,2013,99419,Petrol,Manual,First,Ahmedabad,1.91
Tata,Nexon,2017,85695,Petrol,Manual,Second,Chennai,3.0
Honda,City,2020,43370,CNG,Manual,First,Ahmedabad,5.95
Mahindra,Thar,2011,215492,Petrol,Manual,First,Kochi,1.9
Kia,Seltos,2015,130871,Diesel,Manual,First,Bengaluru,3.14
Mahindra,Scorpio,2012,176730,Diesel,Automatic,Second,Delhi,2.22
Maruti Suzuki,Ertiga,2023,34224,Petrol,Manual,First,Pune,7.63
Maruti Suzuki,Alto K10,2024,17431,Petrol,Manual,First,Hyderabad,4.22
Maruti Suzuki,Alto K10,2018,102385,Petrol,Manual,Second,Kochi,1.48
Toyota,Glanza,2018,59071,Petrol,Manual,First,Mumbai,3.3
Maruti Suzuki,Brezza,2013,176303,Petrol,Automatic,First,Kochi,1.85
Hyundai,Creta,2020,54666,Petrol,Manual,First,Delhi,7.37
Hyundai,i20,2020,61625,Diesel,Manual,First,Bengaluru,4.73
Mahindra,XUV700,2016,103556,Petrol,Manual,Second,Jaipur,5.01
Toyota,Innova Crysta,2019,66690,Diesel,Manual,First,Delhi,10.89
Honda,Amaze,2014,89248,Petrol,Automatic,First,Pune,2.21
Mahindra,XUV700,2014,150973,Petrol,Manual,Second,Jaipur,3.59
Hyundai,Creta,2024,3689,Petrol,Manual,First,Ahmedabad,12.41
Mahindra,Thar,2012,129870,Diesel,Automatic,First,Jaipur,2.39
Maruti Suzuki,Alto K10,2010,205278,CNG,Manual,First,Jaipur,0.49
Mahindra,Scorpio,2024,21295,Diesel,Manual,First,Chennai,12.34
Maruti Suzuki,Alto K10,2018,80069,Petrol,Manual,First,Kochi,1.76
Renault,Kwid,2022,51557,CNG,Manual,First,Pune,2.97
Tata,Nexon,2010,207912,Petrol,Automatic,First,Ahmedabad,1.33
Honda,City,2016,110426,Petrol,Manual,Second,Pune,3.32
Hyundai,Creta,2020,39490,Petrol,Manual,First,Ahmedabad,6.77
Mahindra,Thar,2015,125686,Diesel,Manual,First,Jaipur,3.53
Maruti Suzuki,Brezza,2020,72620,Petrol,Manual,Second,Pune,4.46
Hyundai,Verna,2023,35631,Petrol,Manual,Second,Bengaluru,7.8
Hyundai,Venue,2021,56654,CNG,Manual,First,Chennai,5.13
Maruti Suzuki,Brezza,2014,118767,Petrol,Manual,Second,Mumbai,2.09
Renault,Kwid,2014,123944,CNG,Automatic,First,Kochi,1.21
Maruti Suzuki,Ertiga,2020,61669,Petrol,Automatic,First,Bengaluru,6.04
Hyundai,Venue,2018,97234,Diesel,Automatic,First,Bengaluru,4.08
Kia,Seltos,2013,129746,Diesel,Manual,First,Bengaluru,2.77
Hyundai,i20,2024,10885,Petrol,Manual,First,Delhi,7.7
Tata,Altroz,2017,110021,Diesel,Manual,First,Mumbai,3.06
Hyundai,Verna,2022,39747,Petrol,Manual,First,Kochi,7.18
Hyundai,i20,2018,99953,Petrol,Manual,First,Chennai,3.1
Renault,Kwid,2017,84558,Petrol,Automatic,Third,Kochi,1.73
Maruti Suzuki,Ertiga,2009,127206,Petrol,Automatic,First,Ahmedabad,1.51
Toyota,Glanza,2024,15653,Petrol,Manual,Second,Kochi,5.92
Kia,Sonet,2014,137027,Petrol,Manual,Second,Hyderabad,2.04
Hyundai,Verna,2016,106404,Petrol,Manual,Second,Mumbai,3.09
Mahindra,XUV700,2019,87122,Petrol,Manual,First,Kochi,7.69
Hyundai,Creta,2018,96522,Petrol,Automatic,First,Hyderabad,5.61
Maruti Suzuki,Ertiga,2013,178347,Petrol,Manual,First,Pune,1.88
Mahindra,Scorpio,2024,11463,Petrol,Automatic,First,Chennai,13.13
Toyota,Fortuner,2020,64990,Petrol,Automatic,First,Mumbai,23.65
Mahindra,Thar,2017,88280,Diesel,Automatic,Third,Ahmedabad,4.91
Hyundai,i20,2012,150239,Diesel,Automatic,First,Chennai,1.38
Maruti Suzuki,Alto K10,2025,9307,Petrol,Manual,First,Jaipur,4.17
Maruti Suzuki,Alto K10,2023,20863,Petrol,Automatic,Second,Pune,3.52
Renault,Kwid,2009,229104,CNG,Manual,Second,Bengaluru,0.5
Maruti Suzuki,Ertiga,2023,36103,Diesel,Manual,First,Jaipur,8.24
Renault,Kwid,2014,119330,Petrol,Automatic,Second,Chennai,1.11
Maruti Suzuki,Brezza,2020,55895,Petrol,Manual,Second,Bengaluru,4.43
Tata,Nexon,2019,34806,Petrol,Manual,First,Bengaluru,5.36
Mahindra,Thar,2022,35716,Petrol,Manual,Second,Kochi,9.22
Maruti Suzuki,Ertiga,2020,48801,Petrol,Automatic,Second,Delhi,4.95
Toyota,Innova Crysta,2018,84451,Diesel,Manual,First,Kochi,8.82
Tata,Altroz,2016,98802,CNG,Manual,First,Kochi,2.36
Renault,Kwid,2015,99021,Petrol,Manual,First,Chennai,1.32
Tata,Harrier,2024,13777,Diesel,Manual,Second,Pune,15.25
Honda,Amaze,2022,12944,Petrol,Manual,Third,Kolkata,4.28
Honda,City,2018,49450,Diesel,Automatic,Second,Pune,5.66
Tata,Harrier,2011,124044,Petrol,Manual,Third,Delhi,2.37
Tata,Harrier,2019,60638,Petrol,Automatic,Second,Hyderabad,8.08
Hyundai,Venue,2021,47468,Petrol,Manual,First,Delhi,5.81
Maruti Suzuki,Brezza,2023,24585,Petrol,Manual,Third,Pune,6.5
Honda,City,2012,151405,Diesel,Manual,First,Kolkata,1.98
Tata,Nexon,2025,6315,Diesel,Manual,First,Ahmedabad,10.32
Hyundai,Creta,2017,94945,Diesel,Manual,Third,Delhi,4.01
Mahindra,XUV700,2020,67933,Petrol,Automatic,First,Chennai,10.23
Toyota,Innova Crysta,2021,73596,Petrol,Manual,Third,Kochi,9.6
Tata,Altroz,2018,75149,Petrol,Manual,First,Ahmedabad,3.11
Kia,Seltos,2024,8851,Petrol,Manual,Third,Ahmedabad,9.29
Maruti Suzuki,Alto K10,2024,24205,CNG,Manual,First,Kolkata,3.72
Toyota,Innova Crysta,2016,128483,Petrol,Manual,First,Ahmedabad,6.72
Maruti Suzuki,Alto K10,2010,186916,Petrol,Automatic,First,Bengaluru,0.63
Tata,Harrier,2024,7672,Diesel,Automatic,First,Pune,18.05
Mahindra,XUV700,2022,23859,Petrol,Manual,Second,Bengaluru,11.89
Kia,Seltos,2012,149446,Petrol,Manual,First,Delhi,2.47
Maruti Suzuki,Baleno,2025,9698,Petrol,Automatic,First,Hyderabad,8.17
Hyundai,Verna,2017,86046,Petrol,Manual,Second,Ahmedabad,3.47
Tata,Harrier,2010,127020,Petrol,Manual,First,Jaipur,2.51
Mahindra,Scorpio,2010,135486,Petrol,Manual,First,Ahmedabad,2.17
Maruti Suzuki,Alto K10,2017,110747,CNG,Manual,Second,Bengaluru,1.46
Tata,Altroz,2013,123366,Petrol,Manual,First,Pune,1.61
Tata,Punch,2022,18971,Petrol,Manual,Third,Chennai,4.22
Kia,Sonet,2016,103869,CNG,Automatic,Second,Kochi,2.71
Mahindra,Bolero,2021,24426,Diesel,Automatic,Second,Kochi,6.08
Hyundai,Venue,2016,108902,Petrol,Manual,First,Ahmedabad,2.72
Tata,Harrier,2009,164083,Diesel,Manual,First,Mumbai,2.19
Hyundai,i20,2024,16899,Petrol,Automatic,First,Jaipur,8.0
Tata,Nexon,2022,27519,Petrol,Manual,First,Chennai,7.47
Tata,Punch,2009,214656,Petrol,Manual,First,Bengaluru,0.82
Toyota,Glanza,2019,57173,Petrol,Manual,Second,Ahmedabad,3.13
Tata,Altroz,2022,37437,CNG,Manual,First,Jaipur,4.9
Honda,City,2023,27018,Diesel,Manual,First,Delhi,10.88
Hyundai,Creta,2022,33706,Petrol,Manual,First,Bengaluru,9.18
Maruti Suzuki,Swift,2021,55878,Petrol,Manual,First,Hyderabad,4.19
Maruti Suzuki,Alto K10,2020,64220,Petrol,Manual,First,Jaipur,2.09
Toyota,Fortuner,2020,51046,Petrol,Manual,Second,Chennai,20.18
Toyota,Innova Crysta,2020,76746,Petrol,Manual,First,Bengaluru,11.96
Maruti Suzuki,Baleno,2012,154516,Petrol,Manual,First,Ahmedabad,1.31
Toyota,Glanza,2020,73957,CNG,Manual,First,Bengaluru,3.76
Tata,Altroz,2020,57205,Diesel,Manual,Second,Kolkata,3.66
Mahindra,Bolero,2017,84627,Diesel,Manual,First,Mumbai,3.88
Mahindra,Thar,2025,12067,Petrol,Automatic,First,Bengaluru,15.18
Maruti Suzuki,Swift,2023,26864,Petrol,Manual,First,Jaipur,4.61
Toyota,Fortuner,2023,33570,Diesel,Manual,First,Pune,33.97
Tata,Punch,2012,132502,Petrol,Manual,First,Jaipur,1.3
Toyota,Fortuner,2020,50619,Diesel,Manual,Fourth & above,Chennai,16.61
Maruti Suzuki,Swift,2017,116085,Petrol,Manual,Third,Chennai,1.88
Tata,Punch,2021,45134,Petrol,Manual,First,Kolkata,4.34
Maruti Suzuki,Alto K10,2010,180169,Petrol,Manual,First,Pune,0.59
Toyota,Innova Crysta,2022,33655,Diesel,Manual,First,Jaipur,13.71
Hyundai,i20,2021,45941,Diesel,Manual,First,Kochi,4.92
Toyota,Innova Crysta,2016,118164,Diesel,Manual,First,Bengaluru,5.97
Mahindra,Scorpio,2011,179960,Diesel,Manual,Fourth & above,Mumbai,1.42
Hyundai,Creta,2011,155685,CNG,Automatic,First,Delhi,2.18
Hyundai,Venue,2021,50688,Petrol,Manual,Third,Jaipur,5.01
Mahindra,Thar,2011,213407,Diesel,Automatic,Second,Pune,1.96
Hyundai,Venue,2009,202819,Diesel,Manual,First,Ahmedabad,0.98
Hyundai,Verna,2023,24249,Diesel,Automatic,First,Hyderabad,10.21
Mahindra,Scorpio,2009,182730,Diesel,Manual,First,Bengaluru,1.61
Mahindra,XUV700,2013,149205,Petrol,Manual,Second,Delhi,3.35
Maruti Suzuki,Ertiga,2022,38892,Diesel,Manual,Second,Kochi,7.01
Mahindra,Scorpio,2024,16256,Petrol,Automatic,First,Delhi,13.07
Toyota,Innova Crysta,2020,74939,Petrol,Manual,First,Bengaluru,11.75
Kia,Sonet,2018,91531,Diesel,Manual,First,Chennai,4.01
Honda,Amaze,2023,36950,Petrol,Automatic,First,Delhi,6.99
Toyota,Fortuner,2011,156522,Petrol,Manual,First,Bengaluru,7.1
Maruti Suzuki,Alto K10,2011,164119,CNG,Manual,First,Pune,0.67
Renault,Kwid,2010,168787,Petrol,Manual,First,Pune,0.64
Tata,Nexon,2020,51157,Petrol,Manual,Second,Chennai,4.73
Mahindra,Bolero,2024,17994,Petrol,Manual,Second,Bengaluru,8.95
Maruti Suzuki,Alto K10,2021,65105,Petrol,Automatic,First,Hyderabad,3.03
Toyota,Innova Crysta,2018,78126,Petrol,Manual,Second,Kolkata,7.8
Kia,Sonet,2012,164982,Petrol,Manual,Second,Pune,1.54
Toyota,Fortuner,2015,79970,Petrol,Automatic,First,Kochi,11.75
Renault,Kwid,2024,20201,Petrol,Automatic,Second,Hyderabad,4.17
Tata,Altroz,2011,135351,Petrol,Manual,First,Delhi,1.35
Mahindra,Thar,2019,87296,Petrol,Manual,First,Kochi,6.3
Honda,City,2011,134350,Petrol,Automatic,Second,Delhi,2.04
Hyundai,Venue,2013,125647,Petrol,Manual,Third,Bengaluru,1.66
Maruti Suzuki,Ertiga,2011,166698,Petrol,Manual,First,Mumbai,1.56
Mahindra,Thar,2020,59799,Petrol,Manual,Third,Jaipur,6.63
Tata,Harrier,2022,32567,Diesel,Automatic,First,Kochi,14.52
Honda,City,2009,173922,Diesel,Automatic,Fourth & above,Kolkata,1.17
Hyundai,Venue,2016,99521,Diesel,Manual,Second,Mumbai,2.6
Tata,Nexon,2017,98630,Diesel,Manual,Third,Chennai,3.19
Honda,City,2009,224538,Petrol,Manual,Second,Mumbai,1.31
Hyundai,Creta,2020,43375,Petrol,Manual,First,Jaipur,6.96
Mahindra,XUV700,2011,160461,Petrol,Automatic,First,Mumbai,3.64
Toyota,Fortuner,2022,44608,Petrol,Manual,Second,Kochi,24.31
Honda,City,2020,64111,Petrol,Manual,Second,Bengaluru,6.0
Maruti Suzuki,Swift,2012,127008,Petrol,Manual,First,Kochi,1.26
Tata,Altroz,2024,4437,Diesel,Automatic,First,Delhi,8.15
Toyota,Innova Crysta,2009,172202,Petrol,Automatic,First,Bengaluru,3.01
Maruti Suzuki,Ertiga,2017,83565,Petrol,Manual,Second,Delhi,3.76
Maruti Suzuki,Baleno,2015,120227,Petrol,Manual,First,Chennai,2.06
Toyota,Glanza,2024,5322,Petrol,Manual,Second,Jaipur,6.54
Kia,Seltos,2019,89307,Petrol,Manual,Second,Ahmedabad,5.13
Tata,Punch,2017,87502,Petrol,Manual,First,Chennai,2.57
Kia,Seltos,2018,81689,Petrol,Automatic,First,Kolkata,5.09
Tata,Nexon,2018,57239,Diesel,Manual,First,Chennai,4.79
Tata,Nexon,2018,59231,Diesel,Manual,Second,Delhi,4.31
Hyundai,Verna,2014,119228,Diesel,Automatic,Second,Kolkata,2.43
Hyundai,Venue,2023,36827,Petrol,Manual,Fourth & above,Kolkata,5.34
Hyundai,Venue,2024,6716,Petrol,Manual,First,Ahmedabad,8.21
Mahindra,XUV700,2020,74494,Diesel,Automatic,First,Bengaluru,10.62
Maruti Suzuki,Baleno,2017,63814,Petrol,Manual,First,Jaipur,2.53
Maruti Suzuki,Swift,2024,15824,Petrol,Manual,First,Mumbai,5.78
Hyundai,Verna,2021,43656,Petrol,Manual,Fourth & above,Bengaluru,5.23
Kia,Sonet,2013,124546,Petrol,Manual,Second,Ahmedabad,1.85
Mahindra,XUV700,2021,46360,Petrol,Manual,Third,Pune,9.37
Maruti Suzuki,Ertiga,2014,117997,CNG,Automatic,First,Kochi,2.51
Hyundai,Verna,2012,107078,Petrol,Manual,Second,Pune,2.03
Mahindra,Thar,2022,31612,Diesel,Manual,Third,Chennai,9.31
Mahindra,XUV700,2009,199405,Diesel,Manual,Second,Delhi,1.78
Tata,Nexon,2022,29785,Petrol,Manual,First,Chennai,7.34
Maruti Suzuki,Brezza,2020,45811,Petrol,Manual,First,Bengaluru,4.66
Maruti Suzuki,Baleno,2010,148655,Petrol,Manual,First,Chennai,1.17
Tata,Harrier,2012,168503,Petrol,Automatic,First,Jaipur,2.92
Hyundai,Creta,2014,138322,Diesel,Manual,Third,Jaipur,2.31
Maruti Suzuki,Brezza,2009,137621,CNG,Manual,Fourth & above,Chennai,0.91
Honda,City,2016,121214,Diesel,Manual,Second,Bengaluru,3.04
Hyundai,Verna,2015,87287,Diesel,Automatic,First,Bengaluru,3.5
Honda,City,2012,143587,Petrol,Manual,Third,Bengaluru,1.78
Toyota,Innova Crysta,2024,9640,Petrol,Manual,Second,Jaipur,16.41
Toyota,Glanza,2022,31202,Petrol,Manual,Second,Delhi,5.33
Toyota,Glanza,2013,156447,Petrol,Automatic,First,Kochi,1.55
Mahindra,XUV700,2024,21010,Diesel,Manual,Third,Jaipur,12.82
Honda,Amaze,2020,62647,Petrol,Manual,Fourth & above,Chennai,3.1
Toyota,Fortuner,2018,86566,Petrol,Manual,Second,Chennai,14.47
Renault,Kwid,2013,142350,Petrol,Automatic,Second,Kolkata,0.93
Mahindra,XUV700,2022,29837,Diesel,Manual,Third,Bengaluru,11.74
Honda,Amaze,2014,162908,Petrol,Manual,First,Mumbai,1.72
Hyundai,Verna,2012,176894,Petrol,Manual,First,Kochi,1.84
Mahindra,Thar,2011,184497,Petrol,Manual,First,Hyderabad,2.45
Tata,Altroz,2022,31925,Diesel,Automatic,First,Mumbai,6.35
Maruti Suzuki,Brezza,2024,5409,Diesel,Manual,First,Hyderabad,8.88
Tata,Nexon,2015,94015,Petrol,Automatic,First,Hyderabad,2.84
Maruti Suzuki,Swift,2024,11921,Petrol,Manual,Fourth & above,Mumbai,4.74
Honda,City,2010,152550,Petrol,Manual,First,Mumbai,1.93
Kia,Sonet,2015,130917,CNG,Manual,First,Jaipur,2.38
Kia,Sonet,2024,4263,Diesel,Automatic,First,Ahmedabad,10.29
Hyundai,Creta,2023,22585,Petrol,Automatic,First,Bengaluru,12.64
Tata,Nexon,2017,51448,Petrol,Manual,First,Delhi,4.29
Maruti Suzuki,Ertiga,2025,11463,Petrol,Manual,First,Mumbai,9.8
Maruti Suzuki,Baleno,2012,190955,Petrol,Manual,First,Bengaluru,1.21
Toyota,Glanza,2010,188136,Petrol,Automatic,First,Jaipur,1.13
Maruti Suzuki,Alto K10,2009,181837,Petrol,Manual,First,Chennai,0.56
Hyundai,Creta,2016,109754,Diesel,Manual,First,Kolkata,3.73
Hyundai,Creta,2013,136227,Petrol,Manual,Third,Kochi,2.35
Mahindra,Thar,2010,182604,Petrol,Manual,First,Delhi,1.82
Tata,Nexon,2014,102609,Diesel,Manual,First,Ahmedabad,2.32
Hyundai,Venue,2017,63811,Petrol,Manual,First,Jaipur,3.27
Tata,Altroz,2014,131438,CNG,Manual,First,Kolkata,1.71
Mahindra,Bolero,2022,28018,Diesel,Automatic,First,Kolkata,7.12
Tata,Altroz,2016,79042,Diesel,Manual,First,Jaipur,2.26
Tata,Harrier,2020,52643,CNG,Manual,First,Ahmedabad,9.1
Mahindra,Bolero,2023,19651,Diesel,Manual,Second,Hyderabad,8.25
Toyota,Fortuner,2022,45028,Petrol,Automatic,Third,Delhi,25.13
Hyundai,Venue,2023,31018,Diesel,Manual,First,Chennai,8.22
Toyota,Innova Crysta,2014,103103,Petrol,Manual,First,Bengaluru,5.62
Toyota,Innova Crysta,2016,85973,Petrol,Manual,First,Kolkata,6.81
Maruti Suzuki,Swift,2014,96400,Petrol,Manual,First,Kolkata,1.65
Tata,Altroz,2020,46645,Diesel,Automatic,First,Mumbai,4.97
Maruti Suzuki,Baleno,2021,47986,Petrol,Manual,Fourth & above,Mumbai,3.44
Hyundai,Venue,2021,49154,Petrol,Manual,Third,Delhi,5.02
Mahindra,Thar,2021,51314,Petrol,Automatic,First,Mumbai,9.52
Mahindra,Thar,2010,151401,Diesel,Manual,Second,Jaipur,1.74
Hyundai,Verna,2021,64493,Petrol,Automatic,Second,Kolkata,6.33
Maruti Suzuki,Baleno,2009,184828,Petrol,Automatic,Second,Jaipur,0.84
Renault,Kwid,2020,57344,Petrol,Manual,First,Kochi,2.59
Tata,Altroz,2024,16033,CNG,Manual,First,Mumbai,7.25
Tata,Punch,2016,105084,Petrol,Manual,First,Kolkata,2.25
Kia,Seltos,2021,37396,Petrol,Manual,Third,Mumbai,7.03
Mahindra,Scorpio,2012,157098,Petrol,Automatic,First,Hyderabad,2.65
Maruti Suzuki,Ertiga,2010,180478,Diesel,Manual,First,Bengaluru,1.3
Tata,Nexon,2009,135361,Petrol,Automatic,First,Pune,1.37
Toyota,Glanza,2010,178246,Petrol,Automatic,Second,Mumbai,1.0
Mahindra,Scorpio,2022,38810,Petrol,Manual,First,Hyderabad,9.08
Hyundai,Verna,2015,89013,Petrol,Manual,First,Delhi,3.29
Hyundai,Venue,2017,100836,CNG,Manual,Second,Mumbai,2.98
Toyota,Fortuner,2022,36987,Diesel,Manual,First,Ahmedabad,25.71
Renault,Kwid,2012,161145,CNG,Manual,First,Bengaluru,0.85
Maruti Suzuki,Baleno,2016,86146,Petrol,Manual,Third,Jaipur,1.78
Maruti Suzuki,Swift,2021,26573,Petrol,Manual,Second,Kochi,3.7
Toyota,Glanza,2024,16534,Petrol,Manual,First,Bengaluru,6.99
Honda,City,2010,162851,Petrol,Manual,First,Ahmedabad,1.51
Tata,Altroz,2013,126723,CNG,Manual,Second,Mumbai,1.5
Renault,Kwid,2024,20918,Petrol,Manual,Second,Chennai,3.62
Toyota,Glanza,2016,148466,Petrol,Manual,First,Pune,2.32
Maruti Suzuki,Baleno,2022,18509,Petrol,Manual,Third,Mumbai,4.82
Toyota,Innova Crysta,2010,145725,Petrol,Manual,First,Bengaluru,2.95
Kia,Sonet,2025,12692,Diesel,Manual,Third,Mumbai,8.27
Maruti Suzuki,Brezza,2014,144183,Petrol,Manual,First,Ahmedabad,2.27
Mahindra,XUV700,2011,129293,Petrol,Manual,First,Pune,3.33
Honda,City,2017,111471,Diesel,Manual,First,Bengaluru,4.82
Kia,Seltos,2025,10888,CNG,Manual,Second,Mumbai,11.86
Hyundai,Venue,2015,147317,Petrol,Automatic,Second,Mumbai,2.48
Honda,City,2023,30178,Petrol,Automatic,First,Mumbai,10.33
Maruti Suzuki,Alto K10,2018,52425,Petrol,Manual,Third,Ahmedabad,1.47
Tata,Nexon,2025,14971,Petrol,Manual,First,Delhi,9.89
Honda,Amaze,2014,127711,Petrol,Manual,First,Ahmedabad,1.87
Honda,City,2013,116614,Petrol,Automatic,Third,Bengaluru,2.48
Hyundai,Creta,2015,113200,Petrol,Automatic,First,Chennai,4.19
Kia,Sonet,2014,129364,Petrol,Manual,First,Bengaluru,2.22
Hyundai,Venue,2012,91121,CNG,Manual,First,Ahmedabad,1.88
Kia,Seltos,2022,32535,Petrol,Manual,First,Mumbai,8.78
Maruti Suzuki,Baleno,2021,47961,Petrol,Manual,First,Delhi,4.21
Toyota,Fortuner,2014,113946,Petrol,Manual,First,Mumbai,9.44
Maruti Suzuki,Alto K10,2019,89104,Petrol,Manual,Second,Ahmedabad,1.65
Toyota,Innova Crysta,2012,100790,Diesel,Manual,First,Jaipur,3.79
Toyota,Glanza,2010,167947,Petrol,Manual,Second,Kolkata,0.96
Toyota,Innova Crysta,2011,152030,Petrol,Manual,Third,Mumbai,3.21
Honda,Amaze,2011,206394,CNG,Automatic,First,Mumbai,1.28
Toyota,Glanza,2010,193332,Petrol,Manual,First,Chennai,0.93
Maruti Suzuki,Baleno,2012,121507,Petrol,Automatic,Second,Hyderabad,1.42
Mahindra,XUV700,2023,25903,Petrol,Automatic,Second,Hyderabad,13.53
Mahindra,Thar,2022,41325,Petrol,Automatic,First,Ahmedabad,10.88
Toyota,Glanza,2019,75350,Petrol,Manual,Fourth & above,Chennai,2.64
Toyota,Fortuner,2010,157195,Diesel,Manual,First,Pune,5.1
Hyundai,Creta,2012,143897,CNG,Automatic,First,Jaipur,2.32
Tata,Nexon,2021,59286,Petrol,Automatic,Second,Kochi,6.15
Mahindra,Scorpio,2016,97185,Petrol,Manual,First,Bengaluru,4.66
Honda,Amaze,2025,17211,Petrol,Manual,First,Pune,8.52
Maruti Suzuki,Baleno,2011,147902,Petrol,Manual,First,Ahmedabad,1.02
Hyundai,Venue,2014,142598,Diesel,Manual,First,Delhi,2.15
Toyota,Innova Crysta,2016,64320,Diesel,Manual,Second,Kolkata,5.28
Maruti Suzuki,Alto K10,2021,47368,Petrol,Automatic,Second,Chennai,2.85
Mahindra,Scorpio,2011,176032,Diesel,Manual,First,Kochi,1.98
Tata,Nexon,2019,105418,Petrol,Manual,Second,Bengaluru,4.18
Maruti Suzuki,Swift,2013,145422,CNG,Manual,First,Chennai,1.36
Maruti Suzuki,Ertiga,2009,183551,Diesel,Automatic,First,Chennai,1.21
Toyota,Fortuner,2024,13783,Petrol,Manual,Second,Hyderabad,31.88
Maruti Suzuki,Brezza,2016,95455,Diesel,Manual,First,Kolkata,2.6
Maruti Suzuki,Baleno,2011,157118,Petrol,Manual,Third,Chennai,1.02
Toyota,Glanza,2015,99899,Petrol,Manual,First,Chennai,2.2
Maruti Suzuki,Alto K10,2013,132106,Petrol,Manual,Third,Delhi,0.89
Honda,City,2019,81731,Petrol,Manual,First,Delhi,5.38
Kia,Sonet,2013,123541,Petrol,Manual,First,Bengaluru,2.12
Honda,City,2021,59898,Petrol,Manual,First,Pune,7.2
Hyundai,Verna,2018,90744,Diesel,Automatic,First,Pune,5.45
Hyundai,Creta,2010,167710,Petrol,Manual,First,Delhi,1.75
Maruti Suzuki,Ertiga,2009,134458,Petrol,Automatic,Second,Jaipur,1.3
Tata,Harrier,2022,20559,Petrol,Manual,First,Hyderabad,11.97
Mahindra,Bolero,2015,166403,Diesel,Manual,Fourth & above,Bengaluru,1.68
Toyota,Glanza,2014,179690,Petrol,Manual,First,Jaipur,1.65
Maruti Suzuki,Swift,2012,153502,Petrol,Automatic,Second,Ahmedabad,1.17
Mahindra,Bolero,2010,128386,Petrol,Manual,Second,Pune,1.46
Honda,Amaze,2021,49934,Petrol,Automatic,First,Ahmedabad,5.0
Tata,Altroz,2019,86747,Diesel,Manual,First,Hyderabad,3.97
Toyota,Innova Crysta,2018,79533,Diesel,Manual,First,Jaipur,8.9
Maruti Suzuki,Baleno,2015,91773,Petrol,Manual,First,Mumbai,2.02
Honda,Amaze,2019,84352,Petrol,Automatic,First,Bengaluru,4.11
Toyota,Glanza,2025,21569,CNG,Manual,Second,Kochi,6.24
Hyundai,Creta,2013,122334,Petrol,Manual,First,Delhi,2.83
Maruti Suzuki,Baleno,2013,146008,Petrol,Manual,Second,Delhi,1.38
Toyota,Innova Crysta,2014,111379,Petrol,Manual,First,Chennai,5.2
Hyundai,Venue,2011,190955,CNG,Manual,First,Mumbai,1.37
Maruti Suzuki,Ertiga,2015,144279,Diesel,Automatic,First,Bengaluru,2.52
Mahindra,XUV700,2016,112557,Petrol,Automatic,Second,Hyderabad,5.32
Maruti Suzuki,Swift,2016,119831,Petrol,Manual,Third,Delhi,1.59
Kia,Seltos,2025,17067,Petrol,Manual,Second,Chennai,12.87
Tata,Altroz,2011,148246,Petrol,Automatic,First,Pune,1.43
Honda,City,2023,30199,Diesel,Manual,Second,Bengaluru,9.37
Maruti Suzuki,Swift,2022,26277,CNG,Manual,First,Jaipur,4.24
Maruti Suzuki,Alto K10,2017,81031,Petrol,Automatic,First,Kolkata,1.5
Honda,City,2019,70140,Petrol,Manual,First,Chennai,5.34
Tata,Harrier,2014,135399,Diesel,Automatic,First,Bengaluru,4.23
Maruti Suzuki,Alto K10,2018,117447,Petrol,Manual,First,Bengaluru,1.58
Renault,Kwid,2021,43351,Petrol,Automatic,Second,Pune,2.96
Tata,Punch,2015,89245,Petrol,Manual,Third,Ahmedabad,1.78
Honda,City,2015,140794,CNG,Manual,First,Hyderabad,2.9
Hyundai,Creta,2023,38603,Petrol,Manual,First,Bengaluru,11.29
Honda,City,2011,155791,Diesel,Automatic,First,Jaipur,1.68
Maruti Suzuki,Ertiga,2021,58767,Petrol,Manual,First,Hyderabad,5.74
Tata,Nexon,2011,165123,Petrol,Manual,Second,Kolkata,1.41
Tata,Harrier,2017,102483,Diesel,Manual,First,Kochi,6.73
Tata,Nexon,2010,179452,Diesel,Automatic,Second,Kolkata,1.15
Hyundai,i20,2022,36755,CNG,Manual,First,Kolkata,5.45
Hyundai,Verna,2015,116633,Diesel,Manual,First,Bengaluru,3.25
Maruti Suzuki,Brezza,2011,167954,Petrol,Manual,First,Hyderabad,1.45
Hyundai,Verna,2024,11943,Diesel,Manual,First,Ahmedabad,10.12
Renault,Kwid,2018,75698,Petrol,Automatic,Second,Ahmedabad,1.95
Mahindra,Thar,2023,31971,Petrol,Manual,First,Chennai,12.25
Toyota,Innova Crysta,2011,197630,Diesel,Manual,Third,Ahmedabad,2.32
Honda,Amaze,2025,16698,Petrol,Manual,First,Hyderabad,7.78
Hyundai,i20,2017,103929,CNG,Manual,Second,Mumbai,2.56
Maruti Suzuki,Alto K10,2019,100850,Petrol,Manual,First,Jaipur,1.81
Hyundai,Venue,2012,154876,Diesel,Manual,First,Kochi,1.5
Maruti Suzuki,Baleno,2013,129456,CNG,Manual,Third,Bengaluru,1.3
Honda,Amaze,2022,30301,Petrol,Manual,First,Kochi,5.51
Maruti Suzuki,Baleno,2011,183196,Petrol,Manual,First,Jaipur,1.02
Tata,Harrier,2021,44054,Diesel,Manual,Second,Chennai,10.3
Toyota,Glanza,2009,165604,Petrol,Automatic,First,Mumbai,1.03
Toyota,Innova Crysta,2011,124207,Petrol,Manual,Second,Delhi,3.15
Mahindra,Scorpio,2016,83475,Petrol,Manual,First,Kochi,4.46
Kia,Seltos,2019,77690,Petrol,Automatic,Second,Kochi,6.16
Kia,Seltos,2021,56404,CNG,Manual,First,Bengaluru,7.74
Hyundai,Venue,2019,69682,Petrol,Manual,First,Bengaluru,4.41
Toyota,Fortuner,2023,20183,Diesel,Manual,First,Kolkata,31.86
Hyundai,Venue,2010,164384,Petrol,Manual,First,Jaipur,1.43
Tata,Altroz,2015,122589,CNG,Manual,First,Mumbai,1.98
Hyundai,Creta,2016,106300,Diesel,Automatic,First,Hyderabad,4.35
Maruti Suzuki,Baleno,2017,85386,Petrol,Automatic,First,Jaipur,2.66
Mahindra,XUV700,2009,212674,Diesel,Manual,First,Chennai,1.88
Tata,Punch,2024,26884,Petrol,Manual,First,Kolkata,5.89
Hyundai,Venue,2011,157421,Petrol,Manual,First,Jaipur,1.49
Renault,Kwid,2012,140292,CNG,Automatic,First,Hyderabad,0.96
Hyundai,Venue,2015,128109,Petrol,Manual,First,Kochi,2.12
Mahindra,Bolero,2024,19959,Petrol,Automatic,Second,Chennai,8.07
Maruti Suzuki,Brezza,2021,40594,Petrol,Automatic,First,Mumbai,5.98
Mahindra,Bolero,2018,101817,Diesel,Manual,First,Delhi,4.0
Hyundai,Venue,2010,128329,Petrol,Manual,First,Kochi,1.34
Honda,Amaze,2024,14666,Petrol,Automatic,First,Kochi,7.5
Toyota,Fortuner,2023,21581,Petrol,Manual,First,Kochi,29.05
Honda,Amaze,2014,106758,Petrol,Manual,Second,Mumbai,1.78
Hyundai,Verna,2014,122508,CNG,Manual,Second,Mumbai,2.53
Maruti Suzuki,Swift,2023,22357,Petrol,Manual,Second,Delhi,4.29
Maruti Suzuki,Swift,2015,102894,Petrol,Manual,First,Delhi,1.9
Hyundai,Verna,2012,131662,Petrol,Automatic,Second,Pune,2.24
Hyundai,i20,2022,31328,Diesel,Manual,First,Ahmedabad,6.18
Mahindra,Bolero,2020,22225,Diesel,Manual,First,Mumbai,6.65
Honda,City,2018,78933,Petrol,Manual,First,Jaipur,4.71
Toyota,Glanza,2022,20140,CNG,Automatic,First,Kochi,5.3
Tata,Punch,2016,67695,Petrol,Manual,Fourth & above,Bengaluru,1.93
Tata,Altroz,2012,132210,Petrol,Manual,Second,Pune,1.41
Kia,Seltos,2023,21668,Petrol,Manual,First,Chennai,10.58
Tata,Altroz,2010,164664,Petrol,Manual,First,Pune,1.17
Maruti Suzuki,Swift,2017,112338,Petrol,Manual,First,Pune,2.12
Tata,Harrier,2025,15749,Diesel,Manual,First,Mumbai,18.28
Maruti Suzuki,Brezza,2014,134528,Petrol,Automatic,First,Mumbai,2.44
Hyundai,Verna,2017,126198,Diesel,Automatic,First,Mumbai,4.12
Maruti Suzuki,Swift,2023,30674,Petrol,Manual,First,Kochi,4.9
Maruti Suzuki,Ertiga,2020,47675,Petrol,Manual,Second,Chennai,5.0
Hyundai,Venue,2014,111966,CNG,Manual,First,Kolkata,2.14
Mahindra,XUV700,2025,4982,Petrol,Manual,First,Mumbai,19.91
Renault,Kwid,2015,115528,CNG,Manual,Second,Chennai,1.1
Toyota,Innova Crysta,2017,107432,Diesel,Automatic,First,Ahmedabad,8.18
Hyundai,Verna,2023,20241,Petrol,Manual,First,Kochi,8.91
Honda,City,2014,131653,Petrol,Manual,First,Kolkata,2.79
Maruti Suzuki,Alto K10,2011,150871,Petrol,Manual,Second,Mumbai,0.64
Toyota,Glanza,2025,17766,Petrol,Automatic,Second,Chennai,8.31
Mahindra,Bolero,2013,130117,Petrol,Automatic,First,Ahmedabad,2.33
Kia,Seltos,2012,142383,Diesel,Manual,First,Delhi,2.16
Mahindra,Scorpio,2009,161686,Petrol,Manual,Second,Chennai,1.64
Maruti Suzuki,Brezza,2019,47163,CNG,Automatic,First,Bengaluru,4.53
Tata,Altroz,2023,14782,Petrol,Manual,First,Hyderabad,6.84
Hyundai,Verna,2023,10701,Petrol,Manual,First,Bengaluru,9.07
Honda,City,2011,188129,Petrol,Manual,First,Chennai,1.89
Maruti Suzuki,Brezza,2016,96316,Petrol,Automatic,First,Mumbai,3.11
Maruti Suzuki,Ertiga,2019,66450,CNG,Automatic,First,Ahmedabad,4.7
Mahindra,Thar,2012,103790,Petrol,Automatic,Second,Bengaluru,3.01
Hyundai,Venue,2024,20080,Petrol,Manual,Second,Pune,7.38
Kia,Sonet,2019,85863,Petrol,Manual,First,Ahmedabad,4.36
Honda,Amaze,2020,77838,Petrol,Manual,First,Chennai,3.71
Mahindra,Bolero,2018,47746,Petrol,Manual,Second,Hyderabad,3.62
Toyota,Glanza,2017,81668,Petrol,Manual,First,Kolkata,2.82
Honda,City,2021,52255,Petrol,Manual,First,Bengaluru,6.99
Toyota,Glanza,2021,62384,Petrol,Manual,Second,Chennai,4.33
Mahindra,Thar,2025,20911,Diesel,Manual,Second,Delhi,14.76
Maruti Suzuki,Ertiga,2019,53538,Petrol,Manual,First,Delhi,4.68
Honda,Amaze,2015,143819,Petrol,Manual,First,Hyderabad,1.89
Tata,Altroz,2010,149761,Petrol,Manual,First,Chennai,1.17
Kia,Sonet,2024,9632,Petrol,Automatic,Second,Kochi,8.13
Renault,Kwid,2021,50065,Petrol,Manual,Fourth & above,Hyderabad,2.26
Toyota,Glanza,2017,104893,Petrol,Automatic,Second,Bengaluru,2.64
Maruti Suzuki,Brezza,2014,147919,Diesel,Automatic,Second,Kochi,1.84
Hyundai,Venue,2021,46959,Diesel,Manual,Third,Bengaluru,5.29
Toyota,Innova Crysta,2022,46416,Petrol,Automatic,Second,Hyderabad,13.42
Mahindra,Scorpio,2013,154441,Petrol,Manual,First,Kolkata,2.75
Mahindra,Thar,2014,140485,Petrol,Manual,Fourth & above,Pune,2.54
Honda,Amaze,2010,126578,Petrol,Manual,First,Jaipur,1.2
Mahindra,Thar,2017,82759,Petrol,Automatic,Second,Delhi,5.49
Mahindra,Bolero,2015,134554,Petrol,Manual,First,Kochi,2.5
Honda,City,2023,22522,Diesel,Automatic,First,Delhi,10.41
Mahindra,Bolero,2022,42338,Petrol,Manual,First,Jaipur,5.77
Kia,Seltos,2017,77149,Petrol,Manual,First,Hyderabad,4.94
Toyota,Innova Crysta,2017,69585,Petrol,Manual,First,Delhi,7.99
Honda,Amaze,2023,19190,CNG,Manual,First,Chennai,6.05
Tata,Altroz,2010,191173,Diesel,Automatic,Third,Jaipur,0.77
Tata,Harrier,2014,127088,Petrol,Manual,First,Ahmedabad,4.09
Maruti Suzuki,Baleno,2025,11489,Petrol,Automatic,First,Hyderabad,8.27
Tata,Nexon,2024,12358,Petrol,Manual,First,Kochi,8.34
Kia,Seltos,2015,103266,CNG,Manual,Second,Hyderabad,3.42
Honda,Amaze,2020,64509,Petrol,Manual,First,Jaipur,3.81
Toyota,Innova Crysta,2016,112561,Petrol,Automatic,First,Mumbai,7.27
Hyundai,Creta,2016,103873,Diesel,Manual,First,Mumbai,3.58
Mahindra,Thar,2009,172984,Petrol,Manual,First,Delhi,1.92
Hyundai,Venue,2025,15254,Petrol,Manual,Fourth & above,Ahmedabad,7.41
Mahindra,Bolero,2021,44415,Petrol,Automatic,Second,Chennai,5.32
Renault,Kwid,2020,39870,Petrol,Manual,First,Ahmedabad,2.45
Kia,Seltos,2012,125124,Petrol,Manual,Second,Jaipur,2.07
Maruti Suzuki,Alto K10,2023,20885,Petrol,Automatic,First,Kolkata,3.43
Renault,Kwid,2016,98854,Petrol,Automatic,Second,Chennai,1.46
Renault,Kwid,2022,34528,Petrol,Manual,First,Bengaluru,3.44
Mahindra,Scorpio,2020,44084,Diesel,Manual,First,Ahmedabad,8.02
Tata,Altroz,2013,128565,Petrol,Manual,Fourth & above,Bengaluru,1.33
Hyundai,Venue,2009,134174,Diesel,Manual,Second,Chennai,1.09
Hyundai,Verna,2014,129691,Petrol,Manual,Second,Mumbai,2.55
Mahindra,Thar,2009,145199,Petrol,Manual,First,Kolkata,1.97
Tata,Altroz,2024,13467,Petrol,Automatic,First,Ahmedabad,6.71
Mahindra,Thar,2020,55992,Diesel,Manual,Second,Pune,7.3
Tata,Punch,2014,143049,CNG,Automatic,First,Chennai,1.64
Hyundai,i20,2017,106082,CNG,Manual,First,Delhi,2.63
Mahindra,XUV700,2020,48523,Petrol,Manual,First,Chennai,9.79
Renault,Kwid,2011,167024,Petrol,Manual,Third,Delhi,0.68
Mahindra,Thar,2009,207128,Diesel,Automatic,First,Kochi,1.92
Toyota,Fortuner,2009,144221,Petrol,Automatic,Fourth & above,Bengaluru,4.49
Tata,Harrier,2021,46561,CNG,Manual,First,Jaipur,10.54
Toyota,Glanza,2021,72895,Petrol,Automatic,Second,Jaipur,3.93
Tata,Punch,2011,126078,Petrol,Manual,First,Jaipur,1.22
Tata,Nexon,2017,72793,Diesel,Manual,Second,Kolkata,3.69
Renault,Kwid,2025,16560,Petrol,Manual,Fourth & above,Jaipur,3.22
Maruti Suzuki,Alto K10,2013,151614,Petrol,Automatic,First,Pune,0.91
Toyota,Innova Crysta,2012,151907,Petrol,Manual,Second,Hyderabad,3.67
Toyota,Innova Crysta,2014,79339,Diesel,Manual,First,Chennai,5.76
Renault,Kwid,2021,52043,Petrol,Manual,Second,Chennai,2.74
Toyota,Fortuner,2019,39629,Petrol,Manual,First,Jaipur,18.31
Renault,Kwid,2025,14885,Petrol,Automatic,First,Jaipur,4.84
Kia,Seltos,2024,15618,Diesel,Automatic,First,Kochi,12.96
Mahindra,XUV700,2009,220857,Petrol,Automatic,First,Kolkata,2.15
Toyota,Innova Crysta,2022,43812,Diesel,Manual,Second,Kolkata,13.54
Tata,Punch,2018,43947,Petrol,Manual,First,Kolkata,3.03
Honda,Amaze,2025,6773,Petrol,Manual,Second,Jaipur,7.21
Maruti Suzuki,Baleno,2023,19307,Petrol,Automatic,First,Pune,6.0
Honda,Amaze,2020,68740,Petrol,Automatic,Second,Mumbai,3.97
Honda,City,2015,131393,Petrol,Manual,First,Bengaluru,3.27
Kia,Sonet,2024,10126,CNG,Manual,First,Hyderabad,8.84
Toyota,Innova Crysta,2019,59897,Petrol,Automatic,Second,Hyderabad,9.88
Honda,City,2024,23789,Diesel,Manual,First,Pune,11.49
Maruti Suzuki,Alto K10,2019,83007,Petrol,Manual,First,Kochi,1.89
Hyundai,i20,2014,137882,Petrol,Manual,Second,Ahmedabad,1.61
Mahindra,XUV700,2022,42186,Diesel,Automatic,Second,Ahmedabad,12.6
Honda,City,2015,146530,Petrol,Manual,Second,Pune,2.76
Hyundai,Creta,2009,201827,Diesel,Automatic,First,Bengaluru,1.61
Tata,Nexon,2018,56634,Petrol,Automatic,Second,Mumbai,4.4
Tata,Nexon,2015,80397,Diesel,Manual,First,Mumbai,3.05
Renault,Kwid,2018,108042,Petrol,Manual,First,Kochi,1.76
Kia,Sonet,2019,69375,Diesel,Manual,First,Kolkata,4.18
Renault,Kwid,2010,205663,Petrol,Manual,Second,Kolkata,0.55
Tata,Harrier,2009,171586,Diesel,Manual,First,Jaipur,1.76
Hyundai,Venue,2021,50582,Petrol,Manual,First,Kochi,5.57
Mahindra,Scorpio,2010,149680,Petrol,Manual,First,Pune,2.0
Kia,Sonet,2023,36474,Petrol,Manual,First,Bengaluru,7.68
Hyundai,i20,2025,12021,Petrol,Manual,Fourth & above,Ahmedabad,5.97
Maruti Suzuki,Swift,2021,71987,Petrol,Automatic,First,Mumbai,4.23
Kia,Sonet,2019,100175,Diesel,Manual,First,Mumbai,4.1
Toyota,Innova Crysta,2013,130315,Petrol,Manual,First,Pune,4.1
Tata,Harrier,2013,140736,Diesel,Automatic,First,Ahmedabad,3.6
Mahindra,Bolero,2016,99400,Diesel,Automatic,First,Jaipur,2.78
Tata,Nexon,2013,178785,Petrol,Manual,First,Jaipur,1.82
Toyota,Fortuner,2015,135729,Diesel,Manual,First,Hyderabad,9.09
Honda,City,2020,43774,Petrol,Manual,First,Kolkata,5.82
Tata,Harrier,2010,151827,Diesel,Manual,Second,Chennai,2.21
Toyota,Innova Crysta,2019,71465,Diesel,Automatic,First,Kochi,10.04
Toyota,Glanza,2023,21671,Petrol,Manual,First,Chennai,5.87
Honda,Amaze,2013,141473,Petrol,Automatic,First,Kochi,1.65
Tata,Nexon,2017,116632,Petrol,Automatic,Third,Pune,3.26
Honda,City,2022,44647,Diesel,Manual,First,Ahmedabad,8.13
Kia,Sonet,2021,84503,Petrol,Manual,Third,Jaipur,4.23
Maruti Suzuki,Ertiga,2013,126648,Petrol,Manual,Fourth & above,Ahmedabad,1.61
Tata,Nexon,2021,53186,Petrol,Automatic,Second,Bengaluru,6.16
Honda,City,2025,4965,Petrol,Manual,First,Bengaluru,11.66
Hyundai,i20,2012,152993,Diesel,Manual,First,Chennai,1.37
Toyota,Glanza,2025,7323,Petrol,Automatic,First,Hyderabad,7.86
Tata,Punch,2017,102074,Petrol,Manual,Second,Delhi,2.42
Mahindra,Thar,2023,37676,Petrol,Manual,Third,Chennai,9.71
Maruti Suzuki,Alto K10,2017,88737,Petrol,Manual,First,Pune,1.54
Hyundai,Verna,2019,69441,Petrol,Automatic,First,Ahmedabad,5.8
Maruti Suzuki,Ertiga,2024,8934,Diesel,Automatic,First,Jaipur,9.78
Maruti Suzuki,Brezza,2024,21487,Petrol,Automatic,First,Ahmedabad,8.7
Honda,City,2018,64414,CNG,Manual,First,Kochi,5.04
Tata,Harrier,2015,143448,Diesel,Manual,First,Jaipur,3.88
Kia,Sonet,2016,114330,Petrol,Manual,First,Kochi,2.83
Mahindra,XUV700,2013,179455,Petrol,Manual,First,Chennai,3.03
Tata,Punch,2016,92252,Petrol,Manual,Third,Kochi,1.95
Maruti Suzuki,Brezza,2012,153635,Diesel,Manual,First,Kochi,1.46
Maruti Suzuki,Alto K10,2015,61577,Petrol,Manual,Second,Hyderabad,1.29
Tata,Altroz,2019,70995,Petrol,Manual,First,Hyderabad,3.55
Mahindra,XUV700,2021,50411,Diesel,Automatic,Second,Jaipur,11.02
Tata,Altroz,2019,72450,Petrol,Manual,First,Kolkata,3.41
Maruti Suzuki,Brezza,2013,141009,Petrol,Manual,First,Mumbai,1.86
Mahindra,XUV700,2015,133690,Diesel,Manual,Third,Pune,3.93
Tata,Altroz,2024,12807,Diesel,Manual,First,Hyderabad,7.76
Hyundai,Verna,2021,45908,Petrol,Automatic,Second,Chennai,6.61
Kia,Sonet,2009,179970,Diesel,Automatic,Second,Bengaluru,1.09
Mahindra,Scorpio,2011,148610,Diesel,Manual,First,Mumbai,2.18
Mahindra,XUV700,2009,160908,Diesel,Manual,Fourth & above,Hyderabad,1.8
Hyundai,i20,2019,54382,Petrol,Manual,Third,Jaipur,3.1
Renault,Kwid,2017,85572,Petrol,Manual,First,Delhi,1.76
Tata,Harrier,2019,99159,Petrol,Manual,Second,Pune,6.69
Tata,Harrier,2016,122924,Petrol,Manual,Second,Chennai,5.09
Toyota,Glanza,2009,166003,CNG,Manual,First,Mumbai,1.07
Tata,Punch,2016,100955,Petrol,Manual,First,Jaipur,2.01
Renault,Kwid,2009,146873,CNG,Automatic,First,Hyderabad,0.6
Kia,Seltos,2012,130101,Petrol,Manual,First,Ahmedabad,2.38
Maruti Suzuki,Alto K10,2012,135947,Petrol,Manual,First,Mumbai,0.82
Kia,Seltos,2015,132486,Petrol,Manual,First,Ahmedabad,3.15
Hyundai,i20,2016,104622,Petrol,Automatic,First,Ahmedabad,2.64
Toyota,Innova Crysta,2023,27077,Petrol,Manual,Second,Jaipur,14.29
Mahindra,Scorpio,2015,79135,Petrol,Automatic,First,Delhi,4.54
Tata,Punch,2019,61092,Petrol,Manual,First,Chennai,3.57
Honda,Amaze,2020,94946,Petrol,Automatic,First,Kochi,3.87
Hyundai,Creta,2020,51866,Diesel,Manual,First,Chennai,8.16
Maruti Suzuki,Baleno,2013,171757,Petrol,Manual,First,Hyderabad,1.41
Honda,Amaze,2009,224593,Petrol,Manual,Second,Mumbai,0.85
Toyota,Innova Crysta,2025,22501,Petrol,Automatic,First,Pune,23.0
Mahindra,XUV700,2020,53887,Petrol,Manual,First,Pune,9.28
Hyundai,Verna,2009,185455,Diesel,Manual,Second,Kochi,1.09
Honda,Amaze,2017,75085,Petrol,Manual,First,Kochi,2.9
Renault,Kwid,2012,156297,Petrol,Manual,Third,Kolkata,0.74
Tata,Nexon,2025,20915,Petrol,Automatic,First,Mumbai,11.28
Renault,Kwid,2021,36028,Petrol,Automatic,First,Delhi,3.15
Mahindra,Thar,2009,174511,Diesel,Manual,First,Bengaluru,1.8
Toyota,Glanza,2010,204836,Petrol,Manual,First,Mumbai,1.03
Mahindra,Bolero,2016,94139,Petrol,Automatic,First,Kochi,3.25
Toyota,Fortuner,2023,23124,Diesel,Manual,First,Bengaluru,33.36
Maruti Suzuki,Baleno,2023,8455,Petrol,Automatic,First,Chennai,6.57
Hyundai,Creta,2021,44705,Petrol,Manual,First,Kolkata,7.47
Honda,City,2024,14162,CNG,Automatic,Second,Mumbai,10.23
Mahindra,Thar,2009,230252,Petrol,Manual,Second,Bengaluru,1.42
Tata,Nexon,2014,148907,CNG,Manual,First,Jaipur,2.15
Tata,Harrier,2024,12559,Diesel,Automatic,First,Mumbai,16.84
Maruti Suzuki,Baleno,2021,67315,Petrol,Manual,Second,Kochi,4.04
Tata,Altroz,2009,187645,Petrol,Manual,Second,Kolkata,0.82
Maruti Suzuki,Swift,2012,139886,CNG,Manual,First,Bengaluru,1.18
Mahindra,Bolero,2022,35540,Petrol,Manual,First,Jaipur,6.41
Mahindra,Thar,2022,31940,Petrol,Manual,Second,Hyderabad,10.09
Mahindra,XUV700,2019,63178,Petrol,Automatic,Second,Bengaluru,8.21
Renault,Kwid,2020,70975,Petrol,Manual,Third,Bengaluru,2.27
Maruti Suzuki,Swift,2022,38964,Petrol,Automatic,Second,Kochi,4.61
Mahindra,Scorpio,2019,53545,Petrol,Manual,First,Delhi,6.76
Maruti Suzuki,Baleno,2012,150886,Petrol,Manual,Second,Mumbai,1.31
Mahindra,Thar,2011,192341,Diesel,Automatic,Second,Bengaluru,2.1
Hyundai,i20,2011,195830,Petrol,Manual,Third,Chennai,1.04
Tata,Punch,2018,77587,Petrol,Manual,First,Kolkata,2.8
Toyota,Glanza,2012,184266,CNG,Manual,First,Delhi,1.24
Tata,Nexon,2024,16768,Diesel,Manual,First,Hyderabad,10.84
Tata,Harrier,2011,187066,Petrol,Automatic,First,Jaipur,2.64
Honda,City,2023,24150,Petrol,Manual,Second,Pune,9.68
Tata,Altroz,2012,156768,Diesel,Manual,First,Ahmedabad,1.22
Maruti Suzuki,Swift,2014,117546,Petrol,Manual,First,Kochi,1.53
Maruti Suzuki,Baleno,2021,58601,Petrol,Manual,First,Jaipur,4.44
Mahindra,XUV700,2020,57932,Petrol,Automatic,First,Kolkata,9.31
Maruti Suzuki,Swift,2017,124171,Petrol,Manual,First,Hyderabad,2.12
Maruti Suzuki,Swift,2017,125615,Petrol,Automatic,Second,Kochi,2.26
Toyota,Innova Crysta,2014,101953,Diesel,Manual,First,Bengaluru,5.16
Mahindra,Bolero,2014,125257,Diesel,Manual,Third,Jaipur,1.73
Maruti Suzuki,Brezza,2010,162696,Petrol,Manual,First,Mumbai,1.37
Toyota,Innova Crysta,2024,14705,Petrol,Automatic,First,Bengaluru,22.86
Maruti Suzuki,Ertiga,2013,111358,Diesel,Manual,First,Chennai,2.25
Tata,Harrier,2017,96370,Petrol,Automatic,First,Delhi,6.79
Hyundai,Verna,2022,20033,Diesel,Automatic,First,Chennai,8.57
Hyundai,Venue,2021,40407,Petrol,Automatic,First,Delhi,6.32
Renault,Kwid,2011,91635,Petrol,Automatic,Second,Hyderabad,0.9
Mahindra,Scorpio,2012,161804,Petrol,Manual,First,Delhi,2.58
Tata,Altroz,2015,120141,Petrol,Manual,Fourth & above,Chennai,1.53
Renault,Kwid,2019,76741,Petrol,Manual,Second,Mumbai,1.95
Renault,Kwid,2013,151907,Petrol,Manual,First,Delhi,0.99
Maruti Suzuki,Baleno,2024,15121,Petrol,Manual,Second,Mumbai,6.05
Tata,Harrier,2025,23222,Diesel,Manual,First,Jaipur,19.31
Mahindra,Bolero,2020,45432,Petrol,Manual,Second,Chennai,4.39
Renault,Kwid,2018,59015,Petrol,Manual,First,Ahmedabad,2.01
Tata,Nexon,2016,98277,CNG,Manual,Second,Ahmedabad,2.77
Toyota,Innova Crysta,2014,98164,Diesel,Automatic,Second,Chennai,5.3
Mahindra,Scorpio,2014,120525,Petrol,Manual,Second,Delhi,3.01
Honda,City,2014,97546,Diesel,Manual,First,Hyderabad,2.85
Tata,Nexon,2023,21120,Petrol,Manual,Second,Mumbai,8.49
Honda,Amaze,2010,169591,Petrol,Manual,Second,Jaipur,1.0
Renault,Kwid,2011,207053,Petrol,Manual,Second,Kochi,0.66
Maruti Suzuki,Ertiga,2011,128444,Petrol,Manual,First,Kolkata,1.64
Maruti Suzuki,Baleno,2024,12793,Petrol,Manual,First,Bengaluru,6.62
Maruti Suzuki,Baleno,2020,47161,Petrol,Automatic,First,Bengaluru,4.56
Kia,Sonet,2014,139993,Diesel,Automatic,First,Kochi,2.16
Mahindra,Thar,2013,131512,Diesel,Manual,First,Kochi,3.19
Toyota,Innova Crysta,2017,75920,Diesel,Manual,Second,Mumbai,7.73
Maruti Suzuki,Alto K10,2024,13095,CNG,Manual,Second,Mumbai,3.38
Maruti Suzuki,Ertiga,2010,205373,CNG,Automatic,First,Pune,1.34
Tata,Altroz,2020,71706,Petrol,Manual,Second,Kochi,3.68
Maruti Suzuki,Alto K10,2011,157067,Petrol,Manual,First,Bengaluru,0.77
Maruti Suzuki,Alto K10,2024,18313,Petrol,Manual,Third,Kolkata,3.07
Mahindra,Bolero,2020,42972,Petrol,Automatic,Second,Hyderabad,5.16
Tata,Altroz,2013,143054,Diesel,Manual,Third,Kolkata,1.12
Maruti Suzuki,Swift,2020,24132,Petrol,Manual,Second,Chennai,3.75
Toyota,Fortuner,2013,109155,Petrol,Manual,First,Jaipur,7.81
Tata,Nexon,2017,59647,Diesel,Automatic,First,Kochi,4.3
Mahindra,Scorpio,2017,90713,Diesel,Manual,Second,Kochi,5.13
Kia,Seltos,2020,57619,Petrol,Manual,First,Kolkata,6.36
Toyota,Glanza,2011,146211,Petrol,Automatic,First,Jaipur,1.25
Mahindra,Thar,2024,13245,Diesel,Manual,Second,Bengaluru,13.56
Renault,Kwid,2023,28337,Petrol,Manual,First,Kochi,3.63
Hyundai,Creta,2010,150613,Petrol,Manual,Second,Ahmedabad,1.81
Mahindra,Bolero,2016,92850,Petrol,Manual,Second,Delhi,2.72
Maruti Suzuki,Brezza,2024,19276,Diesel,Manual,Second,Pune,8.0
Mahindra,Thar,2012,135637,Petrol,Manual,Second,Delhi,2.61
Toyota,Innova Crysta,2018,88604,Petrol,Automatic,Third,Ahmedabad,7.74
Tata,Altroz,2016,74443,Petrol,Automatic,First,Jaipur,2.72
Maruti Suzuki,Alto K10,2016,84423,Petrol,Manual,Second,Pune,1.26
Kia,Seltos,2014,117945,Petrol,Manual,First,Delhi,3.21
Mahindra,Bolero,2009,188105,Petrol,Manual,First,Delhi,1.14
Hyundai,Venue,2015,116261,Petrol,Manual,First,Jaipur,2.5
Maruti Suzuki,Baleno,2017,97392,Petrol,Manual,First,Jaipur,2.33
Maruti Suzuki,Brezza,2018,60846,Diesel,Automatic,First,Kolkata,4.33
Mahindra,XUV700,2009,227630,Diesel,Automatic,First,Bengaluru,2.05
Tata,Altroz,2014,123182,Diesel,Automatic,First,Chennai,1.92
Mahindra,Bolero,2018,84885,Petrol,Manual,First,Chennai,4.18
Hyundai,Venue,2011,179986,Petrol,Manual,First,Delhi,1.37
Honda,City,2025,16109,Diesel,Automatic,First,Jaipur,14.43
Hyundai,Verna,2016,85187,Petrol,Manual,First,Chennai,3.54
Mahindra,Bolero,2018,112986,Petrol,Manual,Second,Chennai,3.43
Maruti Suzuki,Alto K10,2011,203371,Petrol,Manual,First,Mumbai,0.68
Kia,Seltos,2011,159761,Diesel,Manual,First,Delhi,1.82
Mahindra,XUV700,2019,71356,Petrol,Automatic,Third,Bengaluru,8.12
Hyundai,i20,2018,89700,Diesel,Manual,First,Ahmedabad,3.58
Hyundai,Verna,2025,3068,Petrol,Automatic,First,Bengaluru,13.66
Tata,Punch,2012,159876,Petrol,Manual,Second,Kochi,1.17
Tata,Punch,2015,123321,Petrol,Manual,First,Chennai,1.96
Tata,Nexon,2014,100292,Petrol,Manual,First,Ahmedabad,2.36
Tata,Altroz,2022,30584,Petrol,Manual,Third,Chennai,4.39
Maruti Suzuki,Alto K10,2021,35384,Petrol,Automatic,First,Chennai,3.14
Tata,Altroz,2016,109008,Diesel,Manual,Second,Bengaluru,2.15
Hyundai,Verna,2011,166401,Petrol,Manual,Fourth & above,Mumbai,1.36
Kia,Seltos,2024,11860,Petrol,Manual,First,Chennai,11.46
Toyota,Innova Crysta,2022,38885,Diesel,Manual,Second,Chennai,13.94
Kia,Seltos,2013,150425,Petrol,Automatic,First,Ahmedabad,2.88
Maruti Suzuki,Baleno,2011,145555,Petrol,Manual,First,Kolkata,1.15
Kia,Seltos,2023,33028,CNG,Automatic,Second,Pune,11.02
Renault,Kwid,2009,198944,Petrol,Automatic,First,Delhi,0.58
Maruti Suzuki,Ertiga,2019,72439,CNG,Automatic,First,Kochi,4.76
Mahindra,Bolero,2024,19954,Diesel,Automatic,First,Hyderabad,9.95
Mahindra,Thar,2009,182398,Diesel,Manual,First,Delhi,1.72
Kia,Sonet,2014,120063,Petrol,Manual,Second,Mumbai,2.19
Mahindra,XUV700,2011,150534,Diesel,Automatic,First,Bengaluru,3.11
Toyota,Fortuner,2016,97198,Diesel,Automatic,First,Pune,12.21
Tata,Harrier,2024,20695,Diesel,Manual,First,Kolkata,15.98
Maruti Suzuki,Alto K10,2015,107986,Petrol,Manual,Second,Kochi,1.02
Toyota,Fortuner,2012,130345,Diesel,Manual,Second,Kochi,5.83
Toyota,Fortuner,2015,152991,Petrol,Manual,First,Kochi,8.98
Mahindra,Scorpio,2019,61544,Petrol,Manual,First,Delhi,6.48
Kia,Seltos,2022,35056,Petrol,Manual,First,Kochi,9.43
Renault,Kwid,2015,128355,Petrol,Manual,First,Jaipur,1.07
Hyundai,Venue,2014,125741,Diesel,Manual,Third,Kolkata,1.53
Hyundai,Venue,2019,89942,Petrol,Manual,First,Pune,4.57
Honda,City,2012,122798,Diesel,Manual,First,Pune,2.21
Tata,Altroz,2013,151952,Petrol,Manual,First,Kolkata,1.51
Tata,Harrier,2010,171650,Petrol,Manual,First,Kochi,2.37
Toyota,Fortuner,2025,21532,Petrol,Manual,First,Pune,38.17
Maruti Suzuki,Alto K10,2013,130533,CNG,Manual,First,Delhi,0.84
Maruti Suzuki,Brezza,2010,176230,Diesel,Manual,First,Mumbai,1.29
Honda,Amaze,2024,11886,Petrol,Automatic,Third,Pune,6.94
Maruti Suzuki,Alto K10,2020,73018,Petrol,Automatic,First,Bengaluru,2.37
Maruti Suzuki,Ertiga,2023,19654,Petrol,Manual,Second,Mumbai,7.9
Hyundai,Creta,2014,111892,Diesel,Manual,Second,Chennai,2.96
Tata,Harrier,2015,156535,Diesel,Automatic,First,Bengaluru,4.53
Renault,Kwid,2015,115369,Petrol,Automatic,First,Bengaluru,1.44
Maruti Suzuki,Swift,2011,120858,Petrol,Manual,Second,Chennai,0.99
Maruti Suzuki,Ertiga,2013,160392,Diesel,Automatic,First,Hyderabad,1.98
Mahindra,Bolero,2020,73187,Diesel,Manual,Second,Kochi,4.53
Hyundai,Venue,2009,183402,Diesel,Manual,First,Delhi,1.07
Tata,Punch,2013,185083,Petrol,Manual,Second,Delhi,1.33
Toyota,Glanza,2013,129497,Petrol,Manual,First,Pune,1.55
Mahindra,XUV700,2009,198218,Diesel,Manual,Second,Delhi,1.85
Maruti Suzuki,Swift,2025,20494,Petrol,Manual,First,Kochi,6.16
Honda,Amaze,2017,80955,Petrol,Automatic,First,Pune,3.13
Tata,Altroz,2021,45576,Petrol,Manual,Second,Mumbai,4.56
Toyota,Glanza,2015,120043,Petrol,Manual,First,Chennai,2.16
Kia,Seltos,2020,62162,Diesel,Automatic,Second,Jaipur,6.58
Tata,Harrier,2014,123267,Petrol,Automatic,First,Kochi,4.21
Hyundai,Venue,2020,58152,Petrol,Manual,First,Hyderabad,5.53
Hyundai,Verna,2025,16555,Diesel,Manual,First,Jaipur,11.23
Mahindra,Scorpio,2022,31270,Diesel,Manual,First,Kochi,10.12
Hyundai,Creta,2024,7063,Diesel,Manual,First,Kochi,12.81
Kia,Sonet,2022,29880,Petrol,Manual,Third,Pune,5.79
Kia,Sonet,2015,107114,Petrol,Automatic,First,Bengaluru,2.82
Maruti Suzuki,Ertiga,2013,138347,CNG,Automatic,First,Chennai,2.12
Toyota,Fortuner,2014,79602,Petrol,Automatic,First,Mumbai,11.97
Tata,Nexon,2009,201333,Diesel,Manual,Third,Pune,0.97
Renault,Kwid,2021,47544,Petrol,Manual,First,Jaipur,2.68
Honda,City,2022,50747,Petrol,Manual,Second,Delhi,8.46
Mahindra,Bolero,2019,81063,Diesel,Manual,First,Hyderabad,4.77
Honda,City,2011,180655,Petrol,Manual,First,Jaipur,1.78
Maruti Suzuki,Alto K10,2021,40398,Petrol,Manual,First,Ahmedabad,2.75
Hyundai,Venue,2010,173207,Diesel,Automatic,First,Kochi,1.18
Tata,Nexon,2018,52277,Diesel,Automatic,First,Mumbai,4.49
Mahindra,Scorpio,2018,66131,Diesel,Manual,Second,Mumbai,5.77
Tata,Altroz,2013,112200,Diesel,Automatic,First,Hyderabad,1.77
Hyundai,Venue,2019,62887,Petrol,Manual,Second,Chennai,4.19
Maruti Suzuki,Ertiga,2013,167820,Petrol,Manual,Second,Kochi,1.78
Kia,Seltos,2014,54261,Petrol,Manual,First,Mumbai,3.52
Renault,Kwid,2025,19629,CNG,Automatic,First,Mumbai,4.68
Maruti Suzuki,Baleno,2022,22743,Petrol,Automatic,First,Pune,6.0
Hyundai,Verna,2017,117018,Diesel,Manual,Second,Mumbai,3.71
Hyundai,Creta,2018,73111,Petrol,Automatic,First,Ahmedabad,6.1
Mahindra,Thar,2025,4298,Diesel,Automatic,First,Ahmedabad,16.95
Toyota,Innova Crysta,2014,135191,Petrol,Manual,First,Bengaluru,5.47
Toyota,Innova Crysta,2011,136307,Petrol,Automatic,First,Pune,3.88
Kia,Seltos,2024,8113,Diesel,Manual,Second,Ahmedabad,11.24
Maruti Suzuki,Baleno,2020,68478,Petrol,Manual,Second,Jaipur,3.09
Maruti Suzuki,Alto K10,2022,36463,Petrol,Manual,First,Mumbai,2.87
Mahindra,Thar,2021,34227,Petrol,Automatic,First,Pune,9.76
Tata,Nexon,2024,10855,Petrol,Manual,First,Ahmedabad,8.62
Tata,Altroz,2025,12892,Diesel,Manual,Fourth & above,Ahmedabad,5.73
Renault,Kwid,2010,153295,Petrol,Manual,First,Ahmedabad,0.74
Honda,City,2011,166066,CNG,Manual,Third,Ahmedabad,1.49
Maruti Suzuki,Alto K10,2017,115296,CNG,Manual,First,Ahmedabad,1.28
Hyundai,Venue,2025,12479,Petrol,Manual,First,Pune,9.19
Mahindra,Bolero,2024,16207,Petrol,Automatic,Third,Kolkata,7.23
Maruti Suzuki,Swift,2020,68254,Petrol,Manual,First,Mumbai,3.64
Toyota,Glanza,2009,184126,Petrol,Manual,First,Jaipur,0.89
Hyundai,i20,2025,14412,Diesel,Manual,First,Jaipur,8.66
Hyundai,i20,2009,213588,Petrol,Manual,First,Pune,0.91
Tata,Harrier,2012,156039,Diesel,Manual,Second,Pune,2.71
Renault,Kwid,2014,123117,Petrol,Manual,Second,Mumbai,1.05
Tata,Harrier,2011,175166,CNG,Automatic,First,Delhi,2.74
Hyundai,Venue,2024,20228,Petrol,Manual,First,Kolkata,7.9
Maruti Suzuki,Baleno,2011,180278,Petrol,Automatic,Second,Ahmedabad,1.11
Maruti Suzuki,Baleno,2013,157770,Petrol,Manual,First,Ahmedabad,1.4
Maruti Suzuki,Swift,2018,110666,Petrol,Manual,Second,Chennai,2.27
Toyota,Innova Crysta,2018,103397,Diesel,Automatic,First,Ahmedabad,8.57
Maruti Suzuki,Brezza,2016,89074,Petrol,Manual,First,Delhi,2.87
Mahindra,XUV700,2011,153173,Diesel,Automatic,First,Bengaluru,3.43
Hyundai,i20,2023,23004,Petrol,Automatic,First,Bengaluru,7.42
Hyundai,i20,2023,24066,CNG,Manual,Second,Pune,5.75
Hyundai,Creta,2024,18580,Petrol,Manual,First,Kolkata,10.95
Maruti Suzuki,Ertiga,2011,182228,Diesel,Automatic,First,Hyderabad,1.5
Honda,City,2024,18749,Petrol,Manual,Third,Mumbai,9.55
Toyota,Glanza,2016,125609,Petrol,Automatic,First,Kolkata,2.57
Hyundai,Creta,2017,64037,Diesel,Manual,First,Ahmedabad,5.5
Maruti Suzuki,Swift,2022,64272,Petrol,Manual,Third,Pune,4.18
Toyota,Fortuner,2017,70854,Petrol,Manual,Third,Bengaluru,11.63
Toyota,Fortuner,2024,17364,Petrol,Manual,First,Kochi,33.59
Mahindra,Thar,2010,128811,Petrol,Manual,First,Ahmedabad,2.35
Maruti Suzuki,Swift,2025,10563,Petrol,Manual,First,Ahmedabad,7.13
Maruti Suzuki,Swift,2011,163351,Petrol,Manual,First,Bengaluru,1.14
Maruti Suzuki,Brezza,2025,15579,Diesel,Automatic,First,Bengaluru,11.35
Tata,Punch,2021,50924,Petrol,Manual,First,Hyderabad,4.53
Maruti Suzuki,Baleno,2010,160663,Petrol,Manual,First,Ahmedabad,1.09
Toyota,Fortuner,2009,224175,Diesel,Manual,First,Pune,4.09
Hyundai,Creta,2021,39413,Petrol,Manual,First,Chennai,8.25
Mahindra,Scorpio,2018,107615,Diesel,Automatic,Second,Kolkata,5.46
Tata,Punch,2014,136799,CNG,Manual,First,Hyderabad,1.48
Tata,Punch,2025,18154,Petrol,Manual,Third,Chennai,6.31
Hyundai,Venue,2024,15760,Petrol,Manual,First,Kolkata,8.57
Maruti Suzuki,Alto K10,2022,34554,CNG,Automatic,First,Ahmedabad,2.95
Maruti Suzuki,Baleno,2018,55612,Petrol,Manual,First,Delhi,3.26
Hyundai,Venue,2009,168351,Petrol,Automatic,First,Mumbai,1.24
Tata,Altroz,2016,108965,Petrol,Automatic,Second,Bengaluru,2.5
Tata,Altroz,2017,97768,Petrol,Manual,First,Kolkata,2.62
Maruti Suzuki,Alto K10,2024,14718,Petrol,Manual,First,Kolkata,3.54
Mahindra,Bolero,2017,82587,Petrol,Automatic,First,Jaipur,3.41
Maruti Suzuki,Baleno,2024,15101,Petrol,Manual,Second,Kochi,5.86
Renault,Kwid,2021,39336,Petrol,Manual,First,Bengaluru,2.96
Hyundai,Venue,2012,155199,Diesel,Manual,First,Bengaluru,1.52
Renault,Kwid,2019,69160,Petrol,Manual,First,Ahmedabad,2.21
Maruti Suzuki,Baleno,2013,139447,Petrol,Manual,Fourth & above,Hyderabad,1.15
Kia,Seltos,2022,41447,Petrol,Manual,Second,Hyderabad,8.81
Toyota,Glanza,2013,148614,CNG,Automatic,First,Pune,1.62
Toyota,Innova Crysta,2022,50765,Diesel,Manual,Second,Chennai,14.58
Mahindra,XUV700,2012,171191,Diesel,Manual,First,Pune,2.79
Tata,Altroz,2009,179361,Petrol,Manual,First,Jaipur,0.89
Maruti Suzuki,Ertiga,2018,81786,Diesel,Manual,Third,Ahmedabad,3.72
Maruti Suzuki,Ertiga,2021,63716,CNG,Manual,First,Chennai,5.31
Mahindra,XUV700,2014,161622,Petrol,Manual,First,Chennai,4.13
Mahindra,Bolero,2018,84867,Petrol,Automatic,First,Bengaluru,4.05
Honda,City,2024,14480,CNG,Manual,First,Jaipur,10.19
Maruti Suzuki,Ertiga,2014,120748,Petrol,Manual,Second,Pune,2.09
Toyota,Glanza,2013,87270,Petrol,Manual,First,Mumbai,1.93
Kia,Seltos,2011,128713,Diesel,Manual,Second,Delhi,1.77
Tata,Altroz,2011,165956,Diesel,Manual,First,Kolkata,1.11
Tata,Harrier,2022,27992,Petrol,Manual,Second,Kochi,11.17
Tata,Harrier,2012,173677,Petrol,Manual,First,Ahmedabad,2.97
Kia,Seltos,2009,197958,Diesel,Manual,First,Mumbai,1.47
Kia,Sonet,2016,108433,Diesel,Manual,First,Bengaluru,2.68
Tata,Nexon,2014,65112,Diesel,Manual,Second,Jaipur,2.23
Tata,Punch,2013,128604,Petrol,Manual,First,Jaipur,1.43
Hyundai,i20,2016,120957,Diesel,Manual,First,Chennai,2.43
Mahindra,Scorpio,2018,81179,Diesel,Manual,Second,Kochi,5.3
Tata,Harrier,2019,96191,Petrol,Automatic,First,Kolkata,7.79
Toyota,Fortuner,2018,47531,Petrol,Manual,Second,Pune,16.66
Kia,Seltos,2021,32493,Petrol,Automatic,Third,Kolkata,8.08
Tata,Harrier,2019,86276,Petrol,Automatic,First,Hyderabad,8.74
Tata,Punch,2017,68102,Petrol,Manual,First,Hyderabad,2.86
Tata,Harrier,2020,57242,Petrol,Manual,Fourth & above,Kolkata,6.82
Toyota,Fortuner,2020,65026,Petrol,Automatic,Second,Kochi,18.6
Maruti Suzuki,Ertiga,2021,38136,Petrol,Automatic,First,Kochi,6.92
Honda,City,2020,49376,Petrol,Automatic,First,Pune,7.34
Tata,Harrier,2013,155614,Diesel,Automatic,Second,Ahmedabad,3.16
Toyota,Glanza,2014,111397,Petrol,Manual,Second,Hyderabad,1.65
Maruti Suzuki,Ertiga,2021,51574,Diesel,Automatic,Fourth & above,Hyderabad,5.08
Hyundai,Verna,2025,20035,Petrol,Automatic,First,Kolkata,12.3
Toyota,Fortuner,2015,97602,Petrol,Automatic,First,Bengaluru,11.7
Maruti Suzuki,Ertiga,2024,7599,Petrol,Manual,First,Kochi,8.88
Honda,Amaze,2023,16971,Petrol,Manual,First,Pune,6.77
Kia,Sonet,2010,170898,Petrol,Automatic,Third,Kolkata,1.08
Kia,Sonet,2011,159886,Petrol,Automatic,Second,Ahmedabad,1.58
Maruti Suzuki,Brezza,2023,8116,Petrol,Automatic,First,Kolkata,7.33
Tata,Punch,2016,101472,Petrol,Automatic,Third,Chennai,2.01
Maruti Suzuki,Swift,2025,14119,Petrol,Manual,Second,Jaipur,5.99
Maruti Suzuki,Ertiga,2023,31098,Petrol,Manual,Second,Bengaluru,6.79
Kia,Sonet,2014,136274,Diesel,Manual,Second,Pune,2.1
Tata,Nexon,2022,37229,Petrol,Manual,First,Mumbai,7.19
Mahindra,XUV700,2025,9581,Petrol,Automatic,Second,Kolkata,17.61
Maruti Suzuki,Ertiga,2021,63374,Petrol,Automatic,Second,Hyderabad,5.94
Tata,Altroz,2019,63194,Diesel,Manual,First,Jaipur,3.75
Maruti Suzuki,Brezza,2010,142993,Diesel,Manual,First,Pune,1.26
Hyundai,Venue,2015,134850,Petrol,Automatic,First,Pune,2.87
Kia,Seltos,2025,16310,Petrol,Manual,Second,Chennai,12.58
Hyundai,i20,2013,117089,Diesel,Manual,First,Jaipur,1.48
Kia,Seltos,2010,133599,Diesel,Automatic,First,Ahmedabad,2.05
Mahindra,Thar,2012,142186,Diesel,Manual,First,Bengaluru,2.63
Maruti Suzuki,Baleno,2011,172053,Petrol,Manual,First,Hyderabad,1.09
Honda,City,2011,134272,Diesel,Manual,First,Kochi,1.81
Hyundai,Creta,2024,15351,CNG,Automatic,First,Jaipur,12.21
Renault,Kwid,2011,179549,CNG,Manual,Second,Ahmedabad,0.66
Honda,Amaze,2020,54333,Petrol,Automatic,Second,Kolkata,4.06
Renault,Kwid,2010,165142,Petrol,Manual,First,Mumbai,0.65
Maruti Suzuki,Alto K10,2012,105060,Petrol,Manual,First,Hyderabad,0.98
Hyundai,Creta,2016,123433,Diesel,Manual,Second,Chennai,3.24
Maruti Suzuki,Ertiga,2011,149930,Petrol,Automatic,First,Ahmedabad,1.67
Toyota,Glanza,2014,125998,Petrol,Manual,First,Pune,1.81
Tata,Harrier,2020,61756,Petrol,Automatic,First,Mumbai,9.77
Mahindra,Scorpio,2024,11104,Diesel,Automatic,First,Delhi,12.29
Mahindra,Thar,2016,111491,Petrol,Manual,Second,Bengaluru,4.41
Maruti Suzuki,Alto K10,2016,135629,Petrol,Automatic,First,Jaipur,1.24
Maruti Suzuki,Swift,2016,107929,Petrol,Manual,First,Kochi,2.04
Renault,Kwid,2010,127169,Petrol,Manual,First,Chennai,0.72
Toyota,Innova Crysta,2024,13798,Diesel,Automatic,First,Jaipur,20.77
Hyundai,Creta,2022,31848,Petrol,Automatic,First,Kolkata,9.99
Mahindra,XUV700,2015,117163,Diesel,Manual,First,Pune,4.31
Hyundai,Venue,2011,152046,CNG,Manual,First,Delhi,1.56
Tata,Altroz,2009,208705,Petrol,Manual,First,Delhi,0.92
Kia,Seltos,2019,62812,Diesel,Automatic,First,Jaipur,6.33
Mahindra,Scorpio,2010,181298,Petrol,Automatic,First,Chennai,2.09
Honda,City,2017,91238,Petrol,Manual,First,Ahmedabad,4.06
Hyundai,Venue,2013,150810,Petrol,Manual,First,Kolkata,1.63
Hyundai,Verna,2012,196017,Petrol,Manual,First,Mumbai,1.91
Toyota,Glanza,2015,119729,Petrol,Automatic,First,Hyderabad,2.18
Hyundai,Verna,2018,78512,Petrol,Automatic,First,Kolkata,4.93
Toyota,Innova Crysta,2015,103976,Petrol,Manual,First,Hyderabad,5.52
Hyundai,Venue,2020,41279,Petrol,Automatic,Third,Delhi,4.49
Tata,Nexon,2024,19584,Petrol,Manual,First,Pune,8.98
Kia,Sonet,2019,52168,Petrol,Manual,First,Mumbai,4.75
Honda,Amaze,2011,146528,Petrol,Automatic,Second,Pune,1.42
Tata,Punch,2016,123671,Petrol,Manual,Second,Delhi,2.03
Hyundai,i20,2021,54670,Petrol,Manual,First,Pune,5.2
Tata,Punch,2021,40063,Petrol,Manual,Fourth & above,Delhi,3.13
Hyundai,i20,2025,19137,Diesel,Automatic,First,Chennai,10.13
Toyota,Fortuner,2024,11182,Petrol,Manual,First,Bengaluru,35.51
Renault,Kwid,2014,145744,CNG,Manual,First,Mumbai,1.07
Toyota,Fortuner,2009,171737,Diesel,Automatic,Second,Bengaluru,4.91
Maruti Suzuki,Swift,2011,106807,Petrol,Manual,First,Kolkata,1.14
Toyota,Fortuner,2020,51364,Petrol,Automatic,First,Jaipur,20.03
Mahindra,Thar,2014,90444,Diesel,Automatic,Third,Ahmedabad,3.03
Hyundai,Venue,2018,86637,Petrol,Automatic,Second,Pune,3.44
Maruti Suzuki,Ertiga,2018,69581,CNG,Manual,Second,Kolkata,3.64
Tata,Nexon,2017,98204,Diesel,Manual,First,Kolkata,3.55
Kia,Seltos,2018,81659,Petrol,Manual,First,Chennai,6.08
Mahindra,Thar,2021,56311,Petrol,Manual,First,Jaipur,8.29
Kia,Seltos,2018,78291,Petrol,Manual,First,Kolkata,5.13
Toyota,Innova Crysta,2020,51834,Petrol,Manual,Third,Pune,10.27
Tata,Altroz,2010,149833,Petrol,Manual,Second,Bengaluru,1.06
Mahindra,XUV700,2024,17353,Petrol,Manual,Second,Mumbai,15.02
Mahindra,Scorpio,2012,148523,Diesel,Manual,Second,Ahmedabad,1.99
Mahindra,Thar,2009,212389,Petrol,Manual,First,Bengaluru,1.67
Kia,Sonet,2010,191720,Petrol,Manual,First,Pune,1.4
Hyundai,i20,2012,169214,Petrol,Manual,First,Hyderabad,1.38
Tata,Punch,2023,19320,Petrol,Manual,First,Ahmedabad,5.76
Honda,Amaze,2023,24970,CNG,Automatic,Second,Jaipur,5.87
Toyota,Fortuner,2019,58907,Petrol,Automatic,First,Kolkata,19.86
Tata,Harrier,2024,7902,Petrol,Manual,First,Kolkata,15.37
Maruti Suzuki,Alto K10,2009,170321,Petrol,Manual,First,Ahmedabad,0.53
Tata,Harrier,2011,129788,Petrol,Manual,Second,Hyderabad,2.65
Renault,Kwid,2017,70151,Petrol,Manual,First,Ahmedabad,1.74
Honda,Amaze,2014,159332,Petrol,Manual,First,Ahmedabad,1.75
Maruti Suzuki,Swift,2015,127753,Petrol,Manual,First,Delhi,1.64
Tata,Nexon,2021,41967,Diesel,Automatic,First,Hyderabad,7.13
Tata,Punch,2023,33762,Petrol,Manual,First,Delhi,5.15
Maruti Suzuki,Ertiga,2013,143584,Petrol,Manual,First,Kochi,2.07
Maruti Suzuki,Swift,2011,153498,Petrol,Automatic,First,Bengaluru,1.14
Maruti Suzuki,Alto K10,2021,42357,Petrol,Manual,Third,Chennai,2.45
Tata,Punch,2024,18107,Petrol,Manual,First,Pune,6.48
Hyundai,Creta,2018,73579,Petrol,Manual,First,Bengaluru,5.37
Hyundai,Venue,2013,128638,Diesel,Manual,First,Pune,1.83
Maruti Suzuki,Swift,2010,142312,Petrol,Manual,Second,Mumbai,0.94
Toyota,Fortuner,2025,11849,Diesel,Automatic,First,Hyderabad,43.33
Renault,Kwid,2018,57043,Petrol,Automatic,Second,Ahmedabad,2.11
Maruti Suzuki,Alto K10,2020,61907,Petrol,Manual,First,Bengaluru,2.59
Hyundai,Verna,2010,163932,Petrol,Manual,First,Kolkata,1.56
Toyota,Glanza,2025,9669,Petrol,Manual,First,Chennai,8.02
Hyundai,Verna,2015,138489,Diesel,Automatic,Second,Kolkata,2.64
Maruti Suzuki,Baleno,2017,89626,Petrol,Manual,First,Delhi,2.42
Kia,Seltos,2025,11236,Petrol,Manual,First,Mumbai,13.48
Hyundai,i20,2010,189422,Petrol,Manual,Second,Ahmedabad,0.9
Maruti Suzuki,Baleno,2016,97329,Petrol,Automatic,Second,Hyderabad,2.33
Tata,Punch,2017,106242,Petrol,Manual,First,Kochi,2.43
Maruti Suzuki,Swift,2012,144876,Petrol,Manual,First,Bengaluru,1.3
Hyundai,i20,2021,51880,Diesel,Automatic,Second,Mumbai,5.58
Mahindra,Scorpio,2010,152203,Petrol,Manual,First,Hyderabad,2.03
Mahindra,XUV700,2015,145834,Petrol,Manual,First,Pune,4.61
Tata,Altroz,2024,15175,Diesel,Manual,Second,Chennai,6.42
Hyundai,Venue,2010,167059,Petrol,Manual,Second,Bengaluru,1.15
Tata,Altroz,2011,148734,CNG,Manual,First,Jaipur,1.18
Maruti Suzuki,Swift,2012,177123,Petrol,Manual,Second,Ahmedabad,1.0
Maruti Suzuki,Ertiga,2014,103415,Petrol,Automatic,Third,Kochi,2.32
Tata,Nexon,2011,160376,Diesel,Manual,First,Bengaluru,1.54
Toyota,Innova Crysta,2025,19058,Diesel,Manual,First,Ahmedabad,21.47
Hyundai,Venue,2015,132520,Diesel,Manual,Third,Jaipur,1.93
Kia,Sonet,2017,81946,Petrol,Manual,Second,Pune,3.22
Mahindra,Thar,2012,166736,Petrol,Manual,First,Kolkata,2.32
Mahindra,Bolero,2016,91683,Diesel,Manual,First,Hyderabad,2.98
Maruti Suzuki,Alto K10,2016,120749,Petrol,Automatic,First,Delhi,1.52
Kia,Seltos,2012,104385,Diesel,Manual,First,Hyderabad,2.38
Maruti Suzuki,Swift,2024,14290,Petrol,Manual,First,Hyderabad,6.17
Toyota,Glanza,2018,90183,Petrol,Automatic,Second,Bengaluru,2.99
Maruti Suzuki,Ertiga,2011,158228,Diesel,Manual,First,Delhi,1.46
Kia,Sonet,2010,152342,Diesel,Manual,Second,Mumbai,1.25
Toyota,Innova Crysta,2021,21828,Petrol,Manual,First,Bengaluru,14.1
Toyota,Innova Crysta,2013,162758,Petrol,Manual,Second,Jaipur,3.68
Kia,Sonet,2010,159336,Petrol,Manual,First,Mumbai,1.32
Kia,Seltos,2025,19303,Diesel,Manual,First,Bengaluru,13.61
Tata,Nexon,2021,32978,Petrol,Automatic,First,Delhi,7.24
Honda,City,2011,144006,Petrol,Manual,First,Ahmedabad,2.08
Renault,Kwid,2011,166158,Petrol,Automatic,Second,Chennai,0.73
Mahindra,Thar,2020,55493,Diesel,Automatic,First,Kochi,8.77
Maruti Suzuki,Brezza,2019,70043,Petrol,Manual,Fourth & above,Pune,3.11
Hyundai,Creta,2012,169256,Petrol,Automatic,First,Ahmedabad,2.49
Hyundai,i20,2024,10048,Petrol,Manual,First,Pune,8.36
Tata,Altroz,2025,14417,Petrol,Manual,Second,Ahmedabad,6.52
Hyundai,i20,2023,26917,Petrol,Automatic,Second,Ahmedabad,6.22
Mahindra,Thar,2014,85087,Diesel,Manual,First,Ahmedabad,3.46
Toyota,Glanza,2025,4965,Petrol,Automatic,Third,Kolkata,7.0
Hyundai,Creta,2022,43280,Petrol,Automatic,First,Jaipur,8.51
Mahindra,Bolero,2018,59832,Petrol,Manual,First,Kochi,4.23
Toyota,Fortuner,2015,116155,Diesel,Manual,First,Chennai,9.69
Toyota,Glanza,2009,150709,Petrol,Manual,Second,Mumbai,0.96
Renault,Kwid,2018,110084,Petrol,Manual,Second,Mumbai,1.64
Tata,Punch,2022,23037,Petrol,Manual,First,Kolkata,4.82
Kia,Sonet,2020,74280,Petrol,Manual,First,Mumbai,4.9
Maruti Suzuki,Alto K10,2014,114293,Petrol,Automatic,Second,Bengaluru,1.1
Mahindra,XUV700,2015,102501,Diesel,Manual,First,Delhi,5.25
Tata,Nexon,2020,57466,Petrol,Manual,First,Kochi,5.06
Maruti Suzuki,Alto K10,2014,148926,Petrol,Manual,Second,Chennai,0.89
Honda,City,2015,147849,CNG,Manual,First,Hyderabad,3.04
Toyota,Innova Crysta,2025,12427,Petrol,Manual,First,Ahmedabad,21.56
Hyundai,i20,2025,16608,Petrol,Manual,Second,Delhi,7.77
Honda,Amaze,2024,10815,Petrol,Manual,First,Hyderabad,7.9
Toyota,Glanza,2021,45740,Petrol,Manual,First,Kolkata,4.61
Maruti Suzuki,Brezza,2020,37628,Diesel,Manual,First,Chennai,5.63
Maruti Suzuki,Baleno,2014,141819,Petrol,Manual,Second,Hyderabad,1.54
Mahindra,XUV700,2012,149775,Petrol,Manual,Second,Delhi,2.94
Mahindra,Thar,2016,92179,Petrol,Manual,Third,Ahmedabad,4.07
Honda,City,2023,30181,Petrol,Manual,First,Chennai,8.85
Toyota,Innova Crysta,2018,86756,Diesel,Manual,First,Ahmedabad,9.18
Maruti Suzuki,Baleno,2019,59261,Petrol,Manual,Second,Hyderabad,3.15
Toyota,Innova Crysta,2009,168715,Diesel,Manual,Second,Hyderabad,2.47
Hyundai,i20,2021,48702,Diesel,Manual,First,Hyderabad,5.42
Hyundai,Creta,2021,59314,Petrol,Automatic,First,Delhi,8.71
Maruti Suzuki,Brezza,2014,107160,Petrol,Manual,Second,Mumbai,2.26
Hyundai,Verna,2012,198253,Petrol,Automatic,Third,Hyderabad,1.53
Hyundai,Verna,2018,71236,CNG,Manual,Third,Kolkata,3.51
Toyota,Fortuner,2013,126257,Petrol,Manual,First,Chennai,7.53
Toyota,Fortuner,2017,117749,Diesel,Manual,First,Jaipur,13.99
Maruti Suzuki,Baleno,2012,175254,Petrol,Manual,Second,Mumbai,1.16
Maruti Suzuki,Swift,2024,15116,Petrol,Automatic,First,Chennai,6.36
Tata,Altroz,2012,174365,Petrol,Automatic,Second,Mumbai,1.37
Mahindra,Scorpio,2023,29687,Petrol,Automatic,First,Delhi,11.48
Hyundai,i20,2020,45411,Petrol,Manual,First,Kochi,4.59
Maruti Suzuki,Swift,2009,157726,Petrol,Manual,Second,Mumbai,0.85
Toyota,Glanza,2019,57850,Petrol,Automatic,First,Mumbai,4.49
Maruti Suzuki,Alto K10,2010,163551,Petrol,Manual,Third,Kolkata,0.46
Maruti Suzuki,Brezza,2023,24325,Diesel,Automatic,Third,Hyderabad,7.06
Mahindra,Thar,2016,113020,Diesel,Manual,First,Jaipur,3.79
Mahindra,Scorpio,2022,44421,Diesel,Manual,First,Delhi,10.13
Maruti Suzuki,Baleno,2019,63977,Petrol,Manual,First,Bengaluru,3.57
Renault,Kwid,2024,26302,Petrol,Manual,Second,Bengaluru,4.12
Maruti Suzuki,Brezza,2018,81894,Petrol,Automatic,Second,Mumbai,3.76
Maruti Suzuki,Ertiga,2014,90296,Petrol,Manual,First,Bengaluru,2.7
Kia,Sonet,2017,102589,Diesel,Manual,Third,Hyderabad,2.95
Hyundai,Creta,2019,58085,Petrol,Manual,First,Delhi,6.16
Maruti Suzuki,Alto K10,2016,103337,Petrol,Automatic,First,Pune,1.47
Honda,City,2011,144778,Diesel,Manual,First,Jaipur,1.76
Toyota,Glanza,2016,92742,Petrol,Manual,First,Kochi,2.45
Tata,Nexon,2013,138247,Petrol,Manual,First,Kolkata,1.85
Toyota,Innova Crysta,2018,71063,Petrol,Manual,Second,Pune,8.23
Toyota,Innova Crysta,2015,119703,Petrol,Manual,First,Ahmedabad,5.78
Maruti Suzuki,Swift,2014,123814,CNG,Manual,First,Pune,1.5
Hyundai,Venue,2019,45514,Diesel,Manual,Second,Chennai,4.91
Mahindra,Bolero,2016,148072,Diesel,Automatic,Second,Jaipur,2.47
Maruti Suzuki,Brezza,2021,40617,Petrol,Automatic,First,Jaipur,5.81
Toyota,Glanza,2012,97325,Petrol,Manual,Second,Jaipur,1.35
Renault,Kwid,2021,64407,Petrol,Manual,First,Bengaluru,2.74
Hyundai,Venue,2020,52902,Diesel,Automatic,First,Chennai,6.0
Tata,Harrier,2011,159123,Petrol,Manual,Second,Bengaluru,2.92
Mahindra,Thar,2023,32639,Diesel,Automatic,First,Bengaluru,14.0
Hyundai,i20,2018,57819,Petrol,Manual,First,Ahmedabad,3.43
Hyundai,Venue,2024,5277,CNG,Manual,Second,Kochi,6.99
Hyundai,Verna,2009,211889,Petrol,Automatic,First,Kochi,1.31
Tata,Nexon,2014,167621,Petrol,Manual,Second,Kolkata,1.92
Hyundai,i20,2019,71955,Petrol,Manual,Second,Chennai,3.52
Hyundai,Venue,2013,175074,Diesel,Automatic,First,Mumbai,1.77
Hyundai,Creta,2014,115368,Petrol,Manual,Second,Kochi,2.84
Tata,Harrier,2025,13270,Petrol,Automatic,Third,Delhi,15.88
Mahindra,Scorpio,2016,119806,Diesel,Manual,Second,Pune,3.5
Renault,Kwid,2014,108187,Petrol,Manual,Third,Bengaluru,1.01
Tata,Altroz,2019,80517,Diesel,Automatic,First,Delhi,4.18
Toyota,Innova Crysta,2020,60365,Petrol,Manual,Second,Kolkata,9.12
Honda,Amaze,2015,96342,Petrol,Automatic,Second,Mumbai,2.22
Hyundai,Venue,2019,83493,Petrol,Manual,Second,Kochi,3.85
Hyundai,Venue,2021,37776,Petrol,Manual,First,Hyderabad,5.74
Hyundai,Venue,2024,13079,Diesel,Manual,First,Hyderabad,9.05
Toyota,Fortuner,2023,34235,Diesel,Manual,First,Chennai,34.25
Tata,Altroz,2022,16530,Petrol,Manual,First,Ahmedabad,5.17
Hyundai,i20,2011,139011,Diesel,Manual,First,Ahmedabad,1.36
Honda,City,2009,163746,Diesel,Manual,Second,Chennai,1.47
Tata,Harrier,2025,13748,Petrol,Manual,Third,Kolkata,13.25
Toyota,Glanza,2021,28723,Petrol,Manual,First,Bengaluru,5.4
Mahindra,Thar,2025,16889,Petrol,Automatic,Third,Bengaluru,13.63
Tata,Nexon,2016,127266,Petrol,Manual,First,Chennai,3.02
Maruti Suzuki,Baleno,2013,128357,Petrol,Manual,First,Bengaluru,1.55
Kia,Seltos,2022,41030,Diesel,Automatic,Third,Chennai,8.38
Hyundai,Venue,2025,22383,CNG,Manual,Second,Kochi,8.12
Toyota,Fortuner,2009,166966,Petrol,Automatic,Second,Bengaluru,4.84
Hyundai,i20,2024,17656,Diesel,Manual,Third,Kochi,6.52
Maruti Suzuki,Brezza,2010,159985,Petrol,Manual,First,Bengaluru,1.4
Maruti Suzuki,Swift,2021,45120,CNG,Manual,First,Chennai,3.91
Kia,Seltos,2020,69508,Petrol,Automatic,First,Kochi,6.87
Mahindra,Thar,2014,121089,Petrol,Manual,First,Kochi,3.88
Mahindra,Scorpio,2022,37962,Petrol,Manual,Third,Ahmedabad,8.07
Maruti Suzuki,Baleno,2013,115633,Petrol,Automatic,First,Ahmedabad,1.8
Maruti Suzuki,Alto K10,2023,39796,Petrol,Manual,First,Hyderabad,3.36
Toyota,Innova Crysta,2021,39811,Diesel,Manual,First,Jaipur,14.19
Tata,Harrier,2023,32748,Petrol,Manual,First,Delhi,11.77
Hyundai,Verna,2015,107980,Petrol,Manual,First,Mumbai,3.11
Maruti Suzuki,Ertiga,2024,18950,Petrol,Manual,First,Hyderabad,8.93
Mahindra,XUV700,2016,88263,Petrol,Manual,First,Pune,6.27
Tata,Nexon,2022,20545,Diesel,Manual,Third,Pune,6.83
Hyundai,Creta,2018,103190,Petrol,Automatic,First,Pune,5.6
Maruti Suzuki,Swift,2021,52902,Petrol,Manual,First,Kochi,3.81
Hyundai,Creta,2014,106112,Petrol,Manual,First,Kolkata,3.17
Kia,Seltos,2021,47841,Petrol,Automatic,Second,Hyderabad,8.35
Tata,Harrier,2010,150675,Diesel,Automatic,Second,Hyderabad,2.5
Toyota,Glanza,2021,48203,Petrol,Manual,First,Bengaluru,4.72
Toyota,Innova Crysta,2025,7533,Diesel,Manual,First,Ahmedabad,22.93
Maruti Suzuki,Brezza,2016,84360,CNG,Automatic,Second,Chennai,2.83
Hyundai,Verna,2025,6766,Petrol,Manual,First,Chennai,11.95
Hyundai,Venue,2017,118790,Petrol,Automatic,First,Kochi,3.28
Hyundai,Venue,2020,53990,Diesel,Automatic,First,Hyderabad,5.56
Kia,Seltos,2025,17933,Petrol,Manual,First,Bengaluru,12.11
Tata,Harrier,2010,140040,Diesel,Manual,First,Hyderabad,2.44
Maruti Suzuki,Baleno,2010,182030,Petrol,Manual,First,Kolkata,0.96
Hyundai,Verna,2018,69295,Petrol,Automatic,First,Kochi,4.64
Renault,Kwid,2024,13832,Petrol,Manual,Third,Mumbai,3.52
Hyundai,Venue,2010,162681,Diesel,Manual,Third,Hyderabad,1.07
Hyundai,i20,2015,112006,Petrol,Manual,First,Ahmedabad,2.1
Toyota,Innova Crysta,2010,199563,Diesel,Manual,First,Bengaluru,2.72
Kia,Seltos,2018,84957,CNG,Manual,Third,Kochi,4.06
Tata,Altroz,2017,73823,Diesel,Manual,Fourth & above,Bengaluru,2.4
Honda,Amaze,2018,69508,Petrol,Manual,First,Pune,3.35
Maruti Suzuki,Swift,2024,11393,Petrol,Manual,First,Pune,6.0
Hyundai,Creta,2014,96520,Petrol,Manual,First,Ahmedabad,3.57
Mahindra,XUV700,2017,117089,Petrol,Manual,First,Kolkata,6.37
Kia,Sonet,2025,11101,CNG,Manual,First,Kochi,8.68
Tata,Harrier,2024,26271,Diesel,Manual,Second,Kochi,15.05
Mahindra,Bolero,2017,95666,Diesel,Automatic,Second,Pune,3.44
Honda,Amaze,2009,140557,Petrol,Manual,Second,Mumbai,1.09
Honda,Amaze,2021,33597,Petrol,Manual,First,Delhi,4.62
Mahindra,Bolero,2018,64633,Petrol,Manual,First,Jaipur,3.93
Hyundai,Venue,2024,11301,Petrol,Manual,First,Delhi,8.88
Mahindra,XUV700,2011,167344,Petrol,Manual,Second,Hyderabad,2.59
Hyundai,Venue,2020,42869,Petrol,Manual,First,Mumbai,5.02
Mahindra,XUV700,2022,32529,Petrol,Automatic,First,Kochi,13.08
Maruti Suzuki,Swift,2013,117603,Petrol,Manual,First,Hyderabad,1.5
Honda,City,2009,143152,Petrol,Manual,Fourth & above,Pune,1.2
Honda,City,2012,114713,Petrol,Manual,First,Ahmedabad,2.41
Mahindra,Thar,2015,110761,Petrol,Manual,Second,Bengaluru,3.67
Hyundai,i20,2010,188624,Diesel,Automatic,First,Chennai,1.09
Tata,Nexon,2022,21476,Petrol,Manual,First,Delhi,7.24
Maruti Suzuki,Swift,2016,126953,Petrol,Manual,Third,Mumbai,1.6
Mahindra,XUV700,2014,97079,Diesel,Manual,First,Hyderabad,4.31
Maruti Suzuki,Baleno,2012,88125,Petrol,Automatic,Third,Ahmedabad,1.29
Maruti Suzuki,Swift,2025,13643,Petrol,Manual,First,Bengaluru,6.53
Mahindra,Bolero,2015,135094,Diesel,Automatic,Third,Mumbai,2.33
Toyota,Innova Crysta,2021,58537,Petrol,Manual,First,Kolkata,12.53
Mahindra,XUV700,2013,127292,Diesel,Manual,First,Mumbai,3.81
Toyota,Glanza,2025,14076,Petrol,Automatic,First,Mumbai,8.8
Mahindra,Bolero,2018,65133,Petrol,Manual,First,Ahmedabad,3.95
Mahindra,Bolero,2011,155711,Petrol,Automatic,Second,Delhi,1.53
Mahindra,Bolero,2017,95868,Diesel,Manual,First,Kochi,3.62
Maruti Suzuki,Ertiga,2012,107831,Petrol,Manual,Second,Delhi,1.93
Kia,Sonet,2018,104789,Petrol,Manual,First,Mumbai,3.3
Hyundai,Creta,2014,114793,Petrol,Manual,Second,Ahmedabad,2.78
Honda,City,2010,153841,Diesel,Manual,Fourth & above,Chennai,1.19
Toyota,Glanza,2020,41394,Petrol,Automatic,Second,Kolkata,4.14
Maruti Suzuki,Brezza,2023,18161,Petrol,Automatic,First,Pune,8.48
Honda,City,2020,53874,Petrol,Automatic,Second,Bengaluru,6.46
Maruti Suzuki,Alto K10,2024,10317,Petrol,Manual,Second,Pune,3.69
Hyundai,Verna,2022,44566,Diesel,Manual,First,Jaipur,8.32
Toyota,Innova Crysta,2013,101725,Petrol,Manual,First,Mumbai,5.0
Maruti Suzuki,Ertiga,2014,148529,Diesel,Manual,Second,Ahmedabad,1.79
Mahindra,Bolero,2018,70413,Diesel,Automatic,First,Kolkata,4.61
Hyundai,Venue,2024,14824,Petrol,Manual,Third,Bengaluru,7.37
Tata,Harrier,2009,174396,Petrol,Manual,First,Jaipur,2.02
Renault,Kwid,2009,226492,Petrol,Manual,Second,Delhi,0.49
Kia,Sonet,2018,97106,Petrol,Manual,First,Pune,3.99
Tata,Harrier,2021,63610,Petrol,Manual,Third,Kochi,8.07
Maruti Suzuki,Baleno,2018,94903,Petrol,Automatic,First,Hyderabad,2.92
Maruti Suzuki,Brezza,2015,92732,Diesel,Manual,First,Chennai,2.36
Kia,Seltos,2015,114696,Diesel,Manual,First,Pune,2.89
Tata,Harrier,2014,113206,Petrol,Manual,Second,Ahmedabad,4.22
Maruti Suzuki,Alto K10,2025,16376,Petrol,Manual,First,Hyderabad,4.45
Kia,Sonet,2020,42297,Diesel,Manual,Second,Hyderabad,5.04
Hyundai,Creta,2010,185435,Diesel,Automatic,Second,Jaipur,1.65
Hyundai,i20,2017,73477,Diesel,Automatic,First,Kolkata,3.29
Maruti Suzuki,Ertiga,2013,152749,Diesel,Automatic,Second,Ahmedabad,1.88
Tata,Altroz,2025,12788,Petrol,Manual,Second,Hyderabad,7.65
Toyota,Glanza,2013,113106,Petrol,Automatic,Second,Ahmedabad,1.64
Tata,Altroz,2014,129875,Petrol,Automatic,First,Kolkata,1.91
Hyundai,Venue,2021,46598,Petrol,Manual,Third,Kochi,4.75
Honda,Amaze,2020,67075,Petrol,Manual,First,Delhi,4.12
Maruti Suzuki,Alto K10,2025,14483,Petrol,Manual,First,Hyderabad,4.39
Toyota,Innova Crysta,2012,148015,Diesel,Manual,First,Pune,3.69
Maruti Suzuki,Brezza,2019,68755,Petrol,Manual,Second,Chennai,3.7
Renault,Kwid,2016,116885,Petrol,Automatic,Third,Kolkata,1.33
Maruti Suzuki,Ertiga,2021,68284,Petrol,Automatic,First,Kolkata,5.79
Mahindra,XUV700,2011,163081,Petrol,Automatic,First,Bengaluru,2.77
Renault,Kwid,2009,198553,Petrol,Manual,First,Mumbai,0.58
Hyundai,Verna,2014,117952,Petrol,Manual,First,Bengaluru,2.98
Renault,Kwid,2015,103638,Petrol,Manual,First,Delhi,1.36
Hyundai,Verna,2011,202513,Diesel,Manual,First,Bengaluru,1.43
Hyundai,Verna,2016,97150,Diesel,Manual,Third,Delhi,2.96
Hyundai,Verna,2023,20441,Petrol,Manual,First,Pune,8.53
Mahindra,XUV700,2015,85012,Diesel,Manual,Second,Jaipur,4.7
Hyundai,i20,2024,9019,Diesel,Manual,Second,Pune,7.64
Tata,Harrier,2010,198685,CNG,Manual,First,Chennai,2.28
Maruti Suzuki,Swift,2014,127329,Petrol,Automatic,Second,Kochi,1.55
Kia,Sonet,2017,104399,Diesel,Manual,First,Bengaluru,3.38
Tata,Altroz,2021,40042,Diesel,Automatic,First,Jaipur,5.29
Maruti Suzuki,Brezza,2014,144880,Petrol,Manual,First,Pune,2.09
Tata,Harrier,2022,45171,Petrol,Manual,First,Mumbai,11.13
Kia,Sonet,2022,43929,Petrol,Manual,Second,Kochi,5.21
Toyota,Fortuner,2015,74196,Diesel,Manual,First,Ahmedabad,10.27
Mahindra,Bolero,2017,88639,Diesel,Manual,First,Chennai,3.63
Maruti Suzuki,Baleno,2010,168409,Petrol,Manual,Second,Chennai,0.98
Toyota,Innova Crysta,2012,176670,Petrol,Manual,First,Hyderabad,3.71
Renault,Kwid,2018,89294,Petrol,Manual,Second,Kolkata,1.74
Toyota,Fortuner,2020,69223,Petrol,Automatic,First,Pune,21.77
Maruti Suzuki,Swift,2022,29232,Petrol,Automatic,Third,Kochi,4.28
Toyota,Glanza,2016,126367,Petrol,Manual,First,Pune,2.12
Tata,Punch,2010,101997,Petrol,Manual,First,Bengaluru,1.22
Tata,Harrier,2015,123132,Petrol,Manual,First,Mumbai,4.22
Toyota,Fortuner,2019,32206,Petrol,Manual,First,Chennai,19.31
Hyundai,i20,2020,71966,Petrol,Automatic,First,Delhi,4.23
Maruti Suzuki,Swift,2020,51009,Petrol,Automatic,First,Kolkata,3.68
Toyota,Fortuner,2018,80167,Diesel,Manual,First,Jaipur,15.13
Toyota,Innova Crysta,2013,148348,Petrol,Manual,First,Kolkata,3.85
Kia,Sonet,2010,209212,Petrol,Manual,Second,Ahmedabad,1.07
Toyota,Glanza,2023,26175,Petrol,Automatic,Fourth & above,Ahmedabad,4.79
Hyundai,Creta,2014,115023,Petrol,Manual,First,Kochi,3.41
Honda,Amaze,2019,59287,Petrol,Manual,First,Kolkata,3.77
Tata,Altroz,2010,198287,Diesel,Automatic,First,Ahmedabad,0.98
Honda,Amaze,2023,20103,CNG,Manual,Third,Ahmedabad,4.99
Maruti Suzuki,Ertiga,2009,121083,CNG,Automatic,First,Kolkata,1.33
Maruti Suzuki,Alto K10,2012,158026,CNG,Automatic,Second,Jaipur,0.71
Mahindra,XUV700,2011,195242,Petrol,Automatic,First,Mumbai,2.82
Mahindra,Bolero,2016,105766,Diesel,Automatic,First,Jaipur,2.7
Renault,Kwid,2023,27561,Petrol,Manual,First,Hyderabad,3.82
Renault,Kwid,2024,18416,CNG,Manual,Second,Mumbai,3.77
Mahindra,XUV700,2024,9365,Petrol,Automatic,Second,Chennai,15.18
Toyota,Innova Crysta,2010,166714,Petrol,Manual,First,Pune,3.12
Maruti Suzuki,Ertiga,2023,29338,Petrol,Manual,Third,Bengaluru,6.47
Maruti Suzuki,Alto K10,2012,151639,Petrol,Manual,Second,Jaipur,0.7
Maruti Suzuki,Alto K10,2011,133306,Petrol,Automatic,First,Jaipur,0.82
Honda,City,2011,141194,Petrol,Manual,First,Bengaluru,2.14
Maruti Suzuki,Alto K10,2015,119593,Petrol,Manual,First,Kochi,1.14
Tata,Nexon,2019,57035,Petrol,Manual,Second,Delhi,4.22
Mahindra,Scorpio,2022,22947,Diesel,Manual,First,Hyderabad,10.36
Maruti Suzuki,Alto K10,2017,70763,Petrol,Automatic,Second,Mumbai,1.71
Mahindra,Bolero,2017,98143,Diesel,Manual,Second,Kochi,3.09
Toyota,Glanza,2017,105499,Petrol,Manual,Second,Chennai,2.55
Toyota,Fortuner,2011,156334,Diesel,Automatic,First,Kolkata,6.34
Toyota,Innova Crysta,2016,115471,Petrol,Automatic,First,Delhi,6.56
Maruti Suzuki,Swift,2013,130531,Petrol,Manual,First,Mumbai,1.35
Tata,Nexon,2011,154947,Diesel,Manual,First,Delhi,1.64
Maruti Suzuki,Brezza,2019,62554,Diesel,Manual,Third,Bengaluru,3.86
Mahindra,Scorpio,2023,30973,Diesel,Automatic,First,Ahmedabad,12.43
Hyundai,i20,2022,27665,Diesel,Automatic,First,Kochi,6.85
Renault,Kwid,2017,88046,Petrol,Manual,First,Kolkata,1.77
Hyundai,Venue,2012,97316,Petrol,Automatic,Second,Ahmedabad,1.93
Toyota,Innova Crysta,2019,75627,Diesel,Manual,Fourth & above,Delhi,7.77
Toyota,Glanza,2021,55608,Petrol,Automatic,Third,Kolkata,4.14
Tata,Nexon,2022,34758,Petrol,Manual,First,Kolkata,7.34
Tata,Altroz,2010,129569,Petrol,Automatic,First,Ahmedabad,1.32
Honda,City,2014,118766,Diesel,Manual,First,Ahmedabad,2.68
Maruti Suzuki,Swift,2018,97984,Petrol,Manual,First,Jaipur,2.53
Renault,Kwid,2011,164682,Petrol,Manual,Second,Ahmedabad,0.64
Tata,Punch,2017,65006,Petrol,Manual,First,Ahmedabad,2.77
Maruti Suzuki,Swift,2011,148745,Petrol,Automatic,First,Kochi,1.12
Honda,Amaze,2017,70338,Petrol,Manual,Second,Ahmedabad,2.71
Toyota,Fortuner,2009,194397,Diesel,Manual,First,Kolkata,4.13
Mahindra,Bolero,2023,31016,Petrol,Manual,First,Ahmedabad,7.0
Hyundai,Verna,2018,97277,CNG,Automatic,First,Jaipur,4.61
Mahindra,Thar,2022,38484,Diesel,Manual,Second,Hyderabad,9.88
Mahindra,Bolero,2015,144184,Diesel,Automatic,Fourth & above,Kolkata,1.74
Maruti Suzuki,Swift,2015,102247,CNG,Automatic,First,Bengaluru,2.02
Maruti Suzuki,Baleno,2018,87560,Petrol,Manual,Second,Chennai,2.75
Toyota,Innova Crysta,2014,126300,Petrol,Manual,First,Hyderabad,4.86
Honda,Amaze,2014,156751,Petrol,Manual,Third,Pune,1.52
Mahindra,Scorpio,2021,61228,Diesel,Manual,Third,Jaipur,6.28
Maruti Suzuki,Swift,2021,35631,Petrol,Manual,First,Delhi,3.98
Toyota,Fortuner,2016,67435,Petrol,Automatic,Third,Delhi,12.32
Toyota,Fortuner,2011,141749,Diesel,Manual,First,Chennai,6.21
Honda,City,2017,90169,Petrol,Manual,Third,Hyderabad,3.81
Hyundai,Venue,2009,228284,Diesel,Automatic,Second,Bengaluru,0.95
Honda,City,2024,18790,CNG,Manual,First,Pune,10.74
Maruti Suzuki,Swift,2009,185376,Petrol,Automatic,First,Delhi,0.94
Maruti Suzuki,Alto K10,2017,78672,Petrol,Manual,First,Kochi,1.52
Hyundai,Verna,2016,104562,Petrol,Manual,First,Kochi,3.46
Kia,Seltos,2021,53508,Diesel,Manual,First,Hyderabad,8.3
Hyundai,Venue,2020,45709,Diesel,Manual,First,Bengaluru,6.02
Maruti Suzuki,Swift,2013,120195,Petrol,Manual,First,Mumbai,1.54
Tata,Punch,2009,178373,Petrol,Manual,Second,Delhi,0.82
Renault,Kwid,2016,88965,Petrol,Automatic,Second,Hyderabad,1.57
Renault,Kwid,2021,64380,Petrol,Automatic,First,Delhi,2.79
Honda,Amaze,2009,188319,Petrol,Manual,First,Kochi,0.96
Tata,Altroz,2014,150098,Petrol,Manual,Fourth & above,Pune,1.36
Maruti Suzuki,Brezza,2013,108736,Petrol,Automatic,First,Delhi,2.18
Toyota,Innova Crysta,2018,92549,Diesel,Manual,Third,Pune,7.59
Honda,City,2021,48822,Diesel,Manual,First,Kolkata,8.08
Tata,Nexon,2018,108280,CNG,Automatic,Second,Bengaluru,3.62
Toyota,Fortuner,2010,147143,Petrol,Manual,First,Chennai,5.28
Toyota,Glanza,2024,16772,CNG,Automatic,First,Chennai,6.57
Hyundai,Verna,2016,116121,Petrol,Automatic,First,Mumbai,3.98
Honda,Amaze,2024,10102,Petrol,Automatic,Second,Pune,7.01
Tata,Nexon,2010,177266,Petrol,Automatic,First,Hyderabad,1.35
Toyota,Glanza,2013,110901,CNG,Manual,First,Mumbai,1.73
Toyota,Glanza,2016,125399,Petrol,Manual,Second,Bengaluru,2.1
Toyota,Innova Crysta,2009,167681,Petrol,Manual,Second,Jaipur,2.3
Toyota,Glanza,2014,168071,Petrol,Manual,First,Bengaluru,1.67
Hyundai,Creta,2017,79736,Petrol,Automatic,Third,Ahmedabad,4.35
Honda,City,2025,14354,Diesel,Manual,First,Hyderabad,12.32
Maruti Suzuki,Brezza,2024,10582,CNG,Manual,First,Mumbai,8.23
Mahindra,Thar,2015,101316,Diesel,Manual,Third,Mumbai,3.71
Maruti Suzuki,Brezza,2025,7995,CNG,Manual,Second,Hyderabad,7.82
Kia,Sonet,2011,139045,Petrol,Manual,First,Mumbai,1.67
Maruti Suzuki,Swift,2017,96546,Petrol,Manual,Second,Bengaluru,2.21
Toyota,Glanza,2011,165689,CNG,Automatic,Second,Mumbai,1.16
Hyundai,Venue,2013,123955,Diesel,Manual,First,Kochi,2.02
Kia,Seltos,2020,45783,Diesel,Manual,First,Chennai,7.13
Hyundai,i20,2011,142999,Petrol,Automatic,First,Jaipur,1.43
Renault,Kwid,2011,101104,Petrol,Manual,Third,Kolkata,0.78
Mahindra,Bolero,2010,167405,Diesel,Manual,Second,Chennai,1.16
Honda,Amaze,2009,152426,Petrol,Manual,First,Bengaluru,1.1
Honda,City,2018,100379,Petrol,Manual,Second,Chennai,4.62
Tata,Punch,2015,144363,Petrol,Manual,First,Jaipur,1.73
Mahindra,Thar,2013,144956,Petrol,Automatic,First,Jaipur,3.01
Renault,Kwid,2023,40962,Petrol,Manual,First,Bengaluru,3.88
Honda,Amaze,2025,15972,Petrol,Manual,First,Ahmedabad,8.32
Mahindra,Thar,2013,183863,Diesel,Manual,First,Chennai,2.81
Mahindra,Scorpio,2009,174831,Diesel,Manual,First,Pune,1.68
Toyota,Fortuner,2013,116396,Diesel,Manual,First,Jaipur,7.68
Hyundai,Creta,2022,29152,Petrol,Manual,Second,Kolkata,8.41
Toyota,Innova Crysta,2017,83272,Diesel,Automatic,Second,Mumbai,8.63
Honda,Amaze,2025,10271,CNG,Manual,First,Pune,8.49
Maruti Suzuki,Swift,2010,213028,Petrol,Manual,First,Jaipur,0.75
Tata,Nexon,2011,154417,Petrol,Manual,Second,Delhi,1.45
Tata,Nexon,2014,142765,Petrol,Manual,First,Delhi,2.14
Mahindra,Scorpio,2013,124708,Diesel,Automatic,Second,Bengaluru,2.89
Honda,Amaze,2010,199584,Petrol,Manual,Second,Hyderabad,1.02
Maruti Suzuki,Brezza,2011,173107,Petrol,Manual,First,Chennai,1.36
Mahindra,Scorpio,2012,137565,Petrol,Manual,First,Delhi,2.32
Kia,Sonet,2020,72246,Diesel,Automatic,First,Ahmedabad,4.99
Maruti Suzuki,Baleno,2024,10999,Petrol,Manual,Third,Hyderabad,5.64
Toyota,Glanza,2023,19977,Petrol,Manual,First,Mumbai,6.08
Tata,Harrier,2014,135178,Petrol,Automatic,Second,Hyderabad,4.06
Toyota,Innova Crysta,2014,117137,Diesel,Automatic,First,Mumbai,5.41
Maruti Suzuki,Ertiga,2021,32919,CNG,Automatic,First,Delhi,6.5
Maruti Suzuki,Baleno,2021,60683,Petrol,Manual,First,Hyderabad,4.29
Hyundai,i20,2015,97706,Petrol,Automatic,First,Kolkata,2.51
Hyundai,Venue,2011,175699,Petrol,Automatic,Second,Jaipur,1.43
Toyota,Fortuner,2013,99088,Petrol,Manual,First,Bengaluru,9.01
Maruti Suzuki,Alto K10,2010,146639,Petrol,Automatic,First,Kochi,0.71
Tata,Harrier,2018,79448,Diesel,Automatic,First,Chennai,8.53
Tata,Altroz,2021,51687,Diesel,Automatic,Third,Pune,4.68
Honda,Amaze,2022,38842,Petrol,Manual,First,Pune,5.72
Tata,Altroz,2011,154271,Petrol,Manual,Fourth & above,Pune,0.89
Maruti Suzuki,Alto K10,2016,102634,Petrol,Manual,Second,Kolkata,1.22
Toyota,Fortuner,2017,97865,Petrol,Manual,Second,Kolkata,10.61
Hyundai,Verna,2010,166271,Diesel,Manual,First,Chennai,1.41
Tata,Punch,2024,9388,Petrol,Manual,Second,Hyderabad,7.03
Hyundai,Verna,2012,162045,Petrol,Manual,First,Ahmedabad,1.77
Mahindra,Scorpio,2016,75659,Diesel,Manual,First,Kolkata,4.08
Honda,City,2021,41187,Petrol,Manual,Second,Delhi,6.59
Honda,City,2015,76971,Diesel,Manual,First,Chennai,3.49
Maruti Suzuki,Alto K10,2014,135520,Petrol,Manual,Second,Bengaluru,0.9
Tata,Harrier,2014,106026,Diesel,Automatic,Second,Hyderabad,4.49
Mahindra,XUV700,2015,125139,Petrol,Manual,First,Jaipur,4.62
Maruti Suzuki,Brezza,2016,103265,Petrol,Automatic,First,Ahmedabad,3.07
Toyota,Glanza,2019,74271,Petrol,Manual,First,Ahmedabad,3.38
Tata,Altroz,2013,164261,Petrol,Manual,First,Hyderabad,1.47
Renault,Kwid,2024,21397,Petrol,Automatic,First,Pune,4.67
Tata,Nexon,2022,32979,Petrol,Manual,Third,Bengaluru,6.17
Honda,City,2022,30470,Petrol,Manual,Second,Chennai,7.23
Kia,Sonet,2009,175931,Petrol,Automatic,Third,Pune,1.0
Tata,Punch,2021,39471,CNG,Manual,Second,Hyderabad,4.08
Honda,City,2019,84673,Diesel,Manual,Second,Ahmedabad,5.01
Tata,Harrier,2024,11802,Diesel,Manual,First,Ahmedabad,16.5
Tata,Nexon,2020,48729,Diesel,Manual,First,Bengaluru,6.3
Mahindra,Bolero,2013,120548,Diesel,Manual,First,Hyderabad,1.73
Hyundai,Creta,2024,8351,CNG,Manual,First,Kolkata,11.95
Hyundai,i20,2010,144936,Diesel,Automatic,First,Delhi,1.2
Tata,Altroz,2017,87352,Petrol,Manual,Second,Ahmedabad,2.48
Maruti Suzuki,Alto K10,2011,118720,Petrol,Manual,Second,Mumbai,0.71
Kia,Sonet,2013,126320,Diesel,Automatic,First,Delhi,1.92
Mahindra,Bolero,2014,109039,Petrol,Manual,First,Pune,2.62
Tata,Nexon,2014,94189,Diesel,Automatic,Fourth & above,Pune,2.03
Honda,Amaze,2015,78357,Petrol,Automatic,First,Hyderabad,2.52
Maruti Suzuki,Baleno,2015,110325,Petrol,Manual,First,Kochi,1.85
Maruti Suzuki,Alto K10,2022,44688,Petrol,Manual,First,Chennai,2.84
Hyundai,i20,2021,40512,Petrol,Automatic,First,Jaipur,4.68
Honda,City,2019,66831,Diesel,Manual,Third,Chennai,4.98
Hyundai,Verna,2021,41389,CNG,Manual,First,Kolkata,5.95
Mahindra,Scorpio,2017,85531,Petrol,Manual,First,Kolkata,5.05
Mahindra,XUV700,2012,147263,Petrol,Manual,First,Kochi,3.11
Hyundai,Venue,2014,119878,Petrol,Manual,Second,Chennai,2.18
Honda,Amaze,2025,8379,Petrol,Manual,First,Kochi,7.76
Hyundai,Venue,2025,7534,Diesel,Automatic,Second,Hyderabad,9.1
Mahindra,Thar,2020,89161,Diesel,Manual,First,Chennai,8.5
Tata,Harrier,2009,174839,Diesel,Manual,Second,Jaipur,1.81
Hyundai,Verna,2016,110749,Petrol,Manual,Second,Chennai,3.07
Honda,Amaze,2011,50571,Petrol,Manual,Second,Kolkata,1.39
Honda,City,2024,10841,CNG,Manual,First,Pune,10.96
Renault,Kwid,2013,156146,Petrol,Automatic,First,Mumbai,1.01
Honda,City,2011,164310,Petrol,Manual,First,Chennai,2.02
Maruti Suzuki,Ertiga,2020,88718,Diesel,Manual,First,Kochi,5.04
Mahindra,Thar,2012,154891,Diesel,Manual,First,Kolkata,2.38
Honda,Amaze,2010,155328,Petrol,Manual,First,Hyderabad,1.14
Kia,Sonet,2014,131984,Petrol,Manual,First,Pune,2.32
Tata,Nexon,2016,145890,Diesel,Manual,Third,Delhi,2.29
Kia,Seltos,2017,86759,Petrol,Manual,First,Ahmedabad,4.14
Toyota,Fortuner,2018,86724,Petrol,Manual,First,Mumbai,16.07
Kia,Sonet,2024,20209,Diesel,Manual,First,Hyderabad,8.62
Hyundai,Creta,2025,12563,Diesel,Manual,Second,Hyderabad,13.19
Kia,Seltos,2014,125067,CNG,Manual,First,Ahmedabad,3.0
Kia,Sonet,2013,124853,Petrol,Manual,First,Pune,2.08
Maruti Suzuki,Alto K10,2020,60413,Petrol,Automatic,First,Kolkata,2.07
Tata,Punch,2024,7335,Petrol,Manual,First,Delhi,6.21
Maruti Suzuki,Ertiga,2022,38157,CNG,Manual,Second,Jaipur,6.4
Kia,Seltos,2017,91178,Diesel,Manual,First,Bengaluru,5.0
Mahindra,Thar,2018,82973,Petrol,Manual,First,Bengaluru,6.24
Renault,Kwid,2021,39192,Petrol,Automatic,Second,Hyderabad,2.85
Tata,Nexon,2020,53204,Diesel,Manual,First,Kolkata,4.86
Maruti Suzuki,Ertiga,2010,137008,Petrol,Manual,First,Chennai,1.48
Toyota,Innova Crysta,2013,139414,Diesel,Manual,First,Kochi,3.99
Hyundai,i20,2020,60651,Petrol,Manual,First,Bengaluru,4.38
Maruti Suzuki,Alto K10,2021,68152,Petrol,Manual,First,Hyderabad,2.25
Mahindra,Bolero,2022,32406,Petrol,Automatic,First,Bengaluru,7.02
Mahindra,XUV700,2025,22124,Diesel,Automatic,First,Delhi,22.38
Tata,Nexon,2025,20772,Petrol,Manual,Third,Ahmedabad,7.89
Tata,Nexon,2019,78985,Petrol,Manual,Second,Kochi,4.14
Hyundai,i20,2016,132459,Petrol,Manual,First,Hyderabad,2.4
Honda,City,2017,94603,Petrol,Manual,First,Delhi,4.46
Toyota,Fortuner,2024,24189,Diesel,Manual,First,Pune,35.77
Tata,Nexon,2025,14175,Petrol,Automatic,First,Kochi,11.09
Tata,Punch,2025,17108,Petrol,Automatic,First,Bengaluru,8.41
Maruti Suzuki,Swift,2023,35880,Petrol,Manual,Fourth & above,Pune,3.78
Mahindra,Scorpio,2020,41977,Diesel,Automatic,First,Chennai,8.54
Honda,Amaze,2022,33049,Petrol,Automatic,First,Mumbai,6.24
Mahindra,Bolero,2021,63080,Diesel,Manual,First,Pune,6.3
Maruti Suzuki,Baleno,2022,34560,Petrol,Manual,Third,Kolkata,4.0
Mahindra,Scorpio,2022,34724,Petrol,Manual,Second,Ahmedabad,8.78
Tata,Altroz,2012,173992,Petrol,Manual,Second,Mumbai,1.28
Honda,Amaze,2011,128092,CNG,Manual,First,Delhi,1.4
Hyundai,Creta,2012,157403,Diesel,Manual,Second,Bengaluru,2.02
Tata,Altroz,2013,153742,CNG,Manual,First,Chennai,1.41
Mahindra,Scorpio,2017,65089,Diesel,Automatic,First,Kolkata,6.1
Mahindra,XUV700,2020,38044,Diesel,Manual,First,Pune,11.35
Mahindra,XUV700,2024,12232,Diesel,Manual,First,Hyderabad,16.27
Tata,Punch,2019,84373,Petrol,Manual,First,Jaipur,2.92
Honda,Amaze,2024,16948,Petrol,Automatic,Third,Bengaluru,6.0
Tata,Altroz,2012,177588,Petrol,Manual,First,Kochi,1.22
Kia,Sonet,2011,199857,Petrol,Manual,First,Bengaluru,1.42
Tata,Harrier,2020,17122,Petrol,Automatic,First,Kochi,10.54
Toyota,Innova Crysta,2011,129623,Petrol,Manual,First,Kolkata,3.43
Tata,Punch,2024,14495,Petrol,Automatic,First,Ahmedabad,6.35
Mahindra,XUV700,2013,119959,Petrol,Automatic,First,Pune,4.45
Mahindra,XUV700,2010,199729,Diesel,Automatic,Fourth & above,Jaipur,1.81
Maruti Suzuki,Alto K10,2024,13451,Petrol,Automatic,First,Jaipur,4.15
Kia,Sonet,2012,164369,Petrol,Manual,First,Mumbai,1.69
Renault,Kwid,2012,151446,Petrol,Automatic,First,Mumbai,0.96
Hyundai,Venue,2014,112105,Petrol,Automatic,Third,Pune,2.15
Mahindra,Bolero,2016,87031,Diesel,Manual,Third,Mumbai,2.37
Toyota,Glanza,2022,19369,Petrol,Automatic,First,Mumbai,5.71
Mahindra,XUV700,2017,111532,Diesel,Manual,First,Kolkata,6.67
Honda,City,2024,11675,Petrol,Manual,First,Kolkata,10.1
Maruti Suzuki,Alto K10,2024,27000,Petrol,Manual,First,Kochi,3.68
Mahindra,Bolero,2011,108104,Petrol,Automatic,Second,Mumbai,1.84
Honda,City,2020,49812,Diesel,Manual,Third,Kochi,5.08
Mahindra,XUV700,2016,104810,Diesel,Automatic,First,Bengaluru,5.8
Honda,Amaze,2019,78810,CNG,Manual,First,Pune,3.51
Maruti Suzuki,Alto K10,2013,115010,Petrol,Automatic,First,Mumbai,0.97
Maruti Suzuki,Alto K10,2013,164930,Petrol,Automatic,Second,Mumbai,0.8
Hyundai,i20,2014,137099,Petrol,Manual,Second,Bengaluru,1.72
Honda,Amaze,2019,100728,Petrol,Manual,Second,Kochi,3.06
Maruti Suzuki,Baleno,2009,187356,Petrol,Automatic,First,Delhi,0.95
Hyundai,Creta,2024,8186,Petrol,Manual,First,Kochi,12.4
Kia,Sonet,2018,79529,CNG,Manual,First,Mumbai,3.76
Toyota,Fortuner,2024,14597,Petrol,Manual,Third,Kochi,29.79
Hyundai,Venue,2017,93588,Petrol,Manual,First,Delhi,3.51
Hyundai,i20,2013,106527,Diesel,Manual,First,Kochi,1.67
Hyundai,Creta,2010,137174,Petrol,Manual,First,Chennai,1.97
Tata,Altroz,2019,33148,CNG,Automatic,Second,Delhi,3.92
Mahindra,Scorpio,2018,92579,Petrol,Automatic,Second,Bengaluru,5.63
Mahindra,XUV700,2014,115171,Petrol,Manual,First,Hyderabad,4.79
Tata,Nexon,2023,34961,Diesel,Automatic,First,Delhi,10.12
Maruti Suzuki,Baleno,2020,56477,Petrol,Manual,First,Mumbai,4.37
Tata,Punch,2020,58515,Petrol,Manual,First,Jaipur,3.93
Maruti Suzuki,Swift,2016,102531,CNG,Manual,Third,Delhi,1.91
Honda,City,2021,19007,Diesel,Manual,First,Delhi,8.06
Maruti Suzuki,Swift,2017,89984,Petrol,Manual,Second,Chennai,2.34
Kia,Seltos,2022,53546,Petrol,Manual,Second,Kochi,6.9
Tata,Harrier,2021,34745,Petrol,Manual,First,Mumbai,11.34
Tata,Harrier,2015,132083,Petrol,Manual,Second,Kochi,4.07
Honda,City,2015,87255,Diesel,Manual,First,Jaipur,3.17
Tata,Punch,2013,189115,Petrol,Automatic,Third,Pune,1.15
Maruti Suzuki,Baleno,2013,107054,Petrol,Manual,First,Chennai,1.6
Mahindra,Thar,2012,160595,Petrol,Manual,First,Delhi,2.45
Maruti Suzuki,Swift,2016,124953,Petrol,Automatic,First,Chennai,2.03
Mahindra,Thar,2014,135859,Diesel,Automatic,First,Pune,3.53
Renault,Kwid,2025,15418,CNG,Manual,First,Bengaluru,4.67
Tata,Altroz,2024,22663,CNG,Manual,Fourth & above,Jaipur,4.51
Mahindra,Thar,2012,151087,Diesel,Manual,Third,Hyderabad,2.03
Toyota,Innova Crysta,2013,118601,Petrol,Manual,First,Kochi,4.74
Tata,Altroz,2013,111779,Petrol,Automatic,First,Pune,1.93
Hyundai,Venue,2025,14304,Diesel,Automatic,First,Bengaluru,10.79
Maruti Suzuki,Brezza,2022,31756,Diesel,Manual,Second,Bengaluru,6.65
Hyundai,Verna,2021,52993,Diesel,Automatic,Second,Kochi,5.98
Mahindra,Bolero,2022,37023,Diesel,Automatic,Second,Delhi,7.33
Maruti Suzuki,Alto K10,2009,142621,Petrol,Manual,First,Pune,0.6
Mahindra,Thar,2009,198556,Petrol,Manual,First,Jaipur,1.64
Hyundai,Venue,2022,55099,Petrol,Manual,Second,Bengaluru,5.79
Tata,Nexon,2017,85671,Diesel,Manual,Third,Jaipur,3.08
Tata,Harrier,2015,88346,Petrol,Manual,First,Kolkata,5.32
Mahindra,XUV700,2019,75094,Diesel,Automatic,Fourth & above,Ahmedabad,6.95
Honda,Amaze,2024,23356,Petrol,Manual,Second,Kolkata,6.0
Renault,Kwid,2011,155009,Petrol,Manual,Second,Mumbai,0.72
Hyundai,i20,2019,81967,Petrol,Manual,First,Kolkata,3.6
Hyundai,Venue,2013,140685,Diesel,Automatic,First,Pune,2.12
Tata,Harrier,2024,8181,Diesel,Manual,First,Ahmedabad,16.4
Mahindra,Bolero,2015,65917,Diesel,Automatic,First,Pune,3.11
Mahindra,Thar,2023,20544,Petrol,Automatic,First,Chennai,12.5
Toyota,Glanza,2009,152556,Petrol,Manual,First,Kolkata,1.03
Kia,Seltos,2017,130661,Diesel,Manual,First,Kochi,4.53
Honda,Amaze,2014,125867,Petrol,Manual,First,Chennai,1.88
Kia,Sonet,2016,114382,Diesel,Manual,First,Jaipur,2.53
Hyundai,Verna,2013,129009,Diesel,Manual,Second,Hyderabad,1.97
Mahindra,XUV700,2019,106627,Petrol,Manual,Third,Delhi,6.25
Tata,Altroz,2014,136861,Diesel,Manual,First,Bengaluru,1.62
Tata,Harrier,2012,144808,Petrol,Automatic,First,Hyderabad,3.74
Maruti Suzuki,Ertiga,2015,128589,Petrol,Manual,First,Mumbai,2.7
Honda,City,2022,39325,Petrol,Manual,Second,Jaipur,7.03
Hyundai,Venue,2018,70864,Petrol,Automatic,Third,Hyderabad,3.58
Mahindra,Scorpio,2018,72308,Petrol,Manual,Third,Kochi,4.5
Maruti Suzuki,Swift,2022,25476,Petrol,Manual,First,Pune,5.11
Maruti Suzuki,Ertiga,2017,95098,Petrol,Manual,Second,Pune,3.3
Mahindra,XUV700,2020,47617,Diesel,Manual,Second,Bengaluru,9.48
Maruti Suzuki,Swift,2019,78578,Petrol,Automatic,Third,Kolkata,2.58
Maruti Suzuki,Alto K10,2014,158180,Petrol,Automatic,Second,Mumbai,0.89
Tata,Harrier,2017,73180,Petrol,Manual,Second,Kolkata,5.7
Honda,City,2014,83895,Petrol,Manual,First,Pune,3.57
Maruti Suzuki,Swift,2011,129273,CNG,Manual,First,Kolkata,0.98
Kia,Sonet,2021,40869,Petrol,Manual,First,Ahmedabad,5.44
Toyota,Glanza,2021,30398,Petrol,Manual,Second,Kolkata,4.32
Maruti Suzuki,Brezza,2018,70212,Diesel,Manual,First,Kolkata,4.11
Kia,Seltos,2023,26969,Diesel,Manual,First,Hyderabad,11.16
Maruti Suzuki,Ertiga,2011,143271,Petrol,Manual,Third,Hyderabad,1.33
Maruti Suzuki,Ertiga,2015,149888,Diesel,Automatic,First,Kochi,2.55
Maruti Suzuki,Alto K10,2025,14080,Petrol,Manual,Fourth & above,Mumbai,3.48
Kia,Seltos,2010,164903,Diesel,Manual,First,Kolkata,1.66
Maruti Suzuki,Swift,2025,14936,CNG,Manual,First,Kolkata,6.01
Tata,Altroz,2023,24535,Diesel,Manual,First,Bengaluru,6.3
Toyota,Fortuner,2016,130107,Petrol,Manual,Fourth & above,Pune,8.99
Mahindra,Thar,2011,162734,Diesel,Manual,First,Kochi,2.14
Tata,Altroz,2017,96437,Diesel,Manual,Second,Chennai,2.75
Hyundai,Venue,2020,42512,Petrol,Automatic,Second,Ahmedabad,4.93
Mahindra,Bolero,2025,10400,Diesel,Manual,First,Kochi,10.25
Maruti Suzuki,Alto K10,2014,110122,Petrol,Manual,First,Jaipur,1.09
Tata,Nexon,2022,42028,Diesel,Manual,First,Bengaluru,7.43
Maruti Suzuki,Brezza,2022,42891,Petrol,Manual,Third,Kochi,5.52
Maruti Suzuki,Swift,2015,129023,Petrol,Manual,Second,Kolkata,1.4
Maruti Suzuki,Alto K10,2014,142732,CNG,Manual,Second,Delhi,0.84
Mahindra,XUV700,2019,60940,Diesel,Manual,Fourth & above,Chennai,7.22
Maruti Suzuki,Swift,2015,106019,Petrol,Manual,First,Delhi,1.77
Maruti Suzuki,Alto K10,2011,131383,Petrol,Manual,First,Delhi,0.67
Tata,Harrier,2021,43863,Petrol,Manual,Second,Ahmedabad,9.24
Toyota,Innova Crysta,2018,89592,Diesel,Automatic,First,Jaipur,9.41
Toyota,Fortuner,2025,5764,Petrol,Manual,First,Ahmedabad,39.91
Tata,Nexon,2010,195236,Petrol,Automatic,First,Ahmedabad,1.42
Toyota,Glanza,2009,166866,Petrol,Manual,First,Hyderabad,1.03
Mahindra,Bolero,2017,57304,Diesel,Automatic,First,Jaipur,3.85
Mahindra,XUV700,2025,14646,Diesel,Manual,First,Pune,19.8
Toyota,Innova Crysta,2020,33425,Diesel,Manual,First,Pune,13.91
Honda,Amaze,2022,39576,Petrol,Manual,First,Ahmedabad,5.26
Toyota,Glanza,2015,73680,Petrol,Manual,First,Pune,2.37
Tata,Punch,2011,140843,Petrol,Manual,Second,Pune,1.14
Mahindra,Thar,2021,59422,Diesel,Manual,Second,Kochi,8.11
Maruti Suzuki,Swift,2009,175598,CNG,Automatic,Fourth & above,Jaipur,0.58
Hyundai,i20,2011,168368,CNG,Automatic,Third,Chennai,1.1
Mahindra,Thar,2013,157933,Diesel,Manual,Third,Kolkata,2.18
Kia,Seltos,2020,60298,Petrol,Manual,Second,Pune,6.53
Kia,Sonet,2025,17150,Petrol,Manual,Second,Mumbai,8.83
Mahindra,XUV700,2011,192565,Petrol,Manual,Second,Hyderabad,2.46
Toyota,Fortuner,2009,181712,Petrol,Manual,First,Bengaluru,4.82
Hyundai,i20,2017,91972,Petrol,Manual,Second,Chennai,2.55
Hyundai,Creta,2019,88772,Petrol,Manual,First,Hyderabad,5.58
Mahindra,Scorpio,2020,44602,Petrol,Manual,First,Delhi,7.64
Honda,City,2024,24068,CNG,Manual,First,Hyderabad,10.97
Renault,Kwid,2014,108614,Petrol,Manual,First,Delhi,1.32
Kia,Sonet,2018,76304,Diesel,Manual,Second,Bengaluru,4.16
Honda,Amaze,2011,151864,Petrol,Manual,Second,Mumbai,1.36
Hyundai,Verna,2019,57212,Petrol,Manual,Second,Mumbai,4.74
Honda,Amaze,2012,147969,Petrol,Manual,First,Ahmedabad,1.49
Honda,Amaze,2023,37181,Petrol,Automatic,First,Chennai,5.9
Toyota,Fortuner,2009,151140,Diesel,Manual,First,Chennai,4.64
Renault,Kwid,2019,52883,Petrol,Manual,Second,Kolkata,2.02
Honda,Amaze,2013,162134,CNG,Manual,Third,Hyderabad,1.27
Tata,Nexon,2016,91058,Diesel,Manual,First,Jaipur,2.92
Maruti Suzuki,Ertiga,2014,99223,Diesel,Manual,First,Hyderabad,2.44
Kia,Seltos,2013,105433,Petrol,Manual,First,Hyderabad,2.83
Tata,Harrier,2015,150926,Diesel,Manual,Second,Delhi,3.51
Maruti Suzuki,Alto K10,2014,143107,Petrol,Manual,First,Kolkata,0.98
Maruti Suzuki,Baleno,2009,148665,Petrol,Manual,First,Pune,1.02
Maruti Suzuki,Swift,2023,29072,Petrol,Automatic,First,Kochi,5.14
Hyundai,Verna,2023,33606,CNG,Automatic,Second,Jaipur,7.42
Maruti Suzuki,Alto K10,2023,40187,Petrol,Manual,First,Delhi,3.18
Tata,Punch,2018,63668,Petrol,Manual,Second,Jaipur,2.73
Tata,Altroz,2012,139889,Petrol,Manual,First,Pune,1.66
Hyundai,i20,2019,67959,Diesel,Manual,Second,Delhi,3.6
Mahindra,XUV700,2016,84767,Petrol,Manual,Third,Pune,5.44
Kia,Sonet,2025,14264,Petrol,Automatic,First,Jaipur,10.81
Mahindra,Scorpio,2013,124386,Petrol,Manual,Second,Kolkata,2.76
Maruti Suzuki,Swift,2011,163963,Petrol,Manual,Second,Pune,0.88
Mahindra,Scorpio,2018,50030,Diesel,Automatic,Second,Mumbai,7.03
Mahindra,Thar,2013,128967,Diesel,Manual,First,Jaipur,2.93
Mahindra,Scorpio,2013,167283,Petrol,Automatic,First,Mumbai,3.39
Maruti Suzuki,Alto K10,2015,78637,Petrol,Manual,First,Chennai,1.31
Kia,Sonet,2011,166926,Petrol,Automatic,Second,Pune,1.55
Hyundai,i20,2023,30827,Petrol,Automatic,First,Bengaluru,7.13
Kia,Seltos,2018,75473,Diesel,Manual,First,Bengaluru,6.1
Mahindra,Bolero,2018,58199,Diesel,Automatic,First,Chennai,5.01
Hyundai,Venue,2023,39602,Diesel,Manual,First,Hyderabad,8.08
Kia,Sonet,2022,37502,Diesel,Manual,Second,Hyderabad,6.88
Hyundai,Venue,2024,6715,Diesel,Manual,First,Mumbai,10.34
Tata,Harrier,2022,60684,Petrol,Automatic,Second,Kolkata,11.2
Toyota,Fortuner,2022,38160,Diesel,Manual,First,Bengaluru,28.91
Kia,Sonet,2020,72423,Diesel,Manual,First,Jaipur,5.32
Honda,City,2017,83498,CNG,Manual,First,Delhi,3.87
Mahindra,Bolero,2024,6585,Petrol,Manual,First,Kochi,8.94
Hyundai,Venue,2022,31357,Petrol,Automatic,Second,Jaipur,6.05
Maruti Suzuki,Baleno,2022,6491,Petrol,Manual,Fourth & above,Bengaluru,4.72
Toyota,Fortuner,2020,61773,Petrol,Automatic,Fourth & above,Jaipur,14.73
Hyundai,Verna,2013,128820,Diesel,Manual,Third,Chennai,1.77
Mahindra,Thar,2021,30045,Diesel,Manual,First,Kolkata,9.55
Tata,Harrier,2016,105564,Petrol,Manual,First,Pune,5.13
Mahindra,Thar,2013,153706,Diesel,Manual,First,Kochi,2.7
Tata,Nexon,2009,205409,Petrol,Manual,First,Kochi,1.1
Honda,Amaze,2018,97173,CNG,Manual,Second,Delhi,2.66
Tata,Nexon,2018,77121,Petrol,Automatic,First,Kolkata,4.08
Honda,City,2021,61493,Petrol,Manual,Third,Kochi,5.65
Tata,Altroz,2013,134545,Diesel,Automatic,First,Bengaluru,1.54
Maruti Suzuki,Baleno,2013,127396,Petrol,Automatic,Third,Jaipur,1.42
Toyota,Innova Crysta,2016,103326,Petrol,Automatic,First,Kolkata,6.37
Mahindra,Thar,2012,124175,Petrol,Automatic,Second,Ahmedabad,2.84
Tata,Nexon,2024,15459,Petrol,Automatic,Third,Ahmedabad,7.79
Hyundai,i20,2017,87285,CNG,Automatic,First,Kolkata,2.76
Renault,Kwid,2023,30404,Petrol,Automatic,Third,Ahmedabad,3.19
Hyundai,i20,2018,102867,Petrol,Manual,First,Delhi,3.08
Kia,Seltos,2010,241175,Diesel,Manual,First,Delhi,1.53
Toyota,Fortuner,2020,55679,Diesel,Automatic,First,Mumbai,24.4
Kia,Sonet,2021,35677,Petrol,Manual,First,Mumbai,6.18
Toyota,Glanza,2016,99238,Petrol,Manual,First,Bengaluru,2.54
Hyundai,i20,2020,65552,Petrol,Automatic,Second,Hyderabad,4.24
Tata,Punch,2016,80290,Petrol,Automatic,Second,Hyderabad,2.19
Toyota,Glanza,2015,127629,Petrol,Automatic,Second,Ahmedabad,1.87
Mahindra,XUV700,2014,147766,Petrol,Automatic,First,Chennai,4.31
Honda,Amaze,2020,86051,Petrol,Manual,First,Delhi,3.9
Hyundai,Verna,2022,27969,Petrol,Manual,First,Bengaluru,7.32
Tata,Punch,2024,16685,Petrol,Automatic,First,Mumbai,6.88
Toyota,Innova Crysta,2024,15688,Petrol,Automatic,First,Hyderabad,20.29
Kia,Seltos,2022,25836,Petrol,Automatic,Second,Jaipur,8.99
Honda,Amaze,2016,134475,Petrol,Manual,First,Pune,2.44
Honda,Amaze,2022,31194,Petrol,Manual,First,Pune,5.54
Toyota,Fortuner,2010,140206,Diesel,Manual,Second,Chennai,5.01
Maruti Suzuki,Alto K10,2022,52299,Petrol,Manual,First,Bengaluru,3.08
Maruti Suzuki,Ertiga,2024,15642,Petrol,Manual,First,Chennai,8.98
Toyota,Glanza,2015,111272,Petrol,Automatic,First,Hyderabad,2.09
Mahindra,Thar,2025,5959,Petrol,Manual,Second,Jaipur,12.75
Kia,Seltos,2023,10668,Petrol,Manual,Second,Chennai,9.37
Hyundai,Verna,2020,73786,Petrol,Automatic,First,Jaipur,5.94
Tata,Harrier,2015,88772,Diesel,Manual,First,Chennai,4.55
Toyota,Fortuner,2012,128259,Diesel,Manual,First,Pune,6.75
Toyota,Innova Crysta,2015,104687,Diesel,Manual,First,Mumbai,5.73
Honda,City,2009,200333,CNG,Automatic,First,Kochi,1.44
Maruti Suzuki,Ertiga,2023,23994,Petrol,Manual,Second,Delhi,7.08
Tata,Punch,2012,148647,Petrol,Automatic,First,Hyderabad,1.31
Hyundai,Verna,2021,43478,Diesel,Manual,Second,Ahmedabad,6.27
Hyundai,i20,2012,154002,Petrol,Manual,First,Pune,1.44
Hyundai,Verna,2010,164686,Diesel,Manual,First,Delhi,1.53
Tata,Nexon,2024,19433,Petrol,Automatic,First,Hyderabad,9.11
Tata,Altroz,2015,108676,Petrol,Manual,Second,Kochi,1.77
Maruti Suzuki,Brezza,2020,54341,Diesel,Manual,First,Kochi,5.04
Tata,Nexon,2009,134355,Diesel,Manual,First,Kolkata,1.17
Mahindra,Bolero,2016,86469,Diesel,Manual,Fourth & above,Mumbai,2.38
Maruti Suzuki,Brezza,2017,94992,Diesel,Manual,Second,Jaipur,3.22
Tata,Altroz,2020,37792,CNG,Manual,Third,Ahmedabad,3.6
Hyundai,i20,2020,69414,Diesel,Manual,First,Kochi,4.45
Kia,Seltos,2014,145359,Diesel,Manual,Second,Jaipur,2.38
Maruti Suzuki,Ertiga,2019,81676,Diesel,Manual,First,Jaipur,4.74
Mahindra,Scorpio,2012,121842,Petrol,Automatic,First,Pune,3.08
Maruti Suzuki,Swift,2017,96762,Petrol,Manual,Third,Delhi,1.89
Toyota,Innova Crysta,2012,140504,Diesel,Manual,Second,Mumbai,3.22
Toyota,Fortuner,2017,78231,Petrol,Manual,First,Bengaluru,14.91
Toyota,Fortuner,2024,19886,Diesel,Manual,First,Mumbai,39.2
Maruti Suzuki,Swift,2019,60299,Petrol,Manual,First,Bengaluru,3.24
Toyota,Innova Crysta,2022,39083,Petrol,Manual,First,Bengaluru,14.43
Mahindra,Bolero,2015,134922,Diesel,Manual,First,Ahmedabad,2.18
Kia,Seltos,2018,70207,Petrol,Manual,Second,Ahmedabad,5.15
Maruti Suzuki,Ertiga,2016,100786,Petrol,Manual,First,Chennai,3.26
Hyundai,Venue,2020,51152,Petrol,Manual,First,Jaipur,5.03
Mahindra,XUV700,2015,119908,Petrol,Manual,First,Pune,5.28
Tata,Nexon,2024,17745,Diesel,Manual,First,Bengaluru,10.17
Toyota,Fortuner,2009,221775,Petrol,Manual,First,Delhi,4.03
Mahindra,Thar,2025,14338,Petrol,Manual,First,Chennai,14.74
Hyundai,Venue,2020,57771,Petrol,Manual,Second,Chennai,4.5
Hyundai,Creta,2016,84891,Petrol,Manual,First,Hyderabad,4.12
Toyota,Innova Crysta,2015,113307,Diesel,Manual,First,Jaipur,5.46
Hyundai,Verna,2011,192242,Petrol,Manual,First,Chennai,1.6
Renault,Kwid,2021,50968,Petrol,Manual,First,Chennai,3.05
Maruti Suzuki,Brezza,2010,142057,CNG,Manual,First,Bengaluru,1.32
Kia,Sonet,2017,63037,Diesel,Automatic,First,Hyderabad,4.08
Hyundai,i20,2015,137541,Petrol,Manual,Third,Jaipur,1.58
Toyota,Fortuner,2012,183594,Petrol,Automatic,First,Hyderabad,6.74
Tata,Altroz,2020,59356,Petrol,Manual,First,Delhi,3.76
Maruti Suzuki,Swift,2019,85943,Petrol,Manual,First,Ahmedabad,2.87
Renault,Kwid,2022,39003,Petrol,Manual,First,Kolkata,2.91
Hyundai,Verna,2019,91663,Diesel,Manual,First,Delhi,5.09
Tata,Altroz,2024,15063,Petrol,Automatic,First,Kochi,6.83
Honda,City,2022,44180,Diesel,Manual,First,Ahmedabad,8.12
Maruti Suzuki,Ertiga,2019,90956,Petrol,Manual,First,Jaipur,4.61
Maruti Suzuki,Ertiga,2023,30238,Petrol,Manual,Fourth & above,Hyderabad,5.87
Mahindra,Scorpio,2024,12260,Diesel,Automatic,First,Bengaluru,14.47
Tata,Punch,2021,36269,Petrol,Manual,First,Kochi,4.73
Maruti Suzuki,Alto K10,2018,62551,Petrol,Manual,First,Hyderabad,1.7
Mahindra,Bolero,2016,87875,Petrol,Manual,First,Bengaluru,3.5
Renault,Kwid,2020,76848,Petrol,Manual,First,Bengaluru,2.67
Tata,Harrier,2009,169604,Diesel,Manual,Fourth & above,Hyderabad,1.67
Kia,Seltos,2019,67072,Diesel,Automatic,First,Bengaluru,7.62
Tata,Nexon,2021,39325,CNG,Manual,First,Jaipur,5.43
Tata,Altroz,2021,59133,Petrol,Manual,Second,Bengaluru,4.14
Maruti Suzuki,Brezza,2012,138543,Petrol,Manual,Second,Pune,1.52
Maruti Suzuki,Baleno,2014,100439,Petrol,Manual,First,Chennai,1.97
Mahindra,XUV700,2009,145596,Petrol,Automatic,First,Mumbai,2.64
Maruti Suzuki,Baleno,2010,190828,Petrol,Manual,Second,Delhi,0.9
Tata,Harrier,2016,97259,Diesel,Automatic,First,Bengaluru,5.6
Honda,City,2009,180595,Petrol,Manual,Second,Ahmedabad,1.43
Maruti Suzuki,Alto K10,2020,65249,Petrol,Manual,Second,Mumbai,2.03
Hyundai,Creta,2024,14138,CNG,Manual,First,Kolkata,10.15
Honda,Amaze,2024,15174,Petrol,Manual,Second,Mumbai,6.86
Maruti Suzuki,Baleno,2015,107097,Petrol,Automatic,First,Jaipur,2.16
Mahindra,Thar,2009,139843,Petrol,Manual,First,Hyderabad,1.91
Hyundai,i20,2021,65499,Petrol,Manual,First,Chennai,4.62
Honda,City,2009,214808,Petrol,Manual,Second,Kolkata,1.14
Mahindra,XUV700,2013,142943,Diesel,Manual,Second,Hyderabad,3.1
Hyundai,i20,2020,43429,Petrol,Manual,First,Hyderabad,4.5
Toyota,Innova Crysta,2014,162627,Diesel,Automatic,First,Jaipur,4.14
Maruti Suzuki,Brezza,2022,31447,Diesel,Manual,First,Kochi,6.75
Kia,Sonet,2010,206216,CNG,Manual,Third,Kochi,0.96
Maruti Suzuki,Swift,2022,36079,Petrol,Manual,First,Hyderabad,5.16
Hyundai,i20,2012,106046,Diesel,Manual,First,Kolkata,1.61
Hyundai,Creta,2013,126739,Petrol,Automatic,First,Mumbai,3.09
Hyundai,Venue,2017,87151,Petrol,Manual,First,Delhi,3.63
Maruti Suzuki,Swift,2009,185958,Petrol,Manual,First,Pune,0.82
Kia,Seltos,2011,171967,Petrol,Automatic,First,Kochi,2.12
Mahindra,XUV700,2015,159011,Diesel,Manual,Third,Mumbai,3.73
Honda,City,2024,12162,Petrol,Manual,Second,Mumbai,9.43
Tata,Altroz,2025,12816,Diesel,Manual,First,Ahmedabad,8.65
Kia,Seltos,2017,79153,Petrol,Automatic,First,Pune,5.25
Toyota,Fortuner,2017,89521,Petrol,Manual,Second,Ahmedabad,13.01
Hyundai,Venue,2017,101106,CNG,Manual,Third,Jaipur,2.45
Toyota,Innova Crysta,2021,53573,Petrol,Automatic,First,Ahmedabad,13.36
Maruti Suzuki,Brezza,2025,18192,Petrol,Manual,First,Mumbai,8.44
Renault,Kwid,2020,77309,Petrol,Manual,Third,Delhi,2.18
Maruti Suzuki,Alto K10,2023,22830,Petrol,Manual,Second,Jaipur,2.87
Mahindra,Thar,2021,63393,Petrol,Manual,First,Mumbai,8.86
Maruti Suzuki,Alto K10,2014,109182,Petrol,Automatic,Second,Kochi,1.11
Maruti Suzuki,Swift,2019,60779,Petrol,Manual,Second,Mumbai,2.94
Mahindra,Thar,2016,103317,Diesel,Manual,First,Mumbai,4.69
Maruti Suzuki,Swift,2022,36479,Petrol,Automatic,First,Kolkata,4.72
Tata,Harrier,2017,102543,Diesel,Automatic,Second,Ahmedabad,6.32
Maruti Suzuki,Brezza,2014,114963,Petrol,Automatic,First,Bengaluru,2.48
Maruti Suzuki,Brezza,2020,48366,Petrol,Manual,First,Hyderabad,4.84
Hyundai,Verna,2017,112333,Petrol,Automatic,Second,Hyderabad,4.03
Toyota,Fortuner,2011,136209,Petrol,Manual,Second,Hyderabad,5.92
Hyundai,i20,2018,94297,CNG,Manual,Third,Ahmedabad,2.49
Mahindra,XUV700,2015,122486,Petrol,Automatic,Second,Hyderabad,4.52
Tata,Altroz,2015,155821,CNG,Manual,Third,Ahmedabad,1.48
Maruti Suzuki,Baleno,2016,116849,Petrol,Manual,First,Chennai,2.13
Tata,Punch,2009,198940,Petrol,Manual,First,Ahmedabad,0.83
Kia,Seltos,2023,26622,Petrol,Automatic,First,Mumbai,11.24
Tata,Nexon,2024,9249,Petrol,Manual,First,Chennai,9.06
Mahindra,XUV700,2009,186272,Petrol,Manual,First,Kochi,2.13
Toyota,Fortuner,2021,25343,Petrol,Manual,Third,Mumbai,20.1
Hyundai,Verna,2020,60748,Petrol,Manual,First,Kolkata,4.94
Renault,Kwid,2017,124226,Petrol,Manual,First,Hyderabad,1.59
Kia,Sonet,2020,41046,Petrol,Manual,First,Jaipur,4.63
Hyundai,Verna,2022,51605,Diesel,Manual,Second,Hyderabad,6.86
Hyundai,Creta,2021,59548,CNG,Manual,Third,Bengaluru,6.45
Mahindra,Bolero,2025,15622,Petrol,Manual,Third,Bengaluru,8.53
Kia,Sonet,2014,141767,CNG,Manual,First,Pune,2.23
Tata,Punch,2011,193589,CNG,Manual,First,Kochi,1.05
Hyundai,Verna,2020,50657,Petrol,Manual,First,Ahmedabad,5.48
Toyota,Innova Crysta,2013,144155,Petrol,Manual,Second,Kochi,3.51
Honda,Amaze,2013,125054,Petrol,Manual,First,Kolkata,1.62
Mahindra,Thar,2011,193377,Diesel,Manual,First,Bengaluru,2.07
Maruti Suzuki,Brezza,2010,178973,Petrol,Manual,First,Pune,1.29
Renault,Kwid,2012,155573,Petrol,Automatic,First,Ahmedabad,0.89
Kia,Sonet,2015,126465,Diesel,Automatic,First,Pune,2.58
Tata,Punch,2013,139041,CNG,Manual,First,Hyderabad,1.52
Kia,Seltos,2021,39199,Petrol,Manual,First,Hyderabad,8.55
Maruti Suzuki,Alto K10,2010,167135,Petrol,Automatic,First,Jaipur,0.62
Hyundai,Creta,2013,104156,Diesel,Automatic,First,Hyderabad,3.13
Maruti Suzuki,Brezza,2012,164426,Diesel,Manual,First,Ahmedabad,1.49
Tata,Harrier,2016,106857,Diesel,Manual,First,Bengaluru,5.09
Mahindra,Scorpio,2018,53340,Petrol,Manual,First,Hyderabad,6.34
Mahindra,Bolero,2015,109965,Diesel,Manual,First,Kolkata,2.69
Toyota,Innova Crysta,2023,27679,Petrol,Manual,Second,Pune,15.43
Kia,Sonet,2014,124698,Petrol,Automatic,First,Kolkata,2.31
Tata,Altroz,2014,111044,CNG,Manual,First,Chennai,1.73
Honda,City,2022,22823,Petrol,Automatic,First,Kolkata,8.83
Honda,Amaze,2010,185498,CNG,Automatic,Third,Kochi,0.92
Maruti Suzuki,Swift,2011,163985,Petrol,Manual,Second,Jaipur,0.94
Tata,Harrier,2024,16308,Diesel,Manual,First,Delhi,17.85
Mahindra,XUV700,2016,113624,Petrol,Automatic,Second,Kochi,5.23
Toyota,Fortuner,2016,104439,Diesel,Manual,First,Delhi,11.46
Hyundai,Verna,2017,80526,Diesel,Manual,First,Bengaluru,4.09
Tata,Punch,2020,81987,Petrol,Automatic,First,Ahmedabad,3.52
Kia,Seltos,2015,156022,Diesel,Automatic,First,Kolkata,2.9
Mahindra,XUV700,2025,15033,Petrol,Automatic,Third,Bengaluru,16.35
Maruti Suzuki,Ertiga,2021,36602,Diesel,Manual,First,Delhi,6.34
Maruti Suzuki,Brezza,2012,137522,Petrol,Manual,Second,Hyderabad,1.49
Kia,Seltos,2020,60207,Diesel,Manual,Third,Kochi,5.77
Honda,Amaze,2011,148895,Petrol,Automatic,Second,Mumbai,1.29
Maruti Suzuki,Baleno,2011,131234,Petrol,Manual,First,Pune,1.45
Tata,Punch,2018,80003,Petrol,Manual,Second,Kochi,2.71
Toyota,Fortuner,2020,56227,Petrol,Automatic,First,Mumbai,21.15
Tata,Nexon,2015,117126,Diesel,Manual,Second,Delhi,2.16
Maruti Suzuki,Ertiga,2019,68261,Petrol,Manual,Third,Chennai,3.75
Hyundai,Verna,2011,184326,CNG,Automatic,Third,Pune,1.41
Honda,City,2024,12980,Petrol,Manual,First,Pune,11.43
Mahindra,XUV700,2017,97881,Diesel,Automatic,Third,Kochi,6.5
Toyota,Glanza,2022,42664,Petrol,Manual,Second,Chennai,5.16
Maruti Suzuki,Baleno,2016,99719,Petrol,Manual,First,Kochi,2.34
Mahindra,Bolero,2011,154322,Petrol,Manual,First,Mumbai,1.62
Maruti Suzuki,Swift,2022,33548,Petrol,Manual,First,Kochi,4.48
Maruti Suzuki,Alto K10,2013,169718,Petrol,Manual,Second,Mumbai,0.79
Toyota,Fortuner,2022,33470,Petrol,Manual,Second,Kochi,22.85
Honda,Amaze,2018,89989,Petrol,Manual,First,Pune,3.08
Maruti Suzuki,Ertiga,2012,151113,Petrol,Manual,Second,Ahmedabad,1.6
Tata,Harrier,2020,39711,Petrol,Automatic,First,Jaipur,10.13
Kia,Seltos,2014,135840,Diesel,Manual,Second,Delhi,2.56
Mahindra,Scorpio,2012,132985,Diesel,Manual,First,Chennai,2.48
Mahindra,Bolero,2016,76434,Diesel,Manual,First,Kolkata,2.77
Maruti Suzuki,Brezza,2017,54012,Diesel,Manual,First,Delhi,3.74
Hyundai,Verna,2025,9307,Diesel,Manual,First,Pune,12.25
Renault,Kwid,2022,26800,Petrol,Manual,Third,Bengaluru,2.91
Kia,Sonet,2015,133238,Diesel,Automatic,Second,Hyderabad,2.46
Tata,Altroz,2024,15121,CNG,Manual,First,Hyderabad,6.64
Kia,Seltos,2022,31870,Petrol,Manual,Second,Mumbai,8.83
Tata,Nexon,2017,94610,CNG,Automatic,First,Kolkata,3.57
Maruti Suzuki,Brezza,2014,133143,Petrol,Automatic,Third,Pune,1.86
Honda,City,2010,182280,Petrol,Manual,First,Jaipur,1.59
Hyundai,Verna,2018,82417,Petrol,Manual,First,Kolkata,4.19
Mahindra,Scorpio,2017,111133,Diesel,Automatic,Second,Mumbai,4.87
Maruti Suzuki,Baleno,2011,187054,Petrol,Manual,Third,Mumbai,0.92
Hyundai,Venue,2025,13917,Diesel,Manual,First,Delhi,10.88
Toyota,Glanza,2019,92041,Petrol,Automatic,First,Delhi,3.45
Mahindra,Scorpio,2023,25719,Diesel,Automatic,Fourth & above,Kolkata,9.87
Hyundai,Verna,2010,136641,Petrol,Manual,First,Delhi,1.82
Mahindra,Bolero,2024,10044,Diesel,Manual,First,Delhi,9.17
Hyundai,Venue,2010,147235,Petrol,Manual,First,Kolkata,1.36
Hyundai,Verna,2014,159821,Petrol,Manual,Second,Kolkata,2.23
Maruti Suzuki,Swift,2012,104066,CNG,Manual,Third,Kochi,1.04
Kia,Sonet,2022,17043,Petrol,Manual,Second,Ahmedabad,5.59
Kia,Seltos,2013,125921,CNG,Manual,Second,Kolkata,2.25
Mahindra,Bolero,2023,27794,Diesel,Manual,First,Kochi,7.49
Tata,Nexon,2011,161625,Petrol,Manual,Second,Kochi,1.4
Tata,Punch,2014,101216,Petrol,Manual,Second,Kolkata,1.54
Toyota,Fortuner,2017,106365,Diesel,Manual,Second,Pune,13.67
Kia,Seltos,2020,51487,Diesel,Automatic,Second,Ahmedabad,6.51
Maruti Suzuki,Alto K10,2017,104322,CNG,Manual,First,Chennai,1.45
Mahindra,Thar,2018,59619,Diesel,Manual,Fourth & above,Hyderabad,5.73
Honda,City,2016,123789,Petrol,Manual,First,Pune,3.54
Maruti Suzuki,Alto K10,2020,68082,Petrol,Automatic,First,Kolkata,2.22
Kia,Sonet,2009,186040,Petrol,Manual,First,Delhi,1.13
Maruti Suzuki,Brezza,2023,26007,Diesel,Manual,First,Kochi,7.49
Hyundai,Venue,2021,48163,Petrol,Automatic,First,Delhi,6.2
Kia,Sonet,2025,12722,Diesel,Automatic,First,Hyderabad,12.03
Tata,Altroz,2015,102311,Diesel,Automatic,First,Kolkata,2.14
Toyota,Fortuner,2025,24263,Petrol,Automatic,First,Chennai,39.33
Tata,Nexon,2011,168575,Diesel,Automatic,Second,Delhi,1.38
Tata,Nexon,2016,100473,Petrol,Manual,Second,Mumbai,2.87
Maruti Suzuki,Swift,2014,114554,Petrol,Manual,First,Pune,1.53
Mahindra,Scorpio,2025,10349,Petrol,Automatic,First,Chennai,15.17
Hyundai,i20,2019,86736,CNG,Manual,First,Pune,3.92
Toyota,Innova Crysta,2016,91666,Petrol,Manual,Second,Jaipur,5.98
Renault,Kwid,2013,153940,Petrol,Manual,Second,Hyderabad,0.93
Honda,City,2016,97883,Petrol,Automatic,First,Kochi,3.89
Mahindra,Thar,2022,29396,Petrol,Automatic,First,Hyderabad,11.5
Honda,City,2017,98655,Petrol,Manual,First,Mumbai,4.35
Mahindra,Scorpio,2016,119926,Diesel,Manual,First,Mumbai,3.91
Mahindra,Scorpio,2010,136116,Petrol,Manual,First,Kochi,2.01
Hyundai,Venue,2017,83915,Petrol,Automatic,Second,Pune,3.43
Toyota,Innova Crysta,2018,87247,Diesel,Automatic,First,Jaipur,9.29
Kia,Sonet,2018,53536,Petrol,Manual,First,Jaipur,3.93
Toyota,Innova Crysta,2010,185861,Diesel,Automatic,First,Kochi,2.9
Renault,Kwid,2020,59117,Petrol,Manual,First,Hyderabad,2.56
Mahindra,XUV700,2017,73869,Diesel,Automatic,First,Hyderabad,8.17
Maruti Suzuki,Alto K10,2013,106698,Petrol,Manual,First,Bengaluru,1.13
Tata,Punch,2024,23342,Petrol,Manual,Second,Ahmedabad,5.38
Hyundai,Verna,2015,108465,Diesel,Automatic,First,Jaipur,3.06
Tata,Harrier,2014,111286,Petrol,Manual,First,Ahmedabad,4.04
Toyota,Glanza,2016,106303,Petrol,Manual,First,Pune,2.51
Tata,Harrier,2024,14558,Diesel,Manual,First,Kochi,16.7
Toyota,Innova Crysta,2023,35944,Petrol,Manual,First,Mumbai,17.98
Tata,Altroz,2024,15187,Diesel,Manual,Second,Mumbai,6.7
Toyota,Glanza,2017,76705,Petrol,Manual,Fourth & above,Jaipur,2.11
Tata,Punch,2024,13351,Petrol,Manual,First,Mumbai,6.79
Mahindra,XUV700,2025,12529,Diesel,Automatic,First,Ahmedabad,21.25
Toyota,Innova Crysta,2025,12693,Diesel,Automatic,First,Pune,25.47
Maruti Suzuki,Brezza,2012,160837,Petrol,Manual,First,Kolkata,1.48
Tata,Punch,2025,22657,Petrol,Manual,Second,Pune,7.37
Maruti Suzuki,Brezza,2017,84316,Petrol,Automatic,First,Ahmedabad,3.25
Hyundai,Venue,2014,136163,Petrol,Manual,Fourth & above,Delhi,1.72
Maruti Suzuki,Swift,2011,150717,Petrol,Automatic,First,Pune,1.31
Mahindra,Bolero,2019,83441,Petrol,Manual,First,Ahmedabad,4.11
Kia,Sonet,2023,20586,Petrol,Automatic,Second,Delhi,7.58
Kia,Sonet,2024,16948,Petrol,Manual,Third,Mumbai,7.09
Kia,Seltos,2016,95008,Diesel,Manual,First,Jaipur,3.77
Mahindra,XUV700,2022,42905,Petrol,Manual,First,Kochi,11.75
Renault,Kwid,2015,140675,Petrol,Manual,First,Mumbai,1.24
Tata,Punch,2022,31253,Petrol,Automatic,Second,Delhi,5.02
Mahindra,XUV700,2022,24868,Petrol,Automatic,First,Delhi,14.24
Toyota,Glanza,2016,130983,Petrol,Manual,First,Pune,2.23
Honda,City,2011,132035,CNG,Manual,Second,Hyderabad,1.77
Hyundai,Verna,2024,14802,Diesel,Manual,First,Kolkata,10.5
Hyundai,Creta,2011,193805,CNG,Automatic,Second,Jaipur,1.75
Toyota,Fortuner,2015,103897,Petrol,Manual,Third,Pune,9.38
Renault,Kwid,2013,189621,Petrol,Manual,First,Ahmedabad,0.87
Mahindra,Bolero,2023,34118,Diesel,Automatic,First,Pune,8.85
Tata,Punch,2012,155053,Petrol,Manual,First,Hyderabad,1.29
Mahindra,Scorpio,2011,179734,Diesel,Automatic,First,Pune,2.26
Hyundai,i20,2016,87197,Petrol,Manual,First,Ahmedabad,2.35
Tata,Altroz,2023,29723,Diesel,Automatic,First,Ahmedabad,6.77
Mahindra,Thar,2012,171591,Petrol,Manual,First,Delhi,2.58
Maruti Suzuki,Brezza,2020,69407,Diesel,Manual,Third,Ahmedabad,3.99
Hyundai,Creta,2016,132266,Petrol,Manual,Second,Pune,3.65
Maruti Suzuki,Ertiga,2012,132649,CNG,Automatic,Third,Jaipur,1.75
Maruti Suzuki,Baleno,2013,131096,CNG,Manual,First,Delhi,1.5
Mahindra,Thar,2012,121168,Petrol,Manual,Second,Jaipur,2.4
Mahindra,Thar,2021,53907,Petrol,Manual,Third,Kolkata,6.78
Mahindra,XUV700,2013,136253,Petrol,Manual,First,Ahmedabad,3.66
Honda,Amaze,2025,14217,Petrol,Manual,Second,Bengaluru,7.61
Tata,Harrier,2020,64676,Petrol,Manual,First,Kolkata,9.22
Hyundai,Verna,2011,125985,Petrol,Manual,First,Kolkata,1.81
Tata,Punch,2011,131849,Petrol,Automatic,Second,Kolkata,1.16
Renault,Kwid,2021,50047,Petrol,Manual,First,Kochi,3.07
Honda,City,2019,43038,Diesel,Manual,First,Chennai,6.71
Honda,Amaze,2024,25409,Petrol,Manual,Second,Kolkata,6.11
Mahindra,XUV700,2015,117767,Petrol,Manual,Second,Mumbai,4.45
Honda,City,2023,19757,Diesel,Automatic,First,Delhi,11.73
Kia,Seltos,2015,96091,Petrol,Manual,First,Pune,3.58
Honda,Amaze,2016,93540,Petrol,Manual,Second,Hyderabad,2.32
Hyundai,Verna,2018,89723,Diesel,Manual,First,Chennai,4.33
Honda,City,2018,107171,Petrol,Manual,First,Kochi,4.78
Tata,Nexon,2009,171256,Diesel,Manual,Fourth & above,Delhi,0.85
Maruti Suzuki,Ertiga,2016,122339,Petrol,Manual,First,Kochi,2.86
Hyundai,i20,2013,129824,Petrol,Automatic,First,Pune,1.8
Hyundai,Verna,2021,50861,Petrol,Manual,First,Kochi,7.16
Tata,Altroz,2014,108421,Diesel,Manual,First,Hyderabad,1.87
Tata,Nexon,2015,133409,Petrol,Manual,Third,Kolkata,2.17
Mahindra,Thar,2013,145005,Petrol,Manual,First,Ahmedabad,2.86
Tata,Harrier,2011,145171,Petrol,Manual,First,Ahmedabad,2.82
Tata,Nexon,2017,101372,Petrol,Manual,First,Ahmedabad,3.08
Mahindra,Bolero,2019,43022,Petrol,Manual,First,Hyderabad,5.03
Toyota,Glanza,2020,49462,Petrol,Manual,Second,Jaipur,3.57
Hyundai,Verna,2024,20896,Diesel,Manual,First,Ahmedabad,10.43
Honda,Amaze,2021,38949,CNG,Manual,First,Hyderabad,4.88
Tata,Punch,2016,121221,Petrol,Manual,Second,Hyderabad,2.11
Honda,Amaze,2014,112698,Petrol,Automatic,Second,Ahmedabad,1.82
Kia,Seltos,2011,152398,Diesel,Manual,First,Bengaluru,2.08
Toyota,Fortuner,2009,191119,Petrol,Manual,Second,Hyderabad,4.08
Honda,City,2021,47010,Petrol,Automatic,First,Pune,7.41
Maruti Suzuki,Brezza,2016,86319,Petrol,Manual,Second,Hyderabad,2.69
Toyota,Innova Crysta,2021,54890,Diesel,Manual,Second,Pune,11.25
Mahindra,Bolero,2018,102405,Petrol,Manual,First,Bengaluru,3.96
Toyota,Glanza,2014,131103,CNG,Automatic,Third,Kochi,1.51
Mahindra,Bolero,2019,47624,Petrol,Automatic,First,Delhi,4.71
Tata,Punch,2023,26503,Petrol,Manual,First,Mumbai,5.85
Mahindra,Scorpio,2016,94383,Diesel,Automatic,Fourth & above,Pune,3.61
Hyundai,Creta,2011,190067,CNG,Manual,First,Bengaluru,1.91
Maruti Suzuki,Alto K10,2017,63276,Petrol,Manual,Second,Pune,1.59
Maruti Suzuki,Alto K10,2011,141690,Petrol,Automatic,First,Hyderabad,0.79
Maruti Suzuki,Brezza,2015,101688,Petrol,Manual,Second,Pune,2.32
Tata,Nexon,2021,49693,Diesel,Manual,Second,Hyderabad,5.55
Maruti Suzuki,Alto K10,2019,53515,Petrol,Manual,Third,Mumbai,1.76
Renault,Kwid,2021,26593,Petrol,Manual,First,Mumbai,3.2
Toyota,Fortuner,2017,89760,Diesel,Manual,Third,Ahmedabad,11.97
Mahindra,Bolero,2016,112046,Petrol,Manual,First,Delhi,3.04
Renault,Kwid,2025,12210,CNG,Automatic,First,Bengaluru,5.23
Maruti Suzuki,Baleno,2022,33757,Petrol,Manual,First,Ahmedabad,4.61
Tata,Nexon,2021,56215,Diesel,Manual,First,Pune,6.46
Honda,City,2018,52466,CNG,Manual,First,Delhi,5.41
Kia,Seltos,2017,83364,Diesel,Manual,First,Mumbai,4.96
Renault,Kwid,2022,17583,Petrol,Automatic,First,Mumbai,4.13
Mahindra,XUV700,2018,72514,Diesel,Manual,Second,Hyderabad,7.81
Tata,Harrier,2021,41626,CNG,Manual,First,Ahmedabad,9.84
Tata,Nexon,2018,46012,Diesel,Automatic,First,Ahmedabad,5.3
Hyundai,Venue,2020,64251,Petrol,Automatic,First,Chennai,5.48
Tata,Nexon,2017,98147,Diesel,Manual,First,Pune,3.82
Honda,Amaze,2010,149310,CNG,Manual,Third,Pune,0.89
Maruti Suzuki,Swift,2014,120713,Petrol,Manual,First,Kochi,1.46
Toyota,Innova Crysta,2011,143736,Petrol,Manual,First,Hyderabad,3.71
Kia,Seltos,2023,31916,Diesel,Automatic,First,Pune,10.98
Maruti Suzuki,Baleno,2015,134774,Petrol,Manual,First,Kochi,2.06
Hyundai,Venue,2023,10942,Petrol,Manual,First,Mumbai,8.3
Mahindra,Thar,2019,51118,Diesel,Automatic,Second,Ahmedabad,7.09
Maruti Suzuki,Swift,2016,114551,Petrol,Manual,Third,Ahmedabad,1.75
Maruti Suzuki,Alto K10,2020,57550,Petrol,Automatic,First,Kolkata,2.34
Renault,Kwid,2011,198311,Petrol,Manual,Second,Delhi,0.66
Maruti Suzuki,Ertiga,2013,138851,Petrol,Automatic,First,Kolkata,2.08
Kia,Sonet,2022,34641,Petrol,Manual,Second,Hyderabad,5.96
Mahindra,Thar,2021,56727,Diesel,Automatic,First,Pune,11.11
Kia,Sonet,2011,181640,CNG,Manual,First,Delhi,1.37
Maruti Suzuki,Alto K10,2019,79109,Petrol,Manual,First,Kolkata,1.89
Mahindra,XUV700,2010,145357,Petrol,Manual,Third,Pune,2.32
Toyota,Fortuner,2017,89334,Petrol,Manual,First,Delhi,13.18
Toyota,Glanza,2010,206287,Petrol,Manual,First,Kochi,0.99
Hyundai,Verna,2021,35625,CNG,Manual,Second,Pune,6.08
Tata,Punch,2014,141948,Petrol,Manual,First,Delhi,1.77
Mahindra,Bolero,2024,12227,Petrol,Automatic,First,Pune,9.75
Mahindra,Bolero,2020,50056,Petrol,Automatic,First,Chennai,6.01
Maruti Suzuki,Swift,2025,11364,Petrol,Manual,First,Mumbai,6.34
Honda,Amaze,2014,145125,Petrol,Manual,First,Jaipur,1.62
Maruti Suzuki,Baleno,2017,67137,Petrol,Manual,First,Chennai,2.85
Maruti Suzuki,Alto K10,2017,82488,Petrol,Manual,First,Pune,1.65
Tata,Altroz,2010,199828,Petrol,Automatic,First,Kolkata,1.05
Hyundai,Creta,2015,112875,Petrol,Manual,Third,Ahmedabad,2.72
Kia,Seltos,2019,79988,Diesel,Manual,Fourth & above,Kochi,4.78
Kia,Seltos,2020,46643,Diesel,Manual,First,Pune,8.41
Maruti Suzuki,Ertiga,2022,22119,Petrol,Manual,Fourth & above,Chennai,5.7
Tata,Punch,2022,44763,Petrol,Manual,Second,Bengaluru,4.68
Maruti Suzuki,Alto K10,2023,27626,CNG,Manual,First,Delhi,3.1
Hyundai,Creta,2021,54508,Petrol,Manual,Second,Delhi,7.66
Mahindra,XUV700,2016,98760,Petrol,Manual,Second,Hyderabad,5.02
Mahindra,XUV700,2016,91502,Diesel,Automatic,Third,Bengaluru,4.98
Honda,Amaze,2019,100747,Petrol,Manual,First,Delhi,3.57
Maruti Suzuki,Swift,2013,121466,Petrol,Manual,Fourth & above,Delhi,1.12
Hyundai,i20,2015,102957,Petrol,Manual,First,Kochi,2.23
Mahindra,Scorpio,2016,96287,Diesel,Automatic,First,Jaipur,4.25
Maruti Suzuki,Alto K10,2010,187129,Petrol,Manual,Second,Pune,0.51
Toyota,Innova Crysta,2022,42281,Diesel,Manual,First,Mumbai,15.61
Maruti Suzuki,Baleno,2024,5022,Petrol,Manual,Second,Mumbai,6.08
Kia,Seltos,2009,194124,Diesel,Automatic,Second,Pune,1.43
Hyundai,Venue,2017,97391,Diesel,Manual,First,Delhi,3.78
Hyundai,Verna,2022,53323,Petrol,Manual,Second,Hyderabad,6.97
Renault,Kwid,2014,122666,Petrol,Manual,Second,Delhi,1.03
Tata,Punch,2012,147647,Petrol,Manual,First,Kochi,1.23
Maruti Suzuki,Baleno,2022,31213,Petrol,Manual,First,Bengaluru,5.35
Renault,Kwid,2011,195400,Petrol,Manual,First,Kolkata,0.68
Tata,Punch,2015,120114,CNG,Manual,Second,Bengaluru,1.86
Hyundai,Verna,2023,6462,Petrol,Automatic,Second,Pune,9.03
Hyundai,Venue,2011,196529,Diesel,Manual,First,Kolkata,1.24
Maruti Suzuki,Swift,2017,101115,Petrol,Manual,First,Chennai,2.28
Kia,Sonet,2012,166604,Diesel,Automatic,First,Ahmedabad,1.55
Mahindra,XUV700,2025,7029,Diesel,Manual,First,Mumbai,19.84
Hyundai,Verna,2020,48071,Diesel,Automatic,First,Hyderabad,6.93
Maruti Suzuki,Brezza,2009,130614,Petrol,Automatic,First,Delhi,1.36
Maruti Suzuki,Baleno,2019,51392,Petrol,Manual,First,Mumbai,3.55
Mahindra,Scorpio,2018,56105,Diesel,Manual,First,Bengaluru,6.61
Tata,Harrier,2019,101051,Diesel,Manual,Second,Hyderabad,7.49
Renault,Kwid,2023,22755,Petrol,Manual,First,Mumbai,4.01
Toyota,Glanza,2012,138402,Petrol,Manual,First,Mumbai,1.45
Tata,Harrier,2018,71560,Petrol,Manual,Third,Delhi,6.56
Renault,Kwid,2009,176638,Petrol,Automatic,First,Kochi,0.69
Maruti Suzuki,Ertiga,2017,100240,Petrol,Automatic,First,Chennai,3.83
Tata,Altroz,2018,84210,Diesel,Automatic,First,Pune,3.48
Mahindra,Scorpio,2024,15788,Diesel,Automatic,First,Chennai,13.83
Mahindra,Bolero,2017,119780,Diesel,Manual,Third,Jaipur,2.69
Toyota,Fortuner,2022,43229,Diesel,Manual,Fourth & above,Kochi,20.16
Mahindra,Scorpio,2016,135381,Diesel,Automatic,First,Hyderabad,4.06
Mahindra,Thar,2024,18471,Petrol,Automatic,First,Chennai,14.42
Maruti Suzuki,Ertiga,2010,187546,Diesel,Automatic,First,Pune,1.39
Kia,Seltos,2010,145929,Petrol,Manual,First,Chennai,2.03
Toyota,Glanza,2020,75427,Petrol,Automatic,First,Bengaluru,4.45
Maruti Suzuki,Brezza,2024,13766,Diesel,Manual,Fourth & above,Jaipur,6.57
Tata,Harrier,2025,20565,Petrol,Manual,First,Bengaluru,17.21
Hyundai,Venue,2009,140728,CNG,Manual,First,Jaipur,1.15
Hyundai,Creta,2017,93877,Diesel,Manual,First,Ahmedabad,4.88
Maruti Suzuki,Swift,2010,146492,Petrol,Manual,Second,Hyderabad,0.92
Renault,Kwid,2015,115491,Petrol,Manual,First,Delhi,1.26
Hyundai,Creta,2022,28491,Diesel,Manual,Second,Mumbai,9.95
Tata,Punch,2010,101196,Petrol,Manual,First,Kolkata,1.15
Tata,Harrier,2025,20786,Diesel,Automatic,First,Kochi,18.88
Maruti Suzuki,Ertiga,2022,29451,Diesel,Automatic,First,Ahmedabad,7.97
Maruti Suzuki,Alto K10,2025,15331,Petrol,Manual,First,Chennai,4.52
Mahindra,Bolero,2023,19666,Petrol,Manual,First,Chennai,7.16
Mahindra,Bolero,2009,217583,Diesel,Manual,First,Kochi,1.1
Tata,Nexon,2023,30237,Diesel,Manual,First,Kochi,8.41
Tata,Harrier,2018,69825,Petrol,Manual,First,Mumbai,7.15
Toyota,Innova Crysta,2014,121314,Petrol,Automatic,Second,Chennai,5.64
Mahindra,Scorpio,2020,67337,Diesel,Automatic,Second,Hyderabad,7.55
Hyundai,i20,2019,98343,Petrol,Automatic,First,Jaipur,3.47
Renault,Kwid,2023,34836,Petrol,Manual,First,Chennai,3.79
Tata,Nexon,2016,90336,Diesel,Manual,Second,Kochi,2.75
Hyundai,Creta,2023,42451,Diesel,Automatic,First,Kolkata,11.3
Toyota,Innova Crysta,2022,23096,Diesel,Manual,First,Ahmedabad,15.4
Hyundai,Verna,2012,114677,Diesel,Manual,First,Chennai,2.02
Hyundai,Creta,2010,204418,Petrol,Manual,First,Mumbai,1.89
Maruti Suzuki,Swift,2012,135900,Petrol,Manual,Second,Bengaluru,1.21
Hyundai,i20,2018,52096,Petrol,Manual,Second,Hyderabad,3.14
Toyota,Innova Crysta,2020,62419,Petrol,Manual,First,Ahmedabad,11.06
Toyota,Innova Crysta,2023,21721,Diesel,Manual,First,Bengaluru,20.5
Maruti Suzuki,Alto K10,2022,26667,Petrol,Manual,Second,Ahmedabad,2.79
Mahindra,Scorpio,2018,64771,Diesel,Manual,Second,Chennai,5.52
Hyundai,Verna,2010,134519,Diesel,Manual,First,Ahmedabad,1.41
Maruti Suzuki,Baleno,2017,73494,Petrol,Manual,Second,Mumbai,2.47
Renault,Kwid,2023,15596,Petrol,Manual,Third,Hyderabad,3.38
Mahindra,Thar,2009,156347,Petrol,Automatic,First,Kochi,2.1
Kia,Sonet,2016,87458,Diesel,Manual,First,Kochi,2.96
Maruti Suzuki,Brezza,2025,13258,Petrol,Manual,Second,Jaipur,7.58
Renault,Kwid,2016,112315,CNG,Automatic,First,Chennai,1.41
Mahindra,XUV700,2025,10071,Petrol,Manual,Third,Kochi,14.95
Toyota,Fortuner,2011,152173,Diesel,Manual,Second,Jaipur,4.87
Tata,Altroz,2009,179426,Petrol,Automatic,Second,Chennai,1.04
Tata,Nexon,2025,16411,CNG,Manual,Second,Bengaluru,9.74
Hyundai,Creta,2021,33850,Petrol,Manual,Second,Hyderabad,8.43
Toyota,Glanza,2019,51724,Petrol,Manual,First,Delhi,3.57
Honda,Amaze,2012,127208,Petrol,Automatic,Second,Bengaluru,1.52
Toyota,Fortuner,2025,11873,Diesel,Manual,Second,Jaipur,40.02
Maruti Suzuki,Ertiga,2015,134427,Petrol,Manual,First,Jaipur,2.44
Mahindra,XUV700,2017,111159,Petrol,Manual,First,Bengaluru,6.28
Mahindra,Bolero,2010,206973,Petrol,Automatic,First,Bengaluru,1.35
Maruti Suzuki,Brezza,2024,12366,Petrol,Manual,First,Kolkata,7.78
Kia,Seltos,2012,131534,Diesel,Automatic,Third,Kolkata,2.1
Tata,Nexon,2018,86877,Petrol,Manual,First,Hyderabad,3.62
Hyundai,Venue,2017,91150,Petrol,Manual,First,Pune,3.44
Tata,Nexon,2013,151361,Petrol,Manual,First,Delhi,2.14
Mahindra,Thar,2013,142390,Diesel,Manual,Second,Bengaluru,2.78
Toyota,Innova Crysta,2019,86691,Petrol,Manual,First,Ahmedabad,8.44
Honda,City,2019,53579,Petrol,Manual,First,Kochi,5.89
Honda,Amaze,2025,17701,Petrol,Manual,Second,Hyderabad,6.69
Toyota,Fortuner,2017,72291,Diesel,Manual,First,Chennai,15.86
Hyundai,i20,2019,57398,Petrol,Manual,Third,Hyderabad,3.25
Toyota,Glanza,2017,83489,Petrol,Manual,First,Chennai,2.89
Toyota,Glanza,2024,8728,Petrol,Automatic,First,Pune,8.26
Hyundai,Verna,2016,91803,Petrol,Automatic,First,Ahmedabad,3.61
Maruti Suzuki,Ertiga,2023,29465,Petrol,Manual,Second,Chennai,7.79
Honda,Amaze,2016,91947,Petrol,Automatic,Second,Kochi,2.37
Tata,Nexon,2012,142280,Diesel,Manual,First,Chennai,1.89
Tata,Nexon,2013,129561,Diesel,Manual,Second,Delhi,1.97
Hyundai,Venue,2023,30283,Petrol,Manual,First,Jaipur,7.9
Kia,Seltos,2019,67920,Petrol,Manual,First,Ahmedabad,5.41
Hyundai,i20,2015,115746,Diesel,Manual,First,Ahmedabad,1.86
Honda,City,2020,43222,Petrol,Automatic,First,Pune,7.29
Mahindra,Bolero,2009,222672,Petrol,Manual,First,Kolkata,1.0
Mahindra,Thar,2019,68293,Diesel,Automatic,First,Hyderabad,8.47
Hyundai,Venue,2025,12482,Petrol,Automatic,Third,Delhi,8.97
Honda,Amaze,2012,122815,Petrol,Automatic,Second,Ahmedabad,1.4
Hyundai,i20,2017,110789,Petrol,Automatic,First,Hyderabad,2.96
Maruti Suzuki,Ertiga,2015,145945,CNG,Manual,First,Chennai,2.31
Honda,City,2013,155866,Petrol,Manual,First,Pune,2.49
Kia,Seltos,2009,143598,Petrol,Manual,Second,Pune,1.52
Kia,Sonet,2020,27386,Diesel,Automatic,First,Ahmedabad,5.55
Renault,Kwid,2010,173241,Petrol,Automatic,Third,Mumbai,0.63
Mahindra,XUV700,2014,125283,Petrol,Manual,Second,Chennai,4.41
Hyundai,i20,2020,69298,CNG,Automatic,First,Ahmedabad,3.95
Hyundai,Creta,2018,55958,CNG,Manual,First,Bengaluru,5.74
Tata,Nexon,2025,15424,CNG,Automatic,First,Kolkata,9.78
Tata,Altroz,2013,145090,Diesel,Manual,First,Ahmedabad,1.69
Toyota,Glanza,2009,211149,Petrol,Automatic,Third,Ahmedabad,0.82
Maruti Suzuki,Alto K10,2012,128002,Petrol,Automatic,First,Pune,0.83
Toyota,Glanza,2012,140097,Petrol,Manual,Second,Kochi,1.24
Tata,Harrier,2022,48520,CNG,Manual,Second,Chennai,9.63
Mahindra,Thar,2016,146645,Diesel,Manual,First,Kochi,3.7
Hyundai,Verna,2016,87132,Petrol,Manual,Second,Bengaluru,3.71
Honda,City,2018,85746,Petrol,Automatic,First,Bengaluru,5.36
Maruti Suzuki,Brezza,2013,151405,Diesel,Manual,First,Ahmedabad,1.56
Maruti Suzuki,Swift,2017,77175,Petrol,Manual,Second,Hyderabad,2.28
Mahindra,Scorpio,2022,42198,Diesel,Manual,First,Hyderabad,10.2
Maruti Suzuki,Brezza,2023,11351,Petrol,Manual,First,Mumbai,7.62
Hyundai,i20,2016,73173,Petrol,Manual,First,Kochi,2.59
Kia,Sonet,2011,139959,Diesel,Manual,First,Kolkata,1.48
Kia,Sonet,2010,170771,Diesel,Manual,First,Chennai,1.26
Honda,City,2010,216088,Petrol,Automatic,Second,Jaipur,1.36
Honda,City,2022,51334,Petrol,Manual,Second,Jaipur,6.67
Hyundai,i20,2016,87589,CNG,Manual,First,Hyderabad,2.62
Tata,Punch,2014,128802,Petrol,Automatic,Second,Delhi,1.64
Maruti Suzuki,Alto K10,2012,161323,CNG,Manual,First,Pune,0.71
Toyota,Fortuner,2024,21135,Diesel,Manual,First,Kolkata,36.94
Mahindra,Bolero,2012,116884,Diesel,Manual,Third,Kochi,1.63
Mahindra,Bolero,2025,15017,Petrol,Automatic,Second,Pune,9.41
Hyundai,Creta,2017,90635,Diesel,Automatic,Second,Bengaluru,5.76
Honda,Amaze,2025,20881,Petrol,Manual,First,Kolkata,7.79
Hyundai,Creta,2018,90830,Petrol,Manual,First,Bengaluru,5.2
Tata,Harrier,2017,89769,CNG,Manual,First,Chennai,5.76
Tata,Harrier,2024,25958,Diesel,Manual,First,Delhi,15.94
Toyota,Fortuner,2015,102678,Diesel,Manual,First,Delhi,9.92
Tata,Harrier,2016,97319,Petrol,Manual,Third,Kochi,4.4
Toyota,Glanza,2024,21024,Petrol,Automatic,First,Mumbai,7.11
Toyota,Glanza,2019,81772,Petrol,Manual,First,Kolkata,3.21
Mahindra,Bolero,2010,124156,Petrol,Manual,Second,Kolkata,1.29
Toyota,Fortuner,2015,67251,Diesel,Manual,First,Kolkata,10.47
Kia,Sonet,2016,124084,Petrol,Automatic,Third,Kolkata,2.32
Hyundai,Verna,2024,16972,Diesel,Automatic,Third,Pune,10.41
Hyundai,Venue,2018,79678,Petrol,Automatic,First,Kolkata,3.91
Renault,Kwid,2022,21639,Petrol,Automatic,First,Kolkata,3.64
Honda,City,2015,123964,Diesel,Manual,First,Delhi,2.82
Maruti Suzuki,Ertiga,2011,159115,Petrol,Manual,First,Kolkata,1.62
Maruti Suzuki,Alto K10,2022,26213,Petrol,Automatic,Second,Kochi,3.03
Hyundai,i20,2020,72200,Petrol,Manual,Fourth & above,Jaipur,3.04
Hyundai,i20,2025,11255,Diesel,Automatic,Third,Hyderabad,7.65
Mahindra,Thar,2014,103631,Diesel,Manual,Second,Chennai,3.32
Toyota,Innova Crysta,2021,48278,Petrol,Automatic,Second,Delhi,12.42
Tata,Harrier,2025,12696,Diesel,Automatic,First,Chennai,19.35
Toyota,Glanza,2010,152404,Petrol,Manual,First,Mumbai,1.12
Tata,Nexon,2021,42163,Petrol,Automatic,Fourth & above,Jaipur,5.09
Toyota,Glanza,2024,6752,Petrol,Manual,First,Mumbai,7.72
Maruti Suzuki,Alto K10,2018,73392,Petrol,Manual,First,Pune,1.67
Mahindra,XUV700,2009,153521,Petrol,Automatic,Second,Jaipur,2.32
Toyota,Innova Crysta,2009,214910,Petrol,Automatic,First,Bengaluru,2.81
Kia,Seltos,2014,127848,Diesel,Manual,First,Kochi,2.69
Maruti Suzuki,Alto K10,2013,130208,Petrol,Manual,First,Kochi,0.86
Kia,Seltos,2009,183183,Diesel,Automatic,Second,Pune,1.52
Hyundai,i20,2022,34182,Petrol,Manual,Second,Pune,5.35
Mahindra,Bolero,2014,107786,Diesel,Manual,First,Kochi,2.21
Hyundai,Venue,2021,27483,CNG,Manual,Second,Kolkata,4.95
Toyota,Innova Crysta,2014,119300,Diesel,Automatic,Third,Mumbai,4.37
Mahindra,XUV700,2009,177656,Petrol,Manual,Second,Delhi,2.2
Mahindra,Thar,2009,189971,Petrol,Manual,Second,Ahmedabad,1.63
Tata,Nexon,2021,57469,Petrol,Manual,First,Pune,5.68
Mahindra,XUV700,2022,21153,Petrol,Manual,First,Hyderabad,12.73
Hyundai,Venue,2010,124868,Petrol,Manual,First,Bengaluru,1.47
Maruti Suzuki,Ertiga,2023,16432,Diesel,Automatic,First,Chennai,8.84
Mahindra,XUV700,2009,244223,Petrol,Automatic,First,Mumbai,2.18
Hyundai,Venue,2014,113776,Petrol,Automatic,First,Mumbai,2.38
Mahindra,Thar,2025,13417,Petrol,Automatic,Second,Pune,14.9
Maruti Suzuki,Brezza,2024,13830,Petrol,Automatic,Second,Delhi,8.37
Toyota,Innova Crysta,2023,20426,Diesel,Manual,First,Bengaluru,18.95
Maruti Suzuki,Swift,2012,198398,Petrol,Automatic,First,Bengaluru,1.1
Honda,City,2011,143276,Petrol,Automatic,Second,Bengaluru,2.02
Toyota,Fortuner,2019,68877,Diesel,Manual,First,Bengaluru,19.59
Toyota,Fortuner,2012,166376,Petrol,Automatic,First,Delhi,7.14
Mahindra,XUV700,2014,110163,Diesel,Automatic,Second,Pune,3.88
Maruti Suzuki,Alto K10,2019,64781,Petrol,Manual,First,Hyderabad,2.05
Tata,Altroz,2023,22868,CNG,Manual,Third,Pune,4.89
Honda,Amaze,2010,152779,Petrol,Automatic,First,Hyderabad,1.14
Honda,City,2024,17839,Petrol,Manual,First,Jaipur,10.14
Mahindra,Scorpio,2013,107695,Diesel,Manual,First,Pune,2.83
Maruti Suzuki,Baleno,2023,15434,Petrol,Manual,First,Pune,5.72
Kia,Seltos,2023,21152,Petrol,Automatic,First,Pune,12.03
Toyota,Innova Crysta,2020,51452,Diesel,Manual,First,Delhi,12.93
Tata,Nexon,2025,12180,Diesel,Manual,First,Delhi,11.71
Toyota,Innova Crysta,2014,131452,Diesel,Manual,Fourth & above,Chennai,3.68
Renault,Kwid,2009,180055,Petrol,Automatic,Second,Pune,0.64
Mahindra,XUV700,2022,39803,Diesel,Manual,Second,Chennai,12.14
Maruti Suzuki,Ertiga,2017,77707,CNG,Automatic,Second,Ahmedabad,3.42
Maruti Suzuki,Brezza,2011,152770,Petrol,Automatic,First,Pune,1.53
Mahindra,XUV700,2021,59210,Diesel,Manual,First,Kolkata,11.18
Maruti Suzuki,Baleno,2009,194362,Petrol,Manual,First,Pune,0.89
Toyota,Glanza,2020,41180,Petrol,Manual,First,Kolkata,4.04
Hyundai,Verna,2016,121028,CNG,Manual,First,Jaipur,2.77
Mahindra,XUV700,2010,173569,Petrol,Manual,Fourth & above,Delhi,1.73
Maruti Suzuki,Swift,2022,34512,CNG,Manual,First,Kochi,4.23
Honda,Amaze,2013,139043,Petrol,Automatic,Second,Ahmedabad,1.62
Kia,Sonet,2021,60031,Petrol,Manual,First,Kolkata,5.4
Hyundai,Verna,2017,90533,Petrol,Manual,First,Jaipur,3.69
Tata,Altroz,2024,602,Petrol,Manual,First,Delhi,7.14
Maruti Suzuki,Baleno,2021,41475,CNG,Manual,First,Bengaluru,4.54
Hyundai,Verna,2017,93998,Diesel,Manual,First,Jaipur,4.02
Hyundai,i20,2016,94566,Diesel,Manual,First,Bengaluru,2.64
Renault,Kwid,2014,131812,Petrol,Manual,First,Jaipur,1.02
Honda,City,2020,68905,Diesel,Manual,First,Kolkata,6.23
Tata,Punch,2022,41485,Petrol,Automatic,First,Chennai,5.36
Honda,City,2011,135930,Diesel,Manual,Third,Kochi,1.63
Maruti Suzuki,Alto K10,2022,40921,Petrol,Manual,Fourth & above,Jaipur,2.13
Honda,City,2018,70071,Petrol,Automatic,First,Delhi,5.18
Maruti Suzuki,Ertiga,2024,22222,Petrol,Manual,First,Bengaluru,9.82
Hyundai,i20,2023,33276,Diesel,Manual,Second,Bengaluru,6.17
Toyota,Fortuner,2017,81762,Petrol,Manual,Second,Bengaluru,13.1
Honda,City,2017,113683,Petrol,Automatic,Fourth & above,Kochi,3.37
Hyundai,i20,2018,91491,Petrol,Manual,First,Hyderabad,3.2
Mahindra,Scorpio,2019,57023,Diesel,Manual,First,Kochi,6.88
Maruti Suzuki,Alto K10,2014,139751,Petrol,Manual,First,Jaipur,0.95
Maruti Suzuki,Swift,2014,127364,Petrol,Manual,First,Jaipur,1.57
Hyundai,Verna,2012,118413,Petrol,Manual,First,Kolkata,2.15
Maruti Suzuki,Brezza,2025,17407,Petrol,Manual,Third,Ahmedabad,7.69
Tata,Punch,2019,97337,CNG,Automatic,First,Kolkata,3.18
Tata,Altroz,2019,81808,Petrol,Manual,First,Bengaluru,3.61
Mahindra,Bolero,2020,62163,Diesel,Manual,First,Kolkata,5.38
Tata,Altroz,2015,124195,Petrol,Manual,First,Delhi,1.98
Hyundai,i20,2021,51207,Petrol,Manual,Fourth & above,Hyderabad,3.54
Honda,City,2010,162335,Diesel,Automatic,First,Kochi,1.5
Hyundai,i20,2010,175326,Diesel,Manual,Second,Kochi,0.89
Kia,Seltos,2023,25961,Petrol,Manual,Second,Mumbai,10.08
Maruti Suzuki,Baleno,2020,70001,CNG,Manual,Fourth & above,Delhi,2.77
Maruti Suzuki,Alto K10,2012,148995,Petrol,Automatic,First,Ahmedabad,0.79
Tata,Punch,2023,17151,Petrol,Manual,First,Ahmedabad,5.68
Maruti Suzuki,Brezza,2021,55635,Diesel,Manual,First,Delhi,5.04
Maruti Suzuki,Swift,2023,27675,Petrol,Automatic,First,Jaipur,5.28
Hyundai,Venue,2019,59431,Diesel,Automatic,First,Hyderabad,4.93
Hyundai,i20,2018,115346,Diesel,Automatic,Second,Kolkata,3.03
Maruti Suzuki,Baleno,2022,25764,Petrol,Manual,First,Pune,5.27
Honda,City,2021,49381,Diesel,Manual,First,Mumbai,7.43
Hyundai,Venue,2023,26623,Petrol,Manual,First,Mumbai,7.75
Hyundai,Verna,2009,155088,Diesel,Automatic,First,Jaipur,1.45
Mahindra,Bolero,2013,116280,Diesel,Automatic,First,Bengaluru,2.27
Hyundai,Verna,2018,106975,Petrol,Automatic,First,Ahmedabad,4.37
Maruti Suzuki,Swift,2025,17165,Petrol,Manual,Second,Jaipur,5.95
Honda,Amaze,2024,17178,Petrol,Manual,First,Delhi,6.86
Toyota,Glanza,2014,119381,Petrol,Manual,First,Ahmedabad,1.9
Maruti Suzuki,Swift,2025,16090,Petrol,Automatic,First,Hyderabad,6.83
Hyundai,Verna,2011,129652,Diesel,Manual,Second,Jaipur,1.48
Maruti Suzuki,Brezza,2011,140361,Petrol,Manual,Second,Mumbai,1.47
Mahindra,Thar,2022,31950,Diesel,Manual,First,Kochi,10.37
Toyota,Innova Crysta,2016,104312,Diesel,Manual,First,Kolkata,6.2
Hyundai,i20,2011,151572,Petrol,Manual,First,Ahmedabad,1.26
Mahindra,Thar,2010,161840,Petrol,Manual,First,Chennai,2.06
Mahindra,Scorpio,2024,6239,Petrol,Manual,Third,Kochi,10.59
Tata,Punch,2019,78783,CNG,Manual,First,Pune,2.78
Kia,Sonet,2013,138150,Petrol,Manual,First,Delhi,1.97
Tata,Harrier,2016,67463,Petrol,Automatic,First,Bengaluru,6.28
Maruti Suzuki,Alto K10,2022,46407,Petrol,Manual,Third,Hyderabad,2.53
Toyota,Glanza,2019,65867,Petrol,Manual,Third,Kochi,2.95
Tata,Nexon,2010,187139,Petrol,Automatic,First,Kochi,1.4
Mahindra,Bolero,2020,74133,Petrol,Manual,Fourth & above,Kochi,3.53
Mahindra,Thar,2024,27131,Diesel,Manual,First,Kolkata,13.82
Tata,Altroz,2023,22313,Petrol,Automatic,First,Chennai,6.88
Mahindra,Scorpio,2019,80082,Petrol,Automatic,First,Ahmedabad,6.81
Tata,Punch,2009,205502,Petrol,Automatic,First,Pune,1.01
Renault,Kwid,2019,81725,Petrol,Automatic,Second,Kolkata,2.08
Tata,Nexon,2014,146374,Petrol,Manual,First,Pune,2.52
Hyundai,Venue,2022,29820,Petrol,Manual,Second,Hyderabad,6.62
Tata,Nexon,2018,88660,Diesel,Manual,First,Pune,4.27
Mahindra,XUV700,2011,167491,Petrol,Manual,First,Pune,3.03
Maruti Suzuki,Alto K10,2018,88614,Petrol,Manual,First,Kolkata,1.76
Hyundai,Venue,2016,93832,Diesel,Manual,Second,Kolkata,2.52
Maruti Suzuki,Brezza,2016,94044,Petrol,Manual,First,Chennai,2.88
Renault,Kwid,2021,26201,Petrol,Manual,Second,Mumbai,2.95
Tata,Nexon,2025,10989,Diesel,Manual,Second,Jaipur,9.72
Honda,Amaze,2025,15080,Petrol,Automatic,Second,Jaipur,7.5
Mahindra,Bolero,2013,131880,Petrol,Manual,First,Ahmedabad,1.93
Renault,Kwid,2011,167734,Petrol,Automatic,First,Pune,0.79
Toyota,Glanza,2025,11051,Petrol,Manual,First,Kolkata,8.16
Honda,Amaze,2020,79442,Petrol,Manual,Third,Chennai,3.23
Mahindra,Thar,2020,60955,Diesel,Manual,Second,Mumbai,7.94
Maruti Suzuki,Swift,2015,134496,Petrol,Manual,Second,Kochi,1.56
Toyota,Fortuner,2023,27325,Diesel,Manual,First,Mumbai,32.35
Honda,City,2018,86275,Diesel,Manual,Second,Bengaluru,4.62
Tata,Punch,2024,20410,Petrol,Manual,First,Mumbai,6.56
Maruti Suzuki,Ertiga,2010,119916,Petrol,Manual,First,Mumbai,1.6
Honda,City,2012,105250,Diesel,Manual,First,Chennai,2.38
Honda,Amaze,2023,32756,Petrol,Manual,First,Pune,6.05
Toyota,Glanza,2013,108985,Petrol,Manual,Second,Mumbai,1.65
Hyundai,Verna,2018,59550,Diesel,Manual,First,Pune,5.04
Mahindra,XUV700,2010,161124,Diesel,Manual,First,Ahmedabad,2.5
Maruti Suzuki,Swift,2024,20560,Petrol,Manual,First,Mumbai,5.78
Honda,Amaze,2009,209486,Petrol,Manual,First,Kolkata,0.9
Maruti Suzuki,Baleno,2024,14772,Petrol,Automatic,First,Mumbai,8.15
Kia,Seltos,2023,21346,Petrol,Manual,First,Hyderabad,9.97
Honda,City,2022,32211,Petrol,Manual,First,Mumbai,7.89
Maruti Suzuki,Baleno,2013,112393,CNG,Manual,Fourth & above,Mumbai,1.19
Toyota,Glanza,2023,20182,Petrol,Manual,First,Hyderabad,5.93
Renault,Kwid,2023,18203,Petrol,Automatic,First,Mumbai,4.51
Mahindra,Thar,2023,23086,Petrol,Manual,First,Pune,10.24
Maruti Suzuki,Brezza,2022,37130,Petrol,Manual,First,Mumbai,6.52
Honda,Amaze,2022,36830,Petrol,Manual,Second,Mumbai,5.26
Tata,Altroz,2009,186809,Diesel,Manual,Second,Delhi,0.81
Tata,Nexon,2012,106284,CNG,Manual,Second,Jaipur,1.7
Kia,Sonet,2014,99660,Petrol,Manual,Second,Chennai,2.3
Mahindra,XUV700,2020,69484,Petrol,Automatic,First,Kochi,9.94
Maruti Suzuki,Ertiga,2021,43090,Petrol,Manual,First,Kochi,6.03
Honda,Amaze,2011,152367,Petrol,Manual,First,Kolkata,1.25
Kia,Seltos,2025,15839,Diesel,Manual,Second,Bengaluru,13.97
Mahindra,Bolero,2019,83449,Diesel,Manual,First,Hyderabad,4.29
Hyundai,Venue,2025,8851,Petrol,Manual,Third,Hyderabad,8.28
Maruti Suzuki,Swift,2020,48574,Petrol,Manual,First,Delhi,3.36
Maruti Suzuki,Brezza,2011,163922,Diesel,Manual,Third,Pune,1.2
Maruti Suzuki,Ertiga,2010,186842,Petrol,Manual,Second,Bengaluru,1.27
Hyundai,Verna,2022,31383,CNG,Automatic,First,Kochi,7.91
Hyundai,i20,2009,167815,Diesel,Manual,First,Mumbai,0.99
Kia,Seltos,2016,87596,Diesel,Manual,First,Kochi,3.7
Mahindra,Bolero,2017,73960,Diesel,Manual,Third,Kochi,2.95
Mahindra,XUV700,2019,62532,Diesel,Automatic,First,Bengaluru,10.66
Tata,Altroz,2011,142640,Petrol,Automatic,First,Pune,1.36
Maruti Suzuki,Alto K10,2011,146043,Petrol,Automatic,Second,Delhi,0.71
Toyota,Glanza,2010,127822,Petrol,Manual,Third,Ahmedabad,0.93
Hyundai,Venue,2023,17461,Petrol,Automatic,First,Kolkata,7.62
Mahindra,Thar,2010,220697,Diesel,Manual,Second,Kochi,1.48
Honda,City,2021,62170,Petrol,Manual,First,Kolkata,6.35
Hyundai,Creta,2014,151308,Diesel,Manual,Second,Chennai,2.76
Hyundai,Verna,2019,79726,Petrol,Manual,Second,Mumbai,4.56
Tata,Punch,2016,90312,Petrol,Automatic,Third,Delhi,2.28
Tata,Punch,2020,58433,Petrol,Manual,Second,Bengaluru,3.52
Hyundai,Venue,2016,100796,Petrol,Automatic,First,Chennai,3.29
Hyundai,Creta,2012,141726,Petrol,Manual,First,Hyderabad,2.47
Toyota,Innova Crysta,2016,95502,Petrol,Manual,Third,Kochi,5.8
Renault,Kwid,2012,129325,Petrol,Automatic,First,Kolkata,0.9
Maruti Suzuki,Baleno,2019,70596,Petrol,Manual,First,Mumbai,3.69
Tata,Nexon,2019,75344,Petrol,Manual,Second,Ahmedabad,3.91
Maruti Suzuki,Brezza,2022,40085,Diesel,Automatic,First,Hyderabad,7.44
Tata,Harrier,2017,102834,Petrol,Manual,Second,Jaipur,5.21
Renault,Kwid,2012,108808,CNG,Manual,First,Mumbai,0.97
Hyundai,Creta,2017,98098,Diesel,Automatic,Third,Delhi,4.72
Kia,Seltos,2019,83334,CNG,Manual,First,Hyderabad,5.36
Hyundai,Creta,2019,40565,Petrol,Manual,First,Mumbai,6.72
Maruti Suzuki,Swift,2024,13336,Petrol,Manual,First,Kolkata,5.81
Hyundai,Venue,2021,42452,Petrol,Manual,First,Delhi,5.36
Hyundai,Venue,2021,65609,Diesel,Automatic,First,Pune,6.64
Tata,Nexon,2017,83499,CNG,Automatic,First,Bengaluru,3.94
Honda,City,2021,46590,Diesel,Automatic,Second,Mumbai,7.88
Maruti Suzuki,Ertiga,2021,48511,Diesel,Manual,Second,Delhi,5.32
Toyota,Innova Crysta,2016,103461,Petrol,Manual,First,Delhi,7.31
Tata,Punch,2013,116170,CNG,Manual,First,Bengaluru,1.66
Tata,Altroz,2025,15718,Diesel,Automatic,Second,Kolkata,7.83
Tata,Nexon,2025,15988,CNG,Manual,Fourth & above,Kolkata,7.58
Mahindra,Bolero,2014,94316,Diesel,Manual,Third,Jaipur,1.74
Hyundai,Venue,2023,26166,Petrol,Manual,Second,Delhi,6.82
Honda,Amaze,2012,105719,Petrol,Automatic,Second,Kolkata,1.5
Mahindra,XUV700,2012,116941,Diesel,Manual,First,Ahmedabad,3.39
Toyota,Innova Crysta,2024,10387,Petrol,Manual,Third,Hyderabad,16.49
Toyota,Innova Crysta,2022,34121,Petrol,Manual,First,Delhi,16.14
Maruti Suzuki,Brezza,2013,140600,Diesel,Automatic,First,Mumbai,1.92
Toyota,Fortuner,2024,6201,Diesel,Manual,Third,Chennai,30.48
Mahindra,Bolero,2013,164961,Diesel,Manual,First,Kolkata,1.72
Tata,Nexon,2010,177906,Petrol,Manual,Second,Ahmedabad,1.27
Mahindra,Bolero,2019,35541,Petrol,Manual,First,Kolkata,4.42
Maruti Suzuki,Ertiga,2011,155227,Petrol,Automatic,First,Delhi,1.66
Tata,Harrier,2015,102001,Petrol,Manual,First,Kolkata,4.7
Maruti Suzuki,Baleno,2025,14143,Petrol,Manual,First,Delhi,6.79
Toyota,Fortuner,2016,91161,Diesel,Manual,First,Mumbai,10.93
Hyundai,Venue,2013,133240,Diesel,Manual,Second,Ahmedabad,1.71
Toyota,Innova Crysta,2025,5407,Petrol,Automatic,Second,Pune,21.31
Tata,Harrier,2010,164494,Petrol,Automatic,Fourth & above,Mumbai,2.07
Hyundai,Verna,2010,201825,Petrol,Manual,First,Delhi,1.51
Tata,Altroz,2018,71629,CNG,Manual,Second,Kolkata,2.73
Maruti Suzuki,Baleno,2011,173007,Petrol,Manual,Third,Pune,0.93
Mahindra,Bolero,2023,24663,Petrol,Automatic,First,Jaipur,7.56
Hyundai,Venue,2022,25262,Petrol,Automatic,Third,Bengaluru,6.14
Mahindra,XUV700,2020,52375,Diesel,Manual,Second,Kochi,9.78
Tata,Punch,2019,83644,CNG,Manual,First,Kolkata,3.08
Maruti Suzuki,Brezza,2012,151578,CNG,Manual,Third,Delhi,1.32
Maruti Suzuki,Alto K10,2019,78425,CNG,Manual,First,Kochi,1.7
Maruti Suzuki,Swift,2024,16651,CNG,Manual,First,Kochi,5.41
Tata,Nexon,2025,14553,Diesel,Manual,First,Bengaluru,11.1
Hyundai,Creta,2023,21937,Petrol,Manual,Second,Kolkata,9.5
Hyundai,Venue,2012,103149,Diesel,Automatic,Second,Jaipur,1.76
Maruti Suzuki,Alto K10,2020,52336,Petrol,Automatic,Second,Kochi,2.07
Hyundai,Verna,2017,95601,CNG,Automatic,First,Pune,4.3
Mahindra,Scorpio,2018,69644,Petrol,Automatic,First,Hyderabad,6.31
Maruti Suzuki,Brezza,2023,13152,Petrol,Manual,Second,Mumbai,6.81
Mahindra,Thar,2023,20927,Petrol,Manual,First,Chennai,10.79
Tata,Nexon,2009,189096,Petrol,Manual,Second,Ahmedabad,1.13
Toyota,Glanza,2012,129507,Petrol,Manual,Third,Hyderabad,1.32
Maruti Suzuki,Ertiga,2024,14498,Petrol,Manual,Second,Hyderabad,9.47
Maruti Suzuki,Brezza,2009,170987,Petrol,Automatic,Second,Hyderabad,1.2
Maruti Suzuki,Baleno,2019,94455,Petrol,Manual,Second,Bengaluru,2.91
Hyundai,Creta,2021,37283,Diesel,Manual,First,Jaipur,8.4
Kia,Seltos,2017,90487,Diesel,Automatic,First,Kolkata,5.08
Toyota,Glanza,2009,188584,Petrol,Manual,First,Pune,1.01
Tata,Altroz,2019,59345,Petrol,Automatic,First,Jaipur,3.81
Mahindra,Thar,2015,102445,Petrol,Automatic,First,Kochi,4.45
Hyundai,Creta,2014,143925,Petrol,Manual,Second,Pune,3.06
Renault,Kwid,2019,64261,Petrol,Automatic,First,Jaipur,2.36
Toyota,Glanza,2012,139791,CNG,Manual,Second,Delhi,1.23
Maruti Suzuki,Brezza,2023,11848,Diesel,Manual,First,Delhi,7.77
Tata,Altroz,2013,119153,Petrol,Manual,First,Chennai,1.7
Mahindra,Scorpio,2018,84634,Diesel,Manual,First,Chennai,5.95
Hyundai,Venue,2011,174760,Petrol,Manual,First,Jaipur,1.31
Mahindra,Thar,2025,10918,Diesel,Automatic,Third,Mumbai,14.94
Kia,Sonet,2021,47668,Petrol,Manual,First,Kochi,5.65
Tata,Altroz,2013,117944,CNG,Manual,First,Pune,1.82
Toyota,Innova Crysta,2015,123787,Petrol,Manual,First,Ahmedabad,5.29
Maruti Suzuki,Brezza,2015,132517,Petrol,Manual,First,Pune,2.53
Hyundai,Venue,2013,116388,Petrol,Manual,Third,Pune,1.77
Hyundai,Creta,2024,12283,Petrol,Manual,Second,Jaipur,10.54
Toyota,Innova Crysta,2013,134931,Diesel,Manual,First,Mumbai,4.1
Tata,Nexon,2021,82294,Petrol,Manual,First,Kolkata,5.51
Tata,Harrier,2016,130187,Diesel,Automatic,First,Kochi,4.9
Mahindra,Thar,2012,138156,Petrol,Automatic,First,Delhi,2.88
Tata,Altroz,2022,40326,CNG,Manual,Third,Kolkata,4.11
Tata,Altroz,2022,35037,Diesel,Automatic,Second,Ahmedabad,5.54
Mahindra,XUV700,2022,41890,Petrol,Manual,Second,Kolkata,11.3
Tata,Harrier,2024,13184,Diesel,Manual,First,Delhi,17.38
Maruti Suzuki,Brezza,2011,135016,Petrol,Automatic,Second,Jaipur,1.37
Maruti Suzuki,Baleno,2014,142285,Petrol,Manual,First,Hyderabad,1.74
Maruti Suzuki,Alto K10,2013,127807,Petrol,Automatic,First,Hyderabad,1.06
Mahindra,Scorpio,2018,70877,Petrol,Manual,Fourth & above,Kochi,4.49
Mahindra,XUV700,2016,100766,Petrol,Automatic,First,Ahmedabad,6.19
Maruti Suzuki,Swift,2014,97292,Petrol,Manual,Second,Kolkata,1.52
Toyota,Innova Crysta,2024,8463,Petrol,Manual,Second,Pune,17.57
Kia,Seltos,2021,47130,Petrol,Manual,First,Bengaluru,8.34
Hyundai,Creta,2020,41817,Petrol,Manual,First,Kochi,6.87
Toyota,Fortuner,2020,65808,Diesel,Manual,First,Ahmedabad,19.95
Maruti Suzuki,Ertiga,2011,134536,Diesel,Manual,First,Jaipur,1.48
Tata,Punch,2016,136690,Petrol,Automatic,Second,Delhi,1.98
Mahindra,Thar,2012,143411,Petrol,Manual,First,Hyderabad,2.93
Kia,Sonet,2019,54496,Petrol,Manual,Second,Jaipur,4.38
Maruti Suzuki,Ertiga,2012,143809,Diesel,Manual,Second,Pune,1.75
Mahindra,Scorpio,2020,57445,Diesel,Manual,First,Kolkata,8.03
Mahindra,XUV700,2010,181381,Petrol,Automatic,Second,Pune,2.51
Hyundai,i20,2012,106631,Petrol,Manual,First,Hyderabad,1.57
Maruti Suzuki,Alto K10,2018,88719,CNG,Manual,First,Ahmedabad,1.57
Maruti Suzuki,Baleno,2011,130810,Petrol,Manual,First,Kolkata,1.19
Hyundai,Verna,2016,109147,Diesel,Manual,First,Ahmedabad,3.1
Maruti Suzuki,Baleno,2016,84312,Petrol,Manual,First,Delhi,2.56
Mahindra,Thar,2025,12316,Diesel,Manual,First,Bengaluru,15.51
Honda,Amaze,2016,75087,Petrol,Manual,First,Bengaluru,2.61
Tata,Nexon,2023,20375,Petrol,Automatic,First,Bengaluru,8.65
Mahindra,Bolero,2011,190258,Petrol,Automatic,First,Pune,1.69
Kia,Sonet,2011,177176,Petrol,Automatic,First,Mumbai,1.62
Honda,City,2010,195936,Petrol,Automatic,First,Kolkata,1.77
Hyundai,Creta,2024,15485,CNG,Manual,First,Jaipur,11.43
Honda,City,2023,30183,Diesel,Manual,Second,Bengaluru,10.25
Tata,Nexon,2017,70166,Petrol,Automatic,Third,Pune,3.4
Tata,Nexon,2023,20909,Petrol,Manual,First,Bengaluru,8.03
Kia,Sonet,2025,9386,Petrol,Manual,Third,Mumbai,8.33
Maruti Suzuki,Brezza,2025,11944,Diesel,Manual,First,Chennai,9.83
Toyota,Fortuner,2021,47635,Petrol,Manual,First,Ahmedabad,22.71
Tata,Altroz,2024,13233,Diesel,Manual,First,Pune,7.85
Kia,Sonet,2018,68485,Petrol,Manual,First,Mumbai,3.88
Maruti Suzuki,Brezza,2020,52834,Petrol,Manual,First,Mumbai,5.31
Hyundai,Venue,2023,43941,Diesel,Manual,First,Pune,7.74
Hyundai,i20,2020,52985,Diesel,Automatic,First,Hyderabad,4.59
Hyundai,i20,2017,55278,Petrol,Manual,First,Hyderabad,3.16
Tata,Punch,2012,119304,Petrol,Manual,First,Chennai,1.43
Maruti Suzuki,Baleno,2018,70278,Petrol,Automatic,First,Kolkata,3.26
Hyundai,Verna,2016,102844,Petrol,Automatic,First,Jaipur,3.45
Renault,Kwid,2014,126671,CNG,Automatic,First,Bengaluru,1.25
Tata,Nexon,2019,77703,Petrol,Automatic,First,Ahmedabad,4.55
Tata,Nexon,2021,73710,Diesel,Manual,First,Kolkata,5.81
Toyota,Glanza,2021,48081,Petrol,Manual,First,Chennai,4.82
Maruti Suzuki,Ertiga,2021,59628,CNG,Manual,Second,Chennai,5.3
Toyota,Innova Crysta,2021,31626,Diesel,Manual,Second,Kochi,12.93
Maruti Suzuki,Ertiga,2016,97284,CNG,Manual,First,Hyderabad,3.05
Maruti Suzuki,Baleno,2016,105136,Petrol,Manual,First,Chennai,2.21
Mahindra,Thar,2018,80028,Petrol,Automatic,First,Kochi,6.27
Hyundai,Venue,2023,12920,Petrol,Manual,First,Hyderabad,7.45
Mahindra,Thar,2023,34898,Petrol,Manual,Second,Kochi,11.02
Maruti Suzuki,Alto K10,2012,144031,Petrol,Manual,Second,Chennai,0.76
Maruti Suzuki,Alto K10,2022,42267,Petrol,Manual,Second,Chennai,2.6
Maruti Suzuki,Alto K10,2020,55073,Petrol,Automatic,Second,Hyderabad,2.47
Tata,Punch,2019,68438,CNG,Automatic,First,Ahmedabad,3.2
Mahindra,Scorpio,2015,111150,Diesel,Manual,First,Mumbai,3.66
Kia,Seltos,2018,81626,Petrol,Manual,Second,Pune,4.78
Mahindra,Thar,2018,59018,Diesel,Manual,Third,Chennai,6.08
Hyundai,i20,2016,90465,Petrol,Manual,Third,Bengaluru,2.46
Toyota,Fortuner,2022,57831,Petrol,Manual,First,Chennai,25.12
Renault,Kwid,2011,192735,Petrol,Manual,Third,Kochi,0.56
Maruti Suzuki,Swift,2012,122245,Petrol,Manual,Second,Mumbai,1.24
Honda,City,2017,70902,Petrol,Automatic,Second,Mumbai,4.62
Maruti Suzuki,Alto K10,2012,134782,Petrol,Manual,Second,Chennai,0.77
Mahindra,Scorpio,2009,217729,Diesel,Manual,First,Mumbai,1.53
Hyundai,Verna,2020,74328,Petrol,Manual,Second,Chennai,4.98
Tata,Punch,2020,44363,Petrol,Manual,First,Jaipur,3.33
Toyota,Glanza,2012,163631,Petrol,Automatic,First,Kolkata,1.43
Tata,Altroz,2012,183409,Petrol,Automatic,Second,Delhi,1.31
Hyundai,i20,2015,110446,Petrol,Manual,First,Hyderabad,2.21
Hyundai,Creta,2009,188625,CNG,Manual,First,Bengaluru,1.49
Tata,Punch,2012,109561,Petrol,Manual,Second,Jaipur,1.17
Maruti Suzuki,Alto K10,2012,187140,Petrol,Manual,First,Mumbai,0.75
Tata,Altroz,2025,11695,CNG,Manual,Second,Bengaluru,7.35
Tata,Harrier,2018,107072,Petrol,Manual,Second,Pune,6.68
Mahindra,Scorpio,2011,132299,Diesel,Manual,First,Jaipur,2.13
Mahindra,Bolero,2020,49754,Petrol,Manual,First,Pune,4.94
Mahindra,Bolero,2012,150607,Petrol,Manual,Second,Pune,1.72
Toyota,Innova Crysta,2025,21557,Petrol,Automatic,First,Hyderabad,23.61
Kia,Sonet,2013,157684,Petrol,Manual,First,Hyderabad,1.68
Kia,Sonet,2018,93070,Petrol,Automatic,First,Mumbai,3.84
Toyota,Innova Crysta,2012,126680,Diesel,Automatic,First,Kolkata,3.88
Mahindra,XUV700,2020,64102,Petrol,Manual,First,Delhi,9.45
Toyota,Innova Crysta,2016,125983,Petrol,Automatic,Second,Kolkata,6.06
Mahindra,Scorpio,2011,198713,Diesel,Automatic,Second,Ahmedabad,1.67
Toyota,Fortuner,2010,204023,Petrol,Manual,Second,Hyderabad,5.13
Mahindra,XUV700,2019,57368,Petrol,Manual,Second,Delhi,7.61
Honda,City,2025,18290,Diesel,Automatic,First,Bengaluru,13.14
Tata,Punch,2016,83364,Petrol,Automatic,First,Hyderabad,2.66
Mahindra,XUV700,2014,123814,Petrol,Automatic,First,Delhi,4.57
Maruti Suzuki,Swift,2012,184823,CNG,Automatic,First,Chennai,1.1
Honda,Amaze,2020,53994,Petrol,Automatic,Second,Kochi,3.98
Tata,Nexon,2009,130079,Petrol,Automatic,Fourth & above,Kolkata,1.07
Hyundai,Venue,2011,197128,Petrol,Manual,First,Ahmedabad,1.31
Hyundai,Creta,2022,42059,Petrol,Manual,Third,Chennai,7.76
Hyundai,Venue,2023,32562,Petrol,Automatic,First,Mumbai,8.03
Tata,Punch,2024,10200,Petrol,Automatic,First,Delhi,7.34
Maruti Suzuki,Brezza,2017,73563,Petrol,Automatic,First,Bengaluru,3.99
Mahindra,XUV700,2013,94441,Petrol,Automatic,First,Pune,4.38
Hyundai,i20,2011,147239,Diesel,Manual,First,Pune,1.37
Hyundai,Verna,2023,35044,Diesel,Manual,First,Delhi,9.26
Maruti Suzuki,Swift,2011,160153,Petrol,Manual,First,Jaipur,1.04
Hyundai,Creta,2017,69702,Diesel,Automatic,First,Jaipur,5.44
Honda,Amaze,2025,9383,Petrol,Manual,First,Bengaluru,8.6
Toyota,Fortuner,2019,82282,Petrol,Manual,First,Bengaluru,17.65
Toyota,Innova Crysta,2016,100420,Diesel,Manual,Second,Ahmedabad,5.5
Hyundai,Verna,2018,78544,Petrol,Manual,First,Pune,4.79
Maruti Suzuki,Ertiga,2016,124394,Diesel,Automatic,First,Bengaluru,3.39
Maruti Suzuki,Swift,2020,61050,Petrol,Manual,First,Mumbai,3.57
Maruti Suzuki,Swift,2024,4207,Petrol,Manual,First,Mumbai,5.82
Maruti Suzuki,Ertiga,2009,196179,Diesel,Automatic,First,Chennai,1.19
Mahindra,Bolero,2019,78767,Petrol,Manual,Second,Ahmedabad,3.76
Maruti Suzuki,Baleno,2011,168661,Petrol,Automatic,First,Pune,1.38
Tata,Harrier,2011,183853,Petrol,Manual,First,Hyderabad,2.46
Maruti Suzuki,Ertiga,2017,70249,Petrol,Manual,Second,Delhi,3.62
Maruti Suzuki,Swift,2025,14710,Petrol,Manual,Fourth & above,Mumbai,5.02
Tata,Nexon,2018,123018,Diesel,Manual,First,Hyderabad,3.85
Maruti Suzuki,Brezza,2016,76934,Petrol,Manual,Second,Kolkata,2.77
Honda,Amaze,2015,137417,Petrol,Manual,Second,Ahmedabad,1.86
Maruti Suzuki,Alto K10,2015,111736,Petrol,Manual,First,Kochi,1.11
Maruti Suzuki,Alto K10,2018,74486,Petrol,Manual,Second,Kochi,1.61
Maruti Suzuki,Alto K10,2010,205266,Petrol,Manual,First,Kochi,0.55
Maruti Suzuki,Swift,2022,31258,Petrol,Manual,Second,Ahmedabad,4.2
Tata,Nexon,2015,94444,Petrol,Manual,First,Bengaluru,3.06
Mahindra,Bolero,2024,12561,Petrol,Manual,First,Chennai,8.96
Toyota,Fortuner,2024,11970,Diesel,Manual,Third,Chennai,32.24
Maruti Suzuki,Ertiga,2018,91734,Petrol,Manual,Second,Bengaluru,4.22
Tata,Punch,2016,99719,Petrol,Automatic,First,Kochi,2.32
Maruti Suzuki,Alto K10,2025,13160,Petrol,Manual,First,Bengaluru,4.23
Honda,City,2017,83644,Petrol,Manual,First,Bengaluru,4.62
Tata,Punch,2021,44647,Petrol,Manual,First,Delhi,4.24
Tata,Altroz,2017,107275,Petrol,Manual,First,Mumbai,2.4
Kia,Seltos,2018,75762,Petrol,Manual,First,Delhi,4.77
Toyota,Innova Crysta,2015,117021,Petrol,Manual,First,Kochi,5.73
Honda,City,2011,140739,Diesel,Manual,Second,Hyderabad,1.83
Tata,Altroz,2021,44147,Diesel,Automatic,First,Pune,5.36
Tata,Nexon,2017,115857,Diesel,Automatic,First,Hyderabad,4.44
Maruti Suzuki,Brezza,2015,162474,Diesel,Automatic,First,Jaipur,2.11
Mahindra,XUV700,2009,161716,Diesel,Manual,First,Ahmedabad,2.23
Tata,Altroz,2025,13517,Petrol,Manual,Second,Kochi,7.19
Tata,Altroz,2013,132657,Petrol,Automatic,First,Mumbai,1.7
Toyota,Fortuner,2015,136090,Petrol,Manual,First,Mumbai,10.06
Mahindra,XUV700,2018,71476,Diesel,Manual,Second,Pune,7.47
Kia,Sonet,2020,61940,Petrol,Automatic,Second,Delhi,4.82
Maruti Suzuki,Alto K10,2020,44685,Petrol,Manual,Second,Hyderabad,2.15
Tata,Punch,2016,80064,Petrol,Automatic,Second,Ahmedabad,2.07
Kia,Sonet,2015,109042,Petrol,Manual,First,Hyderabad,2.59
Renault,Kwid,2022,36956,Petrol,Manual,First,Kochi,3.17
Tata,Altroz,2010,169920,Petrol,Manual,First,Ahmedabad,1.04
Toyota,Fortuner,2025,10833,Diesel,Manual,Second,Chennai,40.97
Honda,Amaze,2009,196918,Petrol,Manual,Second,Chennai,0.87
Hyundai,Creta,2022,41722,Diesel,Manual,First,Kochi,9.54
Hyundai,Venue,2011,188994,Diesel,Manual,First,Chennai,1.26
Maruti Suzuki,Swift,2021,50816,Petrol,Manual,First,Kolkata,3.83
Renault,Kwid,2024,17907,CNG,Manual,First,Ahmedabad,3.9
Toyota,Glanza,2022,44694,CNG,Manual,Second,Chennai,4.81
Maruti Suzuki,Baleno,2023,28380,Petrol,Manual,First,Jaipur,5.81
Mahindra,Thar,2018,99971,Petrol,Automatic,Third,Mumbai,5.54
Mahindra,Scorpio,2009,189523,Petrol,Manual,First,Kolkata,1.67
Kia,Seltos,2020,45851,Petrol,Manual,First,Hyderabad,6.86
Renault,Kwid,2019,65038,Petrol,Manual,First,Chennai,2.13
Tata,Harrier,2017,123783,Petrol,Manual,First,Kolkata,5.89
Toyota,Fortuner,2015,99674,Diesel,Manual,Third,Kolkata,7.1
Renault,Kwid,2019,72053,Petrol,Automatic,First,Delhi,2.35
Maruti Suzuki,Alto K10,2017,72083,Petrol,Manual,Second,Kolkata,1.59
Tata,Punch,2018,91298,Petrol,Manual,First,Jaipur,2.76
Maruti Suzuki,Baleno,2025,11273,Petrol,Manual,First,Kolkata,7.48
Kia,Sonet,2012,182516,Petrol,Manual,First,Ahmedabad,1.65
Tata,Altroz,2009,155477,Diesel,Manual,First,Ahmedabad,0.9
Kia,Sonet,2022,30682,Petrol,Manual,First,Mumbai,6.49
Hyundai,Creta,2018,68067,Petrol,Automatic,Second,Kolkata,5.67
Toyota,Fortuner,2015,110667,Petrol,Automatic,Second,Delhi,10.89
Mahindra,Bolero,2011,190509,Petrol,Automatic,Second,Mumbai,1.36
Honda,Amaze,2018,98650,Petrol,Automatic,Second,Bengaluru,3.0
Toyota,Innova Crysta,2016,80816,Diesel,Manual,First,Jaipur,6.14
Maruti Suzuki,Brezza,2016,108962,Petrol,Automatic,Second,Kochi,2.56
Hyundai,Creta,2024,14630,Petrol,Manual,First,Kochi,11.87
Tata,Harrier,2011,208173,CNG,Manual,First,Pune,2.46
Tata,Harrier,2010,186352,Petrol,Manual,First,Kochi,2.07
Mahindra,Thar,2021,52778,Petrol,Manual,First,Chennai,8.47
Kia,Sonet,2024,24796,Diesel,Manual,First,Chennai,8.52
Kia,Seltos,2021,74117,Diesel,Manual,Second,Jaipur,6.28
Maruti Suzuki,Swift,2020,61445,Petrol,Manual,Second,Bengaluru,3.65
Maruti Suzuki,Brezza,2025,20007,Diesel,Manual,Second,Kochi,8.14
Honda,City,2010,203746,Diesel,Manual,First,Chennai,1.36
Mahindra,Thar,2009,154501,Diesel,Automatic,First,Kochi,1.77
Tata,Nexon,2011,172376,Petrol,Manual,First,Jaipur,1.51
Mahindra,Thar,2025,19499,Petrol,Automatic,First,Ahmedabad,14.9
Mahindra,XUV700,2009,178066,Petrol,Manual,Fourth & above,Mumbai,1.8
Kia,Sonet,2024,20665,Diesel,Manual,First,Hyderabad,10.18
Toyota,Glanza,2025,16951,CNG,Manual,First,Mumbai,8.2
Hyundai,i20,2020,62264,Petrol,Manual,First,Chennai,4.34
Toyota,Glanza,2025,18446,Petrol,Automatic,First,Kolkata,7.84
Mahindra,XUV700,2018,81974,Petrol,Manual,First,Kolkata,6.8
Tata,Nexon,2020,58838,CNG,Manual,First,Jaipur,5.16
Kia,Sonet,2011,162546,Diesel,Manual,Third,Pune,1.25
Hyundai,Venue,2012,83885,Petrol,Manual,Second,Bengaluru,2.06
Maruti Suzuki,Swift,2011,146245,Petrol,Manual,Second,Delhi,0.92
Toyota,Innova Crysta,2025,17544,Petrol,Manual,First,Pune,21.99
Kia,Seltos,2009,146976,Diesel,Manual,First,Kolkata,1.6
Hyundai,Venue,2012,121272,CNG,Manual,First,Ahmedabad,1.65
Toyota,Innova Crysta,2015,105379,Diesel,Manual,Third,Hyderabad,4.84
Toyota,Glanza,2022,36198,Petrol,Manual,First,Chennai,5.12
Toyota,Fortuner,2019,53947,Petrol,Manual,Second,Ahmedabad,16.62
Maruti Suzuki,Baleno,2021,29401,Petrol,Manual,First,Jaipur,4.43
Mahindra,XUV700,2020,65915,Diesel,Manual,Second,Mumbai,10.23
Maruti Suzuki,Brezza,2022,18639,Petrol,Manual,Second,Mumbai,6.3
Hyundai,i20,2011,137734,Diesel,Manual,First,Kochi,1.13
Maruti Suzuki,Ertiga,2024,23391,Petrol,Manual,First,Delhi,8.93
Honda,City,2019,59617,Petrol,Manual,First,Pune,5.32
Maruti Suzuki,Ertiga,2015,82147,Petrol,Manual,Second,Delhi,2.71
Mahindra,Scorpio,2013,141324,Diesel,Manual,Second,Kolkata,2.55
Tata,Altroz,2013,188918,Petrol,Manual,First,Pune,1.41
Honda,City,2012,169820,Diesel,Manual,Second,Chennai,1.65
Mahindra,Scorpio,2015,96434,Diesel,Manual,First,Bengaluru,3.64
Hyundai,i20,2023,19693,Petrol,Manual,Fourth & above,Delhi,5.09
Mahindra,XUV700,2023,18855,Petrol,Automatic,Third,Ahmedabad,13.39
Toyota,Glanza,2024,14990,Petrol,Manual,First,Pune,6.82
Mahindra,Bolero,2010,134894,Diesel,Manual,Second,Chennai,1.3
Maruti Suzuki,Alto K10,2014,115879,Petrol,Automatic,Second,Delhi,1.02
Maruti Suzuki,Alto K10,2025,15671,Petrol,Manual,First,Hyderabad,4.25
Toyota,Glanza,2023,18030,Petrol,Automatic,First,Pune,6.77
Maruti Suzuki,Swift,2022,32158,Petrol,Manual,First,Jaipur,4.06
Mahindra,XUV700,2014,137903,Petrol,Manual,Second,Kolkata,3.85
Toyota,Innova Crysta,2011,175320,Diesel,Automatic,First,Pune,3.54
Tata,Nexon,2024,11658,Diesel,Manual,Third,Kolkata,7.92
Toyota,Fortuner,2018,92164,Petrol,Manual,Second,Delhi,14.26
Toyota,Innova Crysta,2022,35351,Petrol,Manual,Second,Kolkata,12.42
Honda,City,2009,192806,Petrol,Manual,Second,Kochi,1.42
Kia,Sonet,2014,140198,Petrol,Automatic,Second,Chennai,2.01
Mahindra,Thar,2011,119599,Diesel,Manual,Second,Bengaluru,2.45
Maruti Suzuki,Brezza,2020,46993,Diesel,Manual,First,Jaipur,5.36
Mahindra,Thar,2022,37682,Diesel,Manual,First,Jaipur,10.97
Maruti Suzuki,Brezza,2013,133545,Diesel,Manual,Second,Pune,1.71
Mahindra,XUV700,2015,122829,Diesel,Manual,First,Kolkata,4.63
Toyota,Fortuner,2021,60640,Petrol,Manual,First,Bengaluru,23.14
Mahindra,Bolero,2021,46697,Petrol,Automatic,First,Mumbai,6.51
Honda,City,2021,60754,CNG,Manual,First,Hyderabad,6.64
Mahindra,Scorpio,2023,24650,Diesel,Manual,First,Chennai,11.76
Toyota,Glanza,2017,118428,Petrol,Manual,Third,Delhi,2.3
Hyundai,i20,2017,69672,Diesel,Manual,Third,Kochi,2.56
Mahindra,Scorpio,2015,85927,Petrol,Manual,Fourth & above,Mumbai,3.18
Maruti Suzuki,Brezza,2009,142145,Petrol,Manual,Second,Mumbai,1.11
Maruti Suzuki,Baleno,2011,129481,Petrol,Automatic,Second,Chennai,1.27
Tata,Harrier,2020,52657,CNG,Manual,First,Pune,8.79
Hyundai,Verna,2022,34347,Petrol,Automatic,First,Kolkata,7.79
Toyota,Glanza,2019,64814,Petrol,Manual,First,Kochi,3.61
Mahindra,Bolero,2017,56488,Petrol,Manual,Third,Kochi,3.13
Tata,Harrier,2022,35695,Petrol,Manual,Third,Pune,8.89
Mahindra,XUV700,2015,126037,Diesel,Automatic,First,Hyderabad,4.92
Tata,Harrier,2016,92675,CNG,Manual,First,Delhi,5.19
Tata,Altroz,2009,210131,Petrol,Manual,First,Hyderabad,0.88
Maruti Suzuki,Swift,2010,185364,Petrol,Automatic,Third,Hyderabad,0.81
Honda,City,2012,143402,Petrol,Manual,First,Delhi,2.36
Tata,Punch,2023,27139,Petrol,Manual,Third,Mumbai,4.83
Toyota,Glanza,2025,7464,Petrol,Manual,Second,Mumbai,6.79
Maruti Suzuki,Ertiga,2024,16148,Diesel,Automatic,First,Chennai,10.52
Tata,Nexon,2020,70155,Petrol,Manual,First,Hyderabad,5.21
Toyota,Innova Crysta,2009,182794,Petrol,Manual,Third,Jaipur,1.98
Kia,Seltos,2011,134668,Petrol,Manual,First,Bengaluru,2.02
Maruti Suzuki,Swift,2024,12522,Petrol,Manual,First,Hyderabad,5.92
Toyota,Glanza,2023,24799,Petrol,Automatic,Third,Jaipur,5.5
Maruti Suzuki,Ertiga,2016,91062,Petrol,Automatic,First,Kolkata,3.42
Maruti Suzuki,Swift,2020,65548,Petrol,Automatic,First,Kolkata,3.59
Maruti Suzuki,Ertiga,2015,106661,CNG,Automatic,First,Jaipur,2.67
Mahindra,Scorpio,2013,122163,Petrol,Manual,Second,Kolkata,2.69
Maruti Suzuki,Ertiga,2021,60069,Petrol,Automatic,First,Kolkata,6.54
Kia,Sonet,2014,158763,CNG,Manual,Third,Mumbai,1.69
Tata,Nexon,2024,14912,CNG,Automatic,Second,Kolkata,8.29
Tata,Punch,2023,22561,CNG,Manual,First,Kolkata,5.3
Hyundai,Creta,2012,163832,Diesel,Automatic,First,Hyderabad,2.29
Maruti Suzuki,Ertiga,2016,77528,Petrol,Automatic,First,Pune,3.41
Hyundai,Creta,2011,175949,Diesel,Manual,First,Kochi,1.85
Maruti Suzuki,Alto K10,2009,182659,Petrol,Manual,First,Chennai,0.54
Honda,City,2010,151123,Diesel,Automatic,First,Jaipur,1.78
Maruti Suzuki,Baleno,2013,136347,Petrol,Manual,First,Ahmedabad,1.42
Toyota,Glanza,2015,128934,Petrol,Manual,First,Bengaluru,2.26
Renault,Kwid,2024,15125,Petrol,Manual,First,Pune,4.26
Mahindra,Thar,2009,181341,Diesel,Manual,Second,Bengaluru,1.74
Maruti Suzuki,Alto K10,2010,214782,CNG,Manual,First,Mumbai,0.55
Kia,Seltos,2020,65453,Diesel,Automatic,Second,Kochi,6.9
Maruti Suzuki,Swift,2024,10209,Petrol,Automatic,Second,Pune,6.18
Toyota,Fortuner,2025,19877,Petrol,Manual,First,Bengaluru,42.39
Tata,Harrier,2017,86720,Petrol,Manual,First,Pune,6.44
Hyundai,i20,2020,57321,Petrol,Manual,First,Kochi,3.92
Tata,Nexon,2014,80831,Diesel,Manual,First,Ahmedabad,2.38
Hyundai,Venue,2025,11983,CNG,Automatic,First,Mumbai,9.42
Maruti Suzuki,Swift,2009,181891,Petrol,Automatic,First,Ahmedabad,0.81
Toyota,Fortuner,2014,132268,Petrol,Manual,Third,Delhi,8.14
Kia,Seltos,2013,133840,Diesel,Manual,First,Chennai,2.31
Toyota,Fortuner,2020,50615,Petrol,Automatic,Second,Delhi,21.08
Kia,Seltos,2024,16642,Petrol,Manual,First,Kochi,11.05
Mahindra,Thar,2012,187368,Petrol,Manual,First,Jaipur,2.39
Maruti Suzuki,Brezza,2010,170828,Diesel,Manual,First,Delhi,1.14
Hyundai,Verna,2011,165903,Diesel,Manual,First,Ahmedabad,1.62
Mahindra,Bolero,2024,11213,Diesel,Manual,Second,Ahmedabad,7.95
Maruti Suzuki,Baleno,2020,69083,Petrol,Manual,First,Hyderabad,3.84
Maruti Suzuki,Baleno,2023,32961,Petrol,Manual,Third,Kochi,4.37
Toyota,Innova Crysta,2013,180511,Petrol,Manual,First,Kolkata,3.78
Tata,Nexon,2014,92097,Diesel,Manual,Second,Kochi,2.22
Honda,City,2018,92466,Diesel,Manual,Third,Ahmedabad,4.57
Tata,Harrier,2009,170155,Petrol,Manual,First,Kolkata,2.2
Hyundai,i20,2019,84648,Petrol,Manual,First,Mumbai,3.74
Renault,Kwid,2024,5982,Petrol,Automatic,Second,Jaipur,4.02
Maruti Suzuki,Swift,2017,101036,Petrol,Manual,First,Ahmedabad,2.29
Kia,Seltos,2018,82330,CNG,Manual,Fourth & above,Chennai,3.8
Tata,Punch,2010,142939,Petrol,Manual,First,Kolkata,1.08
Kia,Seltos,2021,68157,Diesel,Manual,Second,Chennai,7.44
Hyundai,Creta,2016,74214,Diesel,Manual,First,Kolkata,3.73
Honda,Amaze,2011,143469,Petrol,Automatic,First,Jaipur,1.36
Mahindra,XUV700,2015,120179,Diesel,Automatic,First,Kolkata,4.79
Tata,Nexon,2016,93145,Petrol,Manual,Second,Delhi,3.12
Kia,Seltos,2021,62558,Petrol,Manual,First,Bengaluru,7.31
Mahindra,XUV700,2011,174423,Diesel,Manual,Second,Bengaluru,2.65
Mahindra,Scorpio,2017,84279,Petrol,Automatic,Second,Delhi,5.23
Mahindra,Bolero,2017,116901,Petrol,Automatic,Second,Delhi,3.62
Maruti Suzuki,Ertiga,2021,49971,Petrol,Manual,First,Hyderabad,6.37
Maruti Suzuki,Brezza,2013,121765,Petrol,Manual,First,Jaipur,1.81
Kia,Seltos,2009,146140,Diesel,Automatic,First,Ahmedabad,1.65
Kia,Sonet,2024,16671,Petrol,Manual,Second,Jaipur,7.85
Mahindra,Bolero,2020,58548,Petrol,Manual,First,Jaipur,5.07
Renault,Kwid,2021,60091,CNG,Automatic,First,Mumbai,2.86
Tata,Punch,2009,150503,Petrol,Automatic,Third,Kochi,0.92
Tata,Altroz,2021,44907,Petrol,Manual,First,Mumbai,5.08
Hyundai,Verna,2023,24833,Diesel,Manual,First,Kolkata,8.69
Maruti Suzuki,Brezza,2015,98311,Petrol,Automatic,First,Chennai,2.65
Maruti Suzuki,Swift,2014,149931,Petrol,Manual,Third,Chennai,1.32
Mahindra,Bolero,2010,210746,Diesel,Manual,First,Pune,1.09
Maruti Suzuki,Swift,2024,13111,Petrol,Automatic,Second,Mumbai,6.03
Mahindra,Scorpio,2010,180469,Petrol,Automatic,First,Mumbai,2.09
Maruti Suzuki,Baleno,2020,70278,Petrol,Manual,First,Chennai,3.82
Hyundai,Creta,2023,32941,Diesel,Automatic,First,Ahmedabad,11.53
Maruti Suzuki,Alto K10,2014,156057,Petrol,Automatic,Second,Kolkata,0.92
Tata,Nexon,2015,141726,CNG,Automatic,Second,Mumbai,2.61
Mahindra,Thar,2009,170672,Petrol,Manual,Third,Ahmedabad,1.52
Mahindra,Scorpio,2012,172074,Petrol,Manual,Third,Chennai,2.23
Tata,Punch,2019,79944,Petrol,Manual,First,Pune,3.48
Honda,Amaze,2012,104609,Petrol,Automatic,First,Ahmedabad,1.81
Toyota,Glanza,2020,62045,Petrol,Automatic,Second,Bengaluru,3.82
Tata,Punch,2021,46185,Petrol,Manual,First,Jaipur,4.18
Mahindra,Scorpio,2010,169636,Petrol,Manual,First,Delhi,1.87
Kia,Seltos,2010,157479,Petrol,Manual,Second,Jaipur,1.62
Maruti Suzuki,Swift,2025,19029,Petrol,Manual,Second,Mumbai,5.92
Tata,Altroz,2025,10677,Diesel,Automatic,First,Delhi,9.8
Maruti Suzuki,Baleno,2019,61873,Petrol,Automatic,Second,Chennai,3.42
Mahindra,Bolero,2021,31343,Petrol,Manual,First,Ahmedabad,5.83
Kia,Sonet,2022,36880,Diesel,Manual,First,Mumbai,6.31
Toyota,Innova Crysta,2014,139459,Diesel,Manual,Second,Kolkata,3.92
Toyota,Fortuner,2014,119460,Petrol,Manual,Second,Pune,9.11
Mahindra,Scorpio,2017,109703,Diesel,Manual,First,Bengaluru,5.39
Mahindra,XUV700,2023,21627,Petrol,Manual,Second,Chennai,13.93
Kia,Seltos,2021,38324,Petrol,Automatic,Second,Kolkata,7.67
Mahindra,Bolero,2019,59612,Diesel,Automatic,First,Chennai,5.16
Renault,Kwid,2020,58218,CNG,Automatic,Second,Kochi,2.24
Mahindra,XUV700,2018,66047,Petrol,Manual,First,Kolkata,7.83
Maruti Suzuki,Brezza,2012,128582,Diesel,Manual,First,Bengaluru,1.56
Tata,Nexon,2023,28708,Petrol,Automatic,First,Delhi,8.76
Kia,Sonet,2023,25358,Diesel,Manual,First,Delhi,8.05
Tata,Altroz,2025,16813,CNG,Manual,Second,Bengaluru,6.89
Maruti Suzuki,Brezza,2017,78863,Petrol,Manual,First,Hyderabad,3.34
Hyundai,Venue,2021,54222,CNG,Manual,Second,Kolkata,4.72
Maruti Suzuki,Brezza,2021,39572,CNG,Manual,First,Delhi,5.39
Hyundai,Creta,2020,57279,Diesel,Manual,First,Mumbai,7.46
Renault,Kwid,2011,120042,Petrol,Manual,First,Hyderabad,0.83
Hyundai,Creta,2016,124967,Diesel,Manual,First,Ahmedabad,3.54
Honda,City,2019,50940,Petrol,Manual,Fourth & above,Jaipur,4.09
Maruti Suzuki,Swift,2010,165345,CNG,Manual,First,Jaipur,0.87
Kia,Seltos,2011,164279,Diesel,Manual,First,Kolkata,1.86
Hyundai,i20,2014,97734,Petrol,Manual,First,Delhi,2.22
Kia,Seltos,2012,135003,Diesel,Manual,First,Kochi,2.29
Tata,Altroz,2018,79180,Diesel,Manual,First,Jaipur,3.51
Maruti Suzuki,Baleno,2021,71831,Petrol,Automatic,Second,Kolkata,3.96
Kia,Seltos,2015,114716,Diesel,Automatic,First,Hyderabad,3.56
Toyota,Glanza,2018,78164,Petrol,Manual,First,Delhi,3.18
Kia,Sonet,2017,86604,Diesel,Manual,Second,Bengaluru,3.54
Maruti Suzuki,Swift,2024,15395,Petrol,Automatic,First,Bengaluru,6.82
Mahindra,Scorpio,2019,45608,Petrol,Manual,First,Delhi,6.34
Maruti Suzuki,Alto K10,2020,37483,Petrol,Manual,First,Kochi,2.43
Hyundai,Verna,2012,145741,Petrol,Manual,First,Ahmedabad,1.95
Toyota,Innova Crysta,2019,55157,Petrol,Manual,Third,Kochi,8.25
Tata,Punch,2017,119258,Petrol,Automatic,Second,Chennai,2.5
Tata,Harrier,2021,47890,CNG,Manual,First,Mumbai,10.83
Tata,Harrier,2009,186394,Petrol,Manual,First,Hyderabad,2.12
Hyundai,Verna,2016,109841,Diesel,Manual,First,Kochi,3.36
Kia,Seltos,2022,23011,Diesel,Manual,First,Ahmedabad,9.8
Maruti Suzuki,Baleno,2025,9570,Petrol,Manual,Third,Kochi,6.38
Tata,Punch,2012,149218,CNG,Manual,First,Mumbai,1.18
Toyota,Glanza,2018,79787,Petrol,Manual,Second,Bengaluru,3.07
Toyota,Glanza,2019,80656,Petrol,Automatic,Third,Delhi,3.18
Maruti Suzuki,Brezza,2021,44872,Diesel,Manual,First,Delhi,6.42
Honda,City,2019,67231,Petrol,Manual,First,Kolkata,5.74
Tata,Nexon,2015,91640,Petrol,Manual,Second,Hyderabad,2.51
Toyota,Innova Crysta,2016,118422,Petrol,Automatic,First,Chennai,7.24
Mahindra,XUV700,2014,113585,Petrol,Manual,First,Ahmedabad,4.08
Honda,City,2021,46071,Petrol,Automatic,Second,Bengaluru,7.2
Renault,Kwid,2020,49773,Petrol,Automatic,Second,Ahmedabad,2.47
Mahindra,Thar,2011,157431,Diesel,Automatic,Second,Jaipur,2.14
Renault,Kwid,2019,63193,Petrol,Manual,First,Kochi,2.23
Kia,Sonet,2014,103968,CNG,Manual,Second,Delhi,2.16
Mahindra,Thar,2010,160026,Petrol,Automatic,First,Kochi,2.3
Toyota,Innova Crysta,2022,29473,Diesel,Automatic,First,Pune,15.98
Toyota,Innova Crysta,2020,69721,Petrol,Automatic,Third,Hyderabad,10.32
Kia,Seltos,2013,126305,CNG,Manual,First,Chennai,2.39
Renault,Kwid,2018,64345,Petrol,Manual,Second,Mumbai,1.91
Kia,Seltos,2009,188920,Petrol,Manual,Second,Kolkata,1.42
Maruti Suzuki,Alto K10,2015,99858,Petrol,Manual,Second,Mumbai,1.06
Toyota,Glanza,2022,39890,Petrol,Manual,Second,Ahmedabad,4.57
Maruti Suzuki,Baleno,2021,63637,Petrol,Automatic,First,Ahmedabad,4.38
Maruti Suzuki,Swift,2015,151415,Petrol,Automatic,First,Kolkata,1.75
Toyota,Fortuner,2012,150682,Diesel,Manual,First,Delhi,6.23
Mahindra,Scorpio,2009,192580,Petrol,Manual,First,Pune,1.72
Honda,Amaze,2024,19821,CNG,Automatic,Second,Ahmedabad,6.76
Maruti Suzuki,Baleno,2021,64998,CNG,Automatic,Second,Kolkata,3.91
Maruti Suzuki,Alto K10,2018,83802,Petrol,Manual,First,Jaipur,1.56
Honda,City,2012,111975,Diesel,Manual,First,Jaipur,2.08
Hyundai,Verna,2025,13475,Petrol,Automatic,First,Jaipur,11.59
Mahindra,XUV700,2010,222073,Diesel,Manual,First,Kochi,2.18
Hyundai,Verna,2021,65513,Diesel,Manual,Second,Kochi,6.07
Hyundai,Creta,2014,116931,CNG,Automatic,Second,Mumbai,3.02
Mahindra,Thar,2014,129953,Petrol,Manual,First,Jaipur,3.22
Toyota,Fortuner,2010,149504,Petrol,Automatic,First,Bengaluru,6.18
Maruti Suzuki,Alto K10,2013,168216,CNG,Manual,First,Delhi,0.85
Kia,Sonet,2020,44543,Petrol,Automatic,First,Kochi,5.5
Honda,Amaze,2015,109054,Petrol,Manual,First,Kolkata,2.05
Hyundai,Venue,2011,163842,CNG,Manual,Second,Jaipur,1.34
Tata,Nexon,2011,139395,Petrol,Manual,First,Chennai,1.67
Tata,Nexon,2011,134388,Diesel,Manual,Second,Kolkata,1.44
Honda,Amaze,2023,26578,Petrol,Manual,First,Mumbai,6.42
Honda,Amaze,2012,178463,Petrol,Manual,Second,Hyderabad,1.22
Tata,Harrier,2016,85208,Diesel,Automatic,Third,Chennai,4.39
Tata,Nexon,2017,62247,Diesel,Manual,Second,Ahmedabad,3.35
Maruti Suzuki,Swift,2016,135311,Petrol,Manual,First,Chennai,1.87
Toyota,Innova Crysta,2010,163428,Diesel,Manual,First,Chennai,2.88
Toyota,Fortuner,2023,31457,Petrol,Manual,First,Chennai,31.03
Renault,Kwid,2025,11374,Petrol,Manual,First,Jaipur,4.6
Renault,Kwid,2025,17451,Petrol,Automatic,Second,Mumbai,4.86
Maruti Suzuki,Baleno,2020,73750,Petrol,Automatic,Fourth & above,Kochi,2.92
Mahindra,Thar,2011,147431,Petrol,Manual,First,Mumbai,2.57
Maruti Suzuki,Brezza,2024,20766,Petrol,Manual,First,Kochi,7.96
Honda,City,2023,12043,Diesel,Manual,First,Hyderabad,10.27
Maruti Suzuki,Baleno,2011,143213,Petrol,Manual,First,Ahmedabad,1.15
Tata,Harrier,2017,96399,CNG,Manual,Fourth & above,Pune,4.72
Toyota,Glanza,2013,108014,Petrol,Manual,First,Mumbai,1.67
Maruti Suzuki,Brezza,2021,52765,Petrol,Manual,Second,Ahmedabad,4.99
Honda,Amaze,2009,158033,Petrol,Manual,Third,Pune,0.93
Kia,Sonet,2012,152090,Petrol,Automatic,First,Kolkata,1.77
Kia,Sonet,2014,102903,Diesel,Automatic,First,Kochi,2.33
Toyota,Glanza,2013,142368,Petrol,Manual,Second,Pune,1.51
Hyundai,Creta,2009,185058,Diesel,Automatic,Second,Delhi,1.52
Tata,Harrier,2022,31310,Petrol,Manual,First,Kolkata,11.66
Renault,Kwid,2017,100796,Petrol,Automatic,Second,Hyderabad,1.69
Tata,Harrier,2018,81449,Diesel,Manual,First,Bengaluru,7.94
Hyundai,Verna,2021,54976,Petrol,Automatic,First,Bengaluru,7.23
Hyundai,i20,2017,81446,Diesel,Manual,Second,Ahmedabad,2.93
Mahindra,XUV700,2017,101019,Petrol,Manual,First,Bengaluru,6.09
Hyundai,Creta,2012,144209,Petrol,Automatic,First,Mumbai,2.81
Hyundai,Verna,2020,53871,Petrol,Automatic,First,Jaipur,6.42
Toyota,Glanza,2017,95457,Petrol,Automatic,Second,Kolkata,2.41
Maruti Suzuki,Alto K10,2019,81192,Petrol,Automatic,Third,Ahmedabad,1.62
Hyundai,Creta,2011,148093,Petrol,Manual,First,Bengaluru,2.37
Maruti Suzuki,Alto K10,2015,114553,CNG,Automatic,First,Kochi,1.26
Kia,Sonet,2024,12005,Petrol,Manual,First,Pune,8.65
Maruti Suzuki,Baleno,2025,12439,Petrol,Manual,Second,Kolkata,6.41
Hyundai,Venue,2019,62551,Diesel,Manual,First,Mumbai,4.91
Toyota,Fortuner,2011,140543,Petrol,Manual,Second,Jaipur,5.48
Maruti Suzuki,Swift,2024,7064,Petrol,Manual,Second,Chennai,5.03
Kia,Seltos,2014,108432,Petrol,Manual,First,Kochi,3.23
Tata,Nexon,2016,67701,Petrol,Manual,First,Bengaluru,3.61
Tata,Harrier,2025,14247,Petrol,Automatic,First,Delhi,18.7
Hyundai,Venue,2017,65769,Petrol,Manual,First,Kolkata,3.69
Maruti Suzuki,Baleno,2013,106934,Petrol,Manual,First,Mumbai,1.64
Renault,Kwid,2013,161997,Petrol,Manual,Second,Hyderabad,0.96
Tata,Nexon,2017,80696,Diesel,Manual,First,Hyderabad,3.95
Mahindra,Scorpio,2017,102901,Petrol,Manual,Second,Bengaluru,4.46
Tata,Altroz,2022,24356,Diesel,Manual,First,Bengaluru,6.27
Maruti Suzuki,Baleno,2022,39359,Petrol,Manual,Second,Kochi,4.59
Tata,Harrier,2024,8699,Petrol,Manual,First,Bengaluru,16.77
Mahindra,XUV700,2013,124904,Petrol,Manual,First,Hyderabad,3.96
Honda,City,2022,48549,Petrol,Automatic,Third,Pune,6.77
Toyota,Glanza,2021,52515,Petrol,Manual,Second,Mumbai,4.33
Tata,Harrier,2011,179012,Petrol,Manual,First,Delhi,2.58
Mahindra,Scorpio,2016,119300,Petrol,Manual,Third,Kolkata,3.28
Toyota,Fortuner,2015,92029,Petrol,Manual,Third,Bengaluru,8.72
Tata,Harrier,2012,172567,Petrol,Automatic,First,Kolkata,3.15
Tata,Altroz,2023,27120,Petrol,Manual,First,Delhi,6.41
Mahindra,Bolero,2020,37095,Petrol,Automatic,First,Pune,5.79
Maruti Suzuki,Baleno,2013,156725,Petrol,Manual,First,Chennai,1.37
Mahindra,Bolero,2014,167505,Diesel,Manual,First,Delhi,2.18
Hyundai,Venue,2020,48557,Petrol,Manual,First,Kolkata,5.02
Renault,Kwid,2011,164092,Petrol,Manual,First,Chennai,0.75
Honda,Amaze,2016,98395,Petrol,Manual,First,Ahmedabad,2.86
Tata,Nexon,2019,54465,Petrol,Manual,First,Kochi,4.96
Honda,City,2024,10657,Diesel,Manual,First,Jaipur,9.44
Maruti Suzuki,Baleno,2015,129936,Petrol,Manual,Second,Chennai,1.77
Toyota,Glanza,2012,159565,Petrol,Manual,Second,Delhi,1.27
Mahindra,Scorpio,2022,31173,Petrol,Manual,First,Bengaluru,11.07
Hyundai,Creta,2010,181065,Diesel,Automatic,Fourth & above,Pune,1.37
Maruti Suzuki,Brezza,2023,22539,Petrol,Manual,Second,Jaipur,6.36
Kia,Seltos,2019,60410,CNG,Manual,First,Chennai,5.66
Toyota,Fortuner,2022,28324,Diesel,Manual,Second,Mumbai,28.69
Tata,Harrier,2010,157387,Petrol,Manual,Third,Kochi,1.89
Mahindra,Bolero,2013,182673,Diesel,Manual,First,Jaipur,1.6
Honda,Amaze,2021,62933,Petrol,Manual,First,Kochi,4.33
Mahindra,Bolero,2012,132122,Diesel,Manual,Third,Bengaluru,1.41
Hyundai,Venue,2022,38837,Petrol,Manual,Third,Kolkata,5.29
Toyota,Glanza,2023,22820,Petrol,Automatic,Second,Chennai,5.85
Kia,Seltos,2013,154159,Petrol,Manual,First,Kochi,2.57
Kia,Seltos,2020,68801,Diesel,Manual,Second,Delhi,6.33
Mahindra,Scorpio,2012,113926,Petrol,Manual,First,Mumbai,2.7
Kia,Sonet,2025,19285,CNG,Manual,Second,Delhi,7.69
Maruti Suzuki,Swift,2014,127561,Petrol,Manual,Second,Jaipur,1.31
Maruti Suzuki,Ertiga,2017,104815,Diesel,Manual,First,Ahmedabad,3.63
Maruti Suzuki,Baleno,2016,123469,Petrol,Automatic,Fourth & above,Kochi,1.86
Hyundai,Venue,2023,31452,Petrol,Manual,First,Delhi,7.24
Kia,Sonet,2011,164464,Diesel,Manual,Third,Chennai,1.13
Honda,Amaze,2018,87788,CNG,Manual,Second,Kolkata,2.77
Mahindra,Scorpio,2011,145749,Petrol,Manual,First,Delhi,2.27
Toyota,Glanza,2022,30249,Petrol,Automatic,Second,Delhi,5.3
Honda,City,2017,84662,Diesel,Automatic,First,Hyderabad,4.44
Toyota,Fortuner,2024,18879,Petrol,Manual,Third,Bengaluru,29.83
Hyundai,Verna,2010,166970,Diesel,Manual,First,Jaipur,1.23
Toyota,Glanza,2017,101351,Petrol,Automatic,First,Bengaluru,2.84
Kia,Sonet,2009,171354,Diesel,Manual,Fourth & above,Mumbai,0.81
Hyundai,Creta,2018,66454,Diesel,Manual,First,Bengaluru,6.53
Hyundai,Verna,2012,134391,CNG,Manual,First,Kolkata,2.02
Maruti Suzuki,Swift,2015,127771,Petrol,Manual,First,Jaipur,1.71
Honda,City,2009,167338,Diesel,Manual,Second,Hyderabad,1.3
Tata,Nexon,2015,132409,CNG,Manual,First,Mumbai,2.71
Mahindra,Thar,2012,130175,Diesel,Manual,First,Kolkata,2.59
Toyota,Innova Crysta,2017,94545,Diesel,Manual,First,Kolkata,8.09
Hyundai,Venue,2024,5280,Diesel,Manual,First,Pune,9.05
Mahindra,Scorpio,2014,147205,Diesel,Automatic,Second,Mumbai,2.91
Mahindra,Scorpio,2020,52164,Petrol,Automatic,Second,Delhi,7.5
Kia,Sonet,2024,11020,Petrol,Manual,Second,Delhi,8.18
Tata,Nexon,2018,56998,Petrol,Manual,First,Bengaluru,4.78
Kia,Sonet,2014,117179,Diesel,Manual,Second,Pune,1.98
Mahindra,Thar,2012,148911,Petrol,Automatic,Fourth & above,Kolkata,2.29
Maruti Suzuki,Baleno,2016,106191,Petrol,Automatic,First,Mumbai,2.36
Hyundai,Venue,2017,79626,Petrol,Manual,First,Chennai,3.34
Renault,Kwid,2017,102006,Petrol,Manual,Second,Pune,1.6
Tata,Punch,2009,153730,Petrol,Manual,First,Delhi,0.92
Mahindra,XUV700,2009,178772,Diesel,Manual,First,Bengaluru,2.11
Hyundai,Venue,2011,146944,CNG,Automatic,Second,Hyderabad,1.36
Tata,Nexon,2021,72972,CNG,Manual,First,Delhi,5.62
Tata,Harrier,2024,11925,Diesel,Manual,Second,Ahmedabad,14.49
Hyundai,i20,2014,127138,Diesel,Manual,First,Ahmedabad,1.72
Mahindra,XUV700,2024,11757,Petrol,Manual,First,Jaipur,17.33
Toyota,Innova Crysta,2024,16020,Petrol,Manual,Second,Mumbai,18.23
Tata,Nexon,2018,71833,Diesel,Manual,Second,Bengaluru,3.9
Maruti Suzuki,Ertiga,2009,169475,Petrol,Manual,Fourth & above,Chennai,1.0
Maruti Suzuki,Ertiga,2017,110619,Petrol,Manual,First,Hyderabad,3.45
Honda,City,2018,74270,Petrol,Manual,Second,Ahmedabad,4.14
Tata,Altroz,2017,44884,CNG,Manual,Second,Hyderabad,2.9
Honda,Amaze,2025,10409,Petrol,Automatic,First,Hyderabad,8.36
Hyundai,i20,2017,67859,Diesel,Automatic,First,Ahmedabad,3.61
Maruti Suzuki,Alto K10,2016,75664,Petrol,Automatic,First,Jaipur,1.52
Hyundai,Creta,2024,18020,Diesel,Manual,First,Jaipur,13.76
Tata,Nexon,2025,11315,Petrol,Manual,Second,Kochi,9.1
Toyota,Glanza,2013,107598,Petrol,Manual,First,Jaipur,1.7
Maruti Suzuki,Ertiga,2024,10820,Diesel,Manual,First,Chennai,10.39
Toyota,Glanza,2011,143082,Petrol,Manual,Second,Delhi,1.22
Honda,City,2018,80374,Diesel,Manual,First,Mumbai,5.64
Mahindra,Scorpio,2018,80581,Petrol,Manual,First,Delhi,5.85
Honda,Amaze,2018,52889,Petrol,Manual,Third,Jaipur,2.77
Mahindra,Scorpio,2017,86044,Petrol,Manual,Third,Jaipur,4.12
Tata,Punch,2011,146231,Petrol,Manual,Third,Chennai,0.99
Mahindra,Thar,2024,12139,Diesel,Manual,Second,Pune,13.67
Tata,Punch,2011,185035,Petrol,Manual,Second,Ahmedabad,1.0
Toyota,Fortuner,2011,121960,Petrol,Manual,Second,Ahmedabad,5.94
Mahindra,XUV700,2013,131384,Diesel,Automatic,First,Delhi,3.72
Maruti Suzuki,Swift,2009,203522,Petrol,Automatic,First,Pune,0.84
Honda,City,2025,11244,CNG,Manual,First,Kochi,11.49
Renault,Kwid,2009,202926,Petrol,Manual,First,Mumbai,0.52
Hyundai,Verna,2018,71293,Diesel,Manual,Second,Kochi,4.32
Hyundai,i20,2021,40925,Petrol,Manual,Third,Pune,4.42
Mahindra,XUV700,2018,86304,Petrol,Manual,First,Chennai,7.12
Honda,Amaze,2019,78716,Petrol,Manual,First,Kolkata,3.46
Toyota,Glanza,2025,12403,Petrol,Manual,First,Jaipur,7.27
Toyota,Innova Crysta,2022,33077,Petrol,Manual,Third,Mumbai,12.35
Toyota,Glanza,2013,139658,CNG,Manual,First,Kolkata,1.39
Maruti Suzuki,Baleno,2019,71119,CNG,Automatic,Third,Delhi,3.02
Tata,Harrier,2010,157030,Petrol,Automatic,Third,Jaipur,2.18
Kia,Sonet,2023,38581,Petrol,Manual,First,Kochi,6.87
Hyundai,Creta,2014,103650,Petrol,Manual,Second,Pune,2.94
Maruti Suzuki,Baleno,2012,114378,Petrol,Manual,First,Pune,1.36
Tata,Altroz,2019,80327,Petrol,Automatic,Third,Kolkata,2.96
Hyundai,Venue,2012,111399,Diesel,Manual,First,Jaipur,1.68
Toyota,Glanza,2016,108009,Petrol,Manual,Fourth & above,Chennai,1.83
Maruti Suzuki,Ertiga,2022,35035,Petrol,Manual,First,Bengaluru,6.72
Maruti Suzuki,Brezza,2016,68263,Petrol,Manual,Second,Hyderabad,2.85
Maruti Suzuki,Baleno,2009,164083,CNG,Automatic,Second,Pune,0.92
Toyota,Fortuner,2015,101114,Diesel,Manual,First,Pune,9.76
Hyundai,i20,2024,16431,Petrol,Manual,Second,Kochi,5.89
Tata,Nexon,2010,170253,CNG,Manual,Second,Kolkata,1.17
Renault,Kwid,2013,160656,Petrol,Manual,Second,Jaipur,0.81
Tata,Nexon,2015,69786,Petrol,Manual,Second,Bengaluru,2.97
Tata,Altroz,2018,74037,CNG,Automatic,First,Mumbai,3.61
Mahindra,Bolero,2013,105480,Diesel,Manual,First,Chennai,2.12
Toyota,Innova Crysta,2018,76018,Petrol,Manual,Second,Delhi,7.87
Tata,Altroz,2015,106593,Petrol,Automatic,First,Hyderabad,2.38
Honda,Amaze,2015,119637,Petrol,Manual,First,Chennai,2.32
Honda,Amaze,2018,77419,Petrol,Automatic,First,Kolkata,3.32
Mahindra,XUV700,2023,13421,Petrol,Automatic,First,Kolkata,16.45
Hyundai,Verna,2024,19550,Petrol,Manual,First,Pune,9.68
Tata,Harrier,2019,41338,CNG,Manual,First,Pune,8.32
Hyundai,i20,2011,170695,Petrol,Manual,Second,Chennai,1.19
Tata,Nexon,2020,75992,Diesel,Manual,First,Mumbai,5.63
Renault,Kwid,2017,131079,Petrol,Manual,First,Chennai,1.5
Maruti Suzuki,Brezza,2012,139376,Petrol,Manual,Third,Delhi,1.43
Tata,Harrier,2010,148639,Petrol,Manual,Second,Delhi,2.27
Maruti Suzuki,Brezza,2020,23988,Petrol,Automatic,Second,Kochi,5.21
Kia,Seltos,2018,70118,Petrol,Automatic,First,Kolkata,5.66
Hyundai,Creta,2025,15246,Petrol,Manual,First,Chennai,13.42
Mahindra,Thar,2012,138221,Diesel,Manual,Second,Kochi,2.17
Mahindra,Thar,2025,13707,Petrol,Manual,First,Mumbai,14.91
Maruti Suzuki,Swift,2009,145726,Petrol,Automatic,First,Hyderabad,0.9
Toyota,Innova Crysta,2021,56647,Petrol,Manual,Second,Ahmedabad,10.85
Tata,Harrier,2010,196587,Petrol,Automatic,Second,Delhi,2.25
Tata,Punch,2021,31596,Petrol,Manual,First,Bengaluru,4.74
Tata,Punch,2025,15737,Petrol,Manual,Third,Kolkata,5.71
Tata,Altroz,2024,1312,Petrol,Automatic,First,Delhi,7.65
Hyundai,Venue,2019,97044,Diesel,Manual,First,Pune,4.46
Maruti Suzuki,Ertiga,2025,7360,Petrol,Manual,First,Ahmedabad,9.79
Honda,City,2009,162093,CNG,Manual,First,Delhi,1.45
Tata,Punch,2012,127961,Petrol,Manual,Second,Jaipur,1.15
Maruti Suzuki,Swift,2014,120374,Petrol,Automatic,Second,Mumbai,1.61
Mahindra,XUV700,2018,72682,Petrol,Manual,First,Jaipur,6.8
Toyota,Glanza,2022,45554,Petrol,Manual,First,Bengaluru,5.21
Maruti Suzuki,Baleno,2012,137718,Petrol,Manual,First,Ahmedabad,1.31
Maruti Suzuki,Ertiga,2011,176610,Diesel,Automatic,First,Chennai,1.67
Tata,Harrier,2024,14601,Petrol,Manual,First,Jaipur,14.99
Tata,Harrier,2022,42114,Petrol,Manual,Second,Mumbai,10.8
Tata,Altroz,2021,51846,Petrol,Automatic,Second,Pune,4.53
Toyota,Innova Crysta,2011,149161,Petrol,Manual,Second,Bengaluru,3.46
Mahindra,Bolero,2021,60917,Petrol,Automatic,First,Kolkata,6.29
Maruti Suzuki,Brezza,2016,90704,Diesel,Manual,Second,Kolkata,2.58
Maruti Suzuki,Swift,2017,50275,Petrol,Automatic,First,Ahmedabad,2.68
Hyundai,Venue,2011,189590,Diesel,Manual,Second,Mumbai,1.15
Toyota,Innova Crysta,2015,128695,Diesel,Automatic,First,Ahmedabad,5.16
Honda,Amaze,2018,111042,Petrol,Manual,Second,Bengaluru,2.83
Mahindra,XUV700,2021,38622,Petrol,Manual,Second,Delhi,10.19
Hyundai,i20,2018,69165,Petrol,Automatic,First,Hyderabad,3.7
Renault,Kwid,2021,44632,CNG,Manual,Second,Hyderabad,2.6
Tata,Altroz,2009,173699,Diesel,Manual,Third,Jaipur,0.77
Maruti Suzuki,Swift,2023,20579,Petrol,Manual,Second,Mumbai,4.73
Tata,Punch,2011,120559,Petrol,Manual,First,Jaipur,1.16
Toyota,Innova Crysta,2023,26255,Diesel,Manual,First,Pune,18.07
Hyundai,i20,2014,142631,Diesel,Automatic,First,Ahmedabad,1.83
Maruti Suzuki,Swift,2011,142719,Petrol,Manual,Second,Delhi,0.99
Toyota,Innova Crysta,2017,108948,Petrol,Manual,First,Kochi,7.2
Renault,Kwid,2015,133579,Petrol,Manual,Second,Hyderabad,1.06
Toyota,Innova Crysta,2021,46366,Petrol,Automatic,First,Delhi,14.92
Tata,Nexon,2015,117474,Petrol,Automatic,First,Chennai,3.19
Maruti Suzuki,Alto K10,2010,182935,Petrol,Manual,Second,Chennai,0.54
Mahindra,Bolero,2023,46763,Diesel,Manual,First,Jaipur,7.11
Mahindra,Scorpio,2019,69763,Petrol,Manual,Second,Ahmedabad,5.87
Tata,Nexon,2013,155293,Petrol,Automatic,Third,Chennai,1.8
Toyota,Glanza,2011,124444,Petrol,Manual,First,Chennai,1.43
Maruti Suzuki,Baleno,2025,21539,CNG,Manual,Second,Hyderabad,6.63
Maruti Suzuki,Ertiga,2010,155444,Petrol,Automatic,Third,Kochi,1.36
Tata,Altroz,2014,107964,CNG,Automatic,Second,Chennai,1.91
Toyota,Fortuner,2012,187799,Diesel,Manual,Fourth & above,Ahmedabad,4.52
Toyota,Glanza,2013,107180,Petrol,Manual,First,Ahmedabad,1.67
Mahindra,Bolero,2014,139249,Petrol,Automatic,Second,Delhi,2.09
Maruti Suzuki,Brezza,2009,190180,Diesel,Manual,First,Pune,1.03
Hyundai,Verna,2013,126212,Petrol,Manual,Third,Mumbai,2.01
Maruti Suzuki,Swift,2021,34261,Petrol,Manual,First,Hyderabad,4.2
Mahindra,Bolero,2012,186918,Diesel,Manual,Second,Jaipur,1.28
Tata,Harrier,2021,36217,Petrol,Manual,Second,Bengaluru,9.82
Tata,Harrier,2021,59747,Petrol,Manual,Second,Kolkata,8.11
Honda,Amaze,2024,21765,Petrol,Manual,First,Mumbai,7.32
Toyota,Innova Crysta,2010,184144,Petrol,Manual,First,Jaipur,2.91
Tata,Harrier,2023,28587,Petrol,Automatic,First,Kolkata,13.15
Maruti Suzuki,Brezza,2013,141847,Petrol,Manual,Second,Kolkata,1.68
Honda,Amaze,2017,99129,Petrol,Manual,First,Bengaluru,2.75
Renault,Kwid,2022,36265,CNG,Manual,First,Mumbai,3.15
Tata,Nexon,2016,88953,Diesel,Manual,Third,Kolkata,2.5
Hyundai,Creta,2021,40783,Petrol,Manual,Second,Chennai,7.59
Honda,City,2021,50508,Diesel,Manual,Third,Mumbai,6.32
Maruti Suzuki,Ertiga,2011,180158,CNG,Automatic,First,Delhi,1.44
Hyundai,i20,2018,54432,Diesel,Manual,First,Bengaluru,3.92
Tata,Altroz,2024,16208,Diesel,Automatic,First,Chennai,8.4
Honda,Amaze,2018,67456,Petrol,Manual,First,Kolkata,3.07
Hyundai,Verna,2013,139716,Petrol,Manual,First,Mumbai,2.31
Maruti Suzuki,Ertiga,2014,133935,Diesel,Automatic,First,Hyderabad,2.54
Mahindra,XUV700,2016,123643,Petrol,Manual,Second,Kolkata,4.62
Maruti Suzuki,Baleno,2013,116739,CNG,Automatic,First,Ahmedabad,1.52
Mahindra,Bolero,2010,176585,Petrol,Automatic,Third,Pune,1.23
Hyundai,Verna,2013,159178,Petrol,Manual,First,Pune,2.15
Tata,Altroz,2014,162778,Petrol,Manual,Third,Jaipur,1.33
Kia,Seltos,2009,169644,Diesel,Manual,First,Pune,1.55
Mahindra,Scorpio,2012,152175,Petrol,Automatic,Second,Bengaluru,2.64
Hyundai,i20,2025,8687,Petrol,Manual,First,Hyderabad,9.14
Tata,Nexon,2022,45715,Petrol,Manual,First,Delhi,7.41
Renault,Kwid,2025,13001,Petrol,Automatic,First,Bengaluru,5.27
Maruti Suzuki,Alto K10,2019,71253,Petrol,Manual,First,Pune,1.98
Toyota,Fortuner,2014,65684,Diesel,Manual,First,Kochi,10.16
Mahindra,Thar,2020,63876,Diesel,Manual,First,Jaipur,7.81
Maruti Suzuki,Alto K10,2019,51566,Petrol,Manual,Second,Bengaluru,2.13
Mahindra,Bolero,2011,157648,Petrol,Manual,First,Pune,1.68
Mahindra,Bolero,2013,121538,Petrol,Manual,First,Pune,2.4
Honda,City,2018,87455,Petrol,Manual,First,Mumbai,4.85
Mahindra,Scorpio,2014,138438,Petrol,Manual,Second,Kochi,2.7
Hyundai,Creta,2013,137305,Petrol,Automatic,Third,Mumbai,2.77
Hyundai,Verna,2019,92397,CNG,Automatic,First,Bengaluru,5.27
Mahindra,XUV700,2015,109518,Diesel,Manual,First,Kochi,4.74
Maruti Suzuki,Baleno,2017,125916,Petrol,Automatic,Third,Jaipur,1.91
Hyundai,Verna,2009,166399,Petrol,Manual,First,Hyderabad,1.4
Hyundai,Verna,2015,158650,Diesel,Automatic,Third,Bengaluru,2.4
Kia,Sonet,2020,50710,Petrol,Manual,First,Chennai,5.11
Maruti Suzuki,Baleno,2020,62009,Petrol,Automatic,First,Jaipur,3.64
Honda,Amaze,2021,56695,Petrol,Manual,First,Mumbai,4.6
Hyundai,Creta,2020,61467,Petrol,Manual,First,Bengaluru,7.52
Tata,Punch,2013,141147,Petrol,Automatic,First,Chennai,1.63
Tata,Altroz,2018,100621,Diesel,Manual,First,Delhi,3.23
Honda,Amaze,2010,161452,Petrol,Manual,First,Kochi,1.14
Tata,Altroz,2016,94819,Petrol,Automatic,First,Mumbai,2.75
Mahindra,Scorpio,2011,147307,Petrol,Automatic,First,Kolkata,2.35
Hyundai,Verna,2017,77625,Petrol,Manual,Second,Jaipur,3.7
Maruti Suzuki,Alto K10,2009,181271,CNG,Manual,Second,Chennai,0.5
Maruti Suzuki,Alto K10,2020,52912,Petrol,Manual,First,Hyderabad,2.29
Hyundai,i20,2010,180205,Petrol,Manual,First,Bengaluru,1.25
Maruti Suzuki,Baleno,2013,132282,Petrol,Manual,First,Pune,1.57
Hyundai,Creta,2018,83236,Petrol,Manual,First,Kochi,5.33
Mahindra,Scorpio,2012,174555,Petrol,Manual,First,Delhi,2.37
Hyundai,Venue,2016,79266,CNG,Automatic,First,Chennai,3.31
Tata,Altroz,2015,116141,Petrol,Manual,First,Pune,2.09
Tata,Harrier,2017,87052,Petrol,Manual,First,Ahmedabad,6.1
Mahindra,Thar,2015,114631,Diesel,Manual,First,Delhi,3.71
Mahindra,Scorpio,2012,183709,Petrol,Manual,Second,Kochi,2.15
Mahindra,Scorpio,2019,108792,Petrol,Manual,Third,Delhi,4.82
Toyota,Glanza,2024,14132,Petrol,Manual,First,Delhi,6.6
Tata,Altroz,2016,90761,Petrol,Manual,First,Mumbai,2.52
Hyundai,i20,2012,129450,Petrol,Manual,First,Bengaluru,1.62
Maruti Suzuki,Swift,2017,119329,Petrol,Manual,First,Delhi,2.2
Honda,City,2015,111936,Diesel,Manual,First,Delhi,3.04
Honda,Amaze,2019,86590,Petrol,Automatic,Second,Jaipur,3.22
Maruti Suzuki,Ertiga,2015,145717,Petrol,Automatic,Second,Mumbai,2.54
Tata,Altroz,2018,79745,Petrol,Manual,First,Kochi,2.89
Kia,Seltos,2017,87780,Petrol,Manual,First,Chennai,5.02
Honda,City,2017,62568,Petrol,Manual,First,Delhi,4.65
Kia,Sonet,2019,35796,CNG,Manual,Second,Pune,4.21
Mahindra,XUV700,2013,127599,Petrol,Manual,First,Kolkata,3.85
Maruti Suzuki,Brezza,2011,169648,Petrol,Manual,First,Kochi,1.46
Maruti Suzuki,Brezza,2012,181997,CNG,Automatic,Second,Kolkata,1.41
Tata,Punch,2009,174358,Petrol,Manual,Third,Hyderabad,0.73
Hyundai,Verna,2015,110694,Petrol,Manual,Third,Ahmedabad,2.42
Kia,Seltos,2011,145457,Petrol,Manual,First,Chennai,2.04
Tata,Altroz,2017,69736,Petrol,Automatic,First,Mumbai,3.39
Kia,Seltos,2009,164274,CNG,Manual,First,Bengaluru,1.58
Tata,Punch,2019,90831,Petrol,Automatic,Fourth & above,Pune,2.46
Hyundai,Creta,2022,44114,Diesel,Manual,Second,Hyderabad,9.68
Kia,Seltos,2015,108278,Diesel,Manual,First,Hyderabad,3.57
Maruti Suzuki,Baleno,2011,119496,Petrol,Manual,First,Kochi,1.28
Honda,Amaze,2017,120450,Petrol,Automatic,First,Pune,2.84
Hyundai,Creta,2013,140230,CNG,Manual,Second,Ahmedabad,2.35
Hyundai,Verna,2016,71947,Petrol,Manual,First,Hyderabad,3.85
Kia,Seltos,2020,56109,Diesel,Manual,First,Kolkata,6.77
Toyota,Glanza,2022,35782,Petrol,Automatic,First,Ahmedabad,5.15
Tata,Nexon,2009,211609,Petrol,Automatic,First,Delhi,1.31
Honda,Amaze,2019,59501,Petrol,Automatic,First,Jaipur,3.58
Hyundai,Verna,2012,116370,CNG,Automatic,First,Kolkata,2.15
Mahindra,XUV700,2025,16576,Diesel,Manual,First,Chennai,20.5
