city,locality_tier,property_type,area_sqft,bhk,bathrooms,property_age_yrs,floor,furnishing,parking,metro_distance_km,price_lakh
Hyderabad,Mid-range,Independent House,824,1,1,7,2,Semi-furnished,3,6.6,74.89
Coimbatore,Mid-range,Apartment,1057,2,2,18,25,Semi-furnished,1,3.7,55.23
Mumbai,Mid-range,Independent House,820,1,1,4,1,Semi-furnished,1,7.4,199.65
Coimbatore,Prime,Independent House,1942,3,3,7,2,Semi-furnished,1,0.3,185.01
Bengaluru,Suburban,Builder Floor,1426,3,2,12,1,Unfurnished,3,4.0,85.91
Coimbatore,Mid-range,Apartment,1004,2,3,5,9,Unfurnished,1,0.2,56.58
Kochi,Suburban,Independent House,1409,2,3,8,2,Unfurnished,3,1.0,82.01
Lucknow,Prime,Apartment,1810,4,5,4,9,Semi-furnished,1,0.2,151.49
Jaipur,Mid-range,Apartment,1957,4,3,8,25,Furnished,0,3.4,101.09
Kochi,Suburban,Builder Floor,1486,3,3,27,1,Semi-furnished,2,1.1,66.23
Kochi,Mid-range,Apartment,717,1,2,25,4,Semi-furnished,3,9.4,46.49
Pune,Suburban,Apartment,967,2,2,18,20,Furnished,0,2.4,55.23
Lucknow,Suburban,Builder Floor,1038,2,2,21,2,Furnished,2,5.7,35.38
Mumbai,Suburban,Apartment,1930,4,5,16,19,Unfurnished,3,10.8,244.88
Kolkata,Suburban,Apartment,898,2,2,30,6,Semi-furnished,1,13.0,31.55
Lucknow,Mid-range,Apartment,1479,3,3,4,0,Unfurnished,1,2.2,65.86
Mumbai,Mid-range,Builder Floor,1403,3,3,14,1,Semi-furnished,1,7.5,252.05
Delhi NCR,Suburban,Builder Floor,581,1,1,17,0,Semi-furnished,1,2.5,37.15
Kochi,Suburban,Apartment,1009,2,3,9,22,Semi-furnished,0,0.3,45.09
Jaipur,Suburban,Builder Floor,974,2,1,1,1,Semi-furnished,0,0.5,33.21
Lucknow,Prime,Independent House,1878,3,2,4,2,Semi-furnished,0,7.5,135.45
Hyderabad,Mid-range,Apartment,821,1,1,0,8,Semi-furnished,1,5.4,73.49
Kolkata,Suburban,Apartment,685,1,2,5,17,Furnished,1,4.0,37.39
Ahmedabad,Suburban,Apartment,1251,2,2,15,0,Unfurnished,0,2.2,40.52
Chennai,Mid-range,Apartment,1092,2,2,18,0,Furnished,1,2.4,77.48
Lucknow,Suburban,Apartment,1148,2,2,8,25,Unfurnished,0,2.3,34.28
Bengaluru,Prime,Apartment,1040,2,1,1,6,Furnished,2,7.1,172.13
Chennai,Prime,Builder Floor,1455,3,3,6,0,Semi-furnished,1,0.9,165.74
Jaipur,Mid-range,Apartment,1056,2,2,29,19,Semi-furnished,1,1.1,43.19
Kolkata,Mid-range,Apartment,1027,2,2,5,1,Unfurnished,1,9.1,64.74
Mumbai,Suburban,Apartment,1386,3,3,1,19,Semi-furnished,2,5.7,237.81
Bengaluru,Mid-range,Independent House,1814,3,4,24,2,Unfurnished,1,4.2,128.46
Mumbai,Mid-range,Builder Floor,1094,2,1,17,0,Unfurnished,1,0.3,178.27
Bengaluru,Mid-range,Apartment,1674,3,2,25,11,Furnished,2,9.9,123.44
Lucknow,Prime,Builder Floor,1447,3,2,17,1,Unfurnished,1,6.6,81.11
Mumbai,Suburban,Apartment,1451,3,3,0,10,Unfurnished,0,2.0,231.03
Lucknow,Mid-range,Apartment,2230,5,4,20,18,Semi-furnished,1,0.2,101.35
Delhi NCR,Mid-range,Independent House,1307,2,2,17,2,Semi-furnished,1,6.8,135.95
Chennai,Prime,Independent House,1311,2,3,16,2,Furnished,1,1.3,166.21
Delhi NCR,Mid-range,Apartment,985,2,1,28,15,Unfurnished,1,0.7,104.38
Bengaluru,Suburban,Independent House,1543,2,3,1,2,Semi-furnished,1,0.2,112.54
Lucknow,Suburban,Independent House,1950,3,2,28,0,Unfurnished,1,4.3,47.92
Mumbai,Prime,Apartment,1069,2,1,5,0,Unfurnished,1,5.6,323.84
Hyderabad,Prime,Independent House,1470,2,1,1,2,Furnished,1,4.5,205.6
Lucknow,Prime,Apartment,1222,2,3,9,8,Semi-furnished,1,12.1,82.42
Chennai,Suburban,Apartment,1812,4,4,5,10,Semi-furnished,1,0.2,96.61
Kolkata,Mid-range,Apartment,743,1,1,7,25,Unfurnished,1,1.5,55.11
Mumbai,Mid-range,Villa,1367,2,3,29,2,Unfurnished,1,15.8,219.79
Bengaluru,Suburban,Independent House,1299,2,3,12,0,Semi-furnished,2,1.3,83.12
Ahmedabad,Suburban,Apartment,1456,3,2,11,24,Furnished,2,17.4,56.78
Lucknow,Mid-range,Independent House,2396,4,5,9,2,Semi-furnished,0,0.3,117.37
Chennai,Mid-range,Apartment,609,1,1,25,13,Unfurnished,1,0.6,36.74
Mumbai,Mid-range,Apartment,1534,3,3,15,5,Unfurnished,1,2.8,309.41
Kochi,Suburban,Apartment,1868,4,3,5,12,Furnished,1,0.5,102.49
Lucknow,Prime,Apartment,1083,2,2,9,6,Semi-furnished,1,2.7,77.04
Lucknow,Suburban,Independent House,1404,2,1,24,0,Unfurnished,1,1.8,34.5
Hyderabad,Mid-range,Apartment,1875,4,3,30,25,Furnished,1,9.4,101.97
Jaipur,Suburban,Apartment,1397,3,3,19,12,Semi-furnished,0,1.3,44.52
Coimbatore,Mid-range,Apartment,1145,2,1,21,6,Unfurnished,0,9.6,39.85
Kochi,Mid-range,Villa,1753,3,2,15,2,Furnished,1,1.1,135.49
Kochi,Suburban,Apartment,1067,2,2,29,14,Semi-furnished,1,1.7,37.82
Hyderabad,Suburban,Builder Floor,1816,4,3,6,1,Semi-furnished,1,5.8,90.16
Pune,Mid-range,Builder Floor,1578,3,3,11,2,Semi-furnished,1,9.1,121.82
Mumbai,Mid-range,Apartment,1366,3,4,7,13,Semi-furnished,2,1.9,346.58
Lucknow,Mid-range,Builder Floor,1970,4,5,1,0,Furnished,0,5.8,98.63
Bengaluru,Suburban,Independent House,1391,2,1,0,0,Semi-furnished,3,3.6,98.82
Delhi NCR,Prime,Apartment,768,1,1,17,1,Unfurnished,3,2.8,128.27
Mumbai,Mid-range,Independent House,1902,3,3,0,0,Unfurnished,1,3.0,499.91
Chennai,Suburban,Independent House,1333,2,2,14,0,Semi-furnished,1,3.1,67.86
Mumbai,Mid-range,Apartment,1103,2,1,7,2,Semi-furnished,2,1.3,249.52
Pune,Suburban,Apartment,960,2,1,24,22,Unfurnished,2,2.6,51.39
Kochi,Suburban,Apartment,613,1,2,0,13,Furnished,1,0.2,40.29
Hyderabad,Prime,Apartment,1386,3,3,25,10,Semi-furnished,2,4.5,143.78
Chennai,Mid-range,Apartment,902,2,2,28,18,Semi-furnished,2,4.9,54.89
Ahmedabad,Mid-range,Apartment,1514,3,2,19,5,Semi-furnished,1,8.4,61.56
Lucknow,Mid-range,Builder Floor,1079,2,3,1,0,Semi-furnished,3,2.9,64.45
Mumbai,Prime,Villa,1548,3,4,16,1,Semi-furnished,1,2.6,636.49
Mumbai,Mid-range,Apartment,1877,4,4,5,15,Semi-furnished,0,3.0,447.47
Kochi,Prime,Independent House,1309,2,3,19,0,Semi-furnished,2,5.4,123.71
Mumbai,Suburban,Independent House,918,1,1,4,2,Semi-furnished,1,0.4,171.88
Lucknow,Prime,Builder Floor,710,1,1,3,2,Semi-furnished,0,2.3,47.91
Jaipur,Mid-range,Apartment,1487,3,2,21,14,Semi-furnished,1,1.6,68.02
Kolkata,Mid-range,Apartment,1471,3,3,7,20,Furnished,0,3.5,104.78
Coimbatore,Mid-range,Builder Floor,1062,2,2,5,2,Unfurnished,1,3.6,57.47
Kolkata,Prime,Apartment,1169,2,2,18,14,Semi-furnished,1,3.5,113.27
Kolkata,Suburban,Apartment,815,1,1,14,9,Semi-furnished,0,3.5,33.24
Kochi,Prime,Apartment,1495,3,2,12,7,Unfurnished,2,0.2,138.51
Ahmedabad,Mid-range,Builder Floor,1955,4,5,11,1,Semi-furnished,0,6.6,106.51
Chennai,Suburban,Apartment,674,1,1,1,7,Furnished,1,0.7,40.59
Kochi,Suburban,Independent House,1418,2,3,20,2,Semi-furnished,1,0.2,64.86
Ahmedabad,Mid-range,Apartment,688,1,1,24,24,Semi-furnished,0,14.3,26.83
Bengaluru,Prime,Villa,1746,3,4,16,0,Semi-furnished,1,6.1,278.0
Chennai,Mid-range,Independent House,1328,2,2,14,0,Semi-furnished,2,4.6,112.76
Ahmedabad,Mid-range,Independent House,1406,2,2,20,2,Furnished,1,1.2,80.32
Delhi NCR,Suburban,Builder Floor,703,1,1,27,1,Semi-furnished,0,1.2,46.76
Hyderabad,Suburban,Apartment,991,2,2,2,16,Semi-furnished,1,7.4,57.34
Mumbai,Mid-range,Builder Floor,1142,2,3,4,2,Unfurnished,1,8.6,206.8
Kolkata,Prime,Builder Floor,969,2,1,14,1,Unfurnished,1,1.8,84.81
Ahmedabad,Suburban,Apartment,814,1,2,20,17,Semi-furnished,2,5.9,34.49
Kochi,Mid-range,Builder Floor,584,1,1,26,0,Semi-furnished,2,1.0,39.33
Lucknow,Suburban,Independent House,1691,3,4,14,1,Unfurnished,3,11.7,57.07
Hyderabad,Suburban,Apartment,1321,3,4,0,20,Unfurnished,1,7.1,75.31
Lucknow,Suburban,Apartment,2131,5,4,20,21,Furnished,1,3.4,70.33
Bengaluru,Prime,Apartment,1845,4,3,20,19,Semi-furnished,1,3.2,212.53
Mumbai,Mid-range,Apartment,1025,2,2,25,14,Semi-furnished,1,12.9,165.7
Delhi NCR,Suburban,Independent House,659,1,1,4,1,Unfurnished,2,1.6,65.01
Mumbai,Mid-range,Villa,1136,2,2,20,1,Semi-furnished,1,10.9,266.58
Pune,Mid-range,Apartment,1237,3,2,16,21,Unfurnished,2,1.9,85.52
Hyderabad,Suburban,Apartment,1084,2,1,12,12,Unfurnished,1,3.5,56.43
Ahmedabad,Prime,Apartment,1873,4,5,4,10,Semi-furnished,2,2.5,172.67
Kochi,Suburban,Apartment,1206,2,2,13,24,Semi-furnished,2,2.5,58.28
Kolkata,Mid-range,Builder Floor,1466,3,3,28,1,Semi-furnished,2,0.6,80.74
Jaipur,Mid-range,Apartment,1083,2,2,13,1,Semi-furnished,2,5.3,55.78
Mumbai,Mid-range,Apartment,1569,3,3,2,18,Semi-furnished,1,3.3,398.94
Delhi NCR,Prime,Independent House,2225,4,4,24,0,Semi-furnished,2,14.0,299.68
Delhi NCR,Mid-range,Apartment,1230,2,1,28,5,Semi-furnished,1,0.2,106.84
Ahmedabad,Prime,Apartment,1478,3,3,9,10,Furnished,1,1.2,139.14
Coimbatore,Prime,Apartment,1868,4,4,8,8,Semi-furnished,1,0.2,176.37
Lucknow,Mid-range,Apartment,1424,3,2,6,3,Semi-furnished,1,1.4,72.1
Kolkata,Prime,Builder Floor,1746,4,5,29,2,Semi-furnished,1,25.0,112.89
Kochi,Mid-range,Apartment,1057,2,1,0,2,Furnished,2,4.7,86.51
Ahmedabad,Suburban,Builder Floor,2330,5,6,30,1,Semi-furnished,1,0.4,66.15
Mumbai,Prime,Apartment,677,1,2,24,6,Semi-furnished,1,5.4,188.58
Hyderabad,Suburban,Apartment,1207,2,2,16,24,Semi-furnished,1,2.0,58.35
Mumbai,Mid-range,Builder Floor,1220,2,2,15,2,Semi-furnished,1,14.8,204.57
Chennai,Suburban,Apartment,1094,2,1,21,21,Unfurnished,2,0.8,59.0
Jaipur,Mid-range,Apartment,1007,2,2,21,1,Semi-furnished,1,1.9,37.33
Coimbatore,Mid-range,Villa,2484,4,5,26,2,Semi-furnished,1,2.6,134.78
Chennai,Suburban,Villa,1375,2,1,12,2,Semi-furnished,1,1.3,99.62
Hyderabad,Mid-range,Independent House,1722,3,4,15,2,Furnished,1,2.3,130.3
Bengaluru,Mid-range,Independent House,1182,2,1,0,2,Semi-furnished,1,2.2,126.48
Chennai,Mid-range,Builder Floor,1145,2,2,0,0,Semi-furnished,2,0.3,99.73
Coimbatore,Prime,Independent House,1527,2,3,13,0,Semi-furnished,1,0.8,130.17
Jaipur,Suburban,Apartment,1481,3,4,3,1,Furnished,2,4.2,62.4
Lucknow,Mid-range,Independent House,1256,2,1,9,2,Unfurnished,1,0.2,64.85
Mumbai,Suburban,Apartment,1554,3,3,18,20,Unfurnished,0,11.9,176.4
Chennai,Suburban,Apartment,1101,2,1,25,6,Semi-furnished,1,7.1,44.8
Hyderabad,Prime,Apartment,1856,4,4,6,25,Semi-furnished,0,1.0,244.3
Delhi NCR,Mid-range,Apartment,1535,3,3,14,10,Semi-furnished,1,12.8,167.52
Chennai,Mid-range,Apartment,1483,3,4,21,25,Semi-furnished,1,5.0,97.43
Pune,Mid-range,Independent House,949,1,1,21,2,Furnished,1,2.5,69.89
Bengaluru,Suburban,Apartment,1120,2,2,6,13,Semi-furnished,1,8.0,70.64
Kochi,Prime,Villa,1384,2,3,27,0,Unfurnished,2,2.3,137.43
Mumbai,Prime,Apartment,1423,3,3,5,6,Semi-furnished,1,2.0,576.67
Mumbai,Suburban,Apartment,1500,3,3,20,2,Semi-furnished,1,7.3,184.05
Kolkata,Mid-range,Independent House,1567,2,3,11,0,Furnished,1,7.3,111.27
Chennai,Suburban,Builder Floor,1084,2,3,5,2,Semi-furnished,0,1.9,52.97
Jaipur,Suburban,Apartment,1192,2,2,13,24,Semi-furnished,1,0.4,46.87
Kochi,Prime,Independent House,760,1,2,12,1,Unfurnished,3,3.1,83.89
Jaipur,Mid-range,Builder Floor,1682,4,5,2,0,Semi-furnished,1,0.9,88.26
Kochi,Mid-range,Apartment,1888,4,5,8,25,Semi-furnished,1,4.6,123.78
Chennai,Mid-range,Independent House,812,1,1,8,0,Semi-furnished,1,0.4,67.63
Kochi,Suburban,Apartment,1467,3,3,10,6,Semi-furnished,2,7.1,68.96
Jaipur,Mid-range,Apartment,1509,3,3,24,0,Semi-furnished,0,8.6,57.37
Kolkata,Suburban,Apartment,1229,2,3,21,23,Unfurnished,0,0.2,43.17
Kochi,Prime,Apartment,1047,2,3,30,2,Furnished,1,2.0,85.4
Chennai,Suburban,Apartment,1311,3,3,5,23,Unfurnished,1,2.1,74.84
Hyderabad,Suburban,Villa,1354,2,2,5,0,Semi-furnished,1,0.6,93.15
Kochi,Mid-range,Villa,1889,3,3,6,2,Semi-furnished,0,10.4,134.85
Bengaluru,Suburban,Villa,2267,4,5,26,2,Semi-furnished,1,4.3,131.06
Mumbai,Suburban,Apartment,1042,2,1,30,6,Unfurnished,0,5.5,107.55
Pune,Suburban,Apartment,1168,2,1,4,23,Semi-furnished,1,4.2,75.8
Ahmedabad,Mid-range,Independent House,2009,3,2,9,0,Semi-furnished,2,1.7,114.19
Kochi,Prime,Apartment,1450,3,3,16,2,Unfurnished,1,3.0,131.56
Ahmedabad,Suburban,Villa,1300,2,3,17,0,Semi-furnished,2,3.7,56.84
Mumbai,Suburban,Independent House,1479,2,3,18,1,Semi-furnished,1,13.8,207.15
Ahmedabad,Suburban,Apartment,1166,2,3,25,25,Unfurnished,1,3.3,41.89
Coimbatore,Suburban,Independent House,1231,2,1,20,2,Semi-furnished,1,1.0,43.33
Coimbatore,Prime,Apartment,622,1,1,25,1,Unfurnished,0,1.1,35.83
Lucknow,Mid-range,Apartment,753,1,1,2,24,Semi-furnished,1,1.8,42.26
Mumbai,Mid-range,Apartment,1743,4,4,22,6,Semi-furnished,0,1.8,308.62
Mumbai,Suburban,Builder Floor,827,2,2,9,0,Semi-furnished,1,0.6,126.77
Hyderabad,Mid-range,Apartment,1585,3,2,5,6,Unfurnished,2,1.3,124.29
Ahmedabad,Mid-range,Apartment,1797,4,4,27,19,Unfurnished,1,0.8,85.83
Delhi NCR,Prime,Apartment,595,1,1,20,21,Unfurnished,1,6.8,87.47
Kochi,Prime,Independent House,2412,4,3,10,1,Unfurnished,0,25.0,206.23
Mumbai,Suburban,Apartment,1061,2,3,12,12,Furnished,1,3.8,158.84
Ahmedabad,Suburban,Apartment,584,1,1,12,8,Unfurnished,2,1.2,28.23
Kolkata,Mid-range,Apartment,1027,2,2,28,14,Furnished,1,4.1,55.1
Chennai,Mid-range,Independent House,2430,4,5,11,0,Furnished,1,0.5,208.98
Kochi,Prime,Apartment,1067,2,2,14,3,Furnished,1,4.8,101.92
Jaipur,Mid-range,Apartment,1467,3,3,16,20,Unfurnished,2,7.2,72.8
Chennai,Mid-range,Apartment,1114,2,1,3,14,Semi-furnished,2,10.8,88.23
Chennai,Prime,Apartment,1116,2,2,25,10,Unfurnished,0,10.5,80.46
Mumbai,Mid-range,Independent House,829,1,1,11,1,Unfurnished,2,2.0,184.2
Mumbai,Suburban,Villa,1438,2,2,16,2,Furnished,1,6.2,246.93
Coimbatore,Suburban,Builder Floor,1401,3,2,24,1,Semi-furnished,1,13.3,35.05
Kolkata,Mid-range,Apartment,1410,3,3,9,11,Semi-furnished,1,11.0,85.4
Hyderabad,Prime,Builder Floor,751,1,1,13,0,Semi-furnished,1,3.5,78.31
Kochi,Suburban,Apartment,825,1,2,30,9,Unfurnished,2,0.6,36.8
Kochi,Prime,Apartment,1053,2,2,0,21,Furnished,1,1.0,146.26
Lucknow,Suburban,Apartment,1453,3,4,15,15,Semi-furnished,2,1.5,52.51
Coimbatore,Suburban,Builder Floor,1036,2,2,27,2,Semi-furnished,0,0.8,29.43
Ahmedabad,Prime,Apartment,1548,3,3,0,4,Semi-furnished,2,1.7,146.25
Chennai,Mid-range,Builder Floor,1449,3,3,5,0,Unfurnished,0,10.2,85.33
Chennai,Mid-range,Apartment,1022,2,3,3,9,Semi-furnished,0,4.0,76.53
Kochi,Suburban,Apartment,1200,2,2,14,3,Semi-furnished,0,1.9,47.04
Mumbai,Suburban,Villa,1658,3,3,15,2,Furnished,2,4.2,291.68
Lucknow,Prime,Builder Floor,1454,3,3,21,1,Semi-furnished,3,4.7,94.17
Kolkata,Prime,Villa,1494,2,3,2,1,Semi-furnished,0,5.5,201.59
Kolkata,Suburban,Apartment,1535,3,3,19,5,Unfurnished,1,2.6,60.74
Ahmedabad,Mid-range,Villa,1944,3,2,26,0,Semi-furnished,0,13.4,94.1
Hyderabad,Mid-range,Apartment,1054,2,3,17,11,Semi-furnished,1,8.2,64.43
Bengaluru,Mid-range,Apartment,1106,2,3,21,23,Unfurnished,0,0.7,76.97
Bengaluru,Prime,Builder Floor,663,1,1,26,0,Unfurnished,0,6.2,66.89
Coimbatore,Suburban,Apartment,1101,2,1,23,20,Unfurnished,1,14.5,35.12
Chennai,Mid-range,Apartment,1006,2,2,2,5,Semi-furnished,1,5.1,77.7
Lucknow,Mid-range,Apartment,1374,3,4,19,22,Semi-furnished,2,0.4,64.43
Bengaluru,Mid-range,Apartment,1548,3,4,18,14,Semi-furnished,1,2.1,143.33
Bengaluru,Suburban,Apartment,1341,3,2,22,24,Unfurnished,1,5.6,73.27
Kochi,Suburban,Apartment,1959,4,3,24,15,Semi-furnished,1,0.2,79.28
Kochi,Suburban,Independent House,1828,3,3,0,2,Unfurnished,2,7.2,95.41
Kochi,Mid-range,Apartment,2024,5,5,20,2,Semi-furnished,0,10.7,98.84
Kochi,Suburban,Apartment,1422,3,3,28,21,Unfurnished,0,0.9,48.79
Mumbai,Suburban,Apartment,1063,2,3,19,22,Unfurnished,1,2.4,165.01
Chennai,Prime,Independent House,1836,3,3,3,1,Semi-furnished,0,1.0,250.94
Delhi NCR,Mid-range,Apartment,1099,2,1,5,22,Semi-furnished,2,0.8,146.94
Kochi,Suburban,Builder Floor,1557,3,3,15,1,Unfurnished,1,19.0,57.51
Pune,Suburban,Apartment,1403,3,3,30,0,Semi-furnished,1,0.8,62.4
Kochi,Suburban,Apartment,732,1,1,24,20,Unfurnished,1,1.7,30.15
Delhi NCR,Suburban,Apartment,1391,3,2,15,14,Semi-furnished,0,0.4,116.45
Lucknow,Suburban,Apartment,955,2,3,14,2,Unfurnished,2,3.4,35.16
Lucknow,Prime,Apartment,1235,2,1,22,9,Unfurnished,2,10.2,64.86
Ahmedabad,Mid-range,Villa,1294,2,1,2,1,Semi-furnished,2,7.2,88.43
Ahmedabad,Suburban,Builder Floor,1852,4,5,3,2,Semi-furnished,1,1.8,74.54
Lucknow,Mid-range,Builder Floor,682,1,1,30,1,Semi-furnished,1,2.4,24.3
Delhi NCR,Suburban,Independent House,849,1,1,23,0,Unfurnished,2,2.2,64.04
Kochi,Prime,Apartment,1196,2,2,9,10,Semi-furnished,3,1.1,137.89
Bengaluru,Prime,Independent House,1934,3,3,14,1,Unfurnished,1,3.8,251.05
Ahmedabad,Suburban,Independent House,1871,3,2,16,0,Unfurnished,1,1.2,69.21
Ahmedabad,Suburban,Independent House,1748,3,3,0,1,Furnished,1,2.5,85.63
Mumbai,Mid-range,Apartment,1181,2,3,9,3,Furnished,1,4.7,262.93
Kolkata,Suburban,Apartment,612,1,1,28,10,Furnished,1,2.8,25.52
Jaipur,Mid-range,Builder Floor,1269,2,2,23,1,Semi-furnished,1,1.8,48.27
Delhi NCR,Mid-range,Apartment,1411,3,3,6,10,Unfurnished,1,0.2,173.43
Kolkata,Suburban,Apartment,1957,4,5,15,20,Furnished,1,13.2,91.84
Chennai,Prime,Apartment,1721,4,4,3,24,Unfurnished,0,0.4,212.24
Coimbatore,Suburban,Independent House,2008,3,3,9,1,Unfurnished,1,4.2,75.39
Delhi NCR,Prime,Apartment,1441,3,3,4,25,Semi-furnished,2,7.3,297.47
Pune,Suburban,Independent House,1439,2,2,0,0,Semi-furnished,1,0.8,85.24
Chennai,Suburban,Apartment,1218,2,3,5,10,Unfurnished,3,1.2,79.88
Hyderabad,Mid-range,Villa,1749,3,4,21,1,Furnished,0,2.9,150.95
Delhi NCR,Suburban,Villa,1933,3,4,21,1,Unfurnished,2,4.1,159.15
Mumbai,Mid-range,Independent House,1267,2,2,23,1,Semi-furnished,1,2.0,231.05
Kochi,Mid-range,Apartment,1464,3,3,13,23,Furnished,1,0.9,94.9
Chennai,Suburban,Apartment,1490,3,2,15,4,Unfurnished,1,4.8,65.85
Jaipur,Prime,Apartment,1425,3,3,16,10,Semi-furnished,1,3.1,99.54
Delhi NCR,Mid-range,Builder Floor,1018,2,3,29,0,Unfurnished,1,0.2,81.19
Bengaluru,Prime,Apartment,1031,2,3,13,24,Unfurnished,2,1.3,148.46
Coimbatore,Mid-range,Apartment,2120,5,5,15,18,Unfurnished,0,2.6,106.36
Mumbai,Suburban,Builder Floor,1753,4,5,18,1,Unfurnished,1,5.7,221.61
Bengaluru,Suburban,Apartment,1333,3,3,12,16,Semi-furnished,1,3.1,87.4
Kochi,Prime,Apartment,947,2,1,19,25,Unfurnished,0,0.4,85.24
Jaipur,Mid-range,Independent House,739,1,1,18,0,Unfurnished,1,4.1,33.74
Mumbai,Mid-range,Apartment,1429,3,4,16,2,Semi-furnished,0,0.4,270.56
Chennai,Suburban,Independent House,2548,4,4,4,0,Unfurnished,2,0.2,148.14
Delhi NCR,Mid-range,Apartment,1151,2,2,21,12,Unfurnished,3,0.2,132.83
Jaipur,Suburban,Builder Floor,672,1,1,25,1,Semi-furnished,0,6.9,15.32
Chennai,Mid-range,Apartment,1486,3,3,18,8,Semi-furnished,1,7.9,90.99
Delhi NCR,Mid-range,Apartment,1039,2,3,19,9,Semi-furnished,1,0.2,104.85
Kolkata,Mid-range,Apartment,1546,3,3,14,1,Unfurnished,1,1.4,88.18
Ahmedabad,Suburban,Apartment,1913,4,4,3,23,Unfurnished,0,1.8,75.68
Mumbai,Suburban,Apartment,1123,2,1,17,5,Unfurnished,1,1.6,146.8
Lucknow,Prime,Independent House,1403,2,2,11,0,Furnished,1,4.3,108.93
Pune,Suburban,Apartment,1512,3,3,11,14,Unfurnished,1,1.0,86.18
Chennai,Prime,Independent House,860,1,1,23,0,Semi-furnished,2,2.4,96.27
Kolkata,Suburban,Builder Floor,1016,2,2,0,2,Semi-furnished,1,5.0,49.82
Pune,Mid-range,Apartment,1098,2,2,19,20,Semi-furnished,1,3.6,84.54
Kochi,Suburban,Apartment,2393,5,6,17,22,Semi-furnished,1,12.4,92.84
Kochi,Mid-range,Apartment,1149,2,1,8,19,Semi-furnished,1,6.9,77.98
Kolkata,Mid-range,Apartment,1168,2,2,12,12,Unfurnished,1,1.2,69.34
Delhi NCR,Suburban,Independent House,733,1,2,24,0,Furnished,1,2.2,56.35
Kochi,Mid-range,Apartment,794,1,2,4,15,Unfurnished,0,10.9,47.9
Jaipur,Mid-range,Builder Floor,1568,3,3,27,1,Semi-furnished,2,4.2,58.19
Bengaluru,Mid-range,Apartment,1344,3,4,23,22,Semi-furnished,2,2.7,103.98
Lucknow,Prime,Apartment,1338,3,2,19,10,Semi-furnished,1,14.7,83.19
Coimbatore,Mid-range,Apartment,1025,2,2,23,4,Semi-furnished,1,0.2,53.42
Chennai,Mid-range,Builder Floor,1839,4,4,26,0,Unfurnished,2,4.1,93.64
Bengaluru,Suburban,Builder Floor,1499,3,4,7,0,Semi-furnished,2,0.2,100.28
Mumbai,Mid-range,Apartment,749,1,2,11,0,Unfurnished,0,0.2,150.27
Pune,Mid-range,Apartment,695,1,1,12,23,Furnished,1,22.3,63.26
Delhi NCR,Mid-range,Independent House,1414,2,1,30,2,Furnished,2,0.2,147.66
Bengaluru,Prime,Villa,1974,3,4,11,2,Unfurnished,1,1.3,322.61
Chennai,Suburban,Villa,2149,4,4,30,0,Unfurnished,1,0.6,110.93
Kochi,Mid-range,Apartment,1697,4,4,18,5,Semi-furnished,1,1.8,105.39
Kolkata,Prime,Builder Floor,1568,3,4,19,1,Unfurnished,1,3.8,136.45
Kochi,Mid-range,Apartment,973,2,1,23,7,Semi-furnished,1,0.2,59.25
Mumbai,Suburban,Apartment,989,2,1,21,17,Unfurnished,1,13.2,118.62
Delhi NCR,Suburban,Apartment,711,1,1,26,2,Furnished,1,13.3,43.66
Bengaluru,Suburban,Builder Floor,1570,3,4,14,2,Semi-furnished,2,0.9,90.6
Ahmedabad,Prime,Apartment,1126,2,1,4,21,Furnished,3,5.3,115.07
Kolkata,Suburban,Builder Floor,1607,3,3,22,2,Unfurnished,0,2.1,54.62
Coimbatore,Suburban,Apartment,1111,2,2,17,13,Unfurnished,1,1.6,40.73
Pune,Mid-range,Builder Floor,1052,2,2,2,1,Unfurnished,1,1.1,88.29
Pune,Mid-range,Apartment,1605,3,3,6,10,Semi-furnished,2,2.4,144.75
Jaipur,Mid-range,Apartment,618,1,1,15,7,Semi-furnished,0,14.1,22.98
Coimbatore,Suburban,Builder Floor,2177,5,4,30,0,Semi-furnished,1,1.0,62.81
Jaipur,Prime,Builder Floor,979,2,1,0,0,Unfurnished,0,3.4,63.49
Pune,Suburban,Apartment,1419,3,4,9,14,Unfurnished,1,7.3,80.64
Kochi,Mid-range,Apartment,550,1,1,19,6,Unfurnished,1,0.4,32.18
Jaipur,Suburban,Apartment,2003,4,5,6,13,Semi-furnished,2,4.9,79.81
Lucknow,Prime,Builder Floor,1178,2,3,8,1,Furnished,3,4.7,98.61
Kolkata,Suburban,Apartment,1154,2,2,14,5,Semi-furnished,2,4.5,54.45
Kolkata,Mid-range,Apartment,2198,5,5,11,13,Semi-furnished,0,6.2,131.59
Coimbatore,Suburban,Apartment,1066,2,2,26,15,Semi-furnished,1,3.5,34.09
Lucknow,Prime,Apartment,1192,2,2,15,2,Unfurnished,2,3.2,75.52
Jaipur,Prime,Builder Floor,941,2,3,15,1,Unfurnished,0,6.2,53.98
Coimbatore,Mid-range,Independent House,1428,2,3,22,2,Semi-furnished,1,6.2,70.78
Hyderabad,Prime,Apartment,877,2,3,8,6,Semi-furnished,1,2.7,114.63
Kochi,Mid-range,Villa,1889,3,4,27,0,Semi-furnished,1,5.8,115.26
Delhi NCR,Prime,Apartment,1759,4,3,29,16,Semi-furnished,1,0.2,254.33
Kochi,Mid-range,Villa,1274,2,2,22,2,Unfurnished,0,2.3,88.96
Coimbatore,Suburban,Builder Floor,1099,2,2,1,1,Furnished,0,5.7,40.99
Chennai,Suburban,Independent House,1827,3,2,17,0,Unfurnished,2,6.5,90.6
Pune,Suburban,Apartment,1409,3,3,16,20,Unfurnished,0,3.3,73.54
Mumbai,Mid-range,Apartment,713,1,2,24,13,Semi-furnished,2,6.5,125.2
Delhi NCR,Mid-range,Apartment,1468,3,4,0,5,Semi-furnished,2,2.0,206.5
Kolkata,Suburban,Builder Floor,1107,2,3,14,2,Semi-furnished,0,17.5,40.6
Coimbatore,Mid-range,Apartment,1421,3,3,2,2,Unfurnished,1,1.8,83.94
Ahmedabad,Prime,Apartment,1099,2,1,21,19,Unfurnished,2,0.7,90.43
Kochi,Mid-range,Apartment,1249,2,2,5,19,Furnished,0,1.3,95.91
Kolkata,Mid-range,Apartment,1000,2,1,3,25,Semi-furnished,1,1.6,67.82
Kochi,Mid-range,Independent House,1848,3,3,19,0,Semi-furnished,2,1.0,127.49
Kolkata,Mid-range,Apartment,1439,3,4,9,6,Unfurnished,1,0.2,92.61
Kochi,Suburban,Apartment,1111,2,3,0,15,Semi-furnished,1,2.0,59.72
Ahmedabad,Suburban,Apartment,1877,4,3,21,15,Semi-furnished,2,4.7,64.27
Pune,Prime,Independent House,1883,3,2,24,0,Semi-furnished,1,12.4,174.1
Chennai,Suburban,Apartment,1178,2,3,20,25,Semi-furnished,0,7.0,51.06
Jaipur,Suburban,Apartment,617,1,1,27,24,Semi-furnished,1,6.4,19.2
Lucknow,Prime,Apartment,1569,3,2,23,1,Furnished,1,14.7,82.46
Kochi,Prime,Apartment,1024,2,1,26,25,Furnished,0,9.0,86.35
Hyderabad,Prime,Independent House,1681,3,4,23,0,Semi-furnished,1,5.0,171.37
Chennai,Mid-range,Apartment,687,1,1,9,0,Semi-furnished,1,7.8,50.59
Bengaluru,Suburban,Apartment,1588,3,3,7,4,Unfurnished,2,2.0,105.08
Coimbatore,Suburban,Apartment,1420,3,2,29,22,Semi-furnished,1,0.4,43.72
Bengaluru,Mid-range,Apartment,1443,3,4,1,7,Semi-furnished,2,4.7,158.6
Pune,Mid-range,Apartment,744,1,1,25,20,Semi-furnished,0,12.1,40.81
Lucknow,Prime,Apartment,1446,3,3,30,8,Semi-furnished,1,2.6,78.92
Jaipur,Mid-range,Apartment,1451,3,3,16,13,Furnished,2,3.4,79.63
Mumbai,Prime,Apartment,2044,5,6,10,13,Semi-furnished,0,0.8,790.6
Hyderabad,Mid-range,Independent House,2772,5,5,7,2,Furnished,1,1.0,235.65
Ahmedabad,Mid-range,Apartment,1346,3,2,2,9,Unfurnished,0,3.8,71.77
Chennai,Suburban,Apartment,1030,2,1,9,18,Furnished,1,0.5,61.8
Chennai,Mid-range,Builder Floor,1159,2,2,30,2,Unfurnished,1,2.2,64.88
Bengaluru,Prime,Villa,1951,3,2,18,1,Semi-furnished,0,0.6,309.84
Jaipur,Mid-range,Builder Floor,1555,3,3,17,1,Semi-furnished,1,2.3,69.22
Pune,Prime,Independent House,1451,2,2,3,0,Furnished,0,7.6,198.77
Mumbai,Prime,Apartment,1012,2,3,23,8,Semi-furnished,0,2.5,262.0
Lucknow,Prime,Apartment,1029,2,3,10,10,Semi-furnished,1,1.0,84.27
Ahmedabad,Mid-range,Apartment,1382,3,3,24,0,Unfurnished,2,0.4,68.87
Bengaluru,Prime,Apartment,586,1,2,17,15,Semi-furnished,0,11.2,67.45
Pune,Mid-range,Apartment,1135,2,2,18,12,Furnished,0,2.4,83.76
Kochi,Mid-range,Apartment,1566,3,3,27,20,Furnished,1,3.9,90.32
Mumbai,Prime,Apartment,967,2,3,25,3,Unfurnished,0,4.0,229.75
Kolkata,Mid-range,Builder Floor,1042,2,2,19,2,Semi-furnished,2,2.7,67.39
Pune,Mid-range,Apartment,755,1,2,23,25,Semi-furnished,0,2.5,49.96
Chennai,Suburban,Apartment,1095,2,3,6,0,Semi-furnished,1,15.1,54.62
Mumbai,Mid-range,Builder Floor,1545,3,3,8,0,Semi-furnished,1,0.2,309.87
Ahmedabad,Mid-range,Apartment,1020,2,2,3,19,Furnished,0,4.5,65.44
Mumbai,Suburban,Independent House,1831,3,2,17,2,Semi-furnished,1,1.9,274.58
Chennai,Mid-range,Apartment,1091,2,3,27,23,Unfurnished,1,3.1,65.3
Coimbatore,Prime,Apartment,766,1,2,16,7,Semi-furnished,1,2.0,59.44
Pune,Mid-range,Independent House,1911,3,2,8,1,Semi-furnished,1,4.0,157.0
Mumbai,Prime,Apartment,2120,5,4,11,8,Semi-furnished,0,2.2,645.24
Delhi NCR,Suburban,Apartment,1482,3,4,1,25,Unfurnished,1,14.1,120.11
Kochi,Prime,Apartment,1041,2,2,12,17,Unfurnished,2,0.7,102.05
Kolkata,Mid-range,Apartment,1522,3,2,6,8,Furnished,1,5.7,101.04
Kolkata,Prime,Apartment,1426,3,4,10,5,Unfurnished,1,4.7,133.99
Mumbai,Suburban,Apartment,1083,2,3,10,19,Semi-furnished,2,1.6,190.6
Coimbatore,Prime,Villa,1853,3,3,30,2,Unfurnished,1,13.3,113.46
Lucknow,Prime,Apartment,1024,2,2,21,11,Unfurnished,1,1.2,57.38
Coimbatore,Mid-range,Villa,566,1,2,21,0,Furnished,1,0.6,34.96
Chennai,Suburban,Apartment,804,1,1,11,7,Unfurnished,1,4.5,43.59
Ahmedabad,Suburban,Apartment,1325,3,3,4,3,Semi-furnished,1,1.0,61.75
Delhi NCR,Mid-range,Builder Floor,714,1,2,10,0,Semi-furnished,3,1.0,96.21
Coimbatore,Suburban,Apartment,1506,3,2,6,6,Unfurnished,1,2.4,58.02
Coimbatore,Prime,Apartment,2042,4,5,5,20,Unfurnished,1,5.9,179.27
Ahmedabad,Suburban,Apartment,600,1,2,24,12,Unfurnished,2,4.5,25.88
Chennai,Mid-range,Villa,2385,4,4,11,0,Unfurnished,1,0.3,215.01
Mumbai,Mid-range,Apartment,1834,4,5,29,13,Furnished,2,1.6,384.27
Chennai,Suburban,Independent House,1984,3,2,18,0,Unfurnished,1,10.9,81.86
Kolkata,Mid-range,Apartment,1060,2,3,28,22,Semi-furnished,1,15.8,50.7
Ahmedabad,Prime,Apartment,2369,5,5,30,14,Semi-furnished,2,13.0,151.2
Pune,Mid-range,Independent House,2198,4,4,3,0,Unfurnished,1,1.5,188.53
Chennai,Mid-range,Independent House,1829,3,3,22,1,Furnished,2,3.9,131.31
Lucknow,Mid-range,Apartment,1241,2,2,26,16,Unfurnished,2,2.2,51.54
Bengaluru,Mid-range,Apartment,1853,4,4,5,12,Furnished,1,1.6,186.57
Hyderabad,Prime,Builder Floor,1820,4,4,0,1,Semi-furnished,2,2.9,258.1
Coimbatore,Prime,Apartment,919,2,1,2,25,Furnished,2,15.5,93.93
Bengaluru,Prime,Apartment,2327,5,6,5,4,Unfurnished,1,1.9,298.96
Mumbai,Mid-range,Apartment,1479,3,2,24,8,Semi-furnished,1,7.9,244.28
Coimbatore,Prime,Independent House,1758,3,2,16,2,Unfurnished,1,3.5,131.15
Hyderabad,Mid-range,Builder Floor,2090,5,5,24,1,Unfurnished,2,0.3,129.36
Jaipur,Mid-range,Apartment,2254,5,6,14,24,Semi-furnished,0,1.9,99.91
Bengaluru,Mid-range,Apartment,1496,3,3,28,6,Furnished,3,6.2,108.44
Hyderabad,Mid-range,Apartment,1190,2,2,12,14,Unfurnished,1,2.6,98.19
Jaipur,Prime,Builder Floor,417,1,1,17,2,Unfurnished,1,13.1,25.19
Delhi NCR,Suburban,Apartment,1961,4,5,18,24,Semi-furnished,1,20.1,133.19
Delhi NCR,Prime,Apartment,1439,3,4,0,21,Semi-furnished,1,10.8,289.74
Mumbai,Mid-range,Independent House,1458,2,1,2,0,Semi-furnished,1,3.6,337.23
Mumbai,Mid-range,Apartment,2037,4,4,18,13,Unfurnished,0,4.8,343.85
Ahmedabad,Mid-range,Apartment,1726,4,5,9,4,Furnished,2,10.0,96.85
Hyderabad,Mid-range,Apartment,1155,2,1,25,17,Semi-furnished,1,0.2,78.35
Coimbatore,Mid-range,Apartment,1556,3,3,24,21,Semi-furnished,0,11.2,67.07
Kolkata,Mid-range,Apartment,1001,2,3,29,6,Unfurnished,2,2.9,55.63
Kochi,Suburban,Independent House,854,1,1,4,2,Unfurnished,0,14.9,37.84
Jaipur,Suburban,Builder Floor,925,2,2,5,1,Unfurnished,1,2.0,37.95
Hyderabad,Mid-range,Apartment,1837,4,4,0,23,Unfurnished,1,2.7,160.41
Lucknow,Mid-range,Independent House,1901,3,3,19,1,Furnished,1,0.5,86.03
Delhi NCR,Mid-range,Apartment,1549,3,4,2,2,Semi-furnished,0,1.9,198.74
Chennai,Suburban,Apartment,1156,2,2,27,10,Furnished,1,1.5,59.39
Kochi,Suburban,Apartment,1034,2,2,15,15,Unfurnished,2,3.4,46.32
Jaipur,Prime,Apartment,1605,3,3,15,12,Semi-furnished,2,7.0,101.31
Bengaluru,Mid-range,Villa,1380,2,2,9,2,Unfurnished,1,2.4,160.59
Chennai,Mid-range,Apartment,1758,4,3,21,21,Semi-furnished,2,0.5,120.9
Hyderabad,Suburban,Independent House,1446,2,3,11,0,Furnished,1,8.9,78.56
Kolkata,Mid-range,Apartment,741,1,2,8,16,Unfurnished,1,1.4,56.93
Delhi NCR,Suburban,Apartment,1144,2,2,29,19,Furnished,0,6.0,75.29
Ahmedabad,Suburban,Apartment,1101,2,2,19,18,Semi-furnished,1,1.4,40.56
Pune,Prime,Apartment,595,1,1,21,0,Semi-furnished,1,2.1,62.65
Kolkata,Mid-range,Builder Floor,1426,3,4,24,2,Furnished,1,3.4,74.86
Delhi NCR,Prime,Apartment,1388,3,2,5,16,Semi-furnished,2,8.6,262.53
Chennai,Prime,Independent House,1802,3,3,13,0,Unfurnished,1,1.8,187.15
Hyderabad,Mid-range,Builder Floor,1430,3,3,21,1,Unfurnished,1,0.6,88.27
Kochi,Mid-range,Apartment,995,2,2,25,20,Semi-furnished,2,8.4,53.68
Kochi,Prime,Apartment,1779,4,4,6,17,Unfurnished,0,2.0,205.4
Bengaluru,Mid-range,Apartment,1089,2,2,23,10,Furnished,2,4.8,97.5
Delhi NCR,Prime,Apartment,1478,3,2,6,20,Semi-furnished,0,1.9,294.83
Bengaluru,Mid-range,Apartment,1023,2,3,21,1,Semi-furnished,0,0.8,77.21
Kolkata,Mid-range,Builder Floor,1588,3,4,3,1,Semi-furnished,1,0.2,106.85
Pune,Mid-range,Builder Floor,1768,4,4,19,2,Semi-furnished,2,1.8,127.97
Pune,Mid-range,Villa,894,1,2,17,2,Unfurnished,1,0.6,84.65
Lucknow,Mid-range,Apartment,953,2,1,15,8,Semi-furnished,0,10.6,37.98
Mumbai,Prime,Builder Floor,1431,3,3,20,2,Unfurnished,1,0.2,401.73
Hyderabad,Mid-range,Apartment,1201,2,1,4,10,Unfurnished,1,1.4,86.86
Ahmedabad,Mid-range,Apartment,1563,3,3,7,21,Semi-furnished,1,12.3,86.11
Lucknow,Suburban,Apartment,1346,3,3,3,0,Furnished,1,4.4,46.37
Ahmedabad,Suburban,Independent House,1321,2,2,10,0,Semi-furnished,1,7.0,53.29
Kochi,Prime,Apartment,615,1,2,7,13,Furnished,3,5.7,69.35
Hyderabad,Suburban,Apartment,1172,2,2,23,15,Unfurnished,3,9.1,56.01
Kochi,Mid-range,Apartment,1182,2,2,2,24,Semi-furnished,0,2.6,89.54
Pune,Suburban,Independent House,2382,4,4,28,1,Unfurnished,0,8.0,92.65
Kolkata,Suburban,Villa,2409,4,4,8,2,Semi-furnished,1,2.4,141.6
Hyderabad,Suburban,Apartment,1080,2,1,30,8,Semi-furnished,1,1.2,49.48
Mumbai,Suburban,Apartment,670,1,1,5,1,Semi-furnished,1,0.9,109.59
Ahmedabad,Suburban,Apartment,1117,2,2,11,0,Furnished,3,1.3,52.03
Jaipur,Suburban,Villa,792,1,2,6,1,Unfurnished,2,3.2,44.09
Coimbatore,Prime,Apartment,741,1,1,13,19,Furnished,1,7.6,56.08
Pune,Suburban,Apartment,1424,3,4,11,11,Semi-furnished,1,5.4,81.54
Kochi,Suburban,Independent House,2398,4,4,30,1,Unfurnished,3,1.5,93.55
Kolkata,Mid-range,Apartment,1492,3,3,29,9,Furnished,1,3.1,80.22
Kochi,Prime,Independent House,1444,2,1,8,2,Semi-furnished,1,1.1,142.79
Kochi,Suburban,Independent House,1614,2,2,18,0,Unfurnished,1,4.2,76.54
Chennai,Mid-range,Builder Floor,1381,3,3,0,2,Semi-furnished,2,13.5,112.03
Ahmedabad,Mid-range,Apartment,1008,2,2,13,3,Semi-furnished,1,8.0,48.55
Coimbatore,Mid-range,Apartment,1499,3,4,3,3,Semi-furnished,2,4.3,90.16
Jaipur,Mid-range,Apartment,1392,3,4,7,21,Unfurnished,1,1.4,69.74
Lucknow,Mid-range,Apartment,1836,4,4,19,6,Semi-furnished,1,1.8,80.7
Chennai,Prime,Builder Floor,1458,3,4,10,2,Furnished,1,3.7,179.18
Pune,Suburban,Builder Floor,1682,3,4,5,2,Furnished,2,4.1,103.08
Coimbatore,Prime,Apartment,1493,3,3,3,13,Semi-furnished,1,3.9,129.69
Hyderabad,Suburban,Independent House,2030,3,3,9,0,Unfurnished,2,3.0,113.24
Delhi NCR,Prime,Villa,2285,4,3,0,2,Semi-furnished,2,4.5,547.17
Coimbatore,Mid-range,Apartment,1808,4,4,22,14,Semi-furnished,3,1.0,95.09
Coimbatore,Mid-range,Villa,1787,3,4,15,0,Furnished,2,1.4,124.76
Hyderabad,Mid-range,Apartment,1342,3,3,2,0,Semi-furnished,0,1.6,109.5
Kochi,Suburban,Apartment,609,1,1,24,14,Semi-furnished,0,1.0,21.53
Kochi,Mid-range,Villa,1749,3,3,14,0,Semi-furnished,1,6.2,143.38
Delhi NCR,Mid-range,Villa,2472,4,3,25,1,Furnished,2,4.3,260.55
Coimbatore,Mid-range,Independent House,1719,3,4,28,0,Semi-furnished,1,2.4,71.04
Lucknow,Mid-range,Apartment,1874,4,4,10,16,Unfurnished,2,1.0,100.56
Kolkata,Mid-range,Builder Floor,530,1,1,28,1,Semi-furnished,1,0.6,28.2
Delhi NCR,Suburban,Apartment,1216,2,1,26,15,Furnished,2,2.7,86.51
Kolkata,Prime,Independent House,1758,3,3,10,1,Furnished,2,1.5,177.25
Ahmedabad,Mid-range,Builder Floor,651,1,1,4,0,Semi-furnished,0,12.6,29.93
Hyderabad,Mid-range,Apartment,1411,3,3,9,0,Unfurnished,0,1.5,103.66
Jaipur,Prime,Apartment,721,1,1,1,19,Semi-furnished,1,13.7,55.39
Mumbai,Suburban,Apartment,1024,2,2,18,7,Semi-furnished,1,1.8,136.1
Mumbai,Suburban,Apartment,1519,3,3,21,15,Unfurnished,1,3.7,182.65
Bengaluru,Suburban,Apartment,617,1,2,10,9,Unfurnished,0,1.1,36.96
Mumbai,Prime,Apartment,1520,3,2,3,3,Semi-furnished,1,10.6,503.75
Chennai,Mid-range,Builder Floor,1590,3,4,4,0,Semi-furnished,3,0.4,131.03
Kolkata,Mid-range,Apartment,1028,2,3,23,7,Unfurnished,2,0.4,62.41
Hyderabad,Mid-range,Independent House,1241,2,2,9,1,Semi-furnished,2,6.3,115.73
Ahmedabad,Suburban,Apartment,680,1,1,23,16,Unfurnished,0,11.3,21.03
Bengaluru,Mid-range,Independent House,1878,3,3,0,1,Unfurnished,1,0.9,201.66
Chennai,Mid-range,Apartment,1158,2,1,22,2,Furnished,1,8.9,68.1
Kolkata,Suburban,Apartment,999,2,3,22,13,Furnished,1,1.5,47.08
Chennai,Suburban,Independent House,1912,3,4,15,1,Unfurnished,2,2.2,89.17
Pune,Mid-range,Apartment,1535,3,3,4,6,Unfurnished,1,5.5,126.35
Hyderabad,Prime,Apartment,1398,3,3,20,13,Unfurnished,1,2.6,148.44
Jaipur,Prime,Apartment,484,1,1,3,10,Unfurnished,1,1.3,36.02
Bengaluru,Suburban,Independent House,1900,3,4,21,2,Furnished,2,3.2,122.72
Ahmedabad,Suburban,Builder Floor,1155,2,3,22,1,Furnished,1,4.2,37.49
Delhi NCR,Mid-range,Apartment,1470,3,3,2,22,Furnished,0,6.0,188.14
Kolkata,Suburban,Apartment,719,1,2,13,7,Unfurnished,1,0.4,30.98
Chennai,Suburban,Apartment,1861,4,4,9,4,Semi-furnished,1,2.3,103.16
Delhi NCR,Suburban,Apartment,1552,3,3,18,23,Furnished,0,8.6,102.07
Jaipur,Mid-range,Apartment,896,2,2,18,19,Semi-furnished,2,6.2,46.92
Lucknow,Suburban,Villa,1885,3,2,17,1,Unfurnished,1,2.4,65.31
Chennai,Mid-range,Apartment,1797,4,4,9,6,Furnished,1,1.6,133.59
Bengaluru,Prime,Independent House,1324,2,1,15,2,Unfurnished,0,1.2,182.57
Hyderabad,Prime,Builder Floor,588,1,1,1,0,Furnished,1,0.7,88.0
Hyderabad,Mid-range,Apartment,1636,3,4,2,21,Semi-furnished,2,1.0,154.44
Kochi,Suburban,Independent House,2033,4,5,8,2,Semi-furnished,1,1.4,105.8
Hyderabad,Suburban,Independent House,1045,2,3,21,0,Furnished,1,0.6,56.97
Mumbai,Suburban,Apartment,1609,4,3,0,17,Semi-furnished,2,0.8,266.99
Hyderabad,Mid-range,Apartment,1383,3,3,26,22,Furnished,1,1.3,93.35
Mumbai,Suburban,Apartment,1198,2,1,10,20,Semi-furnished,3,0.3,188.55
Pune,Suburban,Apartment,715,1,1,10,24,Furnished,0,10.8,38.83
Pune,Prime,Independent House,1378,2,2,28,0,Unfurnished,2,2.5,140.1
Jaipur,Mid-range,Apartment,1956,4,5,24,17,Unfurnished,2,0.9,82.9
Mumbai,Mid-range,Apartment,1710,4,3,22,5,Furnished,2,7.0,313.18
Jaipur,Suburban,Builder Floor,1548,3,3,26,2,Unfurnished,2,4.7,45.68
Kochi,Mid-range,Apartment,1146,2,2,21,4,Semi-furnished,1,9.2,56.3
Coimbatore,Suburban,Apartment,1402,3,4,15,16,Semi-furnished,0,6.4,50.01
Pune,Prime,Builder Floor,1053,2,2,22,0,Unfurnished,1,9.0,97.56
Bengaluru,Mid-range,Apartment,904,2,1,3,20,Semi-furnished,3,2.5,90.9
Kochi,Suburban,Apartment,1911,4,4,17,3,Unfurnished,2,1.1,74.06
Kolkata,Suburban,Apartment,557,1,1,11,9,Furnished,1,1.6,28.81
Delhi NCR,Mid-range,Apartment,1068,2,2,7,4,Unfurnished,3,5.4,122.14
Hyderabad,Mid-range,Apartment,1269,2,1,9,9,Unfurnished,2,0.2,97.24
Lucknow,Mid-range,Builder Floor,981,2,2,13,2,Semi-furnished,1,14.4,43.18
Coimbatore,Suburban,Apartment,1143,2,2,11,4,Furnished,0,4.8,42.32
Kochi,Suburban,Independent House,1455,2,2,16,2,Unfurnished,2,8.5,62.31
Chennai,Suburban,Apartment,1022,2,2,1,25,Furnished,1,0.2,74.95
Jaipur,Prime,Apartment,737,1,2,12,6,Semi-furnished,1,2.4,54.95
Hyderabad,Suburban,Apartment,1823,4,3,29,13,Semi-furnished,1,1.6,72.2
Jaipur,Suburban,Apartment,1976,4,5,6,3,Unfurnished,3,0.4,84.76
Kochi,Mid-range,Apartment,1050,2,2,15,20,Semi-furnished,0,0.2,64.78
Delhi NCR,Mid-range,Independent House,1965,3,2,24,2,Furnished,2,1.3,208.55
Lucknow,Mid-range,Apartment,676,1,2,5,13,Semi-furnished,1,1.7,40.41
Pune,Prime,Apartment,1260,3,3,27,14,Semi-furnished,1,15.6,122.39
Delhi NCR,Mid-range,Apartment,1190,2,3,24,12,Unfurnished,1,3.6,116.28
Ahmedabad,Mid-range,Builder Floor,649,1,2,19,0,Unfurnished,2,7.9,34.48
Jaipur,Mid-range,Independent House,1645,2,2,20,2,Semi-furnished,1,1.3,71.89
Chennai,Mid-range,Apartment,1735,4,3,11,23,Semi-furnished,1,10.3,117.12
Chennai,Suburban,Builder Floor,1492,3,3,21,2,Unfurnished,0,8.8,51.06
Jaipur,Mid-range,Apartment,1372,3,4,8,20,Unfurnished,0,0.3,58.04
Kolkata,Suburban,Independent House,2281,4,3,23,2,Semi-furnished,2,2.8,91.02
Hyderabad,Mid-range,Apartment,1046,2,2,5,21,Furnished,1,0.8,95.7
Pune,Suburban,Independent House,1365,2,1,8,0,Furnished,1,1.6,88.04
Delhi NCR,Suburban,Builder Floor,2059,5,5,19,2,Unfurnished,2,13.0,120.74
Kolkata,Prime,Builder Floor,1025,2,3,26,0,Semi-furnished,1,2.8,85.86
Delhi NCR,Mid-range,Apartment,1556,3,3,20,24,Semi-furnished,1,3.3,158.85
Ahmedabad,Prime,Independent House,1780,3,2,16,0,Unfurnished,0,1.9,134.23
Kolkata,Mid-range,Apartment,669,1,1,0,18,Semi-furnished,1,0.8,52.34
Lucknow,Mid-range,Apartment,1435,3,3,20,5,Semi-furnished,0,5.4,50.05
Kochi,Mid-range,Builder Floor,2227,5,4,15,0,Semi-furnished,2,2.1,126.01
Pune,Mid-range,Independent House,1331,2,2,18,2,Semi-furnished,1,2.4,87.33
Ahmedabad,Mid-range,Apartment,1518,3,3,6,6,Furnished,1,1.3,94.34
Kochi,Suburban,Apartment,1773,4,3,6,11,Semi-furnished,1,0.5,90.79
Coimbatore,Suburban,Apartment,1902,4,4,21,21,Unfurnished,0,1.6,58.62
Bengaluru,Prime,Apartment,1375,3,3,14,5,Semi-furnished,1,14.1,152.98
Delhi NCR,Mid-range,Independent House,1819,3,4,9,1,Unfurnished,1,3.9,182.35
Delhi NCR,Mid-range,Apartment,1880,4,5,2,19,Furnished,2,4.8,269.11
Mumbai,Mid-range,Apartment,470,1,1,14,12,Furnished,1,0.8,92.21
Kochi,Suburban,Apartment,1435,3,3,2,2,Semi-furnished,1,0.8,71.55
Mumbai,Mid-range,Independent House,895,1,2,12,2,Semi-furnished,2,4.5,218.43
Jaipur,Mid-range,Apartment,652,1,1,7,7,Furnished,2,5.9,40.46
Coimbatore,Mid-range,Apartment,1475,3,3,26,13,Semi-furnished,1,1.1,66.79
Bengaluru,Mid-range,Apartment,1562,3,4,1,11,Unfurnished,2,0.9,175.19
Chennai,Mid-range,Apartment,562,1,1,6,23,Semi-furnished,3,0.4,58.57
Pune,Prime,Builder Floor,1485,3,3,24,0,Unfurnished,1,3.2,134.49
Delhi NCR,Suburban,Independent House,1975,3,2,6,1,Semi-furnished,1,0.4,171.02
Kochi,Mid-range,Builder Floor,682,1,1,10,0,Semi-furnished,1,6.4,42.2
Pune,Suburban,Apartment,1006,2,3,4,14,Semi-furnished,3,6.4,67.27
Kolkata,Suburban,Apartment,2025,4,4,14,5,Furnished,3,3.8,83.93
Lucknow,Suburban,Apartment,1089,2,2,22,20,Unfurnished,0,4.6,31.25
Lucknow,Mid-range,Villa,1334,2,1,17,2,Unfurnished,2,5.2,69.81
Pune,Mid-range,Independent House,1360,2,3,24,0,Semi-furnished,2,1.5,104.68
Coimbatore,Mid-range,Apartment,1174,2,1,13,11,Unfurnished,2,3.0,70.35
Bengaluru,Suburban,Apartment,1538,3,3,28,17,Furnished,1,1.5,90.8
Bengaluru,Prime,Apartment,1118,2,1,24,11,Semi-furnished,0,2.4,120.57
Jaipur,Suburban,Apartment,1296,3,2,29,24,Semi-furnished,2,1.7,44.49
Delhi NCR,Mid-range,Apartment,1437,3,3,18,18,Semi-furnished,1,3.3,141.45
Bengaluru,Suburban,Apartment,1059,2,1,25,17,Semi-furnished,3,0.7,61.88
Lucknow,Mid-range,Independent House,734,1,2,26,1,Furnished,1,3.3,31.16
Kochi,Suburban,Apartment,997,2,1,2,21,Furnished,3,11.0,61.55
Kochi,Mid-range,Apartment,1596,3,2,23,3,Semi-furnished,1,5.3,92.24
Chennai,Mid-range,Apartment,1440,3,3,23,24,Unfurnished,2,7.9,79.81
Pune,Mid-range,Apartment,1450,3,2,15,17,Semi-furnished,2,0.4,120.56
Mumbai,Mid-range,Apartment,1552,3,3,15,3,Unfurnished,2,1.0,322.62
Kochi,Suburban,Apartment,1432,3,3,22,0,Unfurnished,0,3.0,47.37
Chennai,Mid-range,Builder Floor,657,1,1,23,0,Furnished,1,7.6,40.31
Lucknow,Suburban,Apartment,1588,3,3,0,14,Semi-furnished,1,0.4,60.45
Jaipur,Prime,Villa,1622,2,2,26,2,Semi-furnished,1,0.5,126.89
Ahmedabad,Prime,Apartment,1170,2,3,15,1,Semi-furnished,3,0.2,110.41
Delhi NCR,Mid-range,Villa,1291,2,1,9,2,Unfurnished,1,5.3,166.77
Pune,Mid-range,Apartment,1864,4,4,2,5,Semi-furnished,1,0.2,155.51
Lucknow,Mid-range,Apartment,1034,2,1,22,7,Semi-furnished,1,0.8,40.99
Lucknow,Prime,Independent House,1410,2,2,1,2,Semi-furnished,1,2.3,118.68
Kolkata,Prime,Apartment,1097,2,3,28,6,Unfurnished,0,1.2,77.62
Hyderabad,Suburban,Apartment,1522,3,2,16,18,Unfurnished,1,0.7,76.67
Jaipur,Prime,Apartment,695,1,1,8,18,Unfurnished,1,3.0,53.8
Coimbatore,Mid-range,Builder Floor,598,1,1,28,1,Semi-furnished,2,0.8,30.08
Kolkata,Mid-range,Apartment,1027,2,1,1,2,Furnished,2,2.2,75.12
Kolkata,Mid-range,Independent House,2170,4,5,15,2,Semi-furnished,1,0.2,149.95
Chennai,Suburban,Apartment,1184,2,1,28,17,Semi-furnished,1,2.6,54.32
Ahmedabad,Mid-range,Apartment,1493,3,3,28,20,Semi-furnished,2,1.2,69.3
Delhi NCR,Prime,Independent House,1353,2,1,13,0,Unfurnished,0,2.3,219.69
Lucknow,Mid-range,Apartment,1084,2,2,22,7,Semi-furnished,2,2.3,51.47
Hyderabad,Suburban,Independent House,2341,4,5,10,2,Semi-furnished,3,3.7,133.02
Kolkata,Suburban,Apartment,1802,4,4,19,14,Unfurnished,2,1.2,80.79
Chennai,Suburban,Independent House,2041,3,4,8,1,Furnished,1,5.0,124.34
Jaipur,Prime,Builder Floor,1191,2,3,18,2,Semi-furnished,1,20.6,66.7
Kochi,Prime,Apartment,1434,3,2,14,20,Furnished,3,7.8,139.84
Lucknow,Suburban,Apartment,1462,3,2,20,22,Semi-furnished,2,12.0,47.14
Lucknow,Mid-range,Apartment,1809,4,3,21,24,Semi-furnished,0,5.6,76.34
Kolkata,Mid-range,Apartment,1139,2,2,0,0,Semi-furnished,1,1.5,80.63
Delhi NCR,Mid-range,Apartment,1163,2,2,29,9,Unfurnished,0,9.1,84.11
Bengaluru,Mid-range,Apartment,1911,4,4,29,10,Semi-furnished,2,2.9,127.41
Bengaluru,Suburban,Independent House,1744,3,3,9,0,Semi-furnished,1,9.4,109.38
Kolkata,Mid-range,Villa,1738,3,3,22,2,Semi-furnished,1,0.9,112.0
Kolkata,Mid-range,Builder Floor,2315,5,4,27,1,Semi-furnished,2,6.9,100.86
Mumbai,Suburban,Apartment,1149,2,2,4,7,Semi-furnished,1,1.2,185.93
Chennai,Suburban,Builder Floor,1013,2,1,11,1,Furnished,0,0.8,45.92
Ahmedabad,Prime,Independent House,1383,2,2,0,0,Semi-furnished,1,4.0,132.93
Chennai,Prime,Apartment,1579,3,3,25,18,Semi-furnished,1,2.2,155.21
Kolkata,Suburban,Builder Floor,736,1,1,20,2,Furnished,3,0.4,36.58
Chennai,Prime,Independent House,1768,3,4,12,0,Furnished,1,0.4,238.09
Bengaluru,Mid-range,Apartment,1197,2,1,10,8,Unfurnished,2,4.2,101.43
Bengaluru,Prime,Apartment,974,2,2,13,16,Semi-furnished,0,8.3,127.34
Coimbatore,Mid-range,Builder Floor,2234,5,5,2,1,Unfurnished,0,14.2,104.56
Lucknow,Suburban,Apartment,1377,3,2,6,2,Semi-furnished,0,11.3,37.4
Chennai,Mid-range,Apartment,1130,2,1,28,0,Semi-furnished,1,0.2,56.88
Ahmedabad,Mid-range,Apartment,1165,2,3,21,22,Furnished,3,0.3,74.72
Delhi NCR,Mid-range,Builder Floor,1511,3,3,23,1,Furnished,1,1.7,156.63
Delhi NCR,Prime,Apartment,671,1,1,22,2,Semi-furnished,2,2.1,111.76
Jaipur,Suburban,Apartment,889,2,2,19,25,Furnished,2,23.6,31.59
Coimbatore,Mid-range,Apartment,746,1,1,17,2,Unfurnished,1,0.3,36.3
Pune,Mid-range,Builder Floor,819,1,1,10,1,Semi-furnished,0,1.7,59.17
Coimbatore,Prime,Apartment,1695,4,3,1,9,Unfurnished,1,5.9,136.0
Mumbai,Mid-range,Apartment,1373,3,2,15,21,Semi-furnished,0,2.8,286.45
Ahmedabad,Mid-range,Builder Floor,970,2,2,19,0,Unfurnished,2,4.8,44.09
Lucknow,Prime,Independent House,1980,3,2,0,2,Semi-furnished,1,0.2,183.25
Kochi,Mid-range,Apartment,2190,5,4,30,1,Semi-furnished,1,15.7,92.37
Chennai,Suburban,Villa,811,1,1,6,0,Unfurnished,1,3.2,52.91
Pune,Suburban,Apartment,690,1,1,13,21,Furnished,1,1.2,42.12
Hyderabad,Mid-range,Apartment,1480,3,3,10,13,Semi-furnished,0,4.4,111.69
Hyderabad,Mid-range,Apartment,1067,2,3,0,0,Semi-furnished,1,3.3,96.41
Chennai,Mid-range,Villa,536,1,1,20,0,Unfurnished,1,1.4,44.85
Kochi,Mid-range,Independent House,655,1,1,6,0,Unfurnished,1,3.3,46.59
Ahmedabad,Suburban,Apartment,1418,3,3,21,3,Semi-furnished,1,0.9,43.26
Kochi,Suburban,Apartment,1595,3,3,29,10,Unfurnished,1,1.9,58.12
Ahmedabad,Suburban,Apartment,1500,3,3,10,1,Semi-furnished,2,3.8,55.39
Chennai,Prime,Apartment,610,1,1,0,21,Semi-furnished,1,1.3,89.93
Kochi,Mid-range,Builder Floor,660,1,1,0,0,Unfurnished,2,13.8,45.49
Kolkata,Suburban,Builder Floor,1806,4,4,23,1,Unfurnished,1,0.4,68.2
Chennai,Prime,Builder Floor,1606,3,3,15,0,Semi-furnished,3,0.4,183.58
Kochi,Mid-range,Apartment,1477,3,4,6,2,Unfurnished,2,6.6,88.85
Jaipur,Suburban,Apartment,1979,4,5,10,2,Semi-furnished,1,9.1,72.75
Chennai,Mid-range,Independent House,1701,3,3,30,1,Semi-furnished,2,13.4,89.68
Jaipur,Mid-range,Builder Floor,941,2,3,25,2,Semi-furnished,1,13.9,37.7
Kochi,Suburban,Apartment,1905,4,4,2,25,Unfurnished,2,7.7,102.79
Mumbai,Mid-range,Apartment,895,2,2,0,8,Unfurnished,1,2.3,205.06
Jaipur,Prime,Builder Floor,1858,4,4,25,1,Unfurnished,2,10.1,93.64
Coimbatore,Suburban,Builder Floor,857,2,3,15,0,Furnished,1,1.7,35.82
Delhi NCR,Prime,Apartment,1192,2,2,4,20,Semi-furnished,2,7.4,232.33
Coimbatore,Suburban,Apartment,749,1,2,6,1,Semi-furnished,2,3.8,35.03
Hyderabad,Prime,Builder Floor,1202,2,3,17,2,Semi-furnished,1,17.5,120.52
Ahmedabad,Suburban,Apartment,1096,2,2,15,14,Semi-furnished,1,0.9,42.21
Kochi,Mid-range,Builder Floor,1030,2,1,30,2,Unfurnished,1,1.3,47.78
Ahmedabad,Mid-range,Villa,1722,3,4,19,2,Furnished,2,0.6,115.2
Kochi,Mid-range,Apartment,1367,3,4,2,6,Unfurnished,0,6.0,94.49
Ahmedabad,Suburban,Apartment,1117,2,2,23,3,Semi-furnished,3,2.4,42.23
Ahmedabad,Suburban,Apartment,1460,3,2,27,20,Unfurnished,1,4.1,42.08
Kolkata,Suburban,Apartment,1050,2,2,18,20,Unfurnished,0,1.1,37.19
Ahmedabad,Prime,Independent House,1359,2,2,9,1,Semi-furnished,2,0.2,134.58
Ahmedabad,Mid-range,Apartment,1100,2,1,7,25,Semi-furnished,2,1.3,69.7
Chennai,Suburban,Independent House,1947,3,2,4,1,Semi-furnished,1,10.5,113.73
Kolkata,Suburban,Apartment,1503,3,3,20,13,Semi-furnished,1,7.3,56.92
Hyderabad,Mid-range,Villa,1402,2,2,13,1,Semi-furnished,3,0.9,135.54
Ahmedabad,Mid-range,Apartment,1216,2,1,28,18,Semi-furnished,3,0.2,68.99
Kolkata,Suburban,Apartment,1102,2,2,23,2,Furnished,0,1.0,43.61
Coimbatore,Mid-range,Villa,2279,4,3,9,2,Unfurnished,1,0.7,148.66
Kochi,Prime,Independent House,1256,2,1,21,0,Semi-furnished,1,0.2,116.42
Hyderabad,Prime,Apartment,1086,2,2,20,19,Semi-furnished,2,1.5,115.55
Coimbatore,Mid-range,Villa,946,1,1,16,1,Unfurnished,0,0.2,55.68
Kochi,Prime,Independent House,1744,3,2,4,2,Semi-furnished,1,0.6,207.28
Pune,Suburban,Apartment,578,1,1,29,12,Semi-furnished,1,5.8,29.38
Kochi,Mid-range,Independent House,1797,3,3,30,1,Semi-furnished,1,0.2,89.21
Coimbatore,Suburban,Apartment,1428,3,4,5,10,Unfurnished,1,5.7,50.82
Bengaluru,Mid-range,Apartment,1500,3,3,20,6,Semi-furnished,1,10.9,118.08
Hyderabad,Prime,Apartment,1224,2,2,12,5,Unfurnished,1,11.4,115.82
Pune,Suburban,Independent House,1614,2,2,14,1,Semi-furnished,0,5.2,79.48
Ahmedabad,Mid-range,Builder Floor,1460,3,2,24,0,Semi-furnished,1,0.2,55.97
Coimbatore,Suburban,Apartment,1118,2,2,14,1,Semi-furnished,1,3.1,41.42
Mumbai,Prime,Apartment,1127,2,2,17,2,Semi-furnished,2,24.8,298.82
Delhi NCR,Mid-range,Apartment,680,1,1,4,16,Semi-furnished,1,1.8,93.15
Mumbai,Mid-range,Apartment,1168,2,2,28,20,Semi-furnished,1,4.1,225.48
Kolkata,Prime,Apartment,1468,3,3,2,19,Semi-furnished,0,3.5,153.85
Pune,Suburban,Apartment,977,2,1,7,6,Furnished,0,3.2,57.33
Delhi NCR,Prime,Villa,1830,3,2,25,0,Unfurnished,0,0.3,304.31
Mumbai,Mid-range,Independent House,1856,3,3,18,2,Semi-furnished,1,2.3,379.34
Kochi,Mid-range,Apartment,866,2,2,16,14,Unfurnished,3,2.9,64.46
Kolkata,Prime,Apartment,1436,3,2,17,24,Furnished,1,2.0,125.81
Pune,Suburban,Villa,1279,2,2,28,1,Semi-furnished,1,8.7,62.29
Kochi,Mid-range,Apartment,642,1,2,11,11,Furnished,1,5.0,45.26
Chennai,Prime,Apartment,1579,3,3,19,20,Semi-furnished,2,3.3,165.85
Chennai,Prime,Apartment,1526,3,4,28,8,Unfurnished,2,1.0,137.44
Hyderabad,Prime,Apartment,1490,3,3,15,6,Unfurnished,0,9.6,148.9
Chennai,Mid-range,Apartment,1532,3,3,9,13,Unfurnished,1,0.6,103.74
Kochi,Mid-range,Independent House,2277,4,5,1,1,Semi-furnished,1,1.2,179.88
Kochi,Suburban,Apartment,1659,4,4,13,23,Furnished,0,4.8,75.22
Chennai,Prime,Apartment,1250,2,3,8,21,Semi-furnished,0,5.7,157.75
Coimbatore,Mid-range,Builder Floor,1329,3,2,8,0,Furnished,2,0.4,79.5
Delhi NCR,Mid-range,Apartment,1862,4,5,25,21,Furnished,2,1.0,193.42
Mumbai,Suburban,Builder Floor,1697,4,4,22,2,Semi-furnished,2,2.1,221.38
Bengaluru,Mid-range,Apartment,2208,5,5,22,21,Semi-furnished,2,7.2,160.26
Hyderabad,Suburban,Villa,1814,3,3,12,1,Unfurnished,2,12.6,113.09
Kochi,Suburban,Independent House,894,1,1,29,0,Semi-furnished,2,1.5,38.52
Delhi NCR,Mid-range,Apartment,1789,4,4,10,19,Unfurnished,0,3.7,190.6
Lucknow,Mid-range,Apartment,1533,3,3,4,14,Furnished,1,0.8,89.8
Lucknow,Mid-range,Apartment,1468,3,2,14,6,Semi-furnished,0,0.2,59.99
Bengaluru,Suburban,Apartment,1782,4,3,19,3,Semi-furnished,2,0.2,104.46
Chennai,Mid-range,Independent House,1269,2,2,6,1,Unfurnished,1,6.4,89.58
Lucknow,Prime,Builder Floor,1395,3,2,10,1,Unfurnished,1,4.9,84.29
Jaipur,Suburban,Apartment,1877,4,5,21,23,Semi-furnished,3,2.5,61.09
Coimbatore,Suburban,Apartment,1779,4,4,25,14,Unfurnished,1,4.3,52.98
Kochi,Mid-range,Apartment,478,1,1,18,5,Furnished,1,6.1,33.21
Jaipur,Mid-range,Apartment,2383,5,5,3,25,Semi-furnished,0,1.4,132.07
Delhi NCR,Suburban,Apartment,1310,3,3,1,6,Semi-furnished,0,2.3,103.79
Bengaluru,Prime,Villa,1303,2,1,6,0,Furnished,1,1.7,258.04
Hyderabad,Prime,Builder Floor,570,1,2,17,1,Unfurnished,0,3.4,56.41
Mumbai,Prime,Apartment,1939,4,5,4,6,Semi-furnished,0,1.4,684.51
Ahmedabad,Mid-range,Apartment,590,1,1,9,14,Unfurnished,2,6.2,34.19
Ahmedabad,Prime,Apartment,624,1,2,30,9,Unfurnished,1,6.2,39.49
Kolkata,Prime,Apartment,1138,2,1,5,16,Unfurnished,0,4.6,112.3
Delhi NCR,Suburban,Apartment,1774,4,5,23,16,Unfurnished,2,0.8,133.81
Kochi,Mid-range,Apartment,1487,3,3,27,1,Furnished,2,12.8,78.82
Mumbai,Suburban,Apartment,1445,3,3,6,21,Unfurnished,0,3.1,224.62
Bengaluru,Mid-range,Builder Floor,1064,2,2,11,2,Furnished,1,2.2,96.94
Kochi,Prime,Villa,2306,4,3,14,0,Semi-furnished,1,3.1,281.88
Coimbatore,Suburban,Apartment,1552,3,3,19,8,Unfurnished,1,1.6,51.89
Mumbai,Suburban,Apartment,1937,4,5,14,21,Unfurnished,1,6.3,280.7
Kolkata,Mid-range,Apartment,2271,5,6,25,23,Semi-furnished,2,1.8,134.48
Mumbai,Suburban,Apartment,1207,2,2,11,21,Semi-furnished,0,4.4,188.35
Delhi NCR,Mid-range,Apartment,1577,3,3,21,13,Unfurnished,2,2.6,166.64
Lucknow,Suburban,Apartment,1202,2,2,14,12,Semi-furnished,2,7.1,38.88
Kochi,Mid-range,Apartment,609,1,1,11,7,Unfurnished,1,0.9,38.38
Coimbatore,Mid-range,Independent House,2340,4,4,29,2,Unfurnished,1,1.4,102.59
Lucknow,Prime,Apartment,1102,2,1,16,22,Semi-furnished,0,2.9,68.76
Kolkata,Mid-range,Apartment,1816,4,5,17,0,Semi-furnished,0,1.0,107.11
Bengaluru,Mid-range,Builder Floor,1475,3,2,16,1,Semi-furnished,1,8.6,114.27
Kochi,Mid-range,Apartment,1575,3,4,0,22,Semi-furnished,1,7.2,109.94
Mumbai,Prime,Apartment,1541,3,2,23,12,Semi-furnished,1,1.2,454.88
Kolkata,Mid-range,Apartment,1463,3,3,14,13,Unfurnished,1,1.2,80.92
Coimbatore,Suburban,Independent House,1441,2,1,3,2,Semi-furnished,2,1.1,57.86
Chennai,Mid-range,Builder Floor,1043,2,2,25,0,Unfurnished,1,4.9,57.91
Jaipur,Mid-range,Apartment,1582,3,3,10,9,Semi-furnished,0,2.8,77.1
Ahmedabad,Suburban,Builder Floor,1552,3,3,9,1,Furnished,3,16.3,63.17
Coimbatore,Suburban,Builder Floor,1465,3,3,21,2,Semi-furnished,1,0.2,50.0
Chennai,Suburban,Villa,1194,2,2,19,0,Semi-furnished,1,3.2,68.99
Jaipur,Suburban,Apartment,984,2,1,16,6,Semi-furnished,2,12.9,34.23
Coimbatore,Suburban,Apartment,1359,3,4,8,19,Unfurnished,1,0.3,55.01
Kochi,Suburban,Apartment,585,1,1,8,13,Semi-furnished,1,1.4,31.65
Ahmedabad,Mid-range,Apartment,1077,2,1,10,25,Semi-furnished,0,1.5,57.59
Mumbai,Mid-range,Apartment,1270,2,2,22,2,Semi-furnished,2,8.1,221.18
Lucknow,Prime,Independent House,753,1,1,4,2,Semi-furnished,0,4.3,54.66
Ahmedabad,Suburban,Apartment,513,1,1,6,2,Semi-furnished,1,1.4,23.51
Coimbatore,Mid-range,Apartment,1117,2,1,16,22,Semi-furnished,0,17.7,49.73
Ahmedabad,Mid-range,Apartment,1689,3,4,9,22,Unfurnished,2,1.7,97.73
Delhi NCR,Prime,Apartment,1167,2,1,6,0,Unfurnished,1,13.2,194.44
Lucknow,Suburban,Builder Floor,1736,4,5,26,1,Semi-furnished,1,2.7,43.88
Ahmedabad,Suburban,Builder Floor,1884,4,4,17,0,Semi-furnished,0,0.2,59.83
Jaipur,Mid-range,Builder Floor,753,1,1,23,0,Semi-furnished,1,8.0,28.23
Ahmedabad,Prime,Independent House,1885,3,3,1,0,Semi-furnished,0,5.4,158.11
Delhi NCR,Mid-range,Apartment,1146,2,2,8,17,Unfurnished,0,2.0,124.35
Coimbatore,Mid-range,Apartment,1164,2,3,18,16,Semi-furnished,0,7.8,50.92
Pune,Mid-range,Apartment,1229,2,2,23,2,Unfurnished,2,7.2,81.91
Delhi NCR,Suburban,Builder Floor,617,1,1,14,2,Unfurnished,2,0.2,53.11
Kolkata,Suburban,Builder Floor,1201,2,1,10,0,Unfurnished,2,3.9,55.32
Ahmedabad,Mid-range,Independent House,1401,2,1,18,1,Furnished,0,8.7,64.43
Bengaluru,Mid-range,Builder Floor,1559,3,3,12,0,Furnished,1,1.7,134.63
Bengaluru,Mid-range,Independent House,1641,3,3,22,1,Semi-furnished,1,0.6,143.8
Pune,Mid-range,Apartment,1347,3,4,13,8,Unfurnished,1,11.8,106.04
Mumbai,Suburban,Apartment,777,1,2,14,10,Unfurnished,1,1.4,116.39
Mumbai,Prime,Builder Floor,1022,2,2,11,2,Unfurnished,2,3.6,325.73
Bengaluru,Mid-range,Apartment,536,1,1,4,2,Furnished,0,2.0,47.57
Pune,Suburban,Apartment,1392,3,3,17,0,Furnished,1,4.7,73.93
Mumbai,Prime,Apartment,1188,2,1,3,6,Semi-furnished,2,0.9,445.77
Kochi,Suburban,Apartment,1003,2,2,10,7,Furnished,1,1.8,50.3
Chennai,Mid-range,Builder Floor,1154,2,2,22,0,Semi-furnished,0,3.9,67.79
Jaipur,Mid-range,Independent House,1742,3,3,29,1,Semi-furnished,0,0.6,69.12
Chennai,Mid-range,Villa,2894,5,6,17,0,Unfurnished,0,6.1,236.12
Chennai,Mid-range,Apartment,797,1,1,16,10,Unfurnished,1,1.8,50.46
Ahmedabad,Prime,Apartment,1066,2,2,5,3,Semi-furnished,0,4.4,91.46
Lucknow,Prime,Apartment,709,1,1,7,17,Unfurnished,1,0.8,51.1
Coimbatore,Mid-range,Builder Floor,1489,3,3,18,0,Semi-furnished,0,2.4,62.61
Ahmedabad,Mid-range,Apartment,623,1,1,13,13,Unfurnished,1,0.2,35.15
Lucknow,Mid-range,Apartment,1261,2,2,27,4,Semi-furnished,0,3.7,40.01
Hyderabad,Prime,Independent House,877,1,1,13,2,Unfurnished,1,21.3,88.54
Chennai,Prime,Builder Floor,503,1,2,28,1,Unfurnished,1,1.2,36.21
Pune,Suburban,Independent House,1891,3,2,17,0,Semi-furnished,2,6.2,100.13
Chennai,Prime,Apartment,1449,3,4,6,12,Semi-furnished,1,0.6,173.63
Hyderabad,Prime,Apartment,1100,2,3,0,9,Semi-furnished,2,4.7,137.62
Ahmedabad,Suburban,Apartment,2005,4,4,26,14,Semi-furnished,2,5.5,70.37
Chennai,Prime,Apartment,1479,3,4,23,20,Semi-furnished,0,3.9,140.38
Bengaluru,Mid-range,Independent House,2222,4,4,0,2,Furnished,1,12.0,211.58
Bengaluru,Mid-range,Independent House,1431,2,3,4,1,Unfurnished,1,3.9,129.85
Hyderabad,Prime,Apartment,1054,2,2,6,5,Semi-furnished,1,0.4,128.52
Kochi,Suburban,Independent House,1731,3,3,0,2,Furnished,3,1.1,118.32
Lucknow,Suburban,Apartment,1544,3,3,17,19,Unfurnished,1,0.2,44.66
Chennai,Prime,Builder Floor,644,1,1,29,1,Semi-furnished,1,0.6,56.75
Coimbatore,Suburban,Apartment,897,2,1,7,10,Semi-furnished,0,1.4,32.37
Lucknow,Prime,Apartment,1169,2,2,9,3,Semi-furnished,1,12.4,77.2
Bengaluru,Suburban,Apartment,1665,4,3,23,10,Furnished,1,1.3,103.07
Ahmedabad,Mid-range,Villa,1959,3,2,0,0,Semi-furnished,2,5.1,154.76
Mumbai,Suburban,Apartment,1732,4,4,0,2,Unfurnished,2,1.3,276.52
Delhi NCR,Mid-range,Apartment,1062,2,1,23,7,Semi-furnished,1,8.1,90.94
Mumbai,Mid-range,Builder Floor,977,2,1,23,2,Furnished,0,15.2,138.84
Chennai,Mid-range,Apartment,952,2,1,0,17,Semi-furnished,2,1.0,90.58
Ahmedabad,Prime,Apartment,1635,4,5,3,15,Semi-furnished,1,0.2,161.54
Hyderabad,Mid-range,Apartment,1034,2,3,25,13,Semi-furnished,2,1.0,64.65
Lucknow,Prime,Apartment,1483,3,2,29,12,Unfurnished,2,2.5,80.17
Mumbai,Suburban,Independent House,1835,3,3,8,1,Semi-furnished,1,0.5,278.37
Kochi,Suburban,Builder Floor,1034,2,1,15,0,Furnished,0,2.4,39.52
Jaipur,Mid-range,Independent House,1935,3,3,15,0,Semi-furnished,3,7.4,101.96
Pune,Suburban,Apartment,742,1,1,15,25,Unfurnished,1,2.7,45.54
Kochi,Suburban,Builder Floor,1352,3,2,18,2,Semi-furnished,3,0.2,57.14
Chennai,Suburban,Apartment,578,1,1,13,14,Semi-furnished,0,4.5,30.97
Mumbai,Suburban,Apartment,1840,4,5,11,6,Furnished,1,1.1,277.68
Kochi,Suburban,Apartment,917,2,3,18,24,Furnished,1,6.2,41.8
Ahmedabad,Mid-range,Villa,1911,3,4,23,1,Unfurnished,0,5.9,82.96
Mumbai,Suburban,Apartment,1700,3,2,11,25,Unfurnished,2,1.0,265.97
Kolkata,Suburban,Apartment,1427,3,4,7,20,Unfurnished,2,1.7,65.23
Mumbai,Suburban,Apartment,1469,3,2,9,20,Furnished,1,1.4,218.2
Kolkata,Mid-range,Apartment,1127,2,3,24,2,Furnished,1,1.9,64.2
Mumbai,Mid-range,Independent House,1523,2,2,25,1,Semi-furnished,1,6.0,274.68
Lucknow,Suburban,Builder Floor,1411,3,4,2,1,Semi-furnished,2,7.5,53.33
Mumbai,Mid-range,Apartment,1052,2,1,21,20,Semi-furnished,2,6.8,205.59
Lucknow,Mid-range,Apartment,908,2,2,24,24,Semi-furnished,1,1.7,38.59
Coimbatore,Mid-range,Independent House,722,1,2,3,0,Furnished,1,17.2,50.66
Coimbatore,Prime,Builder Floor,1511,3,2,13,1,Semi-furnished,0,0.4,100.91
Kolkata,Suburban,Apartment,1722,4,4,4,24,Unfurnished,1,2.5,79.83
Coimbatore,Mid-range,Villa,1806,3,3,29,1,Unfurnished,2,6.5,92.31
Mumbai,Prime,Apartment,1177,2,1,24,17,Semi-furnished,0,0.5,362.94
Kochi,Prime,Builder Floor,649,1,2,17,2,Furnished,1,5.8,57.47
Jaipur,Prime,Apartment,1413,3,3,0,19,Unfurnished,3,4.0,132.98
Pune,Prime,Builder Floor,1030,2,2,13,0,Semi-furnished,1,3.1,106.24
Kolkata,Suburban,Villa,1925,3,3,7,0,Semi-furnished,1,3.1,113.16
Jaipur,Suburban,Independent House,1425,2,1,16,0,Unfurnished,0,14.1,39.4
Coimbatore,Mid-range,Builder Floor,1203,2,1,0,1,Unfurnished,3,3.3,79.7
Bengaluru,Mid-range,Apartment,1144,2,2,24,17,Semi-furnished,1,2.4,85.62
Coimbatore,Mid-range,Apartment,686,1,2,18,3,Semi-furnished,1,9.0,31.22
Mumbai,Mid-range,Apartment,958,2,2,0,20,Unfurnished,3,4.2,225.73
Hyderabad,Mid-range,Apartment,874,2,1,15,18,Semi-furnished,3,0.9,80.22
Chennai,Prime,Villa,1244,2,3,3,2,Unfurnished,2,1.3,200.58
Ahmedabad,Mid-range,Villa,1866,3,4,10,2,Semi-furnished,1,0.8,135.03
Jaipur,Suburban,Apartment,1042,2,3,10,7,Unfurnished,0,2.9,31.77
Jaipur,Mid-range,Villa,1933,3,4,10,1,Unfurnished,2,1.9,107.21
Ahmedabad,Suburban,Apartment,1441,3,4,5,5,Semi-furnished,3,1.4,74.88
Hyderabad,Mid-range,Independent House,648,1,2,10,0,Unfurnished,1,2.4,49.44
Pune,Mid-range,Independent House,2838,5,5,3,1,Semi-furnished,1,3.9,258.64
Kolkata,Mid-range,Apartment,1509,3,3,2,9,Unfurnished,2,3.9,103.8
Coimbatore,Mid-range,Independent House,1661,2,2,22,0,Unfurnished,1,18.6,69.8
Hyderabad,Mid-range,Apartment,1058,2,1,15,18,Furnished,1,1.0,83.88
Jaipur,Mid-range,Apartment,684,1,1,9,14,Unfurnished,1,0.5,37.74
Lucknow,Mid-range,Apartment,997,2,1,23,16,Unfurnished,2,4.0,44.88
Mumbai,Prime,Builder Floor,1506,3,4,23,1,Furnished,2,0.2,412.72
Pune,Suburban,Apartment,1408,3,2,20,21,Unfurnished,1,6.0,65.89
Lucknow,Suburban,Apartment,623,1,2,3,13,Semi-furnished,1,1.1,27.22
Hyderabad,Mid-range,Apartment,1483,3,2,15,10,Furnished,2,13.4,120.52
Ahmedabad,Mid-range,Builder Floor,1271,2,1,14,1,Furnished,1,10.1,55.52
Pune,Mid-range,Independent House,1222,2,3,15,2,Semi-furnished,2,3.6,94.68
Bengaluru,Suburban,Independent House,1256,2,2,16,0,Semi-furnished,2,2.4,85.84
Bengaluru,Suburban,Independent House,1196,2,1,9,0,Unfurnished,1,3.8,71.46
Ahmedabad,Mid-range,Apartment,1444,3,2,4,8,Furnished,0,19.9,85.12
Kochi,Mid-range,Apartment,1461,3,3,21,14,Semi-furnished,2,1.3,80.97
Pune,Suburban,Apartment,1458,3,3,6,8,Unfurnished,2,0.2,91.58
Hyderabad,Mid-range,Apartment,969,2,1,20,19,Furnished,1,1.2,75.73
Delhi NCR,Mid-range,Apartment,1168,2,2,8,4,Unfurnished,2,0.5,129.53
Ahmedabad,Mid-range,Builder Floor,1027,2,1,4,2,Furnished,2,6.8,68.97
Kolkata,Prime,Apartment,983,2,3,1,7,Semi-furnished,1,1.4,99.75
Lucknow,Suburban,Apartment,1024,2,1,16,20,Semi-furnished,3,0.7,42.38
Coimbatore,Mid-range,Apartment,1358,3,3,30,8,Semi-furnished,1,6.2,55.73
Coimbatore,Suburban,Apartment,1192,2,3,12,23,Semi-furnished,2,1.0,51.03
Hyderabad,Suburban,Builder Floor,1201,2,2,12,0,Semi-furnished,2,4.8,60.6
Mumbai,Suburban,Apartment,1797,4,5,26,1,Semi-furnished,1,1.9,224.52
Ahmedabad,Prime,Apartment,1961,4,4,14,10,Furnished,0,4.7,147.94
Coimbatore,Suburban,Independent House,1587,3,3,4,0,Unfurnished,1,1.2,57.44
Chennai,Mid-range,Apartment,1454,3,4,3,10,Unfurnished,1,1.8,137.6
Ahmedabad,Suburban,Apartment,1147,2,3,15,17,Semi-furnished,0,6.0,36.07
Bengaluru,Prime,Apartment,2217,5,4,7,21,Semi-furnished,1,0.6,328.98
Kolkata,Mid-range,Independent House,2421,4,4,21,1,Unfurnished,1,3.7,147.49
Lucknow,Suburban,Villa,1875,3,2,6,1,Furnished,2,12.8,76.26
Bengaluru,Suburban,Apartment,1134,2,2,14,13,Semi-furnished,0,2.2,63.17
Chennai,Suburban,Apartment,1104,2,2,16,18,Unfurnished,1,0.7,58.57
Jaipur,Prime,Apartment,1101,2,1,12,8,Unfurnished,1,3.4,75.08
Chennai,Suburban,Builder Floor,1338,3,3,12,2,Semi-furnished,1,1.4,64.32
Hyderabad,Mid-range,Apartment,1374,3,3,21,1,Unfurnished,2,7.2,85.34
Lucknow,Suburban,Apartment,1064,2,1,0,12,Furnished,2,2.3,47.98
Jaipur,Mid-range,Apartment,964,2,2,8,25,Semi-furnished,1,8.3,49.06
Kochi,Suburban,Apartment,1009,2,2,6,17,Semi-furnished,1,3.6,50.17
Kolkata,Mid-range,Apartment,1777,4,4,29,20,Semi-furnished,0,1.0,86.39
Chennai,Suburban,Apartment,1371,3,3,7,16,Unfurnished,0,6.1,68.85
Bengaluru,Suburban,Apartment,1520,3,3,14,21,Furnished,1,2.0,92.34
Pune,Mid-range,Builder Floor,1484,3,2,11,1,Furnished,2,3.1,112.28
Kolkata,Suburban,Apartment,1451,3,3,17,10,Semi-furnished,2,2.3,66.76
Jaipur,Prime,Apartment,1381,3,3,4,23,Unfurnished,1,9.7,104.95
Pune,Suburban,Apartment,1478,3,2,3,2,Unfurnished,0,0.5,77.72
Coimbatore,Mid-range,Apartment,1034,2,2,19,1,Semi-furnished,0,1.6,45.18
Hyderabad,Mid-range,Builder Floor,656,1,1,21,2,Semi-furnished,0,3.1,39.46
Delhi NCR,Mid-range,Apartment,1301,3,2,29,18,Furnished,2,0.3,119.72
Coimbatore,Mid-range,Builder Floor,1407,3,2,22,1,Unfurnished,2,11.9,58.95
Chennai,Prime,Apartment,1488,3,4,14,3,Furnished,0,0.6,167.69
Kochi,Suburban,Apartment,1116,2,3,2,12,Unfurnished,1,2.6,51.52
Jaipur,Mid-range,Builder Floor,1527,3,2,23,2,Unfurnished,2,11.8,58.35
Coimbatore,Mid-range,Apartment,652,1,2,22,21,Furnished,1,2.8,35.37
Bengaluru,Mid-range,Apartment,1765,4,4,0,19,Furnished,1,3.1,219.04
Hyderabad,Mid-range,Apartment,2211,5,6,21,16,Semi-furnished,2,14.8,151.39
Pune,Prime,Builder Floor,1165,2,2,8,2,Semi-furnished,1,2.5,144.27
Kochi,Suburban,Independent House,1335,2,3,14,2,Furnished,0,0.3,60.23
Coimbatore,Mid-range,Apartment,822,1,1,6,5,Unfurnished,0,6.0,41.14
Coimbatore,Prime,Builder Floor,1393,3,4,29,1,Semi-furnished,1,15.2,73.89
Kolkata,Mid-range,Villa,1899,3,3,24,1,Unfurnished,0,10.3,103.48
Coimbatore,Mid-range,Builder Floor,1107,2,1,0,2,Unfurnished,1,1.9,65.35
Delhi NCR,Mid-range,Apartment,1600,3,3,4,21,Unfurnished,1,8.8,164.63
Ahmedabad,Suburban,Apartment,1391,3,3,28,3,Semi-furnished,2,0.2,46.35
Bengaluru,Prime,Apartment,1831,4,3,0,4,Furnished,1,3.5,276.64
Pune,Mid-range,Apartment,1247,2,3,15,25,Semi-furnished,2,2.4,106.36
Jaipur,Prime,Independent House,1350,2,2,3,2,Unfurnished,1,5.6,98.35
Hyderabad,Mid-range,Apartment,1600,3,3,14,22,Unfurnished,1,13.5,110.13
Lucknow,Mid-range,Builder Floor,1012,2,3,29,2,Semi-furnished,2,3.4,44.43
Lucknow,Suburban,Apartment,1069,2,2,25,0,Unfurnished,2,0.7,32.49
Ahmedabad,Mid-range,Apartment,765,1,1,7,6,Semi-furnished,1,5.5,41.05
Delhi NCR,Mid-range,Independent House,742,1,1,9,2,Semi-furnished,1,12.0,96.7
Lucknow,Suburban,Apartment,1525,3,4,22,8,Furnished,0,0.2,42.46
Chennai,Suburban,Builder Floor,1385,3,3,17,2,Semi-furnished,2,0.2,74.47
Hyderabad,Mid-range,Apartment,601,1,1,3,2,Semi-furnished,2,0.9,53.0
Chennai,Mid-range,Independent House,1949,3,3,16,2,Semi-furnished,1,1.7,132.79
Jaipur,Suburban,Independent House,1370,2,2,5,2,Semi-furnished,0,17.9,42.24
Bengaluru,Suburban,Apartment,1318,3,3,18,17,Unfurnished,1,1.1,70.33
Ahmedabad,Prime,Villa,1799,3,3,15,2,Unfurnished,2,7.7,154.95
Hyderabad,Mid-range,Builder Floor,1061,2,2,19,1,Unfurnished,0,9.6,52.27
Delhi NCR,Prime,Independent House,876,1,1,9,2,Unfurnished,1,0.6,159.6
Bengaluru,Suburban,Apartment,1336,3,3,16,4,Unfurnished,0,2.4,72.54
Chennai,Suburban,Independent House,1974,3,2,29,0,Unfurnished,2,2.7,80.42
Delhi NCR,Mid-range,Apartment,2308,5,6,9,10,Semi-furnished,1,2.8,267.7
Pune,Prime,Builder Floor,1529,3,3,8,2,Semi-furnished,1,3.1,185.27
Mumbai,Prime,Villa,1332,2,3,27,0,Semi-furnished,1,0.9,436.18
Pune,Prime,Apartment,1122,2,2,16,5,Unfurnished,0,7.7,97.4
Kolkata,Mid-range,Apartment,1444,3,3,16,4,Unfurnished,1,0.9,81.47
Ahmedabad,Mid-range,Apartment,1100,2,3,28,23,Semi-furnished,2,8.1,48.8
Coimbatore,Mid-range,Apartment,739,1,1,13,6,Unfurnished,0,1.2,35.94
Hyderabad,Mid-range,Apartment,1911,4,3,18,1,Furnished,2,8.3,128.41
Bengaluru,Prime,Apartment,771,1,1,1,6,Furnished,2,5.7,128.11
Hyderabad,Prime,Apartment,1556,3,3,1,16,Semi-furnished,1,2.0,202.72
Hyderabad,Suburban,Independent House,1692,3,4,12,2,Semi-furnished,1,8.0,88.53
Jaipur,Mid-range,Apartment,1215,2,2,13,21,Semi-furnished,1,0.2,61.8
Ahmedabad,Prime,Apartment,708,1,2,2,7,Furnished,2,13.3,68.18
Kolkata,Prime,Apartment,1543,3,3,10,17,Semi-furnished,2,3.1,177.42
Lucknow,Prime,Apartment,1171,2,2,23,23,Semi-furnished,1,4.3,64.56
Ahmedabad,Prime,Apartment,1548,3,2,2,18,Semi-furnished,1,3.2,156.76
Coimbatore,Prime,Apartment,1643,3,3,12,1,Furnished,1,8.2,120.96
Jaipur,Prime,Apartment,1514,3,2,17,14,Semi-furnished,1,9.1,96.12
Coimbatore,Suburban,Independent House,1927,3,3,6,2,Furnished,0,0.8,78.26
Bengaluru,Prime,Apartment,1571,3,3,14,22,Semi-furnished,0,1.3,189.29
Ahmedabad,Mid-range,Apartment,1052,2,2,11,6,Semi-furnished,1,2.4,59.0
Bengaluru,Mid-range,Independent House,1882,3,3,2,0,Semi-furnished,1,2.3,220.55
Pune,Suburban,Apartment,628,1,1,8,18,Unfurnished,1,3.0,39.76
Jaipur,Suburban,Apartment,1463,3,4,28,14,Semi-furnished,1,0.2,40.13
Pune,Suburban,Independent House,1781,3,4,26,1,Furnished,0,2.5,97.92
Lucknow,Prime,Apartment,1554,3,3,30,15,Semi-furnished,1,3.8,84.3
Kolkata,Mid-range,Apartment,1095,2,2,27,21,Furnished,1,0.8,65.68
Kochi,Mid-range,Apartment,1036,2,2,5,25,Furnished,1,0.3,85.85
Mumbai,Mid-range,Independent House,1685,3,3,4,1,Furnished,0,4.0,379.35
Kochi,Prime,Apartment,988,2,2,2,22,Semi-furnished,2,14.0,98.8
Chennai,Suburban,Apartment,665,1,1,29,24,Furnished,1,0.2,32.02
Mumbai,Mid-range,Builder Floor,1136,2,3,10,2,Unfurnished,1,9.8,195.43
Bengaluru,Prime,Apartment,1528,3,2,26,24,Semi-furnished,1,2.5,202.44
Kochi,Mid-range,Apartment,1154,2,2,4,6,Semi-furnished,1,8.1,73.82
Kochi,Prime,Independent House,1461,2,2,9,2,Semi-furnished,1,2.6,143.72
Lucknow,Prime,Apartment,1455,3,3,18,10,Semi-furnished,2,7.1,90.99
Jaipur,Mid-range,Apartment,1528,3,2,18,21,Semi-furnished,0,7.7,62.2
Mumbai,Mid-range,Apartment,809,1,1,21,22,Semi-furnished,1,1.3,160.79
Lucknow,Mid-range,Villa,1266,2,1,23,2,Unfurnished,3,0.7,63.32
Kolkata,Mid-range,Apartment,1496,3,4,21,24,Unfurnished,0,4.8,85.42
Lucknow,Mid-range,Villa,1447,2,1,21,1,Unfurnished,1,9.8,62.83
Hyderabad,Mid-range,Apartment,1978,4,5,2,14,Furnished,1,7.2,165.17
Jaipur,Mid-range,Builder Floor,1459,3,3,8,0,Semi-furnished,2,0.6,73.57
Mumbai,Suburban,Apartment,1395,3,3,2,3,Furnished,1,1.0,246.31
Bengaluru,Mid-range,Apartment,1110,2,2,3,9,Unfurnished,1,0.2,109.81
Coimbatore,Suburban,Apartment,1416,3,3,29,12,Unfurnished,1,1.0,43.82
Chennai,Suburban,Independent House,1442,2,1,8,1,Unfurnished,2,0.4,84.28
Coimbatore,Suburban,Apartment,1143,2,3,15,9,Semi-furnished,1,2.0,43.7
Coimbatore,Suburban,Builder Floor,599,1,1,2,0,Furnished,0,3.1,22.79
Jaipur,Prime,Apartment,1389,3,3,9,3,Unfurnished,1,3.9,97.47
Lucknow,Mid-range,Apartment,1249,2,1,0,24,Semi-furnished,1,5.7,58.38
Lucknow,Mid-range,Apartment,952,2,2,2,9,Semi-furnished,1,3.2,48.18
Chennai,Mid-range,Villa,2109,3,3,24,0,Furnished,2,3.7,170.83
Delhi NCR,Mid-range,Apartment,1036,2,1,4,6,Unfurnished,0,0.5,124.56
Delhi NCR,Suburban,Independent House,1346,2,3,14,1,Furnished,1,1.4,110.43
Chennai,Suburban,Independent House,727,1,1,12,1,Semi-furnished,0,0.2,36.17
Coimbatore,Mid-range,Apartment,1166,2,3,17,8,Furnished,1,4.8,58.51
Coimbatore,Mid-range,Apartment,1495,3,3,17,15,Semi-furnished,1,1.8,81.86
Coimbatore,Prime,Apartment,710,1,2,28,16,Unfurnished,0,0.3,43.63
Coimbatore,Mid-range,Independent House,2901,5,5,28,2,Unfurnished,1,5.3,106.45
Delhi NCR,Prime,Apartment,780,1,2,22,10,Semi-furnished,1,5.3,119.08
Mumbai,Suburban,Apartment,2315,5,4,24,22,Semi-furnished,2,1.1,244.91
Hyderabad,Mid-range,Apartment,908,2,3,30,22,Unfurnished,2,0.2,59.28
Lucknow,Mid-range,Apartment,1065,2,3,8,5,Unfurnished,2,2.0,56.48
Coimbatore,Suburban,Independent House,1428,2,2,13,1,Semi-furnished,2,2.2,60.42
Chennai,Prime,Builder Floor,598,1,1,9,0,Semi-furnished,1,7.5,61.04
Hyderabad,Suburban,Builder Floor,743,1,1,14,2,Unfurnished,0,4.2,30.49
Chennai,Prime,Apartment,1786,4,4,26,7,Semi-furnished,1,4.0,162.16
Coimbatore,Suburban,Independent House,1864,3,2,6,0,Semi-furnished,0,1.0,79.54
Ahmedabad,Prime,Apartment,482,1,1,9,3,Semi-furnished,0,5.6,37.13
Ahmedabad,Suburban,Villa,829,1,1,18,2,Semi-furnished,3,0.4,44.32
Kolkata,Mid-range,Builder Floor,1134,2,2,27,0,Furnished,1,1.5,59.57
Kolkata,Mid-range,Apartment,1124,2,1,14,8,Semi-furnished,1,7.4,68.18
Delhi NCR,Prime,Apartment,1484,3,3,0,19,Unfurnished,2,6.5,280.86
Ahmedabad,Mid-range,Apartment,675,1,1,11,16,Unfurnished,0,10.4,31.11
Ahmedabad,Suburban,Apartment,1431,3,2,22,1,Unfurnished,1,0.9,39.61
Hyderabad,Mid-range,Apartment,629,1,1,7,18,Furnished,3,8.9,65.51
Ahmedabad,Suburban,Independent House,1473,2,2,7,2,Unfurnished,2,6.8,61.73
Kochi,Suburban,Apartment,1530,3,3,17,6,Furnished,0,1.0,64.92
Jaipur,Prime,Apartment,613,1,1,28,23,Furnished,1,0.7,42.17
Lucknow,Mid-range,Apartment,1602,3,3,22,25,Semi-furnished,0,0.6,61.32
Coimbatore,Mid-range,Apartment,1423,3,3,13,23,Unfurnished,1,7.2,65.89
Jaipur,Mid-range,Apartment,1067,2,2,17,16,Unfurnished,1,6.4,44.84
Bengaluru,Prime,Apartment,1407,3,2,0,9,Furnished,0,0.4,237.72
Kolkata,Mid-range,Apartment,1798,4,5,25,4,Semi-furnished,1,6.4,90.7
Mumbai,Prime,Apartment,1862,4,3,3,25,Unfurnished,2,2.2,763.48
Delhi NCR,Suburban,Apartment,1085,2,3,16,11,Unfurnished,1,0.7,83.07
Kolkata,Mid-range,Apartment,1147,2,2,9,14,Furnished,1,7.7,78.93
Coimbatore,Mid-range,Apartment,1424,3,3,27,24,Semi-furnished,1,7.4,58.65
Kochi,Suburban,Builder Floor,601,1,1,11,0,Unfurnished,2,1.5,30.7
Bengaluru,Suburban,Apartment,1491,3,3,8,2,Unfurnished,0,5.4,75.95
Chennai,Suburban,Apartment,599,1,1,23,19,Semi-furnished,1,18.3,27.71
Kochi,Suburban,Apartment,1522,3,4,3,9,Semi-furnished,0,8.3,70.7
Coimbatore,Suburban,Villa,692,1,1,15,1,Unfurnished,1,1.2,31.28
Mumbai,Mid-range,Apartment,1442,3,2,2,7,Unfurnished,3,0.4,390.14
Bengaluru,Mid-range,Apartment,1418,3,2,14,16,Furnished,1,4.1,121.1
Mumbai,Mid-range,Apartment,1510,3,3,12,5,Furnished,1,2.5,320.16
Kolkata,Suburban,Apartment,1016,2,2,10,17,Semi-furnished,1,0.4,51.27
Chennai,Mid-range,Villa,608,1,1,22,1,Furnished,1,4.8,51.23
Bengaluru,Mid-range,Independent House,2135,4,3,3,2,Semi-furnished,1,11.3,222.93
Lucknow,Suburban,Apartment,1062,2,1,8,6,Furnished,0,8.2,30.98
Hyderabad,Mid-range,Builder Floor,1250,2,2,24,1,Semi-furnished,1,4.5,76.98
Hyderabad,Suburban,Apartment,1361,3,4,9,5,Unfurnished,3,6.2,72.21
Delhi NCR,Suburban,Apartment,898,2,1,5,6,Unfurnished,0,19.3,69.5
Coimbatore,Mid-range,Builder Floor,2201,5,5,6,0,Semi-furnished,3,2.1,123.32
Kolkata,Mid-range,Apartment,1438,3,3,23,24,Unfurnished,2,10.0,79.89
Hyderabad,Mid-range,Independent House,1922,3,3,5,2,Semi-furnished,1,13.2,162.91
Bengaluru,Suburban,Apartment,1340,3,3,25,25,Semi-furnished,0,3.5,66.57
Ahmedabad,Suburban,Apartment,1513,3,2,1,7,Unfurnished,2,1.0,65.75
Coimbatore,Suburban,Apartment,1012,2,1,17,12,Unfurnished,0,1.8,30.67
Coimbatore,Mid-range,Apartment,1178,2,2,10,22,Unfurnished,1,2.4,62.47
Bengaluru,Prime,Independent House,2226,4,3,4,0,Furnished,1,2.8,376.89
Bengaluru,Mid-range,Apartment,1185,2,3,6,6,Furnished,1,5.7,120.51
Coimbatore,Mid-range,Apartment,801,1,2,4,14,Furnished,0,1.4,49.55
Mumbai,Prime,Builder Floor,1481,3,3,20,1,Furnished,2,0.8,423.79
Mumbai,Suburban,Apartment,1758,4,4,23,13,Semi-furnished,1,7.3,214.06
Lucknow,Prime,Apartment,765,1,2,13,7,Furnished,1,1.2,60.49
Coimbatore,Mid-range,Apartment,1067,2,2,28,15,Furnished,2,4.0,49.76
Chennai,Mid-range,Independent House,1866,3,3,21,1,Semi-furnished,1,13.5,115.73
Kolkata,Suburban,Apartment,1428,3,3,8,13,Unfurnished,1,0.2,63.04
Hyderabad,Suburban,Independent House,1589,3,3,11,1,Unfurnished,0,0.8,85.29
Ahmedabad,Suburban,Independent House,2290,4,5,1,0,Furnished,2,4.4,114.79
Chennai,Mid-range,Villa,696,1,1,0,1,Furnished,2,3.3,87.92
Jaipur,Mid-range,Builder Floor,1021,2,2,17,2,Semi-furnished,1,3.9,42.66
Hyderabad,Suburban,Builder Floor,1126,2,1,15,2,Semi-furnished,3,4.9,54.84
Ahmedabad,Suburban,Apartment,1235,2,1,17,19,Furnished,1,9.5,43.28
Coimbatore,Suburban,Apartment,1066,2,2,22,20,Semi-furnished,1,2.6,36.23
Jaipur,Mid-range,Apartment,606,1,1,28,4,Semi-furnished,1,6.2,24.47
Jaipur,Prime,Apartment,1133,2,3,6,19,Semi-furnished,1,1.9,96.94
Delhi NCR,Mid-range,Apartment,1517,3,3,27,21,Furnished,2,6.7,136.37
Chennai,Mid-range,Apartment,1118,2,2,27,5,Unfurnished,1,10.9,64.61
Jaipur,Mid-range,Apartment,1125,2,2,14,15,Semi-furnished,2,0.6,54.19
Pune,Mid-range,Apartment,981,2,2,14,16,Semi-furnished,0,0.4,78.12
Chennai,Mid-range,Apartment,648,1,2,24,11,Semi-furnished,2,0.6,41.85
Mumbai,Suburban,Apartment,671,1,1,19,18,Furnished,1,1.4,96.81
Hyderabad,Suburban,Villa,1321,2,2,18,1,Unfurnished,1,8.9,67.16
Ahmedabad,Suburban,Apartment,1128,2,3,1,0,Unfurnished,0,5.0,43.38
Delhi NCR,Prime,Apartment,1824,4,5,29,8,Unfurnished,1,7.3,245.01
Delhi NCR,Suburban,Builder Floor,1525,3,2,29,1,Furnished,3,0.3,104.04
Hyderabad,Prime,Apartment,1764,4,3,24,22,Semi-furnished,2,18.3,176.03
Pune,Suburban,Builder Floor,1054,2,2,18,1,Unfurnished,1,0.6,47.19
Hyderabad,Mid-range,Independent House,1395,2,3,29,0,Furnished,2,3.2,92.81
Kochi,Mid-range,Builder Floor,1096,2,1,15,0,Semi-furnished,0,6.5,52.61
Chennai,Mid-range,Apartment,1610,3,2,22,3,Furnished,1,4.7,100.54
Hyderabad,Suburban,Apartment,1093,2,1,11,1,Furnished,0,6.0,54.5
Hyderabad,Mid-range,Apartment,1559,3,2,22,5,Furnished,1,1.9,99.47
Delhi NCR,Prime,Apartment,1631,3,3,18,2,Furnished,0,11.7,207.71
Coimbatore,Suburban,Apartment,1048,2,1,21,14,Semi-furnished,1,3.9,36.09
Delhi NCR,Prime,Builder Floor,1172,2,3,16,1,Furnished,2,7.3,180.25
Kolkata,Mid-range,Independent House,1395,2,3,3,1,Unfurnished,1,3.6,93.55
Ahmedabad,Suburban,Apartment,1481,3,2,0,11,Semi-furnished,0,0.9,62.01
Chennai,Suburban,Apartment,1929,4,5,28,25,Furnished,1,6.9,78.72
Delhi NCR,Mid-range,Apartment,1466,3,3,30,8,Semi-furnished,2,14.3,120.92
Pune,Mid-range,Apartment,554,1,2,20,22,Furnished,1,1.8,46.05
Delhi NCR,Mid-range,Apartment,637,1,2,27,5,Semi-furnished,1,4.2,56.71
Coimbatore,Suburban,Apartment,1708,3,2,26,18,Unfurnished,0,4.2,45.05
Coimbatore,Suburban,Builder Floor,1928,4,3,6,0,Semi-furnished,1,0.5,64.21
Delhi NCR,Suburban,Apartment,1139,2,1,21,15,Unfurnished,1,2.2,84.03
Jaipur,Mid-range,Apartment,2375,5,5,23,1,Unfurnished,0,1.4,85.23
Hyderabad,Suburban,Villa,1888,3,4,15,2,Semi-furnished,1,7.0,116.21
Mumbai,Mid-range,Apartment,748,1,1,20,10,Furnished,1,0.6,159.14
Delhi NCR,Mid-range,Apartment,1423,3,3,7,13,Semi-furnished,2,19.0,154.1
Mumbai,Prime,Apartment,1460,3,4,6,22,Semi-furnished,1,4.8,504.95
Hyderabad,Mid-range,Apartment,1220,3,2,30,12,Furnished,1,19.6,66.9
Lucknow,Suburban,Apartment,1037,2,3,25,11,Semi-furnished,2,1.3,35.91
Coimbatore,Mid-range,Apartment,1979,4,4,19,22,Semi-furnished,2,3.1,95.14
Delhi NCR,Mid-range,Apartment,1485,3,4,22,3,Unfurnished,1,5.9,124.09
Kochi,Mid-range,Apartment,1071,2,1,14,4,Furnished,2,2.9,81.84
Hyderabad,Mid-range,Apartment,1278,2,3,11,18,Unfurnished,3,0.4,115.73
Ahmedabad,Mid-range,Builder Floor,1380,3,3,20,0,Semi-furnished,0,3.7,57.0
Bengaluru,Suburban,Apartment,1193,2,1,16,23,Semi-furnished,0,1.8,68.28
Lucknow,Mid-range,Apartment,935,2,3,16,23,Semi-furnished,3,7.6,50.76
Chennai,Mid-range,Apartment,1137,2,3,10,17,Semi-furnished,0,1.5,100.64
Kolkata,Suburban,Builder Floor,1820,4,4,24,0,Semi-furnished,1,0.8,60.24
Chennai,Suburban,Independent House,907,1,1,18,1,Semi-furnished,0,0.3,42.04
Pune,Prime,Apartment,1061,2,1,4,22,Unfurnished,1,2.1,135.47
Kolkata,Mid-range,Independent House,1358,2,2,7,0,Semi-furnished,1,2.2,101.22
Mumbai,Mid-range,Apartment,1050,2,3,29,15,Semi-furnished,1,0.7,186.46
Pune,Mid-range,Builder Floor,1133,2,2,9,2,Semi-furnished,2,0.5,101.98
Delhi NCR,Mid-range,Apartment,1898,4,4,0,23,Furnished,0,6.4,298.31
Lucknow,Mid-range,Apartment,1056,2,3,21,1,Semi-furnished,1,1.3,43.6
Pune,Suburban,Apartment,1493,3,3,6,14,Unfurnished,1,3.7,86.19
Lucknow,Prime,Apartment,1790,4,4,14,15,Semi-furnished,3,5.7,128.72
Kolkata,Suburban,Apartment,1033,2,1,14,16,Furnished,0,8.1,45.16
Kolkata,Suburban,Apartment,542,1,2,19,12,Unfurnished,1,0.2,25.3
Ahmedabad,Mid-range,Apartment,715,1,1,15,9,Semi-furnished,1,5.7,37.97
Coimbatore,Mid-range,Independent House,1186,2,3,11,1,Semi-furnished,1,1.9,64.85
Bengaluru,Prime,Apartment,1543,3,2,4,15,Semi-furnished,1,0.4,230.28
Kolkata,Mid-range,Apartment,1030,2,1,22,3,Furnished,2,9.6,62.38
Kolkata,Mid-range,Villa,2575,4,5,19,2,Unfurnished,1,3.2,157.75
Bengaluru,Prime,Independent House,653,1,1,6,0,Semi-furnished,2,2.7,101.84
Ahmedabad,Mid-range,Apartment,1416,3,3,19,0,Semi-furnished,1,9.8,65.71
Kochi,Suburban,Independent House,1723,3,2,3,2,Unfurnished,1,0.8,94.33
Kolkata,Mid-range,Villa,509,1,1,23,1,Semi-furnished,1,3.9,34.65
Bengaluru,Suburban,Apartment,1560,3,2,25,18,Semi-furnished,3,10.6,75.44
Ahmedabad,Suburban,Apartment,1228,2,3,30,12,Unfurnished,1,6.6,39.01
Coimbatore,Prime,Apartment,1104,2,1,6,21,Furnished,0,3.6,92.56
Mumbai,Suburban,Apartment,1146,2,2,2,23,Semi-furnished,1,7.7,191.34
Bengaluru,Prime,Apartment,1277,2,1,29,9,Furnished,2,1.9,153.66
Pune,Suburban,Apartment,722,1,2,3,8,Furnished,1,0.5,50.14
Ahmedabad,Prime,Independent House,1982,3,4,16,2,Semi-furnished,0,2.0,166.22
Pune,Suburban,Apartment,1070,2,3,1,5,Furnished,2,4.3,69.45
Lucknow,Suburban,Villa,1097,2,2,10,0,Semi-furnished,2,1.1,43.31
Kolkata,Mid-range,Apartment,1465,3,3,6,18,Semi-furnished,2,4.8,114.81
Lucknow,Mid-range,Independent House,1733,3,3,10,1,Furnished,1,0.5,86.74
Jaipur,Mid-range,Apartment,1490,3,4,29,6,Unfurnished,0,4.3,47.73
Chennai,Suburban,Apartment,1924,4,4,5,22,Semi-furnished,2,1.3,121.52
Mumbai,Prime,Independent House,2197,4,4,25,0,Furnished,2,3.3,642.39
Hyderabad,Mid-range,Apartment,1461,3,3,13,1,Semi-furnished,2,4.5,97.28
Kochi,Mid-range,Apartment,1020,2,2,22,25,Unfurnished,2,0.4,62.06
Delhi NCR,Mid-range,Apartment,675,1,1,18,9,Unfurnished,1,2.9,63.21
Kolkata,Mid-range,Apartment,1496,3,3,8,1,Unfurnished,1,1.2,107.94
Chennai,Prime,Apartment,852,2,1,6,8,Unfurnished,1,2.7,104.85
Lucknow,Suburban,Apartment,1473,3,2,13,8,Unfurnished,3,1.6,50.62
Hyderabad,Mid-range,Builder Floor,1544,3,3,24,2,Semi-furnished,1,1.4,101.05
Kochi,Prime,Apartment,1095,2,2,30,10,Semi-furnished,2,4.4,80.12
Ahmedabad,Suburban,Builder Floor,1192,2,1,18,0,Semi-furnished,0,1.4,36.53
Kochi,Mid-range,Apartment,1043,2,3,7,19,Semi-furnished,3,1.5,83.92
Lucknow,Mid-range,Apartment,1135,2,3,22,14,Semi-furnished,1,0.3,48.18
Kochi,Prime,Independent House,1807,3,3,4,2,Semi-furnished,1,18.7,185.58
Lucknow,Suburban,Apartment,1946,4,4,16,1,Unfurnished,1,0.5,61.71
Delhi NCR,Mid-range,Builder Floor,1586,3,2,8,0,Unfurnished,1,0.8,169.8
Lucknow,Suburban,Villa,1983,3,3,2,0,Unfurnished,2,0.4,92.01
Bengaluru,Mid-range,Apartment,1091,2,2,5,11,Semi-furnished,1,3.8,100.19
Lucknow,Prime,Apartment,1512,3,3,23,24,Unfurnished,3,1.4,107.3
Pune,Mid-range,Villa,1997,3,4,8,2,Semi-furnished,0,2.7,184.85
Kochi,Mid-range,Apartment,2174,5,5,27,2,Furnished,1,1.4,114.34
Delhi NCR,Mid-range,Builder Floor,1943,4,4,15,0,Semi-furnished,1,2.7,221.32
Chennai,Mid-range,Apartment,616,1,1,17,15,Unfurnished,1,5.2,40.19
Jaipur,Prime,Apartment,1506,3,3,4,1,Semi-furnished,0,4.9,121.42
Jaipur,Prime,Apartment,1061,2,3,25,4,Furnished,2,3.5,73.82
Ahmedabad,Mid-range,Apartment,1370,3,3,8,0,Unfurnished,0,3.3,67.26
Mumbai,Suburban,Builder Floor,1281,2,1,21,0,Semi-furnished,3,0.2,179.31
Bengaluru,Prime,Apartment,575,1,1,24,14,Unfurnished,2,0.2,71.99
Chennai,Suburban,Apartment,2199,5,5,20,24,Semi-furnished,2,5.9,106.27
Delhi NCR,Suburban,Independent House,2830,5,6,22,1,Unfurnished,1,2.4,189.59
Lucknow,Suburban,Builder Floor,1114,2,1,3,0,Furnished,2,0.3,51.69
Kolkata,Mid-range,Apartment,726,1,2,7,18,Furnished,1,0.5,59.19
Lucknow,Suburban,Builder Floor,1568,3,3,2,2,Unfurnished,3,0.9,58.84
Hyderabad,Suburban,Builder Floor,910,2,2,19,1,Semi-furnished,0,1.7,38.21
Lucknow,Suburban,Apartment,1931,4,5,29,22,Semi-furnished,2,5.3,50.17
Kochi,Suburban,Apartment,1120,2,2,21,4,Unfurnished,1,4.4,42.7
Bengaluru,Mid-range,Apartment,695,1,1,20,11,Furnished,2,1.3,68.71
Jaipur,Mid-range,Apartment,1767,4,3,24,10,Semi-furnished,0,2.8,65.32
Jaipur,Mid-range,Independent House,2368,4,5,12,0,Unfurnished,0,1.4,116.77
Jaipur,Mid-range,Apartment,1597,3,2,16,3,Unfurnished,0,0.2,63.71
Bengaluru,Mid-range,Builder Floor,1154,2,2,17,0,Unfurnished,1,1.6,89.39
Bengaluru,Mid-range,Apartment,1236,2,2,0,0,Semi-furnished,1,5.5,109.25
Bengaluru,Suburban,Apartment,601,1,1,24,8,Semi-furnished,3,1.1,43.97
Kochi,Mid-range,Builder Floor,963,2,1,1,2,Semi-furnished,3,1.9,70.24
Kochi,Mid-range,Builder Floor,979,2,2,14,0,Semi-furnished,2,3.0,56.89
Coimbatore,Suburban,Apartment,1894,4,4,5,9,Semi-furnished,1,2.5,77.26
Kochi,Mid-range,Apartment,1403,3,2,14,24,Unfurnished,1,1.8,87.24
Kolkata,Mid-range,Apartment,1771,4,4,16,18,Semi-furnished,2,0.4,112.47
Bengaluru,Mid-range,Independent House,1741,3,4,24,0,Semi-furnished,3,4.9,133.66
Mumbai,Mid-range,Apartment,1782,4,4,17,5,Furnished,2,1.5,433.5
Kolkata,Mid-range,Builder Floor,1419,3,3,18,2,Furnished,1,5.5,84.76
Ahmedabad,Suburban,Apartment,924,2,2,12,9,Semi-furnished,1,3.5,36.59
Jaipur,Prime,Apartment,1849,4,3,5,15,Semi-furnished,0,0.6,143.04
Pune,Suburban,Apartment,1046,2,2,4,19,Furnished,2,0.6,80.93
Bengaluru,Suburban,Villa,1336,2,1,17,1,Unfurnished,1,1.9,97.27
Delhi NCR,Mid-range,Builder Floor,1790,4,5,16,2,Semi-furnished,2,2.1,200.43
Chennai,Suburban,Apartment,1542,3,4,18,20,Semi-furnished,2,5.9,85.01
Pune,Mid-range,Apartment,1522,3,4,24,4,Semi-furnished,0,1.1,94.44
Hyderabad,Prime,Villa,1414,2,2,15,1,Semi-furnished,1,0.7,181.71
Kochi,Mid-range,Apartment,1059,2,2,30,6,Unfurnished,2,4.2,55.41
Jaipur,Mid-range,Apartment,1615,3,3,22,0,Semi-furnished,0,1.5,61.26
Kochi,Prime,Apartment,772,1,1,15,18,Semi-furnished,1,11.2,70.82
Jaipur,Mid-range,Apartment,1926,4,3,16,14,Furnished,1,4.3,77.47
Jaipur,Prime,Apartment,1771,4,3,6,0,Furnished,1,1.9,144.76
Lucknow,Mid-range,Apartment,1917,4,5,13,17,Semi-furnished,1,2.4,89.98
Chennai,Prime,Apartment,1072,2,2,19,17,Furnished,1,1.1,121.92
Chennai,Mid-range,Builder Floor,931,2,2,26,1,Semi-furnished,1,2.8,50.94
Chennai,Mid-range,Apartment,1272,2,2,17,1,Semi-furnished,1,3.0,82.01
Bengaluru,Mid-range,Apartment,1447,3,3,23,15,Semi-furnished,1,8.0,107.2
Lucknow,Mid-range,Apartment,710,1,1,19,14,Semi-furnished,2,3.4,38.83
Mumbai,Prime,Apartment,1423,3,3,28,8,Unfurnished,2,1.0,376.34
Delhi NCR,Mid-range,Apartment,1398,3,2,29,14,Furnished,2,2.4,149.76
Mumbai,Suburban,Apartment,1135,2,2,15,25,Unfurnished,0,3.4,157.05
Chennai,Mid-range,Builder Floor,1533,3,3,27,1,Semi-furnished,0,11.8,75.53
Coimbatore,Mid-range,Apartment,1656,3,3,21,24,Unfurnished,1,5.8,73.28
Chennai,Prime,Apartment,1101,2,2,29,22,Semi-furnished,0,0.9,107.67
Ahmedabad,Mid-range,Apartment,699,1,1,5,10,Semi-furnished,1,2.2,45.83
Delhi NCR,Suburban,Apartment,1439,3,3,5,22,Furnished,1,0.8,135.31
Jaipur,Suburban,Independent House,740,1,1,2,2,Semi-furnished,1,15.8,28.3
Ahmedabad,Mid-range,Apartment,2165,4,4,21,3,Unfurnished,2,1.5,109.89
Mumbai,Mid-range,Apartment,1061,2,3,19,22,Semi-furnished,1,0.2,216.06
Pune,Mid-range,Independent House,1362,2,3,17,2,Unfurnished,1,2.7,105.14
Kolkata,Mid-range,Apartment,1501,3,3,7,6,Furnished,1,0.3,109.09
Chennai,Mid-range,Builder Floor,1102,2,2,25,1,Unfurnished,1,2.6,62.47
Jaipur,Mid-range,Builder Floor,2325,5,5,25,0,Unfurnished,0,1.8,73.28
Jaipur,Suburban,Apartment,1177,2,1,5,24,Semi-furnished,0,5.2,42.1
Ahmedabad,Suburban,Apartment,1620,3,3,18,21,Semi-furnished,1,10.1,58.4
Hyderabad,Prime,Builder Floor,1456,3,4,22,0,Furnished,2,3.1,148.72
Delhi NCR,Prime,Apartment,1416,3,2,8,25,Semi-furnished,1,17.6,222.04
Hyderabad,Mid-range,Apartment,1097,2,2,16,20,Semi-furnished,0,3.5,82.4
Kolkata,Suburban,Apartment,1510,3,2,3,23,Unfurnished,2,1.7,71.95
Mumbai,Suburban,Independent House,1634,2,2,4,0,Semi-furnished,1,1.2,301.09
Ahmedabad,Mid-range,Builder Floor,1461,3,2,29,2,Furnished,0,3.3,53.98
Ahmedabad,Prime,Apartment,1505,3,3,17,13,Semi-furnished,0,6.4,104.57
Pune,Prime,Apartment,829,2,2,20,10,Furnished,1,0.2,109.67
Chennai,Mid-range,Apartment,701,1,1,0,16,Semi-furnished,0,0.7,62.4
Ahmedabad,Suburban,Apartment,1407,3,2,30,15,Unfurnished,1,0.4,42.42
Hyderabad,Mid-range,Apartment,1408,3,4,18,13,Semi-furnished,1,0.4,112.73
Chennai,Mid-range,Independent House,1509,2,2,22,1,Unfurnished,1,1.4,98.1
Lucknow,Prime,Apartment,1069,2,2,19,5,Unfurnished,0,0.2,58.43
Chennai,Mid-range,Apartment,1175,2,2,17,15,Unfurnished,2,0.9,87.94
Pune,Mid-range,Apartment,1798,4,4,29,9,Semi-furnished,2,3.4,123.37
Mumbai,Mid-range,Builder Floor,1108,2,2,14,2,Unfurnished,0,1.6,190.99
Delhi NCR,Mid-range,Apartment,1164,2,2,8,16,Unfurnished,1,1.2,142.8
Bengaluru,Suburban,Apartment,1492,3,3,29,20,Furnished,2,2.0,75.48
Kochi,Suburban,Apartment,1273,2,2,6,21,Unfurnished,1,1.7,66.6
Delhi NCR,Mid-range,Apartment,1496,3,3,23,8,Semi-furnished,2,4.6,149.0
Chennai,Mid-range,Independent House,1279,2,2,0,1,Semi-furnished,0,10.6,94.91
Kolkata,Mid-range,Apartment,1943,4,4,24,5,Furnished,1,0.2,108.44
Lucknow,Prime,Builder Floor,938,2,2,21,0,Semi-furnished,1,1.0,61.53
Pune,Suburban,Villa,776,1,1,21,0,Furnished,1,1.0,49.38
Chennai,Suburban,Apartment,1031,2,2,29,25,Furnished,2,2.8,49.14
Coimbatore,Mid-range,Apartment,1409,3,3,4,20,Unfurnished,2,2.3,80.91
Jaipur,Mid-range,Apartment,696,1,1,30,19,Semi-furnished,0,0.2,24.75
Bengaluru,Mid-range,Villa,1745,3,2,20,2,Semi-furnished,1,0.8,171.14
Coimbatore,Suburban,Apartment,1205,2,2,21,19,Semi-furnished,1,8.0,35.59
Pune,Prime,Villa,2169,4,3,16,2,Unfurnished,1,5.7,275.75
Lucknow,Suburban,Apartment,1099,2,2,30,0,Unfurnished,1,4.7,25.9
Pune,Mid-range,Independent House,2289,4,4,14,1,Semi-furnished,2,2.5,180.66
Kolkata,Mid-range,Apartment,1632,3,3,14,22,Unfurnished,1,1.9,105.53
Bengaluru,Mid-range,Independent House,1770,3,3,11,0,Semi-furnished,2,1.5,181.98
Kochi,Mid-range,Apartment,1202,2,2,30,19,Furnished,1,0.6,75.66
Hyderabad,Mid-range,Builder Floor,1157,2,3,29,0,Unfurnished,1,2.0,64.85
Chennai,Suburban,Apartment,1198,2,3,10,0,Unfurnished,1,0.7,60.97
Delhi NCR,Prime,Apartment,1393,3,2,27,12,Semi-furnished,2,0.8,204.36
Mumbai,Prime,Independent House,1220,2,1,23,2,Semi-furnished,1,7.4,324.14
Bengaluru,Mid-range,Independent House,811,1,1,16,2,Semi-furnished,2,1.0,83.86
Ahmedabad,Suburban,Apartment,1131,2,2,13,16,Semi-furnished,2,0.9,54.95
Hyderabad,Prime,Independent House,1922,3,2,13,0,Furnished,2,2.8,241.8
Pune,Suburban,Apartment,1914,4,3,12,0,Furnished,1,5.9,99.99
Ahmedabad,Mid-range,Apartment,1491,3,2,24,13,Semi-furnished,2,2.2,71.29
Chennai,Suburban,Independent House,1681,3,4,3,2,Unfurnished,2,0.4,103.65
Coimbatore,Mid-range,Builder Floor,1142,2,1,5,0,Semi-furnished,1,4.5,60.3
Kochi,Mid-range,Apartment,1512,3,3,4,4,Furnished,3,8.0,110.02
Bengaluru,Mid-range,Builder Floor,1511,3,3,6,2,Unfurnished,1,3.8,125.85
Pune,Mid-range,Apartment,991,2,2,14,17,Semi-furnished,0,2.4,84.26
Ahmedabad,Mid-range,Apartment,1102,2,2,6,11,Semi-furnished,2,0.5,74.68
Lucknow,Mid-range,Apartment,1107,2,2,30,3,Unfurnished,2,2.9,39.6
Chennai,Mid-range,Apartment,560,1,1,3,5,Unfurnished,2,2.1,50.83
Delhi NCR,Mid-range,Apartment,1454,3,3,19,18,Semi-furnished,1,3.3,155.3
Hyderabad,Mid-range,Apartment,1428,3,3,13,13,Unfurnished,1,1.9,103.42
Lucknow,Mid-range,Apartment,2042,4,4,11,11,Unfurnished,1,1.0,100.7
Chennai,Prime,Apartment,1627,3,3,13,18,Unfurnished,1,9.5,142.91
Lucknow,Mid-range,Villa,1419,2,2,27,2,Unfurnished,2,13.3,58.47
Ahmedabad,Prime,Apartment,1507,3,3,18,9,Semi-furnished,2,8.3,134.36
Lucknow,Mid-range,Builder Floor,1293,2,2,13,0,Unfurnished,3,9.4,61.36
Bengaluru,Prime,Apartment,987,2,2,4,12,Semi-furnished,1,0.4,168.37
Hyderabad,Mid-range,Apartment,1001,2,2,11,4,Unfurnished,1,2.4,70.89
Lucknow,Suburban,Villa,1761,3,3,23,1,Semi-furnished,1,0.2,61.22
Mumbai,Suburban,Builder Floor,1415,3,3,23,2,Furnished,1,10.1,176.24
Kochi,Suburban,Builder Floor,1827,4,3,13,0,Semi-furnished,3,0.6,84.74
Mumbai,Suburban,Apartment,1065,2,3,11,20,Semi-furnished,1,5.4,155.93
Chennai,Suburban,Villa,2337,4,3,24,1,Unfurnished,0,4.0,116.38
Mumbai,Suburban,Independent House,2245,4,4,2,1,Semi-furnished,1,4.2,378.68
Coimbatore,Suburban,Independent House,1355,2,2,6,0,Unfurnished,2,2.2,62.01
Ahmedabad,Suburban,Apartment,1662,3,3,19,1,Unfurnished,1,7.1,48.76
Hyderabad,Suburban,Apartment,1464,3,3,13,6,Furnished,2,10.7,75.41
Delhi NCR,Mid-range,Independent House,1878,3,4,2,1,Semi-furnished,1,2.7,301.57
Chennai,Prime,Builder Floor,1078,2,1,0,1,Unfurnished,1,3.5,118.94
Coimbatore,Suburban,Apartment,1713,3,4,28,21,Furnished,0,10.0,42.05
Ahmedabad,Prime,Builder Floor,1168,2,3,10,1,Semi-furnished,2,10.1,97.13
Kochi,Suburban,Builder Floor,1256,2,2,18,2,Semi-furnished,1,4.7,48.6
Mumbai,Suburban,Independent House,1126,2,2,17,0,Semi-furnished,0,5.7,156.89
Kochi,Suburban,Builder Floor,1499,3,4,4,1,Furnished,1,2.1,72.88
Kochi,Mid-range,Apartment,2057,4,4,13,21,Furnished,0,0.6,145.58
Ahmedabad,Suburban,Independent House,1320,2,2,5,1,Semi-furnished,1,4.1,53.73
Delhi NCR,Suburban,Apartment,1420,3,3,13,14,Semi-furnished,1,0.2,118.61
Jaipur,Mid-range,Apartment,1810,4,4,17,13,Furnished,0,0.2,82.85
Jaipur,Suburban,Apartment,1669,4,4,26,9,Unfurnished,1,4.4,43.58
Jaipur,Prime,Apartment,1399,3,2,19,6,Semi-furnished,1,7.2,75.62
Ahmedabad,Prime,Apartment,1134,2,3,3,15,Semi-furnished,0,1.4,105.32
Kolkata,Mid-range,Apartment,1090,2,2,22,24,Unfurnished,0,1.8,55.73
Kochi,Mid-range,Apartment,1084,2,2,30,3,Unfurnished,1,0.2,55.5
Kolkata,Mid-range,Apartment,1206,2,1,14,25,Furnished,1,0.2,90.04
Ahmedabad,Suburban,Apartment,2224,5,5,11,21,Semi-furnished,1,1.5,78.81
Bengaluru,Suburban,Apartment,1458,3,3,7,21,Furnished,2,3.1,103.51
Kochi,Suburban,Independent House,1898,3,2,25,1,Semi-furnished,3,1.9,79.37
Lucknow,Mid-range,Apartment,1537,3,3,8,23,Furnished,2,5.8,91.23
Mumbai,Mid-range,Independent House,1331,2,2,18,0,Semi-furnished,1,0.2,276.26
Jaipur,Suburban,Apartment,1465,3,3,2,12,Semi-furnished,0,4.1,51.97
Jaipur,Mid-range,Apartment,1994,4,5,11,15,Semi-furnished,2,2.2,104.96
Coimbatore,Mid-range,Villa,1210,2,2,20,2,Unfurnished,2,4.3,76.0
Coimbatore,Mid-range,Apartment,1391,3,3,7,7,Semi-furnished,1,0.3,89.12
Jaipur,Prime,Independent House,1550,2,3,2,0,Furnished,0,1.9,121.76
Coimbatore,Mid-range,Builder Floor,1045,2,1,1,2,Unfurnished,2,0.2,63.57
Jaipur,Suburban,Independent House,1790,3,3,3,2,Semi-furnished,1,7.6,67.14
Ahmedabad,Prime,Apartment,1039,2,3,14,2,Unfurnished,1,2.0,81.07
Chennai,Prime,Apartment,607,1,2,28,25,Semi-furnished,1,0.7,62.99
Chennai,Suburban,Apartment,1269,3,3,12,8,Semi-furnished,1,1.5,63.84
Bengaluru,Mid-range,Independent House,1368,2,2,1,2,Unfurnished,2,6.0,150.73
Pune,Suburban,Apartment,1135,2,1,25,20,Semi-furnished,1,0.4,54.14
Kochi,Suburban,Independent House,887,1,1,2,1,Semi-furnished,2,0.5,51.58
Coimbatore,Prime,Independent House,1327,2,1,26,1,Unfurnished,1,9.3,77.59
Kochi,Suburban,Independent House,2035,3,3,11,1,Semi-furnished,1,5.8,104.54
Pune,Mid-range,Villa,1255,2,2,26,1,Furnished,1,3.1,91.78
Pune,Suburban,Independent House,1801,3,2,13,0,Unfurnished,0,9.3,83.37
Jaipur,Suburban,Independent House,1789,3,2,12,1,Semi-furnished,2,0.7,66.82
Coimbatore,Prime,Apartment,2104,5,5,25,9,Semi-furnished,1,0.2,139.58
Jaipur,Suburban,Apartment,1247,3,3,4,22,Furnished,1,0.2,51.86
Jaipur,Suburban,Independent House,1919,3,4,26,0,Semi-furnished,2,3.3,65.51
Hyderabad,Mid-range,Apartment,1206,2,3,1,2,Unfurnished,1,5.1,105.85
Bengaluru,Prime,Apartment,1776,4,4,13,20,Furnished,2,5.8,252.87
Delhi NCR,Suburban,Independent House,1365,2,1,19,1,Semi-furnished,0,1.6,100.78
Delhi NCR,Prime,Apartment,679,1,1,30,3,Furnished,1,8.9,83.97
Bengaluru,Mid-range,Independent House,1372,2,3,3,2,Unfurnished,1,0.5,145.46
Bengaluru,Suburban,Independent House,1443,2,3,2,2,Semi-furnished,1,13.4,97.62
Kochi,Mid-range,Builder Floor,1247,2,2,10,2,Semi-furnished,1,0.9,88.15
Delhi NCR,Mid-range,Apartment,1088,2,2,0,22,Furnished,1,10.5,147.17
Mumbai,Mid-range,Villa,1390,2,2,29,2,Semi-furnished,1,5.0,270.39
Pune,Mid-range,Independent House,2743,5,6,8,1,Semi-furnished,3,2.6,251.5
Delhi NCR,Mid-range,Apartment,1045,2,2,2,14,Unfurnished,2,4.4,130.65
Bengaluru,Suburban,Apartment,1670,3,4,10,21,Unfurnished,1,3.8,106.68
Kolkata,Mid-range,Builder Floor,926,2,2,18,2,Unfurnished,2,2.6,57.51
Chennai,Prime,Builder Floor,1084,2,1,21,1,Semi-furnished,0,1.6,90.99
Kolkata,Prime,Apartment,1125,2,2,5,4,Furnished,1,0.7,131.88
Kolkata,Mid-range,Apartment,1182,2,2,4,11,Unfurnished,0,7.2,71.23
Hyderabad,Prime,Independent House,1386,2,2,17,1,Unfurnished,3,8.0,159.72
Ahmedabad,Prime,Villa,1362,2,2,2,2,Unfurnished,1,1.5,141.22
Hyderabad,Suburban,Apartment,1387,3,2,1,24,Furnished,1,4.4,91.99
Hyderabad,Suburban,Apartment,1465,3,4,2,7,Unfurnished,2,2.3,94.71
Chennai,Suburban,Builder Floor,1437,3,4,8,2,Semi-furnished,1,0.2,85.61
Kolkata,Suburban,Apartment,744,1,2,24,21,Unfurnished,2,1.9,34.35
Delhi NCR,Mid-range,Builder Floor,2141,5,5,13,1,Unfurnished,2,2.3,236.09
Ahmedabad,Prime,Apartment,1054,2,2,22,19,Semi-furnished,1,2.7,78.67
Lucknow,Prime,Apartment,2234,5,4,27,0,Furnished,1,0.2,114.93
Coimbatore,Suburban,Villa,784,1,1,28,1,Semi-furnished,1,3.9,27.2
Kolkata,Mid-range,Apartment,702,1,1,21,24,Semi-furnished,3,6.1,51.47
Kochi,Mid-range,Builder Floor,1357,3,3,9,1,Furnished,1,1.4,89.62
Ahmedabad,Mid-range,Apartment,1110,2,3,25,3,Semi-furnished,1,0.8,49.53
Delhi NCR,Mid-range,Apartment,563,1,1,8,5,Unfurnished,1,25.0,68.74
Pune,Mid-range,Independent House,1231,2,3,29,1,Semi-furnished,1,2.0,78.39
Chennai,Prime,Villa,857,1,1,18,2,Unfurnished,1,5.5,96.43
Coimbatore,Suburban,Apartment,1031,2,2,8,1,Semi-furnished,1,2.2,44.71
Coimbatore,Suburban,Apartment,1200,2,2,16,22,Semi-furnished,2,8.9,44.2
Pune,Mid-range,Independent House,1409,2,2,20,1,Unfurnished,2,9.8,101.07
Pune,Mid-range,Builder Floor,1458,3,3,2,1,Unfurnished,2,20.4,121.72
Kolkata,Suburban,Builder Floor,1427,3,4,29,0,Unfurnished,3,1.1,58.11
Pune,Prime,Builder Floor,1144,2,2,3,0,Furnished,1,8.9,150.09
Mumbai,Suburban,Apartment,1158,2,3,3,23,Semi-furnished,1,4.4,188.78
Mumbai,Suburban,Builder Floor,1547,3,3,0,2,Furnished,2,2.8,264.95
Jaipur,Suburban,Builder Floor,1125,2,2,28,1,Unfurnished,1,12.3,28.04
Hyderabad,Prime,Apartment,1030,2,3,13,8,Semi-furnished,1,3.3,106.42
Chennai,Suburban,Apartment,714,1,1,25,5,Unfurnished,1,23.2,25.29
Chennai,Suburban,Apartment,1648,3,2,19,6,Unfurnished,0,1.9,66.2
Hyderabad,Suburban,Apartment,1575,3,3,13,16,Unfurnished,1,8.7,74.18
Pune,Mid-range,Independent House,1938,3,2,19,1,Unfurnished,1,5.3,142.31
Lucknow,Mid-range,Apartment,1775,4,5,6,2,Unfurnished,1,10.7,78.49
Kolkata,Prime,Independent House,874,1,2,8,1,Furnished,2,4.8,95.07
Kolkata,Suburban,Apartment,1431,3,2,2,8,Unfurnished,2,6.1,72.84
Hyderabad,Mid-range,Independent House,1693,3,2,27,0,Semi-furnished,1,6.7,101.47
Chennai,Mid-range,Villa,981,1,1,29,2,Unfurnished,0,1.2,68.13
Hyderabad,Mid-range,Apartment,1061,2,2,25,20,Furnished,2,12.6,72.24
Jaipur,Suburban,Apartment,1579,3,3,2,6,Semi-furnished,1,5.4,60.45
Chennai,Suburban,Villa,1966,3,4,13,0,Semi-furnished,1,8.4,111.58
Pune,Mid-range,Apartment,549,1,1,22,8,Semi-furnished,2,0.2,46.38
Ahmedabad,Mid-range,Independent House,1378,2,1,4,2,Furnished,2,0.7,98.9
Kolkata,Mid-range,Apartment,1019,2,1,23,4,Unfurnished,0,0.3,46.36
Kolkata,Suburban,Apartment,1153,2,2,5,2,Semi-furnished,1,4.1,54.45
Coimbatore,Prime,Apartment,699,1,1,15,6,Furnished,0,0.3,54.34
Lucknow,Suburban,Apartment,731,1,1,17,5,Furnished,1,9.7,24.09
Bengaluru,Prime,Independent House,1343,2,2,25,0,Unfurnished,1,0.9,151.31
Mumbai,Prime,Villa,2687,5,5,10,1,Furnished,0,2.9,1222.34
Ahmedabad,Mid-range,Builder Floor,1372,3,2,9,1,Unfurnished,2,0.2,76.69
Chennai,Prime,Apartment,1149,2,2,8,3,Unfurnished,1,3.7,135.96
Pune,Prime,Apartment,1572,3,4,28,24,Semi-furnished,1,0.6,165.44
Kolkata,Mid-range,Builder Floor,834,1,1,9,0,Semi-furnished,1,1.6,47.92
Chennai,Suburban,Apartment,2211,5,5,11,2,Semi-furnished,1,0.3,117.87
Kolkata,Suburban,Apartment,1797,4,3,30,13,Semi-furnished,1,14.9,63.46
Lucknow,Suburban,Apartment,1079,2,2,29,5,Unfurnished,3,2.8,38.89
Kolkata,Prime,Apartment,671,1,1,12,0,Semi-furnished,3,1.1,71.88
Kochi,Mid-range,Apartment,1497,3,4,16,24,Furnished,2,4.3,92.32
Kolkata,Suburban,Apartment,1106,2,3,2,7,Furnished,2,2.3,66.73
Jaipur,Suburban,Apartment,1856,4,5,15,17,Semi-furnished,0,3.8,62.49
Delhi NCR,Suburban,Apartment,698,1,2,14,2,Unfurnished,1,3.6,49.98
Ahmedabad,Suburban,Apartment,1169,2,2,16,16,Semi-furnished,0,3.3,37.54
Lucknow,Mid-range,Apartment,1269,3,3,11,6,Unfurnished,2,5.7,61.7
Pune,Mid-range,Apartment,1061,2,2,26,16,Semi-furnished,2,8.7,71.22
Delhi NCR,Prime,Apartment,1115,2,2,11,3,Furnished,2,0.8,206.59
Hyderabad,Suburban,Apartment,1080,2,2,14,15,Semi-furnished,2,1.4,65.5
Coimbatore,Suburban,Independent House,1905,3,4,6,2,Semi-furnished,2,9.8,80.35
Kolkata,Suburban,Independent House,897,1,2,8,1,Semi-furnished,2,0.6,48.79
Delhi NCR,Mid-range,Apartment,1050,2,1,10,4,Semi-furnished,2,1.1,134.24
Ahmedabad,Suburban,Apartment,1495,3,2,11,24,Unfurnished,1,6.9,56.37
Chennai,Mid-range,Builder Floor,1414,3,2,30,2,Furnished,0,0.2,74.52
Mumbai,Prime,Apartment,1065,2,2,10,10,Unfurnished,2,0.6,377.13
Lucknow,Suburban,Apartment,1469,3,2,12,11,Semi-furnished,2,0.5,58.94
Coimbatore,Mid-range,Apartment,1910,4,5,22,13,Furnished,2,1.7,93.56
Delhi NCR,Suburban,Apartment,1528,3,4,1,15,Unfurnished,1,4.1,140.0
Jaipur,Suburban,Apartment,1165,2,1,10,9,Unfurnished,1,24.6,39.11
Jaipur,Suburban,Apartment,2097,4,5,25,21,Semi-furnished,0,5.6,50.21
Hyderabad,Suburban,Apartment,1618,3,3,6,10,Semi-furnished,2,3.9,98.13
Ahmedabad,Prime,Independent House,2667,5,6,26,1,Unfurnished,2,8.2,187.65
Kochi,Mid-range,Apartment,956,2,2,30,25,Unfurnished,2,1.2,56.27
Mumbai,Mid-range,Villa,1336,2,2,23,1,Unfurnished,1,0.2,335.41
Kochi,Suburban,Apartment,1114,2,2,6,23,Unfurnished,1,1.6,58.38
Kolkata,Mid-range,Apartment,1087,2,1,8,19,Semi-furnished,3,3.5,76.53
Hyderabad,Prime,Apartment,1473,3,2,19,3,Furnished,1,11.7,134.71
Kochi,Mid-range,Independent House,1401,2,1,13,2,Unfurnished,0,9.8,77.45
Chennai,Mid-range,Villa,1104,2,1,24,2,Unfurnished,2,1.0,90.75
Hyderabad,Suburban,Apartment,1180,2,2,16,2,Semi-furnished,0,4.7,51.62
Hyderabad,Suburban,Apartment,1873,4,4,13,19,Semi-furnished,1,5.3,99.85
Bengaluru,Suburban,Apartment,620,1,1,23,24,Semi-furnished,0,7.0,31.88
Delhi NCR,Prime,Independent House,2268,4,5,7,0,Furnished,0,8.6,410.64
Chennai,Mid-range,Apartment,1121,2,2,5,19,Unfurnished,1,1.6,86.16
Mumbai,Mid-range,Independent House,2357,4,4,12,1,Unfurnished,2,0.6,525.02
Chennai,Suburban,Builder Floor,951,2,1,3,2,Unfurnished,2,0.6,53.54
Pune,Suburban,Independent House,2225,4,4,3,2,Unfurnished,1,1.2,141.88
Delhi NCR,Suburban,Builder Floor,1021,2,3,18,0,Unfurnished,0,2.6,66.65
Jaipur,Mid-range,Builder Floor,1059,2,2,10,2,Unfurnished,2,6.2,52.17
Ahmedabad,Suburban,Builder Floor,1333,2,2,8,1,Furnished,2,2.1,62.26
Coimbatore,Mid-range,Apartment,1778,4,3,23,25,Semi-furnished,1,23.6,76.11
Chennai,Mid-range,Apartment,1490,3,3,29,0,Semi-furnished,1,1.7,83.92
Delhi NCR,Mid-range,Apartment,643,1,1,2,5,Semi-furnished,1,0.6,77.26
Delhi NCR,Mid-range,Apartment,1320,3,3,19,18,Semi-furnished,3,3.0,138.99
Hyderabad,Suburban,Independent House,1230,2,2,17,1,Semi-furnished,0,1.0,57.94
Mumbai,Mid-range,Independent House,1801,3,3,14,0,Unfurnished,2,3.6,350.3
Pune,Prime,Apartment,642,1,2,15,9,Unfurnished,1,2.1,77.47
Chennai,Suburban,Apartment,1857,4,3,24,19,Furnished,1,0.7,96.6
Lucknow,Suburban,Apartment,998,2,1,12,10,Semi-furnished,2,0.4,38.08
Jaipur,Prime,Apartment,1481,3,3,13,9,Semi-furnished,1,3.0,111.05
Coimbatore,Suburban,Independent House,2257,4,3,28,2,Semi-furnished,1,0.6,73.03
Bengaluru,Suburban,Independent House,1751,3,4,8,1,Unfurnished,0,0.8,122.49
Ahmedabad,Mid-range,Apartment,1497,3,3,13,14,Unfurnished,2,1.0,90.71
Chennai,Mid-range,Apartment,871,2,2,3,23,Semi-furnished,2,6.2,84.88
Bengaluru,Suburban,Apartment,2179,5,4,19,22,Unfurnished,0,3.4,110.16
Hyderabad,Mid-range,Builder Floor,1076,2,3,23,1,Furnished,2,1.3,75.95
Kolkata,Suburban,Independent House,807,1,1,27,0,Unfurnished,1,2.0,30.63
Kochi,Prime,Apartment,1962,4,5,9,3,Furnished,2,4.3,214.94
Bengaluru,Mid-range,Independent House,2429,4,5,21,1,Furnished,1,1.6,210.59
Chennai,Suburban,Apartment,1063,2,2,12,15,Semi-furnished,1,8.4,48.27
Delhi NCR,Mid-range,Apartment,1113,2,3,10,18,Unfurnished,1,3.6,129.34
Lucknow,Mid-range,Builder Floor,622,1,1,11,0,Furnished,2,8.3,35.04
Pune,Mid-range,Apartment,1061,2,2,13,7,Unfurnished,1,4.7,82.77
Ahmedabad,Suburban,Apartment,1781,4,5,15,2,Semi-furnished,1,2.4,56.59
Pune,Mid-range,Apartment,963,2,3,25,7,Furnished,2,7.3,75.23
Kochi,Mid-range,Apartment,1739,4,4,1,21,Semi-furnished,1,2.9,138.65
Mumbai,Mid-range,Apartment,732,1,2,11,21,Semi-furnished,0,1.9,176.58
Coimbatore,Prime,Apartment,1166,2,3,21,19,Semi-furnished,2,0.4,102.92
Kolkata,Mid-range,Apartment,554,1,1,30,11,Unfurnished,3,3.1,34.09
Kochi,Mid-range,Independent House,738,1,1,15,1,Semi-furnished,1,1.0,45.16
Pune,Suburban,Apartment,590,1,1,30,22,Semi-furnished,3,1.7,35.37
Kolkata,Suburban,Apartment,1542,3,3,5,23,Unfurnished,2,5.2,76.28
Jaipur,Suburban,Apartment,1156,2,3,25,23,Semi-furnished,0,8.4,29.19
Lucknow,Suburban,Apartment,1034,2,2,7,5,Unfurnished,1,7.8,31.72
Pune,Suburban,Apartment,947,2,3,16,17,Semi-furnished,2,3.9,59.65
Delhi NCR,Mid-range,Apartment,1010,2,2,13,10,Semi-furnished,0,1.0,100.03
Kolkata,Mid-range,Apartment,1772,4,3,14,9,Semi-furnished,2,1.5,118.23
Bengaluru,Mid-range,Apartment,1626,3,4,1,5,Unfurnished,1,8.0,158.15
Bengaluru,Mid-range,Apartment,1081,2,2,12,12,Semi-furnished,1,3.7,109.02
Hyderabad,Suburban,Apartment,1068,2,2,15,25,Furnished,0,4.4,51.76
Mumbai,Prime,Independent House,2834,5,4,6,1,Furnished,2,2.5,1030.24
Kochi,Mid-range,Villa,1705,3,3,2,0,Unfurnished,2,2.2,151.4
Coimbatore,Suburban,Apartment,1460,3,2,10,22,Furnished,2,4.1,60.72
Kolkata,Mid-range,Apartment,1328,3,3,12,8,Semi-furnished,1,0.2,93.68
Bengaluru,Mid-range,Apartment,1524,3,2,8,8,Unfurnished,1,0.9,141.06
Lucknow,Mid-range,Apartment,1869,4,5,29,23,Furnished,1,5.9,67.44
Mumbai,Mid-range,Apartment,1976,4,4,4,1,Semi-furnished,1,2.7,381.04
Ahmedabad,Prime,Apartment,1474,3,4,9,20,Semi-furnished,3,6.4,131.13
Delhi NCR,Suburban,Apartment,1013,2,3,25,14,Semi-furnished,1,9.6,68.33
Ahmedabad,Mid-range,Apartment,1104,2,1,0,20,Semi-furnished,1,7.4,68.29
Chennai,Mid-range,Apartment,1255,2,1,1,22,Semi-furnished,1,0.2,105.29
Delhi NCR,Mid-range,Apartment,1452,3,2,2,20,Unfurnished,0,0.4,182.38
Coimbatore,Suburban,Independent House,1574,3,4,7,0,Unfurnished,1,0.6,66.9
Lucknow,Prime,Apartment,1048,2,2,11,24,Semi-furnished,1,0.6,75.93
Chennai,Suburban,Builder Floor,1232,2,1,22,2,Semi-furnished,1,3.1,50.87
Delhi NCR,Mid-range,Apartment,1433,3,2,26,13,Furnished,1,0.9,128.19
Kolkata,Suburban,Independent House,1927,3,2,19,1,Unfurnished,0,3.4,81.28
Lucknow,Suburban,Builder Floor,1615,4,4,21,2,Unfurnished,0,6.0,41.29
Coimbatore,Mid-range,Apartment,2198,5,5,20,6,Semi-furnished,3,6.4,94.17
Ahmedabad,Suburban,Apartment,1086,2,1,22,23,Furnished,1,6.9,40.96
Hyderabad,Suburban,Apartment,1496,3,3,23,23,Furnished,2,2.4,79.77
Kochi,Prime,Builder Floor,1039,2,1,18,1,Unfurnished,0,0.8,78.55
Lucknow,Mid-range,Independent House,1433,2,3,3,1,Unfurnished,1,4.1,76.87
Coimbatore,Mid-range,Apartment,1051,2,1,10,1,Furnished,1,3.5,54.26
Coimbatore,Prime,Apartment,1039,2,2,29,13,Furnished,1,6.3,65.84
Mumbai,Prime,Apartment,1156,2,2,9,5,Semi-furnished,1,0.2,378.51
Coimbatore,Mid-range,Apartment,1120,2,1,21,10,Semi-furnished,1,1.6,54.03
Pune,Suburban,Apartment,1224,2,2,27,15,Unfurnished,0,5.9,43.34
Jaipur,Suburban,Apartment,1170,2,3,21,23,Unfurnished,2,3.7,43.75
Bengaluru,Mid-range,Apartment,1455,3,4,1,6,Unfurnished,1,0.2,164.73
Chennai,Suburban,Apartment,1460,3,2,1,19,Semi-furnished,3,22.0,81.22
Kochi,Mid-range,Builder Floor,969,2,2,5,2,Furnished,0,9.9,57.49
Chennai,Prime,Apartment,947,2,1,21,22,Semi-furnished,3,3.1,96.43
Coimbatore,Suburban,Apartment,666,1,1,24,7,Unfurnished,1,1.9,23.49
Delhi NCR,Mid-range,Apartment,1476,3,2,30,7,Semi-furnished,1,5.8,111.44
Delhi NCR,Prime,Apartment,1132,2,2,18,9,Furnished,2,13.6,170.88
Pune,Prime,Apartment,1957,4,5,29,16,Unfurnished,1,5.3,154.61
Ahmedabad,Suburban,Apartment,1174,2,3,17,16,Unfurnished,0,6.0,36.56
Bengaluru,Mid-range,Independent House,1793,3,3,20,2,Furnished,2,16.0,143.94
Pune,Suburban,Apartment,2026,4,3,24,17,Unfurnished,1,10.7,78.71
Hyderabad,Suburban,Apartment,562,1,1,1,19,Unfurnished,2,4.9,41.84
Jaipur,Prime,Builder Floor,1845,4,3,20,0,Semi-furnished,1,9.2,107.64
Bengaluru,Mid-range,Independent House,2337,4,5,1,0,Unfurnished,1,0.7,251.09
Mumbai,Mid-range,Apartment,1394,3,4,26,16,Semi-furnished,0,2.5,286.83
Pune,Mid-range,Independent House,1268,2,3,17,0,Semi-furnished,3,2.1,106.56
Kolkata,Mid-range,Apartment,1531,3,3,7,24,Semi-furnished,0,0.7,102.66
Coimbatore,Mid-range,Apartment,1549,3,3,17,8,Unfurnished,1,2.7,70.28
Ahmedabad,Mid-range,Apartment,1515,3,3,30,8,Unfurnished,1,11.0,59.3
Bengaluru,Mid-range,Apartment,731,1,2,18,23,Semi-furnished,1,10.1,56.83
Bengaluru,Mid-range,Apartment,1822,4,4,29,4,Furnished,3,0.7,156.91
Chennai,Suburban,Builder Floor,620,1,2,11,1,Semi-furnished,1,0.2,35.42
Delhi NCR,Mid-range,Apartment,1445,3,4,14,8,Unfurnished,1,3.8,149.67
Delhi NCR,Suburban,Independent House,2245,4,4,1,2,Semi-furnished,0,2.1,198.53
Hyderabad,Mid-range,Apartment,1092,2,2,13,10,Unfurnished,0,0.7,79.17
Kochi,Mid-range,Apartment,1187,2,3,17,15,Unfurnished,1,4.4,70.61
Coimbatore,Suburban,Apartment,1622,3,4,16,3,Unfurnished,2,2.0,62.5
Delhi NCR,Mid-range,Apartment,2022,5,6,16,15,Furnished,2,10.6,223.98
Delhi NCR,Mid-range,Independent House,1991,3,3,28,2,Unfurnished,1,13.6,168.24
Delhi NCR,Suburban,Apartment,1899,4,3,18,23,Semi-furnished,1,1.0,129.68
Ahmedabad,Mid-range,Apartment,1554,3,4,28,5,Unfurnished,1,2.2,65.91
Hyderabad,Mid-range,Apartment,1638,3,2,21,5,Furnished,1,0.5,120.43
Lucknow,Prime,Builder Floor,1143,2,2,24,2,Furnished,2,0.9,66.48
Kolkata,Mid-range,Builder Floor,1197,2,3,24,1,Semi-furnished,0,0.4,63.61
Coimbatore,Mid-range,Builder Floor,1346,3,2,0,1,Unfurnished,1,16.3,60.53
Hyderabad,Mid-range,Apartment,742,1,1,15,18,Semi-furnished,2,0.9,55.54
Jaipur,Suburban,Builder Floor,2184,5,6,25,1,Semi-furnished,1,2.0,65.45
Kolkata,Suburban,Apartment,1680,3,3,19,4,Semi-furnished,2,4.5,66.41
Lucknow,Mid-range,Apartment,1184,2,2,24,3,Semi-furnished,3,0.2,52.54
Jaipur,Mid-range,Apartment,2002,4,4,30,6,Furnished,2,1.2,81.65
Bengaluru,Mid-range,Builder Floor,1668,3,3,27,2,Unfurnished,1,5.5,98.04
Ahmedabad,Suburban,Villa,2786,5,6,21,1,Semi-furnished,1,2.8,113.57
Ahmedabad,Suburban,Independent House,1876,3,3,13,2,Furnished,3,0.5,83.3
Mumbai,Suburban,Independent House,1908,3,2,0,0,Unfurnished,0,1.5,291.89
Hyderabad,Mid-range,Apartment,1838,4,5,20,14,Semi-furnished,0,1.9,123.25
Mumbai,Mid-range,Apartment,961,2,1,19,17,Semi-furnished,1,0.2,223.48
Lucknow,Mid-range,Independent House,1910,3,3,25,0,Unfurnished,2,0.4,75.22
Ahmedabad,Suburban,Independent House,1560,2,2,0,2,Semi-furnished,1,6.8,64.19
Kolkata,Suburban,Independent House,1346,2,2,27,1,Furnished,0,2.9,50.38
Bengaluru,Prime,Apartment,549,1,1,20,17,Semi-furnished,1,0.3,67.31
Chennai,Prime,Villa,1756,3,3,16,2,Unfurnished,2,1.7,223.89
Jaipur,Prime,Apartment,711,1,1,7,24,Unfurnished,0,0.4,49.76
Kochi,Suburban,Apartment,1959,4,3,20,13,Unfurnished,1,2.8,75.96
Pune,Suburban,Builder Floor,1085,2,3,8,1,Semi-furnished,1,0.9,64.32
Coimbatore,Mid-range,Apartment,1429,3,3,30,24,Semi-furnished,2,0.5,69.96
Hyderabad,Mid-range,Apartment,660,1,2,6,11,Furnished,1,0.7,59.83
Chennai,Suburban,Builder Floor,1410,3,4,15,2,Unfurnished,1,1.2,64.08
Mumbai,Suburban,Independent House,2585,5,4,15,0,Unfurnished,2,1.0,385.0
Mumbai,Mid-range,Apartment,1406,3,3,17,13,Unfurnished,1,2.5,295.4
Kolkata,Prime,Apartment,1417,3,4,8,7,Semi-furnished,2,0.9,130.95
Delhi NCR,Suburban,Apartment,1841,4,4,13,25,Unfurnished,1,0.2,155.49
Pune,Mid-range,Independent House,1286,2,1,13,1,Unfurnished,0,0.2,108.6
Bengaluru,Mid-range,Apartment,1032,2,2,15,15,Semi-furnished,0,0.4,99.48
Ahmedabad,Mid-range,Apartment,1000,2,2,29,9,Semi-furnished,2,0.4,46.3
Pune,Suburban,Independent House,1407,2,3,18,0,Furnished,1,4.8,78.2
Hyderabad,Suburban,Apartment,1034,2,1,3,19,Semi-furnished,1,5.5,51.22
Ahmedabad,Mid-range,Apartment,1211,2,2,7,9,Semi-furnished,0,9.0,62.11
Coimbatore,Mid-range,Independent House,1424,2,2,19,0,Furnished,1,3.9,76.55
Pune,Mid-range,Apartment,1419,3,4,28,17,Furnished,1,3.5,99.95
Kolkata,Mid-range,Apartment,589,1,2,7,11,Semi-furnished,0,1.6,41.11
Pune,Suburban,Builder Floor,1028,2,2,9,0,Semi-furnished,0,1.4,58.1
Coimbatore,Suburban,Apartment,1644,3,3,20,25,Unfurnished,2,2.1,66.51
Hyderabad,Mid-range,Apartment,1580,3,4,8,6,Semi-furnished,0,4.4,116.81
Chennai,Suburban,Apartment,1096,2,3,25,9,Semi-furnished,1,1.6,52.9
Bengaluru,Mid-range,Apartment,1701,3,3,3,6,Semi-furnished,1,5.5,174.75
Chennai,Mid-range,Builder Floor,1843,4,4,30,1,Semi-furnished,1,10.3,92.01
Jaipur,Prime,Independent House,1445,2,1,2,1,Furnished,1,0.2,139.96
Delhi NCR,Prime,Builder Floor,1541,3,3,24,2,Unfurnished,1,0.6,212.95
Ahmedabad,Mid-range,Apartment,1328,3,4,28,3,Semi-furnished,3,2.2,67.3
Ahmedabad,Suburban,Builder Floor,1079,2,3,5,1,Semi-furnished,1,5.6,42.44
Delhi NCR,Prime,Villa,1909,3,2,30,0,Semi-furnished,1,7.7,261.75
Mumbai,Mid-range,Apartment,1425,3,2,12,21,Unfurnished,1,1.9,334.63
Mumbai,Prime,Builder Floor,1341,3,4,30,2,Semi-furnished,1,1.0,326.72
Mumbai,Mid-range,Apartment,1364,3,2,4,24,Semi-furnished,2,6.2,342.5
Pune,Suburban,Apartment,1064,2,1,15,15,Semi-furnished,0,3.1,54.81
Coimbatore,Mid-range,Apartment,1481,3,3,18,19,Unfurnished,1,0.8,77.51
Mumbai,Prime,Apartment,1733,4,5,2,10,Semi-furnished,0,4.0,621.47
Kolkata,Suburban,Independent House,1348,2,1,3,2,Furnished,1,14.9,67.51
Jaipur,Suburban,Independent House,612,1,1,7,2,Furnished,1,3.8,28.25
Kolkata,Mid-range,Independent House,1816,3,4,16,2,Semi-furnished,0,4.8,115.91
Kochi,Suburban,Apartment,711,1,1,23,7,Semi-furnished,3,0.7,39.46
Lucknow,Mid-range,Builder Floor,1523,3,4,28,2,Furnished,2,1.5,63.95
Lucknow,Mid-range,Apartment,1120,2,2,19,12,Unfurnished,1,7.4,45.73
Hyderabad,Suburban,Apartment,1727,4,4,29,12,Semi-furnished,1,6.9,68.41
Bengaluru,Mid-range,Apartment,563,1,1,0,8,Unfurnished,1,1.3,57.3
Hyderabad,Suburban,Apartment,1426,3,3,11,19,Unfurnished,2,2.6,82.48
Chennai,Suburban,Apartment,1156,2,2,17,21,Unfurnished,1,0.2,55.99
Hyderabad,Suburban,Independent House,1317,2,1,9,0,Furnished,2,7.4,71.98
Coimbatore,Suburban,Apartment,1231,2,3,12,0,Unfurnished,2,3.8,49.39
Lucknow,Mid-range,Apartment,1379,3,3,22,0,Unfurnished,2,1.6,60.9
Jaipur,Mid-range,Apartment,1016,2,2,28,24,Furnished,1,6.8,40.21
Mumbai,Mid-range,Apartment,1135,2,1,10,8,Furnished,0,9.6,230.96
Delhi NCR,Mid-range,Apartment,701,1,1,21,9,Furnished,2,4.5,80.49
Pune,Mid-range,Apartment,1067,2,3,0,15,Semi-furnished,0,3.1,94.23
Chennai,Mid-range,Builder Floor,1106,2,2,8,1,Furnished,1,8.2,82.01
Jaipur,Prime,Apartment,1842,4,5,17,5,Semi-furnished,1,5.1,127.42
Jaipur,Mid-range,Villa,612,1,2,27,1,Semi-furnished,1,1.1,32.48
Ahmedabad,Prime,Builder Floor,1108,2,2,26,2,Semi-furnished,1,13.8,58.04
Lucknow,Suburban,Apartment,1109,2,2,23,5,Semi-furnished,0,3.5,28.17
Mumbai,Mid-range,Apartment,2179,5,5,4,23,Semi-furnished,1,4.2,565.35
Chennai,Mid-range,Apartment,1419,3,2,20,4,Semi-furnished,0,1.0,82.56
Chennai,Mid-range,Builder Floor,1607,3,3,11,0,Furnished,1,1.6,121.14
Hyderabad,Suburban,Independent House,2378,4,4,3,0,Furnished,2,2.1,170.48
Kolkata,Suburban,Apartment,1571,3,3,16,15,Furnished,0,8.1,63.32
Pune,Prime,Villa,2188,4,4,13,2,Unfurnished,1,10.8,306.22
Hyderabad,Mid-range,Apartment,1697,4,5,21,14,Unfurnished,1,1.1,120.21
Lucknow,Prime,Independent House,1750,3,2,19,1,Unfurnished,2,4.0,112.74
Chennai,Mid-range,Villa,1227,2,1,27,1,Unfurnished,1,7.7,79.15
Lucknow,Mid-range,Apartment,1049,2,2,27,1,Furnished,0,3.7,41.22
Lucknow,Suburban,Independent House,2668,5,6,3,1,Semi-furnished,1,22.7,91.12
Delhi NCR,Mid-range,Apartment,1043,2,2,3,9,Semi-furnished,1,4.8,121.83
Jaipur,Suburban,Apartment,1814,4,4,17,2,Unfurnished,2,0.8,58.09
Pune,Suburban,Apartment,1333,3,4,10,16,Unfurnished,1,0.8,68.17
Lucknow,Suburban,Builder Floor,1572,3,4,22,1,Semi-furnished,0,1.2,40.26
Bengaluru,Mid-range,Independent House,2329,4,3,28,2,Unfurnished,1,5.0,167.73
Pune,Mid-range,Independent House,2203,4,3,21,0,Semi-furnished,2,10.7,146.37
Coimbatore,Mid-range,Apartment,1689,4,4,28,20,Furnished,1,2.5,70.1
Bengaluru,Mid-range,Apartment,1398,3,2,9,15,Semi-furnished,2,3.2,124.35
Kochi,Mid-range,Apartment,1257,2,1,21,11,Semi-furnished,1,7.7,74.94
Jaipur,Suburban,Builder Floor,1035,2,2,4,0,Unfurnished,3,8.3,46.01
Bengaluru,Mid-range,Independent House,1521,2,1,17,0,Furnished,3,8.1,130.74
Bengaluru,Suburban,Apartment,1114,2,2,23,22,Furnished,0,0.9,61.66
Coimbatore,Suburban,Apartment,1025,2,2,4,25,Semi-furnished,1,1.1,51.51
Kochi,Suburban,Apartment,1170,2,1,23,17,Unfurnished,2,5.8,47.07
Pune,Suburban,Villa,895,1,1,9,0,Semi-furnished,1,1.6,67.43
Ahmedabad,Mid-range,Independent House,1926,3,2,1,1,Unfurnished,1,6.5,116.86
Lucknow,Suburban,Builder Floor,628,1,1,7,1,Unfurnished,1,8.6,21.37
Chennai,Mid-range,Apartment,1202,2,3,9,5,Unfurnished,3,6.7,92.11
Ahmedabad,Mid-range,Apartment,1710,4,4,14,15,Furnished,0,5.2,84.45
Pune,Suburban,Apartment,2262,5,4,17,9,Unfurnished,1,2.9,104.07
Delhi NCR,Prime,Independent House,913,1,1,30,1,Semi-furnished,1,3.3,121.49
Mumbai,Suburban,Builder Floor,633,1,1,15,2,Semi-furnished,1,2.7,89.24
Kolkata,Mid-range,Independent House,1826,3,4,7,0,Unfurnished,0,2.1,121.82
Pune,Prime,Villa,2227,4,5,8,0,Semi-furnished,1,0.9,401.14
Hyderabad,Prime,Builder Floor,1866,4,4,2,1,Semi-furnished,1,14.5,199.89
Hyderabad,Suburban,Apartment,1213,2,2,7,5,Unfurnished,1,2.4,63.87
Mumbai,Mid-range,Apartment,1604,3,3,19,21,Semi-furnished,1,0.3,329.26
Chennai,Prime,Apartment,1016,2,2,21,2,Semi-furnished,1,1.4,91.01
Kochi,Prime,Apartment,1171,2,2,23,15,Semi-furnished,2,0.5,107.88
Kochi,Suburban,Apartment,579,1,1,17,12,Semi-furnished,0,1.5,24.68
Lucknow,Prime,Apartment,1560,3,3,19,25,Semi-furnished,1,1.3,118.11
Mumbai,Mid-range,Builder Floor,605,1,1,25,0,Unfurnished,2,3.7,99.32
Jaipur,Mid-range,Apartment,1075,2,3,9,10,Unfurnished,1,3.0,54.28
Delhi NCR,Prime,Builder Floor,1371,3,4,30,2,Semi-furnished,0,0.9,145.43
Hyderabad,Mid-range,Apartment,1374,3,3,26,16,Semi-furnished,0,1.7,80.2
Kolkata,Suburban,Apartment,1060,2,3,28,16,Unfurnished,1,1.2,38.37
Ahmedabad,Suburban,Apartment,2257,5,4,12,11,Semi-furnished,0,8.4,69.26
Kolkata,Mid-range,Apartment,1036,2,1,5,14,Semi-furnished,0,25.0,61.86
Bengaluru,Prime,Apartment,1119,2,2,22,5,Semi-furnished,1,0.2,144.36
Hyderabad,Suburban,Villa,771,1,1,4,1,Semi-furnished,0,2.3,60.22
Jaipur,Mid-range,Apartment,1018,2,2,30,22,Unfurnished,2,0.7,42.24
Jaipur,Prime,Apartment,1366,3,4,17,10,Unfurnished,1,8.5,87.33
Kochi,Mid-range,Apartment,787,1,1,21,15,Furnished,0,9.6,40.28
Bengaluru,Prime,Apartment,1820,4,4,4,21,Unfurnished,0,0.5,239.65
Jaipur,Prime,Independent House,1256,2,2,10,2,Unfurnished,3,0.2,101.75
Pune,Suburban,Apartment,711,1,2,11,25,Semi-furnished,0,13.4,35.72
Kochi,Mid-range,Apartment,1429,3,3,3,25,Unfurnished,3,7.9,97.22
Coimbatore,Suburban,Independent House,2098,3,3,5,1,Furnished,1,19.8,87.27
Delhi NCR,Mid-range,Apartment,1993,4,5,11,23,Unfurnished,1,5.6,230.61
Mumbai,Suburban,Apartment,1454,3,3,22,20,Semi-furnished,0,10.2,176.38
Chennai,Mid-range,Independent House,1352,2,2,4,1,Semi-furnished,0,1.0,113.52
Delhi NCR,Mid-range,Apartment,688,1,1,6,22,Unfurnished,1,5.7,91.59
Lucknow,Suburban,Villa,1265,2,1,30,2,Furnished,2,2.9,44.97
Hyderabad,Mid-range,Independent House,797,1,1,24,0,Semi-furnished,2,7.8,53.13
Pune,Suburban,Builder Floor,1083,2,1,25,1,Semi-furnished,0,1.2,37.58
Hyderabad,Mid-range,Independent House,1475,2,2,28,2,Semi-furnished,1,0.2,88.33
Ahmedabad,Mid-range,Apartment,1469,3,3,22,23,Unfurnished,2,1.0,69.74
Jaipur,Prime,Builder Floor,883,1,1,26,2,Unfurnished,2,8.5,50.25
Ahmedabad,Mid-range,Apartment,1212,3,4,1,18,Semi-furnished,1,0.9,80.67
Mumbai,Suburban,Apartment,1478,3,4,12,5,Semi-furnished,1,1.9,216.44
Mumbai,Prime,Builder Floor,1865,4,4,9,0,Furnished,2,4.4,644.1
Bengaluru,Prime,Apartment,1954,4,4,5,17,Semi-furnished,0,0.2,273.81
Kolkata,Prime,Builder Floor,641,1,1,9,2,Furnished,1,1.2,66.85
Bengaluru,Mid-range,Apartment,2408,5,5,8,1,Semi-furnished,3,3.6,218.45
Kochi,Mid-range,Apartment,1576,3,3,15,15,Unfurnished,0,11.6,80.77
Ahmedabad,Mid-range,Apartment,1122,2,3,8,19,Unfurnished,1,8.4,62.49
Kolkata,Prime,Apartment,649,1,2,27,3,Unfurnished,1,2.1,52.83
Lucknow,Mid-range,Villa,1838,3,3,25,0,Unfurnished,2,1.3,80.87
Lucknow,Mid-range,Apartment,661,1,1,13,12,Unfurnished,2,10.1,30.65
Jaipur,Prime,Independent House,1800,3,2,1,2,Unfurnished,2,0.7,148.69
Hyderabad,Mid-range,Apartment,1102,2,2,23,5,Unfurnished,3,4.4,70.4
Ahmedabad,Prime,Apartment,1401,3,3,5,15,Unfurnished,1,4.0,109.71
Kolkata,Mid-range,Builder Floor,1421,3,4,19,0,Semi-furnished,1,9.9,78.82
Delhi NCR,Suburban,Apartment,993,2,2,1,0,Semi-furnished,0,4.2,84.5
Pune,Prime,Apartment,1708,4,3,10,16,Unfurnished,1,12.5,195.07
Chennai,Mid-range,Apartment,1361,3,2,19,20,Unfurnished,0,7.6,83.06
Bengaluru,Mid-range,Apartment,1109,2,3,20,11,Semi-furnished,1,4.8,89.67
Bengaluru,Suburban,Independent House,727,1,1,23,0,Semi-furnished,1,4.2,38.12
Bengaluru,Suburban,Apartment,1152,2,2,29,13,Furnished,2,1.4,67.17
Pune,Suburban,Independent House,2382,4,4,3,0,Furnished,1,9.0,154.86
Kochi,Mid-range,Builder Floor,1091,2,1,11,0,Unfurnished,1,1.1,59.04
Mumbai,Mid-range,Apartment,621,1,1,16,21,Semi-furnished,0,0.2,120.08
Pune,Prime,Independent House,1889,3,3,19,2,Unfurnished,1,1.1,205.24
Hyderabad,Prime,Apartment,1358,3,4,16,16,Semi-furnished,2,1.0,164.84
Hyderabad,Suburban,Apartment,1068,2,2,7,9,Furnished,0,0.9,66.2
Bengaluru,Prime,Apartment,1097,2,2,17,0,Semi-furnished,2,6.0,131.59
Jaipur,Mid-range,Apartment,1205,2,3,19,18,Semi-furnished,1,3.5,52.96
Kochi,Prime,Independent House,1809,3,4,23,2,Semi-furnished,1,0.4,167.16
Mumbai,Mid-range,Builder Floor,2375,5,4,25,0,Semi-furnished,1,0.2,415.53
Chennai,Mid-range,Apartment,1203,2,2,24,1,Unfurnished,2,3.4,77.88
Kolkata,Suburban,Independent House,1827,3,4,13,2,Semi-furnished,3,0.7,98.88
Chennai,Mid-range,Apartment,1013,2,2,25,16,Semi-furnished,2,0.8,65.21
Chennai,Prime,Apartment,1809,4,4,23,8,Semi-furnished,3,0.2,170.31
Ahmedabad,Mid-range,Apartment,1014,2,2,27,3,Furnished,0,12.7,37.02
Hyderabad,Mid-range,Apartment,1028,2,2,14,9,Furnished,2,5.4,82.27
Bengaluru,Mid-range,Independent House,1453,2,2,7,2,Semi-furnished,1,3.4,153.09
Jaipur,Mid-range,Apartment,632,1,1,0,2,Unfurnished,3,1.6,46.01
Coimbatore,Suburban,Apartment,595,1,1,17,12,Semi-furnished,1,6.5,22.4
Ahmedabad,Mid-range,Apartment,824,1,1,16,10,Semi-furnished,1,5.1,43.35
Bengaluru,Suburban,Apartment,1102,2,2,2,6,Semi-furnished,1,5.1,81.78
Chennai,Suburban,Villa,849,1,2,18,0,Semi-furnished,2,0.3,54.55
Hyderabad,Suburban,Apartment,1140,2,3,16,7,Semi-furnished,2,5.7,61.93
Bengaluru,Mid-range,Independent House,1503,2,2,3,0,Furnished,2,5.9,163.5
Mumbai,Prime,Builder Floor,1326,3,4,3,2,Semi-furnished,1,4.1,481.19
Delhi NCR,Mid-range,Apartment,1415,3,4,4,20,Unfurnished,0,10.7,166.83
Hyderabad,Prime,Apartment,1523,3,3,18,12,Unfurnished,2,4.1,162.18
Coimbatore,Suburban,Apartment,1132,2,2,27,4,Unfurnished,2,7.9,33.02
Chennai,Suburban,Builder Floor,1447,3,3,18,0,Semi-furnished,1,1.8,70.05
Kolkata,Prime,Builder Floor,1196,2,2,30,1,Furnished,2,12.4,81.23
Kochi,Mid-range,Builder Floor,1639,3,3,23,1,Semi-furnished,2,2.5,83.84
Ahmedabad,Suburban,Independent House,1447,2,3,8,1,Semi-furnished,1,5.6,53.33
Bengaluru,Prime,Apartment,1023,2,2,10,16,Semi-furnished,1,0.2,140.28
Jaipur,Mid-range,Apartment,792,1,1,23,19,Unfurnished,0,0.2,32.29
Coimbatore,Suburban,Apartment,636,1,1,13,22,Semi-furnished,1,3.8,26.86
Lucknow,Suburban,Builder Floor,567,1,1,30,1,Semi-furnished,1,1.0,18.3
Kolkata,Suburban,Apartment,683,1,1,23,12,Semi-furnished,3,1.2,34.81
Mumbai,Prime,Apartment,2330,5,6,5,17,Unfurnished,2,10.5,852.76
Hyderabad,Suburban,Villa,1903,3,3,20,0,Semi-furnished,0,1.0,107.11
Kolkata,Mid-range,Independent House,1864,3,3,2,2,Semi-furnished,1,5.3,125.61
Pune,Suburban,Apartment,1012,2,1,29,4,Semi-furnished,0,3.7,36.75
Pune,Suburban,Apartment,630,1,1,9,11,Furnished,2,2.5,48.72
Kolkata,Mid-range,Villa,1882,3,3,15,0,Semi-furnished,1,0.2,138.86
Bengaluru,Mid-range,Apartment,1939,4,3,6,8,Unfurnished,3,3.5,178.67
Kochi,Prime,Apartment,2038,4,3,9,20,Semi-furnished,1,4.1,225.84
Coimbatore,Mid-range,Independent House,1243,2,2,26,0,Furnished,1,3.9,56.18
Ahmedabad,Suburban,Apartment,1148,2,3,5,18,Unfurnished,1,1.4,49.99
Bengaluru,Suburban,Independent House,674,1,1,8,2,Unfurnished,1,4.4,47.03
Hyderabad,Mid-range,Independent House,1230,2,1,3,1,Semi-furnished,2,0.2,102.94
Ahmedabad,Mid-range,Villa,1745,3,3,12,1,Semi-furnished,1,0.4,119.41
Delhi NCR,Mid-range,Apartment,1628,3,3,1,13,Unfurnished,1,6.1,196.76
Delhi NCR,Suburban,Apartment,1539,3,2,10,22,Semi-furnished,2,2.1,126.26
Delhi NCR,Mid-range,Builder Floor,1550,3,2,10,1,Semi-furnished,1,6.8,174.79
Mumbai,Suburban,Apartment,1892,4,4,28,7,Furnished,2,2.8,223.68
Kochi,Suburban,Apartment,998,2,2,21,22,Unfurnished,1,0.4,43.07
Lucknow,Mid-range,Apartment,1740,3,3,10,18,Semi-furnished,2,1.8,86.04
Lucknow,Mid-range,Independent House,1785,3,2,4,2,Unfurnished,3,4.9,88.37
Delhi NCR,Mid-range,Apartment,843,1,2,7,22,Unfurnished,3,4.6,110.02
Bengaluru,Mid-range,Independent House,1457,2,2,18,2,Unfurnished,1,3.2,118.19
Jaipur,Suburban,Apartment,723,1,1,0,25,Semi-furnished,2,12.9,34.27
Kolkata,Suburban,Builder Floor,1368,3,4,7,0,Semi-furnished,1,4.1,67.12
Delhi NCR,Mid-range,Apartment,672,1,1,15,12,Furnished,0,2.5,75.8
Coimbatore,Mid-range,Villa,2364,4,5,8,0,Semi-furnished,1,4.5,143.5
Lucknow,Suburban,Apartment,1165,2,2,17,3,Semi-furnished,2,2.9,39.81
Ahmedabad,Mid-range,Villa,2397,4,5,13,0,Unfurnished,1,1.2,155.79
Bengaluru,Suburban,Apartment,2270,5,5,0,19,Semi-furnished,1,0.2,175.33
Mumbai,Suburban,Builder Floor,1338,3,4,18,1,Furnished,1,3.5,180.97
Mumbai,Prime,Apartment,1163,2,2,7,16,Unfurnished,1,2.2,360.54
Kolkata,Suburban,Apartment,1480,3,3,28,15,Unfurnished,1,8.5,46.44
Jaipur,Suburban,Villa,1341,2,2,23,1,Semi-furnished,1,6.6,44.83
Bengaluru,Suburban,Villa,1354,2,3,23,1,Semi-furnished,1,12.6,89.28
Kolkata,Suburban,Apartment,1116,2,2,4,5,Unfurnished,2,0.9,54.09
Bengaluru,Mid-range,Apartment,1090,2,3,27,1,Semi-furnished,2,4.6,81.77
Kochi,Mid-range,Villa,649,1,2,5,0,Semi-furnished,1,3.3,60.95
Delhi NCR,Prime,Apartment,1046,2,2,29,13,Unfurnished,0,0.2,138.98
Ahmedabad,Mid-range,Apartment,1302,3,3,5,4,Furnished,0,0.9,75.42
Lucknow,Mid-range,Apartment,725,1,1,13,9,Unfurnished,2,2.3,39.69
Delhi NCR,Suburban,Apartment,992,2,3,29,6,Unfurnished,0,3.6,57.39
Mumbai,Mid-range,Apartment,1005,2,2,5,17,Semi-furnished,1,0.4,258.99
Kochi,Suburban,Apartment,1170,2,3,3,24,Semi-furnished,2,12.6,62.34
Kolkata,Prime,Apartment,1206,2,1,22,12,Semi-furnished,2,1.1,111.91
Kolkata,Prime,Builder Floor,1972,4,4,5,1,Furnished,2,0.2,201.8
Lucknow,Mid-range,Apartment,2092,5,5,5,16,Unfurnished,1,3.5,90.3
Kochi,Mid-range,Apartment,1853,4,4,12,10,Furnished,1,3.2,119.48
Chennai,Mid-range,Apartment,1095,2,3,30,12,Semi-furnished,1,17.7,64.48
Pune,Mid-range,Villa,1494,2,1,17,1,Unfurnished,1,1.7,129.88
Kolkata,Suburban,Independent House,1618,2,2,27,0,Unfurnished,0,1.8,52.37
Kolkata,Prime,Independent House,1975,3,3,7,0,Furnished,2,0.4,199.31
Kochi,Suburban,Independent House,1386,2,3,1,1,Unfurnished,1,0.7,74.26
Coimbatore,Prime,Villa,1006,1,2,7,1,Furnished,1,13.2,106.03
Kolkata,Mid-range,Builder Floor,982,2,2,25,2,Semi-furnished,1,1.1,46.18
Coimbatore,Mid-range,Apartment,1577,3,2,30,24,Unfurnished,2,5.8,67.08
Kochi,Suburban,Builder Floor,1384,3,2,8,0,Semi-furnished,1,0.3,61.29
Kolkata,Suburban,Apartment,1471,3,4,2,2,Unfurnished,1,1.5,76.06
Kochi,Mid-range,Apartment,1070,2,2,6,17,Semi-furnished,2,0.3,82.65
Delhi NCR,Prime,Apartment,2168,5,5,20,1,Unfurnished,0,11.7,256.47
Lucknow,Mid-range,Apartment,1464,3,3,4,20,Unfurnished,1,6.2,80.19
Lucknow,Suburban,Apartment,1445,3,3,28,14,Semi-furnished,0,1.0,35.98
Mumbai,Prime,Builder Floor,1058,2,1,27,1,Semi-furnished,2,1.7,259.58
Delhi NCR,Mid-range,Builder Floor,961,2,2,15,1,Furnished,0,0.2,103.52
Kochi,Mid-range,Apartment,2300,5,5,30,18,Unfurnished,1,0.8,122.26
Chennai,Mid-range,Apartment,636,1,1,14,12,Furnished,1,1.8,49.33
Kochi,Mid-range,Apartment,1565,3,3,23,22,Furnished,1,2.4,105.92
Kochi,Suburban,Independent House,1422,2,1,29,0,Unfurnished,0,1.3,51.12
Lucknow,Prime,Apartment,628,1,1,16,18,Furnished,1,2.6,45.47
Pune,Suburban,Builder Floor,1394,3,3,4,1,Semi-furnished,1,1.8,88.43
Delhi NCR,Suburban,Builder Floor,1461,3,3,28,2,Semi-furnished,2,1.1,96.2
Coimbatore,Mid-range,Apartment,678,1,1,7,22,Semi-furnished,1,9.8,37.65
Bengaluru,Prime,Apartment,1014,2,1,15,15,Furnished,1,1.6,146.44
Delhi NCR,Suburban,Builder Floor,671,1,1,10,0,Unfurnished,0,1.3,44.75
Delhi NCR,Mid-range,Apartment,1158,2,2,0,21,Semi-furnished,2,0.2,162.37
Bengaluru,Prime,Builder Floor,1883,4,4,27,1,Unfurnished,2,6.4,199.14
Kolkata,Prime,Independent House,2017,3,4,2,2,Unfurnished,1,0.2,206.01
Delhi NCR,Suburban,Apartment,1366,3,3,28,18,Unfurnished,0,7.3,70.06
Kochi,Suburban,Independent House,1142,2,3,29,1,Unfurnished,3,3.5,53.92
Kolkata,Mid-range,Apartment,466,1,1,0,21,Unfurnished,1,5.6,40.86
Mumbai,Prime,Apartment,1121,2,2,24,12,Semi-furnished,2,11.2,315.93
Chennai,Mid-range,Builder Floor,1524,3,4,8,0,Unfurnished,1,6.1,99.45
Lucknow,Suburban,Apartment,1023,2,1,9,19,Furnished,0,2.0,36.97
Ahmedabad,Suburban,Apartment,1389,3,3,24,14,Unfurnished,2,4.9,45.62
Ahmedabad,Prime,Builder Floor,1397,3,4,1,1,Unfurnished,2,2.6,112.12
Pune,Mid-range,Apartment,1471,3,2,17,3,Semi-furnished,1,1.5,103.23
Delhi NCR,Suburban,Apartment,1062,2,2,23,9,Unfurnished,0,5.9,66.38
Lucknow,Mid-range,Apartment,1092,2,1,14,12,Semi-furnished,2,0.2,53.56
Delhi NCR,Suburban,Apartment,1264,2,2,15,17,Unfurnished,0,2.6,84.78
Delhi NCR,Prime,Apartment,1063,2,1,24,17,Unfurnished,1,15.7,140.98
Mumbai,Mid-range,Apartment,957,2,3,1,23,Semi-furnished,2,0.2,254.23
Mumbai,Suburban,Apartment,1503,3,4,26,21,Furnished,1,4.3,198.92
Coimbatore,Prime,Apartment,570,1,1,6,13,Semi-furnished,2,7.4,48.96
Kochi,Prime,Independent House,1769,3,4,7,2,Unfurnished,2,4.2,185.51
Delhi NCR,Mid-range,Independent House,1921,3,2,3,2,Semi-furnished,2,7.7,246.19
Hyderabad,Mid-range,Apartment,1625,3,3,1,15,Furnished,1,10.5,151.61
Kolkata,Prime,Independent House,1688,3,4,27,0,Semi-furnished,1,15.1,118.12
Delhi NCR,Mid-range,Apartment,1793,4,4,30,25,Unfurnished,2,9.0,132.72
Chennai,Mid-range,Apartment,661,1,2,30,25,Semi-furnished,2,0.2,44.46
Ahmedabad,Suburban,Villa,2000,3,3,26,0,Furnished,1,0.4,83.86
Jaipur,Prime,Independent House,802,1,1,17,2,Unfurnished,1,0.6,55.47
Bengaluru,Suburban,Apartment,1226,2,2,2,11,Unfurnished,1,5.4,75.51
Ahmedabad,Mid-range,Apartment,576,1,1,25,11,Furnished,1,0.5,30.17
Chennai,Mid-range,Builder Floor,1529,3,4,23,0,Furnished,0,8.2,76.54
Hyderabad,Mid-range,Independent House,872,1,2,16,2,Furnished,1,6.2,65.22
Coimbatore,Suburban,Apartment,1318,3,3,14,9,Semi-furnished,2,0.2,52.5
Ahmedabad,Mid-range,Apartment,1582,3,2,21,18,Semi-furnished,1,0.3,76.84
Bengaluru,Mid-range,Independent House,971,2,2,28,1,Semi-furnished,1,0.2,72.29
Lucknow,Mid-range,Independent House,1439,2,3,27,2,Semi-furnished,1,5.8,55.02
Chennai,Prime,Apartment,785,1,2,23,7,Unfurnished,3,2.6,91.95
Mumbai,Prime,Villa,2434,4,5,13,1,Unfurnished,1,3.4,1081.15
Kochi,Mid-range,Builder Floor,1271,2,1,6,1,Unfurnished,1,1.1,90.38
Ahmedabad,Suburban,Villa,2070,3,4,15,2,Semi-furnished,0,2.3,93.74
Lucknow,Mid-range,Apartment,1421,3,2,16,20,Semi-furnished,1,2.5,60.36
Lucknow,Prime,Apartment,1161,2,2,12,4,Semi-furnished,1,3.5,72.97
Bengaluru,Mid-range,Builder Floor,1104,2,2,12,2,Semi-furnished,3,4.2,106.92
Mumbai,Prime,Independent House,1771,3,3,13,1,Semi-furnished,1,1.7,581.75
Coimbatore,Mid-range,Apartment,556,1,2,17,16,Semi-furnished,1,0.7,32.4
Chennai,Prime,Apartment,1684,4,3,4,18,Semi-furnished,1,0.9,223.39
Hyderabad,Mid-range,Villa,1765,3,3,14,1,Furnished,0,2.4,160.77
Delhi NCR,Suburban,Villa,1908,3,3,13,0,Semi-furnished,1,3.3,192.19
Jaipur,Prime,Apartment,547,1,1,16,18,Semi-furnished,1,2.0,46.46
Hyderabad,Prime,Villa,2247,4,4,18,2,Semi-furnished,1,11.2,272.33
Chennai,Suburban,Builder Floor,1131,2,1,12,1,Unfurnished,0,4.2,46.77
Ahmedabad,Suburban,Apartment,1052,2,1,21,4,Unfurnished,2,4.9,39.87
Kolkata,Suburban,Apartment,626,1,1,17,24,Unfurnished,2,4.4,33.0
Mumbai,Mid-range,Apartment,1815,4,3,15,13,Furnished,2,0.2,423.31
Lucknow,Suburban,Independent House,1920,3,4,24,0,Unfurnished,1,2.0,52.85
Mumbai,Mid-range,Apartment,1973,4,4,22,24,Unfurnished,1,2.2,373.8
Pune,Prime,Apartment,1636,3,3,3,6,Unfurnished,0,11.0,192.5
Kolkata,Mid-range,Apartment,1490,3,2,13,22,Unfurnished,2,4.0,88.63
Coimbatore,Suburban,Apartment,1249,2,2,11,3,Unfurnished,0,3.6,39.92
Bengaluru,Prime,Apartment,1100,2,2,19,6,Semi-furnished,1,14.6,124.34
Hyderabad,Mid-range,Builder Floor,580,1,1,19,2,Unfurnished,2,3.9,43.11
Ahmedabad,Mid-range,Apartment,1494,3,2,11,23,Furnished,1,8.9,82.29
Bengaluru,Suburban,Apartment,1020,2,3,30,12,Unfurnished,1,6.2,46.32
Pune,Prime,Independent House,1774,3,2,12,2,Unfurnished,0,0.2,210.2
Mumbai,Mid-range,Builder Floor,1484,3,2,28,0,Unfurnished,2,0.2,233.0
Kochi,Prime,Apartment,1922,4,4,29,1,Unfurnished,3,3.7,144.49
Kochi,Prime,Apartment,1435,3,2,22,4,Semi-furnished,2,2.3,129.34
Ahmedabad,Mid-range,Apartment,1514,3,3,2,22,Furnished,3,4.4,100.68
Delhi NCR,Mid-range,Apartment,691,1,1,12,3,Semi-furnished,1,20.4,72.98
Delhi NCR,Mid-range,Apartment,1183,2,2,29,24,Unfurnished,1,2.0,109.65
Mumbai,Suburban,Apartment,1535,3,3,23,10,Furnished,1,1.8,217.71
Mumbai,Prime,Apartment,1009,2,2,8,0,Semi-furnished,1,0.2,317.5
Mumbai,Mid-range,Apartment,601,1,1,1,7,Furnished,1,0.6,158.36
Coimbatore,Mid-range,Apartment,1162,2,2,5,23,Furnished,1,1.3,71.08
Kolkata,Prime,Builder Floor,671,1,1,20,0,Semi-furnished,3,4.5,64.54
Chennai,Suburban,Apartment,1392,3,3,15,18,Semi-furnished,1,3.0,67.09
Coimbatore,Suburban,Independent House,2224,4,3,17,2,Unfurnished,0,4.2,72.24
Pune,Suburban,Apartment,1556,3,4,2,5,Semi-furnished,2,3.8,103.21
Kolkata,Suburban,Villa,1340,2,1,13,0,Unfurnished,1,2.1,69.48
Mumbai,Mid-range,Builder Floor,1515,3,3,1,0,Unfurnished,1,3.7,316.17
Ahmedabad,Prime,Independent House,1336,2,2,1,2,Unfurnished,2,5.3,128.43
Hyderabad,Prime,Apartment,1123,2,1,23,14,Unfurnished,1,9.2,99.23
Lucknow,Suburban,Independent House,1684,3,3,22,2,Semi-furnished,1,0.2,51.88
Kolkata,Suburban,Builder Floor,1392,3,4,19,0,Unfurnished,1,0.7,56.55
Mumbai,Suburban,Apartment,1103,2,1,11,15,Semi-furnished,1,4.8,167.04
Hyderabad,Suburban,Apartment,781,1,2,28,14,Unfurnished,2,4.2,41.56
Coimbatore,Prime,Apartment,1159,2,1,10,24,Semi-furnished,1,3.4,94.23
Coimbatore,Prime,Builder Floor,1396,3,3,21,0,Semi-furnished,1,0.2,90.49
Bengaluru,Mid-range,Builder Floor,578,1,1,20,2,Unfurnished,1,11.9,42.48
Lucknow,Suburban,Apartment,1548,3,3,11,2,Unfurnished,3,0.3,57.85
Kolkata,Mid-range,Villa,727,1,1,10,2,Unfurnished,2,0.5,60.12
Ahmedabad,Mid-range,Apartment,1490,3,3,14,6,Unfurnished,3,5.0,76.87
Jaipur,Suburban,Independent House,1364,2,2,15,2,Semi-furnished,0,3.2,44.39
Coimbatore,Suburban,Apartment,1662,4,5,18,19,Semi-furnished,1,3.8,61.86
Chennai,Mid-range,Independent House,2453,4,4,7,2,Semi-furnished,1,3.6,194.7
Pune,Mid-range,Independent House,1300,2,2,13,2,Semi-furnished,0,0.5,98.37
Kochi,Suburban,Apartment,1502,3,3,19,22,Semi-furnished,1,0.6,62.21
Lucknow,Suburban,Apartment,2188,5,5,1,22,Unfurnished,1,5.4,84.02
Jaipur,Prime,Apartment,1152,2,1,15,14,Furnished,3,0.2,91.45
Hyderabad,Suburban,Apartment,1074,2,3,0,21,Semi-furnished,3,9.0,70.43
Mumbai,Suburban,Apartment,1889,4,5,28,16,Semi-furnished,1,0.7,217.19
Lucknow,Suburban,Apartment,1006,2,3,13,2,Furnished,2,5.4,40.02
Mumbai,Suburban,Builder Floor,582,1,1,0,1,Furnished,2,3.5,106.06
Ahmedabad,Mid-range,Apartment,1513,3,4,13,13,Semi-furnished,2,0.9,84.05
Ahmedabad,Suburban,Apartment,1117,2,3,27,20,Semi-furnished,1,7.0,36.99
Kolkata,Mid-range,Independent House,1260,2,2,9,0,Semi-furnished,2,0.9,95.71
Lucknow,Suburban,Villa,1591,3,3,26,1,Semi-furnished,1,0.2,53.86
Coimbatore,Prime,Independent House,1768,3,4,4,0,Semi-furnished,1,2.2,159.6
Kochi,Mid-range,Apartment,1988,4,3,1,7,Semi-furnished,0,21.5,118.27
Pune,Suburban,Apartment,886,2,2,10,3,Semi-furnished,0,2.8,49.32
Lucknow,Suburban,Villa,1222,2,3,9,1,Unfurnished,2,4.4,51.05
Pune,Mid-range,Apartment,1227,2,2,28,20,Semi-furnished,1,0.2,86.08
Delhi NCR,Suburban,Apartment,1053,2,1,25,2,Unfurnished,2,1.9,67.99
Kochi,Prime,Apartment,1892,4,3,2,24,Semi-furnished,1,1.6,224.17
Hyderabad,Mid-range,Independent House,2334,4,4,30,0,Semi-furnished,1,4.4,124.5
Chennai,Mid-range,Apartment,2176,5,5,11,23,Semi-furnished,1,8.9,168.86
Kolkata,Mid-range,Apartment,1731,4,4,8,14,Unfurnished,2,1.6,125.82
Bengaluru,Mid-range,Independent House,2278,4,4,11,1,Semi-furnished,1,0.5,216.41
Coimbatore,Suburban,Apartment,1344,3,3,5,21,Furnished,1,2.5,59.28
Hyderabad,Mid-range,Apartment,665,1,1,26,22,Semi-furnished,1,10.9,40.87
Bengaluru,Suburban,Apartment,1472,3,4,16,1,Unfurnished,1,3.5,87.54
Bengaluru,Suburban,Apartment,1595,3,4,3,2,Semi-furnished,2,16.0,92.87
Kolkata,Suburban,Builder Floor,1126,2,2,22,1,Unfurnished,1,4.5,39.03
Hyderabad,Suburban,Villa,1344,2,3,20,0,Semi-furnished,0,2.5,74.13
Kochi,Suburban,Apartment,1028,2,1,30,10,Semi-furnished,0,0.2,32.04
Lucknow,Prime,Apartment,1130,2,2,28,2,Semi-furnished,0,0.6,59.82
Mumbai,Suburban,Apartment,1169,2,2,4,0,Unfurnished,1,1.3,157.68
Mumbai,Mid-range,Independent House,1887,3,2,21,2,Semi-furnished,1,3.6,348.95
Pune,Suburban,Builder Floor,1076,2,3,11,0,Unfurnished,0,0.3,55.01
Bengaluru,Mid-range,Builder Floor,900,2,2,16,2,Semi-furnished,2,4.1,77.28
Kolkata,Suburban,Apartment,1071,2,2,0,2,Furnished,1,14.4,53.59
Ahmedabad,Suburban,Villa,1449,2,2,15,2,Semi-furnished,1,3.3,60.28
Hyderabad,Suburban,Builder Floor,1456,3,3,6,1,Semi-furnished,1,3.0,75.36
Bengaluru,Mid-range,Builder Floor,680,1,2,4,1,Semi-furnished,1,1.6,58.67
Mumbai,Suburban,Villa,1488,2,3,29,2,Unfurnished,0,6.1,191.72
Jaipur,Suburban,Apartment,1222,2,1,6,9,Semi-furnished,0,0.2,40.35
Mumbai,Prime,Apartment,1082,2,2,9,18,Furnished,1,7.8,383.12
Lucknow,Mid-range,Apartment,1182,2,2,8,5,Semi-furnished,2,5.3,60.46
Delhi NCR,Suburban,Apartment,1053,2,1,19,0,Furnished,1,11.1,71.74
Jaipur,Suburban,Builder Floor,2092,5,5,6,2,Furnished,3,12.1,89.45
Pune,Mid-range,Independent House,1800,3,4,15,2,Unfurnished,1,3.6,143.07
Hyderabad,Suburban,Independent House,1798,3,4,3,1,Furnished,1,3.8,107.29
Delhi NCR,Mid-range,Apartment,1824,4,4,19,21,Unfurnished,1,4.4,188.19
Jaipur,Mid-range,Apartment,1081,2,2,17,13,Semi-furnished,0,13.4,41.96
Hyderabad,Mid-range,Independent House,1747,3,3,19,1,Furnished,1,6.1,121.53
Chennai,Suburban,Villa,1485,2,1,12,0,Semi-furnished,0,7.8,78.9
Jaipur,Suburban,Apartment,666,1,1,6,19,Furnished,3,0.2,39.7
Delhi NCR,Mid-range,Apartment,1934,4,3,16,24,Unfurnished,3,0.4,238.25
Chennai,Prime,Apartment,663,1,1,23,17,Furnished,0,8.2,65.86
Coimbatore,Suburban,Apartment,966,2,2,11,13,Unfurnished,2,2.5,42.12
Delhi NCR,Mid-range,Apartment,1650,4,4,1,2,Unfurnished,3,0.3,202.23
Jaipur,Prime,Apartment,1432,3,2,18,20,Semi-furnished,1,6.5,83.94
Kolkata,Prime,Apartment,567,1,2,29,15,Unfurnished,0,1.2,42.39
Pune,Mid-range,Independent House,1579,2,1,16,0,Furnished,1,8.4,116.23
Coimbatore,Mid-range,Villa,2017,3,4,16,1,Unfurnished,2,0.2,116.72
Kolkata,Mid-range,Independent House,1616,3,3,11,1,Semi-furnished,0,6.4,94.64
Mumbai,Mid-range,Apartment,868,1,1,22,19,Unfurnished,0,5.9,141.52
Kolkata,Suburban,Villa,1406,2,2,21,1,Furnished,1,2.0,72.84
Kolkata,Suburban,Builder Floor,1038,2,3,12,2,Furnished,1,4.1,49.77
Bengaluru,Mid-range,Apartment,693,1,1,13,6,Unfurnished,0,12.1,42.22
Lucknow,Suburban,Builder Floor,1812,4,4,12,2,Semi-furnished,1,0.4,58.09
Coimbatore,Suburban,Apartment,1111,2,1,11,15,Unfurnished,0,4.9,37.21
Chennai,Suburban,Apartment,1635,3,3,27,9,Semi-furnished,1,5.9,66.41
Coimbatore,Prime,Apartment,1610,3,3,11,7,Semi-furnished,2,1.6,143.8
Kochi,Mid-range,Apartment,1084,2,2,14,14,Unfurnished,1,0.4,67.46
Lucknow,Mid-range,Apartment,1625,3,2,25,8,Semi-furnished,0,2.9,59.67
Pune,Suburban,Apartment,1239,2,1,27,5,Furnished,1,1.1,60.54
Coimbatore,Mid-range,Independent House,1337,2,3,3,0,Semi-furnished,1,1.8,84.24
Coimbatore,Suburban,Builder Floor,1096,2,2,3,1,Furnished,1,0.8,45.65
Kochi,Prime,Villa,1637,3,3,6,0,Unfurnished,2,0.5,197.05
Ahmedabad,Suburban,Apartment,1516,3,3,12,24,Semi-furnished,2,0.8,59.49
Pune,Prime,Apartment,948,2,3,17,12,Unfurnished,1,2.4,112.61
Pune,Mid-range,Villa,1465,2,2,12,0,Semi-furnished,2,3.1,161.6
Coimbatore,Suburban,Apartment,1469,3,3,10,24,Semi-furnished,0,0.8,52.2
Pune,Prime,Independent House,1376,2,2,16,0,Furnished,1,7.5,156.93
Chennai,Suburban,Apartment,1160,2,2,18,6,Unfurnished,1,7.5,52.28
Chennai,Mid-range,Apartment,1033,2,3,9,13,Semi-furnished,2,0.7,81.56
Coimbatore,Suburban,Apartment,1167,2,2,1,8,Unfurnished,1,1.0,52.33
Mumbai,Prime,Apartment,1520,3,4,10,19,Furnished,2,5.8,574.23
Hyderabad,Suburban,Villa,1209,2,3,30,0,Semi-furnished,0,11.4,48.29
Delhi NCR,Mid-range,Independent House,834,1,1,19,0,Unfurnished,0,0.3,82.04
Lucknow,Mid-range,Builder Floor,2226,5,5,14,2,Semi-furnished,1,8.9,91.32
Bengaluru,Suburban,Apartment,2252,5,6,8,14,Furnished,1,4.3,158.27
Kolkata,Mid-range,Apartment,1143,2,1,18,12,Semi-furnished,1,8.5,57.63
Jaipur,Mid-range,Apartment,1251,2,1,3,18,Semi-furnished,1,4.5,76.68
Pune,Mid-range,Builder Floor,950,2,1,15,0,Semi-furnished,0,0.5,62.37
Coimbatore,Mid-range,Independent House,1427,2,1,26,1,Unfurnished,0,8.1,53.31
Kochi,Mid-range,Apartment,1371,3,4,8,17,Unfurnished,1,9.2,90.3
Lucknow,Mid-range,Apartment,976,2,2,17,7,Semi-furnished,1,3.2,42.13
Bengaluru,Mid-range,Builder Floor,1441,3,3,6,1,Semi-furnished,2,7.1,125.45
Ahmedabad,Mid-range,Independent House,865,1,1,3,1,Unfurnished,2,10.6,47.47
Bengaluru,Suburban,Builder Floor,1394,3,2,22,0,Semi-furnished,1,1.4,69.95
Ahmedabad,Suburban,Apartment,1140,2,3,7,6,Semi-furnished,1,0.6,46.92
Jaipur,Prime,Apartment,1669,3,2,16,25,Semi-furnished,1,5.3,96.46
Kolkata,Suburban,Apartment,1093,2,1,14,23,Furnished,2,3.7,54.33
Coimbatore,Suburban,Apartment,1092,2,1,10,7,Semi-furnished,1,6.2,39.56
Chennai,Suburban,Apartment,1898,4,3,18,10,Unfurnished,2,5.0,86.54
Bengaluru,Mid-range,Apartment,1096,2,2,1,4,Semi-furnished,2,4.8,103.87
Chennai,Prime,Apartment,949,2,2,12,4,Semi-furnished,2,0.2,109.89
Chennai,Mid-range,Apartment,668,1,1,30,14,Furnished,1,0.2,39.7
Kolkata,Suburban,Apartment,1172,2,2,19,25,Furnished,2,1.1,59.28
Delhi NCR,Prime,Apartment,1509,3,3,30,17,Semi-furnished,1,0.2,217.03
Bengaluru,Mid-range,Apartment,1100,2,2,13,21,Semi-furnished,1,10.6,100.74
Mumbai,Mid-range,Apartment,1512,3,3,11,17,Semi-furnished,0,2.3,329.08
Kolkata,Mid-range,Apartment,1132,2,1,4,20,Semi-furnished,3,4.4,88.51
Jaipur,Mid-range,Apartment,998,2,2,23,18,Furnished,1,15.0,39.75
Mumbai,Mid-range,Builder Floor,1891,4,3,14,2,Furnished,1,0.4,403.88
Jaipur,Mid-range,Apartment,1035,2,2,25,1,Furnished,0,2.5,40.11
Bengaluru,Suburban,Builder Floor,985,2,2,14,0,Furnished,1,0.3,60.19
Lucknow,Mid-range,Apartment,1954,4,3,2,0,Semi-furnished,1,0.6,95.61
Ahmedabad,Prime,Apartment,577,1,1,0,17,Unfurnished,1,2.2,59.01
Hyderabad,Suburban,Apartment,1526,3,3,30,9,Semi-furnished,1,13.0,61.99
Coimbatore,Mid-range,Villa,1496,2,3,16,0,Semi-furnished,0,1.6,83.86
Lucknow,Prime,Independent House,1306,2,3,15,1,Semi-furnished,1,5.8,86.55
Kolkata,Mid-range,Builder Floor,2316,5,5,5,0,Semi-furnished,1,6.1,153.38
Kolkata,Suburban,Apartment,1109,2,3,12,7,Unfurnished,2,5.4,54.46
Hyderabad,Prime,Apartment,1007,2,2,21,4,Semi-furnished,1,7.7,101.56
Delhi NCR,Suburban,Independent House,746,1,1,0,2,Semi-furnished,2,1.3,81.27
Coimbatore,Suburban,Independent House,1453,2,2,28,0,Furnished,1,14.8,45.69
Bengaluru,Suburban,Apartment,1156,2,3,21,22,Unfurnished,2,2.0,62.78
Lucknow,Suburban,Apartment,1786,4,3,27,20,Unfurnished,3,13.6,56.95
Ahmedabad,Suburban,Apartment,1193,2,3,5,11,Semi-furnished,2,0.3,52.38
Kolkata,Suburban,Independent House,739,1,1,17,1,Semi-furnished,2,3.4,39.45
Ahmedabad,Prime,Independent House,1956,3,2,11,1,Unfurnished,0,3.6,149.66
Pune,Prime,Apartment,1399,3,2,2,13,Furnished,1,2.5,229.51
Ahmedabad,Suburban,Villa,2996,5,5,10,0,Unfurnished,1,0.2,141.8
Kolkata,Mid-range,Apartment,446,1,1,26,20,Furnished,3,1.0,38.88
Pune,Suburban,Independent House,2291,4,4,4,2,Semi-furnished,2,1.5,147.17
Chennai,Suburban,Apartment,1055,2,3,0,8,Unfurnished,1,0.5,65.12
Delhi NCR,Suburban,Apartment,1080,2,2,13,1,Unfurnished,1,2.0,83.45
Hyderabad,Mid-range,Apartment,1033,2,3,7,8,Semi-furnished,2,12.1,80.66
Hyderabad,Mid-range,Apartment,1145,2,2,11,9,Semi-furnished,0,11.3,77.93
Mumbai,Mid-range,Builder Floor,1024,2,2,11,1,Unfurnished,2,1.5,195.95
Lucknow,Suburban,Apartment,1793,4,3,10,2,Semi-furnished,2,4.6,61.55
Hyderabad,Mid-range,Apartment,854,2,2,5,0,Semi-furnished,0,2.7,66.77
Pune,Suburban,Builder Floor,1666,3,4,5,2,Semi-furnished,1,5.3,102.39
Mumbai,Mid-range,Builder Floor,742,1,2,20,1,Unfurnished,2,2.9,133.51
Mumbai,Suburban,Builder Floor,1560,3,3,4,1,Unfurnished,0,5.9,233.16
Kochi,Suburban,Builder Floor,1940,4,4,6,2,Semi-furnished,1,7.7,85.0
Chennai,Suburban,Apartment,1462,3,3,27,20,Furnished,3,3.8,89.56
Delhi NCR,Suburban,Apartment,1845,4,4,5,21,Unfurnished,3,1.4,168.27
Pune,Mid-range,Apartment,1132,2,3,4,15,Semi-furnished,1,0.8,103.83
Ahmedabad,Prime,Apartment,1075,2,1,14,15,Semi-furnished,0,2.0,86.42
Ahmedabad,Prime,Apartment,638,1,1,29,2,Furnished,0,2.4,42.72
Mumbai,Mid-range,Builder Floor,1018,2,2,9,1,Furnished,2,13.1,205.18
Chennai,Suburban,Apartment,815,2,1,11,12,Furnished,0,0.2,45.0
Kochi,Prime,Apartment,1076,2,1,17,16,Semi-furnished,1,0.2,91.01
Mumbai,Mid-range,Apartment,1462,3,3,13,5,Semi-furnished,1,7.1,300.86
Ahmedabad,Suburban,Independent House,2557,5,4,20,0,Furnished,2,9.2,85.36
Lucknow,Suburban,Apartment,1489,3,2,27,7,Unfurnished,2,8.0,38.92
Delhi NCR,Mid-range,Builder Floor,1309,3,2,17,1,Semi-furnished,2,0.3,141.12
Delhi NCR,Suburban,Apartment,673,1,1,10,4,Semi-furnished,1,7.5,46.45
Mumbai,Mid-range,Apartment,1117,2,1,21,22,Unfurnished,1,3.6,208.48
Mumbai,Suburban,Builder Floor,1035,2,2,5,0,Furnished,1,0.2,171.45
Kolkata,Mid-range,Apartment,1106,2,1,23,18,Furnished,2,2.0,66.42
Kolkata,Suburban,Apartment,1132,2,3,11,1,Unfurnished,0,8.7,43.74
Kolkata,Suburban,Apartment,1579,3,3,3,23,Semi-furnished,2,0.8,89.65
Lucknow,Prime,Apartment,1021,2,3,29,12,Unfurnished,1,5.7,54.41
Bengaluru,Mid-range,Apartment,1350,3,3,4,25,Semi-furnished,2,4.9,123.62
Delhi NCR,Mid-range,Independent House,1409,2,2,18,0,Semi-furnished,2,5.7,144.79
Hyderabad,Prime,Apartment,1024,2,1,19,25,Unfurnished,1,3.8,108.0
Jaipur,Mid-range,Apartment,735,1,1,22,3,Semi-furnished,2,2.8,34.67
Coimbatore,Mid-range,Builder Floor,1499,3,3,30,1,Semi-furnished,0,11.7,51.55
Kolkata,Prime,Builder Floor,1145,2,3,6,0,Unfurnished,2,7.6,101.11
Mumbai,Mid-range,Apartment,1022,2,2,13,10,Semi-furnished,0,16.5,190.89
Coimbatore,Mid-range,Builder Floor,2200,5,6,6,0,Semi-furnished,1,0.9,126.67
Hyderabad,Prime,Apartment,1143,2,1,30,24,Furnished,2,0.2,127.02
Ahmedabad,Mid-range,Apartment,1062,2,2,15,12,Semi-furnished,1,3.0,54.72
Mumbai,Suburban,Apartment,1080,2,3,16,15,Semi-furnished,0,0.3,161.13
Ahmedabad,Suburban,Apartment,929,2,2,8,2,Semi-furnished,0,3.9,29.67
Mumbai,Mid-range,Apartment,2192,5,4,4,11,Unfurnished,1,4.5,455.93
Coimbatore,Mid-range,Apartment,633,1,1,7,5,Semi-furnished,2,2.2,44.41
Coimbatore,Suburban,Apartment,1179,2,2,22,11,Unfurnished,1,4.8,35.52
Kochi,Suburban,Villa,749,1,1,14,0,Semi-furnished,1,3.0,42.2
Lucknow,Mid-range,Builder Floor,1143,2,1,23,1,Unfurnished,2,2.3,47.53
Mumbai,Mid-range,Villa,1663,3,4,0,2,Semi-furnished,1,4.4,509.04
Pune,Suburban,Independent House,1465,2,3,6,0,Semi-furnished,2,1.9,98.35
Jaipur,Mid-range,Apartment,548,1,1,16,24,Unfurnished,2,3.6,30.62
Kochi,Mid-range,Independent House,1356,2,3,28,1,Furnished,2,3.7,86.23
Kolkata,Mid-range,Villa,782,1,1,2,1,Furnished,0,1.4,72.91
Ahmedabad,Mid-range,Apartment,955,2,3,6,1,Unfurnished,0,11.2,48.44
Ahmedabad,Suburban,Apartment,1762,4,5,18,0,Semi-furnished,2,25.0,54.79
Jaipur,Suburban,Builder Floor,1060,2,1,20,0,Semi-furnished,2,3.2,39.21
Pune,Mid-range,Apartment,1301,3,2,28,18,Unfurnished,1,0.4,86.78
Chennai,Mid-range,Builder Floor,1618,3,4,28,0,Semi-furnished,1,4.6,91.05
Mumbai,Prime,Builder Floor,1720,4,5,5,1,Unfurnished,1,11.4,529.14
Ahmedabad,Suburban,Apartment,1746,4,4,29,4,Semi-furnished,3,0.2,61.7
Jaipur,Mid-range,Apartment,1008,2,3,13,22,Semi-furnished,0,2.1,47.06
Ahmedabad,Mid-range,Apartment,1170,2,1,9,10,Semi-furnished,0,6.2,62.18
Bengaluru,Prime,Independent House,875,1,1,23,1,Unfurnished,1,11.0,98.56
Ahmedabad,Suburban,Builder Floor,428,1,1,9,1,Furnished,0,0.3,17.06
Bengaluru,Prime,Apartment,1014,2,1,17,23,Furnished,2,3.5,130.43
Mumbai,Suburban,Builder Floor,1114,2,3,17,0,Furnished,2,2.8,167.06
Ahmedabad,Prime,Independent House,1674,3,3,14,1,Furnished,1,8.2,136.6
Hyderabad,Mid-range,Apartment,1059,2,1,9,22,Semi-furnished,2,1.4,92.55
Jaipur,Prime,Independent House,2230,4,4,2,0,Furnished,2,7.8,200.47
Hyderabad,Mid-range,Apartment,1206,2,2,27,0,Semi-furnished,2,7.1,71.63
Delhi NCR,Mid-range,Apartment,1803,4,4,2,25,Semi-furnished,2,7.4,229.7
Jaipur,Suburban,Apartment,1778,4,4,4,13,Semi-furnished,2,1.9,72.63
Delhi NCR,Suburban,Apartment,1916,4,4,11,1,Semi-furnished,1,2.7,145.49
Pune,Suburban,Apartment,1019,2,1,21,1,Semi-furnished,1,1.4,49.71
Hyderabad,Suburban,Apartment,1527,3,2,27,23,Semi-furnished,1,2.6,68.37
Ahmedabad,Mid-range,Apartment,1372,3,3,26,8,Furnished,1,2.3,66.01
Bengaluru,Suburban,Builder Floor,1543,3,4,3,0,Semi-furnished,3,1.0,101.48
Ahmedabad,Suburban,Independent House,2280,4,3,24,0,Unfurnished,1,0.6,70.12
Jaipur,Mid-range,Builder Floor,1265,2,2,1,2,Furnished,1,0.6,73.42
Hyderabad,Mid-range,Villa,860,1,1,2,0,Unfurnished,1,6.0,90.42
Mumbai,Mid-range,Independent House,1248,2,2,9,1,Furnished,2,3.0,309.21
Pune,Mid-range,Apartment,991,2,3,9,18,Unfurnished,1,4.5,83.99
Delhi NCR,Mid-range,Builder Floor,959,2,3,0,0,Semi-furnished,2,4.5,140.0
Jaipur,Mid-range,Builder Floor,947,2,2,1,2,Unfurnished,0,2.2,46.34
Coimbatore,Suburban,Builder Floor,1102,2,1,21,2,Unfurnished,1,1.6,32.33
Hyderabad,Suburban,Independent House,1405,2,2,23,1,Furnished,3,3.8,79.47
Ahmedabad,Prime,Apartment,652,1,1,3,14,Furnished,1,5.0,60.91
Hyderabad,Prime,Apartment,1846,4,5,29,16,Unfurnished,2,8.4,140.87
Kolkata,Prime,Builder Floor,1099,2,3,15,1,Semi-furnished,1,9.5,80.6
Delhi NCR,Prime,Apartment,1184,2,3,6,3,Semi-furnished,2,0.2,229.1
Ahmedabad,Prime,Independent House,699,1,2,19,1,Unfurnished,1,2.4,52.5
Pune,Suburban,Villa,1401,2,3,13,2,Furnished,0,1.0,98.64
Lucknow,Mid-range,Villa,1960,3,3,13,0,Semi-furnished,1,7.3,97.87
Hyderabad,Suburban,Apartment,1436,3,4,13,19,Semi-furnished,0,16.4,66.98
Hyderabad,Suburban,Apartment,1269,2,1,22,14,Unfurnished,1,1.2,61.1
Chennai,Mid-range,Independent House,2761,5,5,0,1,Semi-furnished,3,4.4,251.03
Hyderabad,Mid-range,Apartment,1077,2,3,19,9,Semi-furnished,1,0.2,74.92
Pune,Mid-range,Villa,1478,2,2,28,2,Semi-furnished,2,1.9,127.34
Kochi,Suburban,Villa,1628,3,4,0,0,Furnished,1,4.1,95.47
Mumbai,Suburban,Villa,1840,3,3,3,1,Semi-furnished,1,7.9,348.74
Pune,Suburban,Apartment,1600,3,2,0,5,Semi-furnished,2,2.4,110.11
Kochi,Mid-range,Apartment,1546,3,2,23,25,Unfurnished,1,18.9,84.73
Chennai,Mid-range,Builder Floor,964,2,1,24,1,Unfurnished,0,0.2,50.28
Ahmedabad,Prime,Apartment,715,1,1,12,13,Unfurnished,1,0.2,59.87
Lucknow,Mid-range,Independent House,812,1,1,22,0,Semi-furnished,1,0.6,39.34
Lucknow,Suburban,Apartment,1000,2,1,4,1,Semi-furnished,0,8.8,28.57
Hyderabad,Suburban,Apartment,1378,3,4,26,22,Unfurnished,0,4.0,50.7
Chennai,Prime,Independent House,2348,4,4,18,1,Unfurnished,1,4.8,254.29
Jaipur,Mid-range,Villa,1849,3,3,24,1,Unfurnished,0,1.7,91.38
Jaipur,Suburban,Apartment,1317,2,2,29,4,Furnished,0,5.0,28.91
Lucknow,Suburban,Builder Floor,989,2,2,19,0,Unfurnished,1,2.2,27.72
Mumbai,Suburban,Villa,1861,3,3,13,2,Furnished,1,6.4,343.74
Mumbai,Suburban,Independent House,771,1,1,13,1,Furnished,0,4.0,117.57
Hyderabad,Mid-range,Villa,1333,2,2,21,0,Semi-furnished,2,5.3,104.37
Chennai,Mid-range,Apartment,1150,2,3,28,22,Semi-furnished,2,1.1,73.46
Coimbatore,Mid-range,Villa,1398,2,3,30,0,Furnished,1,4.2,76.78
Kochi,Suburban,Apartment,1046,2,2,5,20,Unfurnished,2,9.8,52.19
Pune,Mid-range,Apartment,1767,4,4,10,0,Semi-furnished,2,0.3,146.8
Ahmedabad,Mid-range,Apartment,1138,2,1,8,15,Semi-furnished,0,1.5,64.07
Bengaluru,Prime,Apartment,1462,3,2,26,6,Unfurnished,1,1.6,152.1
Chennai,Mid-range,Apartment,1133,2,3,20,14,Unfurnished,2,2.1,78.34
Delhi NCR,Suburban,Apartment,1110,2,3,30,18,Unfurnished,0,6.5,64.47
Hyderabad,Suburban,Independent House,644,1,1,16,1,Furnished,0,0.6,37.7
Bengaluru,Suburban,Independent House,1307,2,2,15,0,Semi-furnished,0,5.1,75.35
Hyderabad,Prime,Apartment,941,2,2,11,20,Furnished,2,11.3,110.49
Bengaluru,Suburban,Builder Floor,1136,2,2,2,1,Semi-furnished,1,2.8,76.53
Pune,Prime,Apartment,1619,3,3,2,23,Semi-furnished,1,8.5,209.46
Chennai,Mid-range,Apartment,1489,3,2,30,14,Unfurnished,1,5.2,78.62
Delhi NCR,Suburban,Builder Floor,1130,2,2,7,0,Semi-furnished,0,3.7,90.38
Bengaluru,Suburban,Independent House,2870,5,4,18,2,Semi-furnished,1,12.6,140.59
Chennai,Mid-range,Builder Floor,1169,2,3,16,0,Semi-furnished,3,0.6,88.58
Delhi NCR,Suburban,Apartment,1146,2,1,19,3,Furnished,1,2.5,86.42
Kochi,Prime,Apartment,1062,2,3,4,14,Semi-furnished,2,1.8,125.24
Coimbatore,Mid-range,Apartment,1107,2,3,14,24,Unfurnished,3,0.2,64.96
Lucknow,Suburban,Apartment,1410,3,3,11,17,Semi-furnished,1,1.1,48.36
Pune,Mid-range,Builder Floor,666,1,1,14,1,Semi-furnished,1,4.8,49.58
Lucknow,Prime,Apartment,1456,3,3,20,25,Semi-furnished,1,2.5,92.72
Jaipur,Prime,Villa,643,1,1,7,1,Semi-furnished,1,0.2,71.45
Jaipur,Mid-range,Independent House,2742,5,4,5,0,Furnished,1,0.6,158.95
Delhi NCR,Suburban,Independent House,1875,3,4,12,2,Unfurnished,1,0.2,138.96
Chennai,Mid-range,Apartment,1062,2,2,2,7,Semi-furnished,1,5.8,97.9
Kolkata,Mid-range,Apartment,2003,4,4,15,7,Unfurnished,0,4.0,113.44
Ahmedabad,Suburban,Apartment,1155,2,2,6,15,Unfurnished,1,1.1,49.59
Hyderabad,Suburban,Apartment,1412,3,3,29,14,Semi-furnished,2,0.9,70.75
Kochi,Suburban,Independent House,1466,2,2,23,0,Furnished,1,9.4,53.47
Delhi NCR,Suburban,Builder Floor,494,1,1,14,2,Semi-furnished,1,0.6,44.16
Kolkata,Prime,Apartment,1409,3,4,11,18,Semi-furnished,2,7.3,137.44
Pune,Mid-range,Apartment,1355,3,3,24,11,Unfurnished,1,1.6,87.53
Delhi NCR,Mid-range,Builder Floor,1029,2,1,23,0,Semi-furnished,0,1.6,93.37
Kochi,Prime,Apartment,1920,4,4,10,14,Furnished,1,0.8,206.56
Kochi,Mid-range,Builder Floor,1051,2,2,16,1,Furnished,1,4.5,59.53
Coimbatore,Mid-range,Apartment,1002,2,3,20,21,Unfurnished,1,5.5,51.65
Delhi NCR,Suburban,Builder Floor,1896,4,5,9,2,Unfurnished,2,0.2,155.82
Delhi NCR,Suburban,Apartment,1358,3,2,11,10,Furnished,1,0.8,119.18
Mumbai,Mid-range,Independent House,1275,2,1,24,1,Unfurnished,0,14.9,194.21
Jaipur,Mid-range,Apartment,1110,2,2,15,25,Semi-furnished,0,1.4,50.01
Coimbatore,Suburban,Builder Floor,2248,5,5,23,2,Semi-furnished,1,0.4,59.85
Lucknow,Suburban,Apartment,2033,4,4,29,9,Semi-furnished,2,7.6,47.47
Kochi,Suburban,Villa,1306,2,1,3,0,Unfurnished,0,4.8,69.85
Delhi NCR,Mid-range,Builder Floor,955,2,1,24,1,Semi-furnished,1,14.0,73.38
Kochi,Mid-range,Apartment,1598,3,3,20,25,Furnished,1,17.8,87.57
Lucknow,Mid-range,Builder Floor,528,1,1,9,1,Semi-furnished,0,3.9,21.32
Mumbai,Suburban,Builder Floor,1401,3,3,27,2,Unfurnished,0,3.3,148.7
Coimbatore,Suburban,Apartment,985,2,3,13,10,Unfurnished,1,2.2,39.38
Mumbai,Mid-range,Independent House,2262,4,3,19,0,Semi-furnished,1,2.1,445.3
Mumbai,Prime,Independent House,1787,3,3,3,0,Unfurnished,2,7.7,599.08
Lucknow,Prime,Villa,740,1,1,15,0,Semi-furnished,0,4.8,55.56
Jaipur,Mid-range,Apartment,1204,2,2,19,23,Unfurnished,1,1.1,50.98
Lucknow,Mid-range,Independent House,1687,3,2,3,2,Semi-furnished,3,1.9,93.94
Jaipur,Suburban,Apartment,1103,2,2,15,18,Semi-furnished,1,0.9,38.99
Chennai,Mid-range,Builder Floor,2089,5,4,21,0,Semi-furnished,1,0.3,129.69
Delhi NCR,Mid-range,Independent House,996,1,1,27,0,Furnished,2,5.8,89.79
Chennai,Prime,Builder Floor,965,2,3,9,1,Unfurnished,0,5.0,95.97
Lucknow,Mid-range,Apartment,1046,2,1,1,19,Unfurnished,1,0.4,58.24
Lucknow,Mid-range,Apartment,1559,3,3,24,20,Unfurnished,1,7.4,59.05
Ahmedabad,Suburban,Apartment,1591,3,2,26,10,Furnished,2,7.5,56.78
Jaipur,Suburban,Independent House,850,1,2,27,0,Semi-furnished,2,1.4,31.72
Bengaluru,Mid-range,Independent House,1245,2,2,12,0,Semi-furnished,1,7.6,113.83
Delhi NCR,Mid-range,Builder Floor,1519,3,4,10,1,Furnished,3,14.4,163.46
Hyderabad,Prime,Builder Floor,654,1,1,15,1,Unfurnished,1,1.1,64.67
Delhi NCR,Suburban,Apartment,958,2,3,30,9,Semi-furnished,1,9.0,58.04
Pune,Prime,Independent House,1277,2,3,11,0,Semi-furnished,1,3.4,162.54
Ahmedabad,Prime,Apartment,1610,3,3,29,11,Unfurnished,3,1.4,113.65
Ahmedabad,Mid-range,Builder Floor,750,1,2,3,0,Furnished,1,1.9,48.3
Kochi,Mid-range,Apartment,1533,3,3,3,5,Semi-furnished,1,9.6,88.03
Jaipur,Mid-range,Apartment,1104,2,2,23,1,Semi-furnished,0,10.6,36.92
Pune,Mid-range,Apartment,1880,4,4,8,22,Unfurnished,0,0.5,148.92
Pune,Suburban,Apartment,1556,3,4,20,20,Unfurnished,2,0.7,78.55
Kolkata,Mid-range,Apartment,1347,3,4,12,20,Semi-furnished,0,2.3,96.26
Lucknow,Suburban,Apartment,934,2,3,4,23,Furnished,1,4.5,37.05
Delhi NCR,Suburban,Apartment,1080,2,3,4,23,Semi-furnished,1,0.4,107.57
Ahmedabad,Mid-range,Apartment,1415,3,3,7,3,Unfurnished,1,9.7,70.24
Ahmedabad,Suburban,Apartment,1062,2,1,24,12,Furnished,1,3.1,37.14
Coimbatore,Prime,Apartment,1550,3,3,7,13,Unfurnished,2,7.2,119.41
Pune,Suburban,Builder Floor,608,1,1,7,1,Semi-furnished,1,3.4,32.5
Delhi NCR,Mid-range,Apartment,1596,3,3,13,20,Unfurnished,1,1.0,170.24
Lucknow,Mid-range,Apartment,1951,4,5,20,17,Semi-furnished,2,7.8,87.2
Chennai,Mid-range,Apartment,607,1,2,1,6,Semi-furnished,1,9.0,51.65
Pune,Mid-range,Independent House,1294,2,2,9,0,Semi-furnished,2,1.9,107.29
Chennai,Suburban,Independent House,2256,4,4,3,2,Semi-furnished,1,3.5,122.1
Coimbatore,Mid-range,Apartment,1255,3,2,3,20,Furnished,0,3.8,84.86
Kolkata,Suburban,Apartment,1611,3,2,29,0,Semi-furnished,2,2.7,67.15
Mumbai,Suburban,Apartment,1104,2,2,14,6,Unfurnished,2,3.8,157.77
Bengaluru,Mid-range,Apartment,649,1,1,22,19,Semi-furnished,1,11.3,47.53
Kolkata,Prime,Apartment,1929,4,4,30,16,Furnished,2,3.1,143.83
Kolkata,Mid-range,Apartment,1079,2,2,3,9,Furnished,1,0.4,86.87
Lucknow,Mid-range,Apartment,1033,2,2,9,15,Semi-furnished,0,3.3,46.73
Pune,Mid-range,Independent House,1729,3,4,27,0,Semi-furnished,2,2.6,118.73
Lucknow,Mid-range,Apartment,1016,2,1,27,0,Unfurnished,1,4.9,35.49
Delhi NCR,Mid-range,Builder Floor,1026,2,2,0,0,Furnished,1,3.1,129.56
Bengaluru,Mid-range,Apartment,1042,2,3,27,22,Semi-furnished,3,3.6,88.22
Lucknow,Suburban,Apartment,1499,3,3,30,18,Unfurnished,1,17.2,32.43
Mumbai,Mid-range,Builder Floor,1874,4,4,2,2,Semi-furnished,1,5.3,424.81
Hyderabad,Prime,Builder Floor,1367,3,3,18,0,Semi-furnished,1,0.4,135.64
Kochi,Prime,Independent House,756,1,1,7,0,Unfurnished,1,3.7,81.87
Chennai,Mid-range,Apartment,1091,2,2,11,13,Unfurnished,1,5.6,74.82
Kolkata,Prime,Apartment,1356,3,3,23,12,Furnished,2,6.5,114.53
Pune,Mid-range,Apartment,1157,2,1,0,12,Unfurnished,0,1.3,100.26
Pune,Mid-range,Apartment,1491,3,3,18,1,Semi-furnished,1,11.5,110.22
Pune,Mid-range,Apartment,1099,2,3,25,9,Unfurnished,1,25.0,60.2
Kolkata,Mid-range,Apartment,2103,4,3,15,21,Unfurnished,0,0.3,119.69
Coimbatore,Mid-range,Apartment,1773,4,3,17,24,Semi-furnished,1,6.8,90.63
Delhi NCR,Mid-range,Villa,2848,5,5,4,0,Unfurnished,1,1.5,469.59
Mumbai,Mid-range,Independent House,1467,2,3,29,0,Semi-furnished,2,3.1,258.32
Ahmedabad,Mid-range,Independent House,1697,3,4,9,2,Semi-furnished,1,1.5,100.68
Coimbatore,Prime,Builder Floor,550,1,2,0,0,Furnished,1,1.1,50.47
Mumbai,Mid-range,Independent House,705,1,1,4,0,Unfurnished,0,1.2,166.85
Coimbatore,Mid-range,Independent House,1760,3,3,22,0,Semi-furnished,1,7.6,72.81
Ahmedabad,Mid-range,Apartment,1071,2,1,6,5,Unfurnished,2,1.3,66.39
Jaipur,Suburban,Builder Floor,1460,3,3,22,1,Unfurnished,1,7.6,37.4
Coimbatore,Mid-range,Apartment,1143,2,3,9,17,Furnished,1,0.4,76.33
Chennai,Suburban,Apartment,1323,3,4,12,18,Furnished,1,0.2,79.35
Ahmedabad,Suburban,Apartment,1128,2,2,16,9,Furnished,2,7.6,50.93
Chennai,Prime,Apartment,1885,4,4,9,24,Unfurnished,1,5.5,190.34
Jaipur,Prime,Apartment,1217,2,3,22,6,Semi-furnished,2,0.6,77.47
Delhi NCR,Prime,Apartment,1140,2,2,4,12,Unfurnished,1,3.2,225.39
Bengaluru,Suburban,Apartment,1089,2,2,20,19,Semi-furnished,3,3.1,72.76
Delhi NCR,Mid-range,Independent House,959,1,2,20,1,Semi-furnished,2,1.8,110.11
Hyderabad,Prime,Apartment,662,1,1,19,5,Unfurnished,1,8.0,57.68
Chennai,Suburban,Apartment,624,1,1,7,4,Semi-furnished,1,1.6,32.5
Delhi NCR,Mid-range,Apartment,1110,2,2,2,16,Unfurnished,3,1.9,155.75
Lucknow,Prime,Apartment,797,1,1,28,18,Furnished,2,0.6,55.7
Bengaluru,Suburban,Apartment,1525,3,4,15,6,Furnished,1,1.8,84.56
Kochi,Suburban,Apartment,1450,3,2,2,9,Semi-furnished,1,0.2,69.75
Kolkata,Suburban,Independent House,1299,2,2,16,1,Furnished,3,3.1,68.28
Bengaluru,Mid-range,Apartment,1454,3,3,18,15,Unfurnished,1,1.1,112.83
Coimbatore,Suburban,Apartment,1515,3,3,17,13,Semi-furnished,1,0.9,55.26
Pune,Suburban,Apartment,996,2,1,14,25,Furnished,0,8.8,50.15
Chennai,Suburban,Apartment,1163,2,3,15,2,Furnished,2,2.0,68.86
Mumbai,Mid-range,Builder Floor,1399,3,3,30,0,Unfurnished,0,1.1,202.27
Pune,Mid-range,Apartment,1824,4,4,17,2,Semi-furnished,1,2.4,129.16
Bengaluru,Suburban,Apartment,593,1,1,6,22,Unfurnished,0,0.2,38.96
Pune,Mid-range,Builder Floor,1003,2,1,8,1,Furnished,0,0.7,76.94
Kochi,Prime,Apartment,1503,3,3,13,18,Unfurnished,0,1.0,157.19
Kochi,Prime,Apartment,1185,2,3,21,16,Semi-furnished,2,4.4,98.58
Pune,Suburban,Builder Floor,1247,2,2,3,0,Furnished,0,2.1,69.52
Mumbai,Mid-range,Builder Floor,1455,3,2,17,0,Semi-furnished,0,1.8,287.66
Jaipur,Mid-range,Apartment,978,2,2,12,13,Unfurnished,0,10.5,40.79
Pune,Suburban,Apartment,1970,4,4,5,1,Unfurnished,2,3.3,100.53
Bengaluru,Prime,Villa,1120,2,3,3,0,Unfurnished,2,6.4,196.7
Pune,Prime,Apartment,2326,5,5,18,24,Semi-furnished,2,4.3,293.65
Pune,Suburban,Independent House,2334,4,5,24,1,Semi-furnished,0,2.5,101.49
Ahmedabad,Suburban,Apartment,1300,2,2,21,13,Semi-furnished,0,10.1,43.13
Kolkata,Prime,Builder Floor,1466,3,2,30,0,Furnished,3,1.1,114.78
Pune,Mid-range,Apartment,1106,2,2,2,17,Semi-furnished,1,17.0,95.19
Mumbai,Mid-range,Builder Floor,1139,2,3,22,1,Furnished,1,0.2,198.58
Delhi NCR,Suburban,Independent House,2324,4,4,8,1,Semi-furnished,1,5.2,189.0
Bengaluru,Prime,Builder Floor,1438,3,3,14,1,Unfurnished,1,0.8,170.18
Chennai,Suburban,Apartment,1462,3,4,12,16,Unfurnished,1,12.7,70.44
Ahmedabad,Mid-range,Apartment,1055,2,3,20,17,Unfurnished,0,6.9,43.71
Pune,Mid-range,Apartment,638,1,2,12,25,Furnished,1,2.5,59.63
Chennai,Mid-range,Builder Floor,1081,2,2,10,1,Semi-furnished,0,3.6,68.25
Hyderabad,Mid-range,Builder Floor,1846,4,4,21,2,Semi-furnished,1,0.2,113.46
Coimbatore,Suburban,Builder Floor,1789,4,5,9,2,Unfurnished,1,0.8,65.85
Delhi NCR,Mid-range,Apartment,485,1,1,30,0,Unfurnished,2,2.4,42.83
Pune,Suburban,Apartment,1725,4,4,1,18,Unfurnished,0,0.8,102.36
Pune,Suburban,Independent House,1803,3,2,14,0,Furnished,1,1.2,107.06
Mumbai,Prime,Villa,2410,4,3,23,2,Semi-furnished,1,5.3,813.09
Hyderabad,Mid-range,Apartment,1462,3,3,13,13,Unfurnished,0,2.3,99.36
Chennai,Prime,Independent House,776,1,1,16,1,Semi-furnished,1,5.4,89.93
Ahmedabad,Mid-range,Apartment,1793,4,5,8,17,Semi-furnished,0,1.6,105.27
Delhi NCR,Mid-range,Apartment,1154,2,1,1,21,Furnished,1,5.0,165.44
Chennai,Mid-range,Builder Floor,569,1,1,15,0,Unfurnished,1,7.0,36.05
Chennai,Prime,Apartment,737,1,1,3,19,Semi-furnished,1,7.6,91.19
Chennai,Prime,Villa,1456,2,2,11,0,Unfurnished,1,4.8,202.88
Chennai,Mid-range,Villa,1813,3,3,1,1,Semi-furnished,1,5.2,164.92
Bengaluru,Suburban,Apartment,1389,3,3,22,13,Semi-furnished,2,9.3,75.26
Jaipur,Suburban,Villa,1379,2,3,6,2,Furnished,1,7.6,62.18
Delhi NCR,Mid-range,Apartment,1670,3,4,30,18,Unfurnished,1,0.2,170.12
Chennai,Mid-range,Apartment,1455,3,3,7,23,Furnished,0,6.6,113.21
Ahmedabad,Suburban,Builder Floor,1772,4,4,25,0,Semi-furnished,2,4.7,55.37
Lucknow,Suburban,Builder Floor,2032,4,4,21,2,Unfurnished,3,3.0,72.49
Hyderabad,Suburban,Builder Floor,1589,3,2,8,0,Semi-furnished,1,0.2,80.73
Hyderabad,Prime,Villa,1405,2,2,9,0,Furnished,3,4.5,227.79
Kochi,Mid-range,Apartment,1017,2,3,12,6,Furnished,2,5.0,68.79
Bengaluru,Mid-range,Apartment,1067,2,3,24,11,Furnished,2,14.8,88.38
Bengaluru,Suburban,Apartment,1091,2,1,22,7,Semi-furnished,1,14.0,55.99
Mumbai,Prime,Builder Floor,1891,4,4,9,0,Semi-furnished,2,3.4,679.56
Lucknow,Prime,Apartment,1141,2,3,25,8,Furnished,1,8.5,69.96
Ahmedabad,Mid-range,Apartment,1937,4,4,9,21,Semi-furnished,1,0.2,127.12
Pune,Mid-range,Apartment,498,1,1,18,0,Unfurnished,3,3.4,41.77
Delhi NCR,Mid-range,Apartment,1137,2,2,28,5,Furnished,1,14.3,99.21
Kolkata,Suburban,Apartment,1157,2,3,19,23,Semi-furnished,2,5.5,58.08
Lucknow,Suburban,Villa,1263,2,2,6,0,Unfurnished,0,4.4,43.83
Coimbatore,Suburban,Builder Floor,1592,3,3,14,2,Semi-furnished,1,6.7,53.58
Pune,Mid-range,Villa,1473,2,2,10,1,Furnished,2,5.1,148.64
Ahmedabad,Suburban,Apartment,1658,3,3,4,20,Semi-furnished,1,5.0,64.82
Chennai,Suburban,Apartment,1539,3,4,7,3,Unfurnished,1,0.3,82.68
Lucknow,Mid-range,Apartment,1134,2,2,2,19,Semi-furnished,1,3.7,55.85
Ahmedabad,Mid-range,Apartment,1521,3,3,21,10,Furnished,3,2.3,77.07
Jaipur,Mid-range,Apartment,1576,3,3,24,15,Unfurnished,1,0.2,67.37
Lucknow,Suburban,Independent House,1665,3,4,2,2,Semi-furnished,1,1.4,67.86
Pune,Mid-range,Apartment,643,1,1,2,22,Semi-furnished,0,1.3,59.34
Coimbatore,Prime,Villa,2921,5,6,11,1,Semi-furnished,2,4.6,299.66
Chennai,Suburban,Builder Floor,1542,3,2,17,2,Semi-furnished,1,0.8,78.23
Pune,Mid-range,Apartment,679,1,2,25,3,Furnished,1,1.7,51.67
Mumbai,Suburban,Apartment,1521,3,3,6,25,Furnished,2,0.3,287.3
Lucknow,Mid-range,Independent House,1343,2,1,26,2,Semi-furnished,2,6.5,53.83
Hyderabad,Suburban,Independent House,911,1,2,25,2,Unfurnished,0,1.5,39.28
Kolkata,Mid-range,Apartment,980,2,1,10,16,Furnished,1,3.0,72.13
Hyderabad,Suburban,Apartment,1794,4,5,23,20,Semi-furnished,1,3.4,83.59
Ahmedabad,Prime,Independent House,1660,3,2,16,0,Semi-furnished,1,8.0,111.16
Mumbai,Mid-range,Apartment,937,2,2,11,12,Unfurnished,1,5.4,194.95
Jaipur,Suburban,Builder Floor,1454,3,3,20,2,Semi-furnished,2,3.7,44.16
Mumbai,Suburban,Villa,1863,3,3,21,1,Semi-furnished,1,2.5,292.2
Jaipur,Mid-range,Apartment,1762,4,4,6,18,Semi-furnished,1,7.8,96.0
Delhi NCR,Suburban,Apartment,1066,2,2,11,21,Unfurnished,1,4.6,94.94
Mumbai,Mid-range,Apartment,1589,3,2,23,10,Semi-furnished,2,0.2,288.93
Kolkata,Suburban,Apartment,1715,4,4,28,22,Semi-furnished,2,1.7,65.34
Mumbai,Suburban,Apartment,1556,3,4,1,23,Semi-furnished,1,2.1,267.25
Delhi NCR,Prime,Builder Floor,2344,5,5,23,0,Unfurnished,1,0.4,303.5
Delhi NCR,Suburban,Apartment,1090,2,1,18,5,Semi-furnished,2,0.9,92.06
Delhi NCR,Mid-range,Builder Floor,1231,2,3,5,0,Furnished,0,3.6,132.15
Lucknow,Mid-range,Apartment,1121,2,2,0,24,Furnished,1,8.6,66.43
Chennai,Prime,Villa,1346,2,2,10,1,Furnished,0,0.7,204.98
Delhi NCR,Suburban,Builder Floor,1886,4,5,10,0,Unfurnished,1,3.8,148.68
Kolkata,Suburban,Apartment,1130,2,2,4,19,Unfurnished,0,3.5,51.71
Ahmedabad,Prime,Builder Floor,1490,3,4,6,2,Unfurnished,2,0.2,128.25
Kolkata,Suburban,Apartment,1851,4,4,24,12,Semi-furnished,3,3.2,85.18
Kolkata,Suburban,Villa,889,1,1,12,0,Unfurnished,2,3.9,50.76
Delhi NCR,Mid-range,Apartment,1434,3,3,17,5,Semi-furnished,2,1.6,161.97
Chennai,Suburban,Apartment,668,1,1,7,3,Semi-furnished,1,7.7,34.29
Lucknow,Suburban,Apartment,1214,2,2,9,4,Semi-furnished,2,4.3,40.81
Pune,Prime,Apartment,1764,4,4,18,8,Unfurnished,0,1.0,187.89
Kochi,Mid-range,Apartment,1786,4,4,23,12,Furnished,1,0.5,105.39
Delhi NCR,Suburban,Villa,1344,2,3,20,2,Furnished,2,7.6,119.97
Ahmedabad,Suburban,Independent House,690,1,2,23,1,Unfurnished,1,4.7,25.33
Coimbatore,Mid-range,Apartment,999,2,3,16,21,Unfurnished,1,2.7,50.11
Pune,Mid-range,Apartment,1128,2,3,11,0,Furnished,1,5.2,91.43
Delhi NCR,Prime,Apartment,1323,3,4,5,18,Unfurnished,0,0.2,251.01
Bengaluru,Mid-range,Apartment,1168,2,3,15,9,Unfurnished,0,1.5,102.39
Kochi,Mid-range,Apartment,1099,2,2,22,19,Semi-furnished,1,2.0,67.8
Mumbai,Suburban,Independent House,1015,1,1,21,1,Unfurnished,1,3.3,121.02
Jaipur,Mid-range,Independent House,2300,4,3,28,1,Unfurnished,1,0.2,89.78
Hyderabad,Mid-range,Apartment,537,1,1,26,21,Unfurnished,0,0.7,33.55
Ahmedabad,Suburban,Villa,1339,2,3,22,2,Semi-furnished,1,0.5,61.39
Jaipur,Mid-range,Apartment,1054,2,1,10,2,Furnished,1,0.9,50.1
Hyderabad,Prime,Apartment,1101,2,2,28,9,Unfurnished,1,4.3,98.77
Bengaluru,Suburban,Builder Floor,1385,3,2,12,2,Semi-furnished,0,4.3,74.98
Lucknow,Suburban,Apartment,1895,4,3,24,23,Unfurnished,1,1.4,51.34
Kolkata,Mid-range,Apartment,746,1,1,15,5,Semi-furnished,0,0.2,44.58
Lucknow,Prime,Apartment,1832,4,5,29,10,Semi-furnished,1,3.4,100.15
Pune,Suburban,Apartment,821,2,2,14,23,Semi-furnished,0,6.7,44.58
Kolkata,Suburban,Builder Floor,1029,2,3,0,1,Furnished,1,2.3,56.66
Chennai,Mid-range,Builder Floor,1199,2,2,18,2,Furnished,3,0.9,89.57
Pune,Suburban,Apartment,1415,3,2,12,5,Unfurnished,2,2.9,77.8
Coimbatore,Mid-range,Apartment,1154,2,2,7,3,Furnished,0,0.7,72.43
Coimbatore,Mid-range,Apartment,1529,3,2,19,7,Unfurnished,1,1.6,72.3
Coimbatore,Prime,Apartment,1391,3,3,21,25,Semi-furnished,1,0.2,100.11
Hyderabad,Mid-range,Independent House,1278,2,2,9,0,Semi-furnished,0,4.0,100.09
Hyderabad,Mid-range,Apartment,844,2,3,14,0,Semi-furnished,0,1.1,59.56
Pune,Mid-range,Apartment,600,1,1,21,19,Semi-furnished,2,6.6,51.78
Ahmedabad,Suburban,Apartment,1427,3,4,3,4,Semi-furnished,0,3.7,61.94
Lucknow,Prime,Independent House,1517,2,1,10,2,Furnished,1,11.0,106.12
Coimbatore,Suburban,Apartment,1437,3,3,20,0,Semi-furnished,1,3.4,47.16
Coimbatore,Suburban,Independent House,1556,2,2,8,2,Furnished,1,11.6,54.07
Kochi,Mid-range,Apartment,586,1,1,4,22,Semi-furnished,0,0.7,37.7
Kochi,Suburban,Apartment,703,1,2,5,11,Furnished,1,1.1,41.64
Hyderabad,Prime,Builder Floor,1138,2,3,27,2,Semi-furnished,0,3.0,104.52
Pune,Mid-range,Villa,2017,3,4,19,1,Unfurnished,1,13.5,150.15
Lucknow,Suburban,Apartment,1436,3,3,28,21,Unfurnished,1,1.5,39.84
Pune,Prime,Apartment,1296,2,1,9,4,Unfurnished,0,11.4,140.8
Ahmedabad,Suburban,Apartment,2447,5,5,30,21,Unfurnished,1,1.0,75.34
Ahmedabad,Mid-range,Apartment,1127,2,2,5,13,Semi-furnished,1,5.1,65.71
Pune,Suburban,Independent House,1082,1,1,8,1,Semi-furnished,0,2.3,61.07
Hyderabad,Mid-range,Apartment,1105,2,3,15,0,Semi-furnished,1,3.8,75.19
Kochi,Prime,Apartment,1179,2,2,13,20,Unfurnished,1,4.6,100.86
Pune,Prime,Independent House,750,1,1,5,1,Unfurnished,1,22.1,99.75
Bengaluru,Prime,Apartment,1228,2,2,10,14,Unfurnished,0,13.0,126.77
Coimbatore,Suburban,Apartment,1129,2,2,15,23,Furnished,2,0.2,50.32
Chennai,Mid-range,Builder Floor,1074,2,2,19,2,Semi-furnished,0,0.7,66.49
Kochi,Suburban,Independent House,1164,2,3,18,2,Unfurnished,1,3.2,50.58
Jaipur,Mid-range,Apartment,2286,5,4,27,3,Semi-furnished,1,11.8,78.15
Jaipur,Mid-range,Independent House,976,1,1,7,0,Semi-furnished,0,1.3,53.87
Kolkata,Suburban,Apartment,1475,3,4,23,3,Unfurnished,2,3.5,59.05
Kolkata,Prime,Apartment,972,2,2,20,4,Unfurnished,1,1.7,79.15
Pune,Prime,Builder Floor,1938,4,5,26,2,Unfurnished,1,3.1,167.41
Kolkata,Suburban,Independent House,850,1,2,24,0,Unfurnished,1,13.7,31.85
Pune,Suburban,Apartment,1584,3,2,15,11,Semi-furnished,2,0.6,97.33
Jaipur,Suburban,Apartment,1040,2,3,7,13,Unfurnished,1,15.7,35.04
Kolkata,Mid-range,Apartment,669,1,2,12,12,Semi-furnished,3,8.4,54.83
Jaipur,Mid-range,Builder Floor,1434,3,4,24,1,Furnished,2,2.4,64.42
Pune,Suburban,Builder Floor,1281,2,2,24,1,Unfurnished,1,10.5,54.46
Bengaluru,Mid-range,Apartment,1910,4,4,7,21,Semi-furnished,1,7.4,163.26
Ahmedabad,Suburban,Apartment,1472,3,4,21,11,Semi-furnished,0,2.0,49.94
Jaipur,Mid-range,Apartment,689,1,1,21,21,Semi-furnished,1,2.2,34.27
Kolkata,Suburban,Apartment,730,1,2,8,10,Furnished,1,2.5,41.21
Hyderabad,Mid-range,Apartment,965,2,2,6,19,Furnished,0,8.9,77.32
Bengaluru,Mid-range,Apartment,1132,2,3,5,21,Furnished,1,8.7,110.92
Ahmedabad,Mid-range,Independent House,1538,2,2,15,1,Furnished,1,3.2,89.81
Kolkata,Mid-range,Independent House,1875,3,2,4,1,Semi-furnished,0,8.0,118.45
Delhi NCR,Mid-range,Independent House,841,1,1,26,2,Furnished,0,0.4,84.3
Hyderabad,Suburban,Villa,2355,4,4,22,1,Semi-furnished,2,12.1,106.65
Chennai,Suburban,Independent House,1862,3,2,29,0,Semi-furnished,2,0.2,82.21
Jaipur,Suburban,Villa,1372,2,2,30,0,Furnished,1,4.1,45.06
Bengaluru,Mid-range,Apartment,1822,4,4,28,0,Unfurnished,1,3.2,111.4
Bengaluru,Suburban,Apartment,684,1,1,10,10,Semi-furnished,0,5.7,37.75
Chennai,Mid-range,Villa,1757,3,4,3,1,Semi-furnished,2,1.4,210.95
Delhi NCR,Mid-range,Builder Floor,1157,2,3,16,0,Semi-furnished,2,5.7,133.71
Ahmedabad,Suburban,Builder Floor,2189,5,5,15,2,Unfurnished,1,3.4,72.81
Kolkata,Mid-range,Apartment,1871,4,5,16,8,Semi-furnished,1,4.9,110.01
Kolkata,Suburban,Independent House,802,1,1,8,1,Unfurnished,1,0.3,37.67
Kochi,Suburban,Apartment,1405,3,3,9,8,Semi-furnished,2,1.8,69.03
Kochi,Suburban,Apartment,942,2,3,8,22,Semi-furnished,1,3.1,47.88
Mumbai,Prime,Apartment,1253,2,1,28,19,Furnished,1,1.6,404.94
Jaipur,Suburban,Builder Floor,1576,3,4,9,1,Unfurnished,1,7.1,51.64
Kochi,Suburban,Apartment,994,2,3,6,2,Furnished,2,8.6,50.87
Kolkata,Prime,Independent House,1733,3,3,25,0,Unfurnished,0,13.5,117.29
Bengaluru,Prime,Builder Floor,1048,2,3,5,0,Unfurnished,1,4.7,136.95
Pune,Mid-range,Villa,1325,2,3,19,1,Furnished,2,5.1,134.0
Ahmedabad,Suburban,Independent House,811,1,2,20,1,Unfurnished,1,0.9,31.25
Kolkata,Suburban,Builder Floor,1111,2,2,22,0,Furnished,0,2.5,39.43
Coimbatore,Mid-range,Apartment,1500,3,3,7,10,Unfurnished,2,6.2,80.73
Delhi NCR,Prime,Apartment,1338,3,4,11,4,Semi-furnished,0,0.4,236.66
Pune,Mid-range,Builder Floor,2189,5,6,0,2,Unfurnished,0,0.3,168.36
Coimbatore,Suburban,Independent House,2888,5,4,3,1,Unfurnished,2,1.8,119.03
Bengaluru,Mid-range,Builder Floor,1783,4,5,30,0,Furnished,1,0.4,136.56
Kolkata,Suburban,Apartment,1108,2,2,25,12,Semi-furnished,2,4.7,49.86
Bengaluru,Prime,Apartment,1105,2,3,0,6,Semi-furnished,2,3.9,164.26
Chennai,Prime,Apartment,1046,2,2,25,6,Semi-furnished,1,1.0,100.35
Kochi,Suburban,Apartment,1417,3,3,24,6,Semi-furnished,2,1.8,57.78
Lucknow,Prime,Apartment,1473,3,3,9,17,Unfurnished,0,0.8,93.65
Chennai,Mid-range,Apartment,1564,3,4,19,3,Semi-furnished,1,1.6,108.99
Lucknow,Suburban,Independent House,618,1,2,16,1,Semi-furnished,3,2.4,28.93
Mumbai,Mid-range,Independent House,1778,3,4,20,2,Semi-furnished,2,0.3,356.7
Pune,Mid-range,Apartment,1687,4,5,4,13,Unfurnished,1,3.8,140.85
Lucknow,Prime,Apartment,1111,2,2,1,9,Semi-furnished,1,14.1,84.91
Jaipur,Mid-range,Apartment,1218,2,3,6,15,Unfurnished,1,0.4,67.26
Kochi,Suburban,Independent House,909,1,1,6,1,Semi-furnished,2,0.8,47.29
Coimbatore,Suburban,Independent House,2432,4,4,23,0,Furnished,0,2.9,81.87
Jaipur,Prime,Apartment,1133,2,2,7,5,Furnished,1,7.8,96.54
Ahmedabad,Mid-range,Apartment,725,1,1,2,8,Unfurnished,1,7.7,44.81
Jaipur,Suburban,Villa,2367,4,4,3,2,Semi-furnished,2,0.2,107.35
Mumbai,Mid-range,Apartment,1076,2,2,22,6,Unfurnished,2,2.9,194.53
Kolkata,Suburban,Apartment,987,2,2,25,2,Furnished,1,4.1,36.45
Kolkata,Suburban,Apartment,1658,4,5,25,17,Unfurnished,1,22.6,58.32
Pune,Suburban,Independent House,1321,2,3,1,0,Unfurnished,1,0.5,90.52
Kolkata,Prime,Apartment,1474,3,4,21,11,Unfurnished,2,0.2,117.8
Delhi NCR,Mid-range,Apartment,1825,4,3,26,2,Semi-furnished,1,12.6,146.69
Kochi,Mid-range,Apartment,1130,2,3,25,15,Semi-furnished,1,0.7,64.54
Pune,Suburban,Apartment,2083,5,6,30,1,Semi-furnished,0,1.5,75.99
Bengaluru,Suburban,Apartment,556,1,2,28,23,Unfurnished,1,4.0,27.84
Lucknow,Prime,Apartment,2285,5,6,8,16,Semi-furnished,0,3.9,157.61
Mumbai,Prime,Villa,1298,2,3,5,1,Semi-furnished,0,1.3,621.05
Lucknow,Prime,Villa,1341,2,3,8,1,Furnished,0,3.9,118.86
Lucknow,Mid-range,Apartment,1298,2,2,18,19,Furnished,1,0.7,51.56
Mumbai,Suburban,Independent House,1442,2,3,5,1,Semi-furnished,0,1.9,221.58
Lucknow,Suburban,Apartment,1225,2,1,4,0,Semi-furnished,1,4.1,40.5
Lucknow,Prime,Apartment,1033,2,3,30,24,Furnished,0,4.6,63.05
Jaipur,Suburban,Apartment,1313,2,2,21,2,Unfurnished,2,1.1,42.46
Bengaluru,Prime,Apartment,1515,3,3,25,9,Semi-furnished,0,0.6,169.66
Kolkata,Suburban,Villa,2061,4,4,29,0,Unfurnished,1,4.9,83.92
Jaipur,Mid-range,Apartment,600,1,1,29,9,Unfurnished,0,2.5,21.38
Mumbai,Mid-range,Apartment,1660,4,5,4,6,Semi-furnished,0,3.1,403.28
Pune,Suburban,Villa,1876,3,3,16,0,Unfurnished,1,4.5,109.69
Lucknow,Mid-range,Apartment,1022,2,2,4,18,Unfurnished,1,2.5,47.87
Lucknow,Suburban,Apartment,1106,2,1,3,13,Semi-furnished,1,16.1,40.43
Hyderabad,Prime,Apartment,667,1,1,26,25,Unfurnished,1,2.7,61.43
Hyderabad,Suburban,Apartment,1016,2,1,15,7,Semi-furnished,1,8.1,53.79
Kolkata,Mid-range,Apartment,1546,3,4,25,2,Unfurnished,1,2.7,80.31
Hyderabad,Mid-range,Apartment,676,1,2,16,7,Semi-furnished,2,10.0,44.9
Hyderabad,Mid-range,Builder Floor,498,1,2,16,0,Furnished,0,6.6,33.87
Mumbai,Prime,Independent House,678,1,1,2,0,Unfurnished,1,1.6,271.54
Lucknow,Prime,Apartment,1025,2,1,23,14,Semi-furnished,2,5.1,68.88
Ahmedabad,Mid-range,Independent House,945,1,2,19,1,Unfurnished,0,1.0,45.04
Lucknow,Mid-range,Apartment,1931,4,4,5,16,Semi-furnished,0,23.3,93.13
Chennai,Prime,Apartment,1567,3,4,5,7,Unfurnished,1,0.2,184.96
Kochi,Mid-range,Independent House,1703,3,2,15,1,Semi-furnished,1,0.3,116.6
Jaipur,Suburban,Apartment,1041,2,2,15,25,Semi-furnished,1,4.2,36.46
Jaipur,Mid-range,Apartment,604,1,1,9,25,Unfurnished,0,11.1,26.05
Hyderabad,Mid-range,Apartment,1440,3,3,10,24,Semi-furnished,0,1.5,114.98
Jaipur,Suburban,Apartment,1165,2,2,6,9,Semi-furnished,1,1.2,43.76
Kolkata,Suburban,Apartment,1542,3,3,23,21,Furnished,2,10.3,70.86
Hyderabad,Mid-range,Apartment,1111,2,3,23,6,Semi-furnished,1,4.1,73.23
Delhi NCR,Prime,Builder Floor,698,1,1,1,2,Semi-furnished,0,2.2,124.7
Jaipur,Suburban,Apartment,626,1,2,21,6,Semi-furnished,1,1.4,24.37
Hyderabad,Mid-range,Apartment,1034,2,2,30,21,Furnished,1,0.7,66.88
Coimbatore,Mid-range,Apartment,1595,3,4,5,2,Furnished,1,5.4,92.95
Jaipur,Mid-range,Apartment,555,1,2,5,17,Furnished,1,2.7,33.36
Jaipur,Suburban,Apartment,1108,2,2,21,3,Semi-furnished,0,7.2,27.48
Delhi NCR,Mid-range,Builder Floor,1034,2,2,12,2,Semi-furnished,1,0.4,115.24
Coimbatore,Mid-range,Independent House,1415,2,3,7,2,Semi-furnished,1,4.0,84.76
Pune,Mid-range,Apartment,1504,3,2,21,21,Unfurnished,1,11.1,94.52
Bengaluru,Suburban,Builder Floor,1102,2,2,19,1,Semi-furnished,1,4.0,61.12
Bengaluru,Mid-range,Apartment,1874,4,4,2,13,Semi-furnished,0,10.1,164.8
Hyderabad,Suburban,Apartment,1204,2,1,22,20,Furnished,1,2.3,56.74
Lucknow,Mid-range,Independent House,814,1,1,2,1,Unfurnished,1,3.3,43.36
Coimbatore,Mid-range,Builder Floor,1048,2,1,21,2,Unfurnished,1,2.3,45.83
Coimbatore,Mid-range,Apartment,1426,3,2,4,1,Semi-furnished,1,1.4,77.16
Pune,Mid-range,Apartment,1564,3,2,1,8,Semi-furnished,0,0.7,151.01
Ahmedabad,Mid-range,Apartment,1435,3,3,10,8,Semi-furnished,1,0.2,79.72
Coimbatore,Suburban,Apartment,1003,2,2,2,18,Furnished,1,2.0,46.11
Delhi NCR,Prime,Apartment,1560,3,3,27,24,Semi-furnished,1,3.0,230.35
Kochi,Suburban,Independent House,1340,2,2,13,2,Semi-furnished,0,5.6,55.73
Jaipur,Mid-range,Apartment,1396,3,3,15,22,Unfurnished,0,0.4,60.9
Kochi,Suburban,Independent House,1358,2,1,6,0,Unfurnished,2,3.5,72.48
Kolkata,Mid-range,Independent House,1058,1,1,22,2,Furnished,0,3.2,67.11
Delhi NCR,Mid-range,Apartment,1481,3,3,13,5,Furnished,1,2.9,155.41
Kochi,Mid-range,Apartment,1140,2,2,27,25,Semi-furnished,0,2.4,59.36
Kolkata,Suburban,Apartment,1201,2,2,1,8,Unfurnished,0,3.9,54.38
Kolkata,Suburban,Apartment,1177,2,3,18,10,Semi-furnished,1,0.7,53.81
Jaipur,Mid-range,Apartment,1160,2,1,7,22,Semi-furnished,1,4.5,57.13
Coimbatore,Mid-range,Builder Floor,1051,2,3,24,2,Unfurnished,1,3.8,43.86
Jaipur,Prime,Builder Floor,1862,4,4,3,2,Furnished,2,11.2,141.78
Ahmedabad,Suburban,Apartment,1861,4,4,30,22,Semi-furnished,1,4.0,56.47
Delhi NCR,Mid-range,Apartment,696,1,1,14,6,Semi-furnished,1,10.9,84.64
Chennai,Mid-range,Independent House,1397,2,1,9,1,Unfurnished,2,0.2,114.69
Bengaluru,Mid-range,Apartment,1072,2,2,30,15,Semi-furnished,1,0.2,68.98
Pune,Mid-range,Apartment,1431,3,3,14,7,Semi-furnished,0,1.7,109.13
Pune,Suburban,Apartment,796,1,1,21,25,Furnished,1,3.0,43.77
Mumbai,Mid-range,Apartment,1236,2,3,27,4,Furnished,1,8.6,191.3
Coimbatore,Suburban,Independent House,665,1,1,28,2,Semi-furnished,2,9.7,25.5
Mumbai,Suburban,Villa,2208,4,5,4,2,Semi-furnished,2,8.6,389.81
Delhi NCR,Suburban,Apartment,510,1,1,15,16,Unfurnished,2,1.6,39.93
Kolkata,Mid-range,Apartment,1166,2,1,29,23,Unfurnished,1,2.3,58.46
Kochi,Suburban,Apartment,902,2,2,5,23,Unfurnished,0,2.0,43.11
Coimbatore,Mid-range,Apartment,1299,2,3,7,13,Furnished,1,0.2,81.19
Lucknow,Mid-range,Apartment,2015,4,4,15,9,Furnished,0,15.7,75.47
Mumbai,Mid-range,Builder Floor,1048,2,1,13,0,Semi-furnished,0,4.3,172.7
Pune,Suburban,Builder Floor,1050,2,2,28,1,Furnished,2,1.3,51.66
Coimbatore,Mid-range,Apartment,1162,2,2,3,8,Unfurnished,1,0.4,62.69
Kolkata,Prime,Apartment,900,2,1,12,1,Semi-furnished,1,6.5,79.63
Kolkata,Mid-range,Villa,791,1,1,17,2,Semi-furnished,1,1.9,64.22
Kochi,Suburban,Apartment,1016,2,2,22,8,Furnished,1,10.6,40.1
Lucknow,Suburban,Independent House,1414,2,3,6,1,Semi-furnished,0,0.2,47.72
Hyderabad,Prime,Apartment,1093,2,1,17,15,Unfurnished,1,0.9,111.99
Bengaluru,Prime,Builder Floor,1634,3,3,29,2,Unfurnished,2,0.2,145.37
Jaipur,Mid-range,Apartment,1000,2,2,0,21,Semi-furnished,2,1.4,67.4
Coimbatore,Mid-range,Villa,1813,3,3,24,2,Semi-furnished,2,21.3,91.26
Chennai,Suburban,Builder Floor,1638,3,3,12,1,Semi-furnished,0,5.4,74.71
Delhi NCR,Mid-range,Builder Floor,1303,3,2,27,0,Unfurnished,1,0.2,100.75
Delhi NCR,Suburban,Apartment,579,1,2,8,25,Unfurnished,2,4.8,53.49
Bengaluru,Mid-range,Builder Floor,1522,3,4,13,0,Semi-furnished,1,0.3,136.42
Bengaluru,Prime,Builder Floor,1476,3,3,11,1,Unfurnished,1,4.5,177.91
Coimbatore,Suburban,Apartment,1527,3,2,26,2,Semi-furnished,0,2.6,39.55
Coimbatore,Suburban,Apartment,584,1,1,11,9,Semi-furnished,2,0.6,28.51
Kolkata,Suburban,Apartment,1416,3,3,16,7,Unfurnished,3,0.6,65.35
Hyderabad,Mid-range,Apartment,967,2,3,0,9,Unfurnished,1,0.7,87.63
Lucknow,Prime,Apartment,1793,4,5,25,24,Unfurnished,1,1.2,101.85
Kochi,Prime,Apartment,2275,5,5,16,18,Semi-furnished,1,3.5,236.91
Jaipur,Suburban,Apartment,1197,2,2,24,10,Semi-furnished,0,0.4,32.79
Bengaluru,Mid-range,Apartment,1490,3,3,22,16,Unfurnished,3,7.8,111.32
Bengaluru,Mid-range,Builder Floor,1170,2,2,20,1,Unfurnished,2,1.5,84.61
Hyderabad,Mid-range,Apartment,1781,4,5,15,11,Furnished,1,0.6,142.43
Chennai,Mid-range,Independent House,1496,2,1,28,2,Semi-furnished,1,0.9,96.3
Mumbai,Prime,Independent House,725,1,2,26,1,Semi-furnished,1,7.9,186.77
Lucknow,Mid-range,Apartment,1172,2,2,21,11,Semi-furnished,1,1.8,55.19
Bengaluru,Mid-range,Apartment,1299,3,3,6,23,Semi-furnished,2,1.8,136.62
Pune,Prime,Apartment,1282,2,2,28,13,Semi-furnished,2,6.0,120.55
Pune,Prime,Villa,1298,2,1,28,0,Furnished,1,0.2,161.72
Kolkata,Mid-range,Apartment,1058,2,1,8,19,Unfurnished,0,0.2,62.76
Jaipur,Suburban,Apartment,1155,2,2,25,19,Unfurnished,3,0.2,42.06
Chennai,Mid-range,Independent House,1376,2,2,9,0,Furnished,0,10.8,104.37
Delhi NCR,Suburban,Apartment,694,1,2,9,12,Unfurnished,2,14.6,61.37
Chennai,Mid-range,Apartment,1008,2,3,3,0,Unfurnished,1,8.3,70.14
Coimbatore,Prime,Villa,2119,4,5,18,1,Unfurnished,0,9.9,160.75
Bengaluru,Prime,Apartment,1214,2,3,18,23,Semi-furnished,1,7.0,146.28
Delhi NCR,Mid-range,Independent House,2392,4,5,10,2,Unfurnished,1,2.8,276.42
Lucknow,Suburban,Apartment,1360,3,4,18,20,Unfurnished,0,0.2,39.88
Lucknow,Suburban,Independent House,935,1,1,27,1,Semi-furnished,0,3.4,23.22
Delhi NCR,Mid-range,Apartment,1229,2,3,23,7,Semi-furnished,2,2.1,126.57
Pune,Mid-range,Apartment,1241,3,3,22,17,Semi-furnished,1,2.0,90.06
Bengaluru,Suburban,Apartment,1212,2,2,3,11,Semi-furnished,1,1.1,100.09
Pune,Suburban,Builder Floor,689,1,2,9,1,Semi-furnished,1,1.9,38.51
Pune,Prime,Apartment,1164,2,1,0,24,Furnished,1,8.7,158.61
Coimbatore,Suburban,Apartment,1906,4,4,29,5,Furnished,2,3.6,64.01
Ahmedabad,Prime,Apartment,1082,2,1,4,18,Unfurnished,2,3.1,110.11
Kolkata,Suburban,Apartment,1160,2,1,7,11,Semi-furnished,1,0.4,57.05
Kochi,Mid-range,Builder Floor,1531,3,3,9,2,Unfurnished,0,9.0,80.49
Ahmedabad,Mid-range,Apartment,969,2,3,17,23,Furnished,3,1.5,66.84
Kolkata,Mid-range,Apartment,1940,4,4,24,21,Furnished,1,0.8,120.31
Lucknow,Suburban,Independent House,1415,2,2,15,0,Semi-furnished,1,0.8,44.86
Delhi NCR,Mid-range,Apartment,1071,2,2,28,17,Semi-furnished,2,1.6,105.26
Delhi NCR,Mid-range,Apartment,1522,3,4,15,24,Semi-furnished,0,1.4,169.28
Kolkata,Mid-range,Apartment,742,1,2,23,3,Furnished,1,0.6,45.22
Delhi NCR,Prime,Builder Floor,1266,2,2,19,1,Unfurnished,2,1.4,199.41
Pune,Mid-range,Independent House,1409,2,3,30,1,Semi-furnished,2,1.3,88.1
Delhi NCR,Mid-range,Apartment,1089,2,1,8,19,Unfurnished,1,2.5,126.91
Chennai,Prime,Independent House,1688,3,3,8,0,Unfurnished,2,2.9,192.17
Coimbatore,Mid-range,Builder Floor,1988,4,4,4,0,Semi-furnished,0,2.4,104.57
Coimbatore,Mid-range,Apartment,1223,2,2,25,5,Unfurnished,1,3.4,51.9
Lucknow,Suburban,Apartment,868,1,1,25,21,Semi-furnished,1,0.7,26.55
Bengaluru,Mid-range,Builder Floor,549,1,2,10,1,Semi-furnished,1,5.5,49.88
Bengaluru,Mid-range,Apartment,1344,3,3,19,8,Semi-furnished,3,1.9,113.91
Coimbatore,Mid-range,Independent House,1332,2,1,24,1,Unfurnished,0,0.9,55.75
Mumbai,Suburban,Apartment,1922,4,3,25,19,Semi-furnished,2,3.6,233.96
Kochi,Suburban,Builder Floor,1915,4,4,25,2,Unfurnished,2,0.2,78.33
Lucknow,Mid-range,Builder Floor,1987,4,4,21,0,Furnished,1,4.6,85.32
Bengaluru,Prime,Apartment,1111,2,3,7,22,Semi-furnished,2,1.9,172.16
Jaipur,Prime,Apartment,1208,2,1,11,8,Unfurnished,1,7.3,88.34
Delhi NCR,Suburban,Builder Floor,1082,2,3,30,2,Semi-furnished,1,15.4,53.07
Pune,Suburban,Builder Floor,625,1,1,21,0,Unfurnished,2,1.2,33.37
Delhi NCR,Suburban,Apartment,2241,5,5,12,15,Furnished,2,4.1,167.24
Chennai,Mid-range,Apartment,1819,4,3,16,0,Furnished,1,5.1,123.65
Bengaluru,Suburban,Apartment,1052,2,1,23,14,Unfurnished,0,3.0,51.58
Pune,Mid-range,Builder Floor,1034,2,2,29,1,Unfurnished,3,13.6,58.65
Hyderabad,Suburban,Apartment,1616,3,3,0,16,Furnished,2,0.6,112.79
Hyderabad,Suburban,Apartment,1768,4,3,15,9,Furnished,2,2.9,95.35
Jaipur,Suburban,Apartment,1054,2,2,3,8,Semi-furnished,1,0.2,43.09
Delhi NCR,Prime,Apartment,1485,3,2,22,1,Unfurnished,1,2.7,204.96
Kolkata,Suburban,Apartment,731,1,2,18,22,Furnished,2,2.1,40.66
Mumbai,Mid-range,Apartment,1479,3,3,27,8,Furnished,0,1.3,258.86
Bengaluru,Mid-range,Apartment,747,1,1,26,23,Unfurnished,1,0.5,59.83
Kolkata,Prime,Independent House,1365,2,2,5,0,Unfurnished,0,3.3,150.75
Lucknow,Mid-range,Builder Floor,1363,3,3,30,2,Furnished,0,3.5,47.94
Delhi NCR,Prime,Apartment,1078,2,2,4,9,Furnished,1,2.4,211.87
Kolkata,Prime,Apartment,657,1,1,17,5,Semi-furnished,2,6.3,62.36
Kochi,Suburban,Apartment,1083,2,2,21,1,Unfurnished,2,11.5,42.87
Delhi NCR,Suburban,Apartment,1078,2,2,9,17,Semi-furnished,1,0.2,98.18
Hyderabad,Suburban,Builder Floor,1066,2,2,27,2,Semi-furnished,1,12.2,41.81
Ahmedabad,Prime,Apartment,1061,2,2,19,10,Semi-furnished,1,9.0,69.47
Lucknow,Suburban,Apartment,1364,3,4,28,21,Unfurnished,0,8.2,32.38
Kochi,Mid-range,Apartment,1583,3,2,14,24,Unfurnished,2,0.2,105.58
Bengaluru,Suburban,Villa,1392,2,1,14,1,Semi-furnished,1,13.2,97.59
Mumbai,Suburban,Apartment,1582,3,3,18,21,Semi-furnished,1,4.6,233.21
Bengaluru,Prime,Apartment,1509,3,3,10,12,Unfurnished,1,5.6,193.67
Hyderabad,Suburban,Apartment,1141,2,3,29,25,Semi-furnished,3,0.5,57.77
Mumbai,Mid-range,Apartment,970,2,3,19,22,Semi-furnished,1,5.1,182.09
Hyderabad,Prime,Apartment,1158,2,1,30,20,Semi-furnished,1,5.1,111.97
Kolkata,Suburban,Apartment,1441,3,3,7,8,Unfurnished,1,1.5,59.0
Mumbai,Suburban,Apartment,1145,2,1,29,3,Furnished,1,0.5,131.06
Delhi NCR,Mid-range,Apartment,676,1,2,17,12,Semi-furnished,0,21.3,64.83
Kochi,Suburban,Apartment,1112,2,1,18,5,Semi-furnished,0,2.5,39.11
Ahmedabad,Mid-range,Builder Floor,1624,3,3,21,1,Semi-furnished,2,5.9,73.84
Bengaluru,Mid-range,Independent House,592,1,1,8,2,Furnished,1,1.2,67.84
Kolkata,Mid-range,Apartment,1969,4,4,28,20,Unfurnished,1,7.8,99.97
Coimbatore,Suburban,Apartment,2087,5,5,30,2,Unfurnished,1,0.2,57.6
Coimbatore,Suburban,Apartment,1079,2,2,5,21,Furnished,1,4.5,45.79
Chennai,Suburban,Apartment,1110,2,1,23,14,Unfurnished,0,5.5,41.58
Kochi,Prime,Apartment,1466,3,4,7,3,Semi-furnished,1,1.4,138.23
Delhi NCR,Mid-range,Apartment,1443,3,3,25,24,Unfurnished,1,3.1,139.71
Bengaluru,Mid-range,Apartment,725,1,1,4,17,Semi-furnished,0,11.9,69.62
Mumbai,Mid-range,Apartment,559,1,1,25,20,Semi-furnished,0,6.2,87.13
Delhi NCR,Prime,Villa,1431,2,3,21,0,Unfurnished,3,7.0,258.14
Chennai,Suburban,Builder Floor,1538,3,2,27,2,Furnished,2,4.6,63.83
Delhi NCR,Suburban,Builder Floor,1481,3,4,12,2,Semi-furnished,0,0.2,103.13
Jaipur,Suburban,Apartment,1099,2,2,25,17,Semi-furnished,0,1.4,30.14
Coimbatore,Mid-range,Apartment,850,1,2,17,23,Unfurnished,1,2.2,46.66
Jaipur,Mid-range,Apartment,1394,3,3,3,4,Semi-furnished,0,2.2,68.84
Chennai,Suburban,Apartment,1490,3,3,1,25,Furnished,1,3.3,92.35
Bengaluru,Suburban,Builder Floor,1032,2,3,18,0,Unfurnished,2,2.0,58.25
Delhi NCR,Suburban,Builder Floor,1839,4,4,3,2,Semi-furnished,1,2.7,149.44
Jaipur,Mid-range,Apartment,1499,3,4,5,5,Semi-furnished,0,6.9,66.52
Bengaluru,Mid-range,Apartment,989,2,2,25,10,Semi-furnished,1,0.4,75.64
Lucknow,Mid-range,Apartment,1508,3,3,11,3,Furnished,1,1.0,66.01
Jaipur,Prime,Builder Floor,1432,3,2,29,2,Furnished,2,4.7,81.86
Kolkata,Suburban,Independent House,1969,3,2,19,2,Semi-furnished,1,8.1,73.55
Coimbatore,Mid-range,Apartment,1214,2,2,8,6,Semi-furnished,1,4.6,69.7
Pune,Suburban,Apartment,993,2,3,7,13,Unfurnished,1,0.6,57.63
Bengaluru,Mid-range,Builder Floor,662,1,1,2,0,Unfurnished,1,5.5,62.01
Lucknow,Suburban,Builder Floor,1052,2,2,27,1,Furnished,1,1.2,28.52
Delhi NCR,Suburban,Builder Floor,1059,2,2,17,0,Semi-furnished,1,4.0,75.14
Ahmedabad,Suburban,Apartment,726,1,1,2,13,Semi-furnished,1,9.0,31.69
Coimbatore,Mid-range,Builder Floor,1463,3,4,23,1,Unfurnished,1,1.4,61.04
Delhi NCR,Suburban,Apartment,1215,2,2,4,4,Unfurnished,1,25.0,91.44
Mumbai,Mid-range,Apartment,655,1,1,24,11,Unfurnished,2,1.3,120.52
Bengaluru,Prime,Apartment,1029,2,2,7,0,Unfurnished,3,0.8,152.06
Kochi,Mid-range,Independent House,1823,3,2,27,0,Unfurnished,1,11.3,89.06
Bengaluru,Mid-range,Apartment,1430,3,2,7,8,Unfurnished,1,3.8,124.72
Jaipur,Suburban,Independent House,1774,3,3,21,0,Semi-furnished,2,0.7,60.32
Mumbai,Suburban,Apartment,1793,4,5,8,14,Furnished,1,1.1,256.28
Kolkata,Mid-range,Builder Floor,1518,3,4,11,2,Unfurnished,3,0.3,95.57
Lucknow,Mid-range,Builder Floor,1090,2,2,10,2,Unfurnished,1,2.1,42.15
Kolkata,Suburban,Apartment,561,1,1,11,25,Semi-furnished,1,0.6,29.74
Delhi NCR,Mid-range,Independent House,1226,2,3,11,0,Unfurnished,1,3.6,143.27
Chennai,Suburban,Apartment,750,1,2,30,24,Semi-furnished,1,0.2,31.36
Kochi,Prime,Apartment,943,2,3,16,19,Semi-furnished,1,1.4,108.39
Lucknow,Prime,Apartment,1879,4,5,17,19,Semi-furnished,2,2.3,123.24
Kochi,Suburban,Independent House,1392,2,2,4,2,Semi-furnished,1,6.1,71.59
Hyderabad,Suburban,Independent House,858,1,1,0,0,Unfurnished,1,1.4,58.14
Coimbatore,Prime,Apartment,1913,4,4,21,23,Semi-furnished,1,0.4,134.17
Ahmedabad,Suburban,Builder Floor,1075,2,2,12,0,Unfurnished,1,1.8,38.6
Coimbatore,Mid-range,Apartment,1686,4,4,5,2,Semi-furnished,1,1.5,88.49
Lucknow,Prime,Apartment,708,1,1,12,15,Furnished,0,15.7,47.83
Jaipur,Prime,Builder Floor,1508,3,4,23,0,Semi-furnished,2,0.6,88.81
Hyderabad,Suburban,Builder Floor,684,1,1,17,0,Semi-furnished,2,1.9,39.39
Bengaluru,Suburban,Apartment,1357,3,2,23,19,Unfurnished,1,5.1,71.45
Jaipur,Mid-range,Apartment,2179,5,5,4,4,Furnished,2,2.3,131.83
Pune,Mid-range,Independent House,1811,3,2,3,1,Semi-furnished,0,0.5,166.46
Jaipur,Prime,Apartment,1564,3,3,7,7,Semi-furnished,0,1.6,106.94
Coimbatore,Suburban,Apartment,993,2,2,4,25,Semi-furnished,2,0.7,47.43
Delhi NCR,Suburban,Independent House,816,1,1,3,0,Semi-furnished,2,1.3,90.25
Kochi,Prime,Apartment,669,1,1,19,15,Unfurnished,0,1.3,52.64
Lucknow,Mid-range,Independent House,1337,2,2,0,2,Unfurnished,1,8.4,70.32
Kochi,Mid-range,Apartment,964,2,2,22,5,Semi-furnished,2,0.7,59.54
Lucknow,Suburban,Apartment,1102,2,3,13,17,Furnished,2,4.0,47.21
Pune,Suburban,Apartment,1344,3,3,14,5,Unfurnished,1,7.3,62.11
Kochi,Mid-range,Builder Floor,827,2,1,6,2,Semi-furnished,2,1.7,58.92
Pune,Suburban,Independent House,2175,3,2,22,1,Furnished,1,9.6,108.08
Jaipur,Mid-range,Apartment,1456,3,3,0,5,Semi-furnished,1,5.0,79.42
Pune,Mid-range,Apartment,1610,3,4,2,20,Furnished,0,1.3,155.67
Kochi,Mid-range,Apartment,1383,3,4,28,6,Semi-furnished,1,11.6,65.67
Pune,Suburban,Apartment,1325,3,2,21,24,Unfurnished,1,4.0,62.15
Lucknow,Prime,Villa,1418,2,2,24,1,Unfurnished,2,1.1,97.31
Bengaluru,Prime,Apartment,1136,2,2,9,9,Semi-furnished,1,2.7,161.5
Mumbai,Mid-range,Builder Floor,1690,4,3,8,1,Unfurnished,2,0.2,350.67
Lucknow,Mid-range,Builder Floor,1405,3,2,1,1,Unfurnished,1,0.3,66.37
Chennai,Suburban,Apartment,1225,2,3,28,9,Unfurnished,1,7.2,48.14
Kochi,Mid-range,Independent House,1486,2,3,9,1,Semi-furnished,2,19.0,107.11
Chennai,Prime,Apartment,1253,2,2,3,4,Unfurnished,0,12.7,118.48
Lucknow,Mid-range,Apartment,917,2,2,16,1,Furnished,0,3.6,39.0
Mumbai,Suburban,Apartment,605,1,1,9,5,Semi-furnished,2,24.5,86.74
Kolkata,Suburban,Independent House,1909,3,3,27,2,Semi-furnished,1,7.0,65.29
Pune,Mid-range,Apartment,1574,3,3,20,4,Semi-furnished,1,6.8,102.45
Coimbatore,Mid-range,Builder Floor,1406,3,4,4,1,Semi-furnished,2,11.4,68.79
Mumbai,Mid-range,Apartment,2006,4,4,17,1,Semi-furnished,2,1.8,389.49
Pune,Prime,Apartment,1037,2,2,4,5,Semi-furnished,2,2.9,149.99
Kochi,Mid-range,Builder Floor,812,1,2,19,0,Unfurnished,2,0.2,49.26
Delhi NCR,Mid-range,Villa,1381,2,3,23,2,Unfurnished,3,13.6,169.66
Bengaluru,Mid-range,Independent House,1332,2,2,21,1,Semi-furnished,1,6.2,90.38
Hyderabad,Mid-range,Independent House,771,1,1,11,0,Furnished,1,2.5,64.08
Lucknow,Suburban,Apartment,1424,3,2,0,19,Unfurnished,1,1.7,53.56
Hyderabad,Mid-range,Builder Floor,1024,2,2,2,1,Unfurnished,0,5.6,73.49
Pune,Suburban,Independent House,1312,2,3,18,0,Unfurnished,1,5.3,62.49
Ahmedabad,Suburban,Apartment,1418,3,2,18,4,Semi-furnished,1,3.3,49.3
Delhi NCR,Suburban,Apartment,1150,2,2,17,3,Unfurnished,2,5.9,80.8
Bengaluru,Mid-range,Apartment,1563,3,3,17,22,Semi-furnished,2,2.1,136.73
Jaipur,Prime,Villa,1806,3,4,16,0,Unfurnished,1,2.5,131.08
Kolkata,Suburban,Apartment,626,1,1,18,11,Furnished,1,4.5,28.3
Bengaluru,Mid-range,Builder Floor,1119,2,2,10,1,Semi-furnished,3,2.5,108.63
Kochi,Suburban,Apartment,1286,3,3,30,17,Furnished,1,11.0,49.57
Kolkata,Suburban,Independent House,1423,2,3,11,0,Semi-furnished,1,2.2,71.61
Delhi NCR,Mid-range,Apartment,1082,2,2,18,19,Furnished,0,0.5,128.84
Kochi,Suburban,Apartment,1185,2,2,4,17,Semi-furnished,1,10.7,55.57
Delhi NCR,Suburban,Apartment,1482,3,3,19,25,Unfurnished,0,0.6,98.83
Pune,Mid-range,Apartment,752,1,1,8,16,Furnished,0,2.6,59.44
Jaipur,Prime,Apartment,1014,2,3,28,4,Unfurnished,0,1.5,56.03
Mumbai,Prime,Apartment,1482,3,2,30,1,Unfurnished,0,2.1,337.98
Chennai,Mid-range,Apartment,1018,2,1,0,23,Furnished,1,1.0,95.45
Delhi NCR,Mid-range,Independent House,1304,2,1,5,0,Semi-furnished,2,2.5,159.25
Jaipur,Prime,Independent House,1266,2,2,17,0,Semi-furnished,2,1.2,99.33
Jaipur,Prime,Independent House,580,1,2,8,2,Unfurnished,1,3.5,50.58
Kolkata,Prime,Apartment,1149,2,2,3,4,Unfurnished,0,4.2,111.79
Ahmedabad,Suburban,Apartment,1489,3,4,23,5,Unfurnished,0,1.4,43.87
Delhi NCR,Suburban,Apartment,809,1,1,7,14,Semi-furnished,1,2.9,67.28
Mumbai,Mid-range,Builder Floor,1070,2,1,0,2,Furnished,1,3.1,290.01
Ahmedabad,Suburban,Apartment,1537,3,3,15,8,Furnished,2,7.8,63.11
Coimbatore,Suburban,Apartment,1189,2,2,5,1,Semi-furnished,1,4.0,46.94
Coimbatore,Mid-range,Apartment,1323,3,3,23,24,Unfurnished,2,1.3,63.08
Chennai,Prime,Independent House,1450,2,1,7,1,Semi-furnished,1,0.2,183.35
Lucknow,Suburban,Builder Floor,557,1,1,29,0,Unfurnished,1,9.6,15.11
Delhi NCR,Mid-range,Apartment,2304,5,4,29,20,Unfurnished,1,2.0,206.42
Pune,Mid-range,Apartment,1413,3,3,0,14,Semi-furnished,1,9.0,127.0
Coimbatore,Suburban,Independent House,1279,2,2,26,2,Furnished,2,3.0,46.8
Delhi NCR,Suburban,Villa,2415,4,4,6,2,Semi-furnished,0,9.5,228.79
Coimbatore,Suburban,Apartment,1143,2,2,23,17,Semi-furnished,2,7.8,40.14
Kolkata,Suburban,Apartment,1564,3,3,24,8,Unfurnished,2,0.6,63.56
Ahmedabad,Suburban,Builder Floor,598,1,1,25,1,Unfurnished,2,5.2,24.95
Kochi,Suburban,Apartment,1119,2,1,28,3,Semi-furnished,1,3.7,35.91
Mumbai,Mid-range,Apartment,467,1,2,9,13,Furnished,0,4.6,96.15
Coimbatore,Mid-range,Villa,1262,2,2,18,1,Furnished,0,3.4,61.46
Kochi,Prime,Apartment,1410,3,3,9,3,Semi-furnished,1,0.4,135.93
Jaipur,Mid-range,Independent House,2847,5,5,12,0,Semi-furnished,1,3.9,144.82
Mumbai,Suburban,Builder Floor,926,2,3,8,1,Furnished,2,0.8,151.55
Mumbai,Suburban,Apartment,1062,2,2,6,23,Furnished,2,0.2,213.13
Pune,Suburban,Apartment,1473,3,3,28,5,Semi-furnished,2,1.0,70.56
Kochi,Prime,Apartment,563,1,1,30,14,Semi-furnished,1,4.9,43.38
Kolkata,Mid-range,Independent House,2091,4,3,4,1,Semi-furnished,2,22.4,147.09
Chennai,Prime,Apartment,843,1,1,15,10,Furnished,0,2.3,108.32
Hyderabad,Mid-range,Apartment,744,1,1,4,9,Semi-furnished,1,15.8,54.5
Hyderabad,Suburban,Apartment,1379,3,4,10,11,Unfurnished,1,0.3,70.76
Jaipur,Mid-range,Independent House,1716,3,3,7,0,Semi-furnished,1,0.9,94.39
Jaipur,Suburban,Apartment,1394,3,4,12,14,Unfurnished,2,2.7,48.23
Ahmedabad,Prime,Apartment,1819,4,5,8,23,Unfurnished,0,2.0,160.01
Hyderabad,Mid-range,Apartment,1415,3,2,10,2,Furnished,1,5.2,107.84
Kolkata,Mid-range,Apartment,715,1,1,28,13,Unfurnished,1,5.8,34.62
Jaipur,Mid-range,Builder Floor,1230,2,1,10,1,Semi-furnished,1,1.2,59.29
Kochi,Prime,Apartment,1558,3,3,30,15,Semi-furnished,1,0.2,120.24
Pune,Mid-range,Builder Floor,1090,2,2,21,2,Semi-furnished,2,2.6,79.68
Kolkata,Prime,Builder Floor,2060,5,5,22,1,Unfurnished,1,3.2,156.73
Jaipur,Mid-range,Builder Floor,1516,3,4,7,0,Furnished,2,3.1,83.73
Bengaluru,Suburban,Independent House,1366,2,2,23,1,Semi-furnished,2,0.2,86.41
Lucknow,Mid-range,Apartment,630,1,1,8,13,Semi-furnished,2,18.9,32.9
Jaipur,Mid-range,Apartment,1446,3,2,24,13,Semi-furnished,1,3.1,54.48
Coimbatore,Mid-range,Apartment,1031,2,1,18,2,Semi-furnished,1,4.5,55.8
Lucknow,Suburban,Builder Floor,652,1,1,20,1,Unfurnished,1,5.8,19.5
Ahmedabad,Suburban,Apartment,1360,3,2,19,21,Semi-furnished,2,6.9,52.01
Jaipur,Suburban,Apartment,1824,4,4,3,4,Furnished,1,1.8,71.32
Kochi,Mid-range,Builder Floor,1669,3,3,13,2,Unfurnished,0,2.8,88.94
Bengaluru,Suburban,Apartment,1474,3,2,30,0,Unfurnished,0,1.6,61.79
Hyderabad,Prime,Builder Floor,1532,3,3,19,2,Furnished,1,1.4,162.64
Pune,Mid-range,Apartment,1026,2,2,5,14,Unfurnished,0,0.6,79.68
Bengaluru,Suburban,Apartment,1406,3,3,17,1,Unfurnished,1,0.9,76.36
Hyderabad,Suburban,Apartment,562,1,1,14,23,Unfurnished,1,4.0,34.18
Delhi NCR,Mid-range,Apartment,932,2,2,28,1,Unfurnished,2,5.5,78.35
Delhi NCR,Prime,Apartment,722,1,1,14,3,Furnished,2,4.8,120.07
Ahmedabad,Suburban,Builder Floor,709,1,2,21,2,Semi-furnished,2,1.9,29.16
Mumbai,Suburban,Builder Floor,994,2,1,1,0,Furnished,2,1.3,166.11
Kolkata,Suburban,Independent House,2912,5,5,6,1,Unfurnished,1,2.1,139.52
Coimbatore,Suburban,Apartment,934,2,2,8,18,Furnished,1,5.1,40.26
Lucknow,Suburban,Apartment,1576,3,2,16,13,Semi-furnished,3,11.6,53.52
Coimbatore,Mid-range,Apartment,2337,5,5,22,9,Unfurnished,2,6.8,103.95
Lucknow,Suburban,Apartment,1207,2,2,14,16,Semi-furnished,2,0.3,47.19
Bengaluru,Suburban,Apartment,615,1,1,6,0,Unfurnished,1,18.2,39.41
Pune,Suburban,Builder Floor,1603,3,4,15,1,Unfurnished,1,6.7,78.91
Lucknow,Mid-range,Villa,1271,2,2,7,2,Furnished,0,1.2,79.32
Kolkata,Mid-range,Apartment,1460,3,3,11,17,Unfurnished,1,0.3,100.52
Delhi NCR,Mid-range,Apartment,1058,2,2,9,23,Semi-furnished,2,1.1,157.02
Hyderabad,Suburban,Independent House,1081,2,2,17,2,Semi-furnished,0,0.6,55.43
Kolkata,Mid-range,Independent House,937,1,1,26,1,Semi-furnished,1,0.5,49.04
Mumbai,Suburban,Builder Floor,416,1,2,8,1,Semi-furnished,2,7.9,65.14
Delhi NCR,Mid-range,Apartment,1157,2,1,6,11,Unfurnished,0,0.9,128.94
Hyderabad,Prime,Apartment,1797,4,4,2,9,Unfurnished,2,9.0,229.4
Bengaluru,Mid-range,Apartment,1068,2,3,3,1,Semi-furnished,1,5.4,90.68
Kochi,Mid-range,Apartment,1100,2,1,26,18,Unfurnished,2,2.1,56.93
Chennai,Mid-range,Builder Floor,939,2,2,4,1,Semi-furnished,1,1.9,80.77
Jaipur,Prime,Builder Floor,1034,2,1,22,2,Semi-furnished,2,1.4,71.83
Coimbatore,Prime,Villa,1938,3,2,6,0,Unfurnished,3,1.6,197.41
Mumbai,Mid-range,Apartment,350,1,1,12,10,Semi-furnished,1,1.6,73.54
Ahmedabad,Suburban,Independent House,1447,2,2,28,1,Semi-furnished,1,0.4,48.26
Kolkata,Suburban,Apartment,1140,2,3,0,23,Unfurnished,1,10.6,49.84
Lucknow,Prime,Apartment,1507,3,4,18,11,Unfurnished,2,4.3,93.64
Kolkata,Mid-range,Apartment,1009,2,1,15,4,Furnished,1,7.5,64.81
Chennai,Suburban,Builder Floor,1040,2,1,11,1,Unfurnished,0,1.8,47.6
Lucknow,Suburban,Independent House,1239,2,2,14,1,Semi-furnished,2,0.5,49.96
Pune,Prime,Apartment,1107,2,2,29,15,Unfurnished,1,4.0,99.01
Jaipur,Suburban,Apartment,919,2,2,9,7,Semi-furnished,1,1.4,36.8
Mumbai,Mid-range,Apartment,570,1,2,13,4,Furnished,1,0.2,130.89
Coimbatore,Suburban,Apartment,482,1,1,0,2,Semi-furnished,1,0.7,22.92
Mumbai,Mid-range,Apartment,930,2,2,25,20,Semi-furnished,1,2.7,173.48
Chennai,Suburban,Apartment,1545,3,2,2,10,Unfurnished,2,4.0,80.59
Pune,Prime,Builder Floor,1237,2,2,16,0,Furnished,2,2.1,147.81
Lucknow,Prime,Apartment,1330,3,3,21,17,Unfurnished,1,1.1,82.28
Mumbai,Mid-range,Builder Floor,1809,4,4,13,0,Furnished,1,13.1,324.49
Jaipur,Prime,Apartment,1144,2,2,24,17,Unfurnished,1,3.4,65.76
Chennai,Mid-range,Apartment,1036,2,2,4,14,Unfurnished,0,0.9,84.96
Mumbai,Mid-range,Independent House,1694,3,2,14,2,Furnished,1,2.4,363.85
Bengaluru,Mid-range,Independent House,1745,3,3,24,2,Unfurnished,0,1.7,124.78
Hyderabad,Suburban,Builder Floor,1916,4,4,4,1,Semi-furnished,1,0.4,103.06
Jaipur,Suburban,Apartment,1503,3,2,16,20,Unfurnished,1,4.5,45.93
Ahmedabad,Suburban,Independent House,1820,3,2,13,0,Unfurnished,1,1.4,72.39
Mumbai,Prime,Independent House,1634,3,2,23,2,Unfurnished,0,1.0,488.0
Jaipur,Prime,Apartment,1397,3,3,17,6,Unfurnished,2,0.5,88.8
Pune,Suburban,Apartment,1259,2,2,15,7,Unfurnished,1,10.9,58.6
Pune,Mid-range,Villa,1935,3,3,20,2,Furnished,3,0.2,182.73
Coimbatore,Mid-range,Apartment,1573,3,3,1,13,Unfurnished,3,19.1,90.18
Pune,Suburban,Independent House,805,1,1,30,0,Semi-furnished,1,4.3,36.91
Kochi,Mid-range,Apartment,1347,3,3,8,6,Unfurnished,2,2.2,90.39
Hyderabad,Suburban,Apartment,1506,3,4,9,3,Unfurnished,1,2.3,75.62
Jaipur,Mid-range,Apartment,1140,2,3,27,5,Semi-furnished,0,0.3,45.52
Bengaluru,Mid-range,Apartment,1470,3,3,26,2,Semi-furnished,1,3.1,95.88
Kolkata,Suburban,Apartment,1990,4,4,26,17,Unfurnished,1,8.4,69.26
Delhi NCR,Suburban,Apartment,1401,3,3,13,16,Furnished,3,3.5,130.29
Kolkata,Mid-range,Independent House,1291,2,1,4,0,Unfurnished,1,1.6,90.32
Jaipur,Mid-range,Apartment,1471,3,3,19,3,Semi-furnished,2,2.8,71.17
Delhi NCR,Prime,Apartment,638,1,2,6,7,Semi-furnished,0,1.3,139.79
Chennai,Prime,Apartment,720,1,2,0,17,Unfurnished,3,0.5,122.05
Jaipur,Suburban,Builder Floor,674,1,1,16,1,Semi-furnished,0,13.6,19.13
Mumbai,Suburban,Apartment,1861,4,3,2,24,Semi-furnished,0,3.6,293.83
Delhi NCR,Suburban,Villa,1790,3,3,21,2,Semi-furnished,1,3.5,135.37
Hyderabad,Suburban,Apartment,1105,2,2,6,0,Semi-furnished,1,5.4,63.83
Kochi,Suburban,Apartment,1192,2,1,21,16,Semi-furnished,1,0.7,48.47
Coimbatore,Mid-range,Apartment,1041,2,1,19,17,Semi-furnished,1,7.4,48.68
Bengaluru,Suburban,Apartment,1774,4,3,3,15,Unfurnished,1,17.3,101.89
Bengaluru,Suburban,Independent House,2281,4,4,14,2,Unfurnished,1,5.0,123.5
Chennai,Mid-range,Independent House,2081,4,3,1,1,Semi-furnished,1,16.8,165.16
Kochi,Suburban,Apartment,1073,2,3,28,5,Semi-furnished,2,4.0,44.33
Pune,Mid-range,Apartment,1133,2,1,12,12,Semi-furnished,1,8.7,81.11
Kolkata,Suburban,Apartment,1842,4,4,11,2,Semi-furnished,1,3.7,76.98
Pune,Suburban,Apartment,1466,3,3,24,24,Semi-furnished,1,0.5,71.13
Ahmedabad,Mid-range,Builder Floor,948,2,1,0,2,Unfurnished,1,7.0,50.92
Kochi,Mid-range,Apartment,663,1,1,16,13,Unfurnished,1,8.9,36.98
Delhi NCR,Mid-range,Apartment,1443,3,3,2,9,Furnished,1,1.8,209.01
Ahmedabad,Prime,Apartment,769,1,1,10,19,Unfurnished,3,0.4,76.96
Kochi,Suburban,Apartment,1478,3,3,6,21,Semi-furnished,1,2.4,78.65
Jaipur,Prime,Apartment,1295,2,1,1,12,Semi-furnished,2,6.0,117.4
Bengaluru,Prime,Apartment,1514,3,4,28,3,Semi-furnished,0,0.6,178.71
Jaipur,Mid-range,Apartment,1146,2,2,28,16,Semi-furnished,2,0.6,48.22
Coimbatore,Suburban,Builder Floor,517,1,1,7,2,Unfurnished,1,1.9,19.97
Mumbai,Suburban,Independent House,804,1,1,26,2,Semi-furnished,0,0.2,104.4
Bengaluru,Mid-range,Villa,1280,2,1,19,1,Unfurnished,1,5.7,122.45
Chennai,Suburban,Apartment,598,1,2,4,14,Semi-furnished,1,8.4,31.8
Bengaluru,Mid-range,Apartment,1459,3,2,23,19,Semi-furnished,3,2.5,138.18
Chennai,Prime,Apartment,1537,3,3,0,5,Semi-furnished,3,4.5,183.27
Coimbatore,Suburban,Apartment,1194,2,2,27,15,Semi-furnished,0,7.7,36.25
Chennai,Suburban,Apartment,1832,4,4,11,12,Furnished,3,6.2,95.1
Mumbai,Mid-range,Villa,1812,3,4,20,1,Semi-furnished,1,11.5,386.7
Kochi,Prime,Apartment,1416,3,4,4,15,Semi-furnished,1,11.5,149.1
Lucknow,Mid-range,Apartment,826,1,1,23,24,Unfurnished,2,0.2,36.03
Delhi NCR,Mid-range,Builder Floor,1334,3,2,18,1,Semi-furnished,1,2.4,143.6
Delhi NCR,Suburban,Apartment,994,2,1,4,8,Unfurnished,2,9.3,90.52
Ahmedabad,Mid-range,Apartment,989,2,3,1,25,Semi-furnished,1,1.7,72.24
Bengaluru,Prime,Apartment,592,1,1,23,5,Unfurnished,1,9.3,58.83
Hyderabad,Prime,Apartment,1400,3,3,10,9,Unfurnished,0,17.5,129.19
Kochi,Mid-range,Apartment,1450,3,3,29,23,Unfurnished,2,0.9,79.68
Lucknow,Suburban,Builder Floor,706,1,1,24,1,Furnished,1,1.3,21.91
Kochi,Suburban,Apartment,1425,3,3,29,20,Furnished,3,5.5,60.08
Mumbai,Suburban,Independent House,1250,2,1,12,0,Semi-furnished,2,4.2,188.95
Hyderabad,Mid-range,Builder Floor,1398,3,2,2,2,Furnished,1,1.9,110.34
Bengaluru,Suburban,Builder Floor,1145,2,1,26,0,Unfurnished,0,20.0,46.47
Ahmedabad,Prime,Builder Floor,1814,4,4,0,0,Semi-furnished,1,0.5,160.8
Kochi,Mid-range,Villa,2342,4,5,13,0,Unfurnished,3,2.8,180.57
Kolkata,Mid-range,Villa,2282,4,3,8,2,Unfurnished,1,6.8,176.16
Pune,Mid-range,Apartment,1090,2,1,9,15,Furnished,2,1.3,103.64
Mumbai,Suburban,Apartment,1221,2,1,8,23,Unfurnished,0,1.5,202.21
Mumbai,Mid-range,Builder Floor,1125,2,2,6,0,Semi-furnished,2,5.2,234.17
Coimbatore,Mid-range,Apartment,1460,3,3,16,8,Furnished,1,0.3,80.11
Kochi,Suburban,Independent House,1958,3,3,29,0,Semi-furnished,1,3.1,69.98
Bengaluru,Mid-range,Apartment,1110,2,2,30,2,Semi-furnished,1,0.6,74.21
Mumbai,Suburban,Apartment,1051,2,2,7,14,Unfurnished,0,3.0,151.34
Mumbai,Mid-range,Apartment,1111,2,3,1,9,Semi-furnished,1,0.9,246.51
Delhi NCR,Mid-range,Apartment,988,2,2,5,0,Semi-furnished,0,5.9,106.17
Chennai,Prime,Independent House,1807,3,3,11,0,Semi-furnished,1,3.0,208.8
Kolkata,Prime,Builder Floor,1463,3,2,14,2,Furnished,1,1.6,134.34
Lucknow,Mid-range,Builder Floor,1182,2,3,27,1,Unfurnished,2,2.3,46.96
Bengaluru,Suburban,Apartment,1737,4,4,26,0,Furnished,1,3.1,84.74
Hyderabad,Suburban,Builder Floor,2015,4,4,14,2,Furnished,1,0.8,99.01
Delhi NCR,Suburban,Apartment,1558,3,3,16,10,Semi-furnished,1,1.5,123.79
Kolkata,Mid-range,Apartment,1354,3,2,16,17,Semi-furnished,1,3.0,79.43
Coimbatore,Mid-range,Builder Floor,1582,3,4,5,2,Unfurnished,2,0.2,90.32
Chennai,Suburban,Apartment,1540,3,2,22,3,Semi-furnished,1,0.4,56.76
Ahmedabad,Prime,Villa,2847,5,5,20,0,Furnished,1,2.1,272.0
Pune,Mid-range,Builder Floor,695,1,1,13,2,Furnished,0,4.4,49.59
Delhi NCR,Suburban,Apartment,1473,3,2,4,12,Semi-furnished,2,2.4,141.6
Kolkata,Mid-range,Independent House,1232,2,3,15,0,Unfurnished,2,0.2,83.03
Mumbai,Prime,Apartment,606,1,1,30,21,Semi-furnished,0,7.1,131.4
Delhi NCR,Mid-range,Apartment,929,2,1,12,23,Semi-furnished,1,0.4,121.55
Ahmedabad,Suburban,Villa,1452,2,3,20,1,Semi-furnished,2,5.1,66.55
Hyderabad,Suburban,Apartment,837,1,1,13,11,Semi-furnished,1,0.3,43.01
Lucknow,Prime,Apartment,632,1,1,28,16,Furnished,1,0.6,40.17
Kochi,Mid-range,Independent House,1925,3,2,26,2,Semi-furnished,0,6.0,102.03
Delhi NCR,Mid-range,Builder Floor,1460,3,3,18,0,Furnished,1,11.5,137.91
Kochi,Prime,Apartment,2364,5,6,4,6,Semi-furnished,1,1.7,247.19
Kochi,Mid-range,Apartment,1818,4,4,29,13,Unfurnished,2,0.8,99.13
Chennai,Mid-range,Independent House,1960,3,3,28,0,Furnished,1,5.1,113.02
Coimbatore,Prime,Apartment,1174,2,1,0,23,Semi-furnished,0,4.2,101.61
Ahmedabad,Suburban,Apartment,947,2,1,1,10,Semi-furnished,0,0.5,37.54
Ahmedabad,Suburban,Villa,1829,3,3,25,1,Unfurnished,1,1.8,71.84
Kochi,Suburban,Independent House,1326,2,3,6,2,Unfurnished,1,2.4,69.26
Pune,Suburban,Apartment,711,1,1,7,25,Semi-furnished,2,4.2,45.7
Kolkata,Suburban,Independent House,1982,3,2,26,0,Semi-furnished,2,5.2,67.55
Pune,Prime,Builder Floor,1400,3,3,7,0,Semi-furnished,3,0.4,180.17
Jaipur,Mid-range,Apartment,1356,3,2,25,21,Semi-furnished,2,0.2,65.68
Bengaluru,Prime,Apartment,1477,3,2,25,8,Furnished,1,1.0,166.85
Kolkata,Prime,Independent House,1830,3,3,1,2,Semi-furnished,1,0.2,228.45
Kochi,Suburban,Independent House,896,1,1,19,2,Unfurnished,2,3.1,39.4
Kochi,Prime,Apartment,1405,3,3,8,18,Unfurnished,2,2.4,151.99
Hyderabad,Suburban,Apartment,1466,3,4,9,22,Semi-furnished,0,0.8,82.0
Hyderabad,Mid-range,Villa,1409,2,1,30,1,Semi-furnished,1,8.4,86.04
Ahmedabad,Suburban,Apartment,1441,3,4,25,17,Semi-furnished,0,12.5,41.09
Lucknow,Mid-range,Apartment,1521,3,2,1,17,Semi-furnished,1,0.8,83.42
Bengaluru,Prime,Apartment,750,1,1,15,8,Semi-furnished,0,2.8,89.44
Coimbatore,Mid-range,Apartment,1862,4,3,10,10,Unfurnished,1,2.1,107.16
Kolkata,Prime,Apartment,1466,3,4,6,0,Semi-furnished,0,11.1,123.9
Delhi NCR,Mid-range,Apartment,1423,3,4,11,1,Semi-furnished,0,2.1,166.31
Hyderabad,Mid-range,Independent House,1965,3,2,12,2,Furnished,2,1.8,171.66
Mumbai,Prime,Apartment,1091,2,3,7,11,Furnished,1,8.4,385.88
Coimbatore,Suburban,Independent House,1918,3,2,17,0,Semi-furnished,1,5.9,63.39
Chennai,Mid-range,Villa,2190,4,4,13,0,Unfurnished,3,1.9,196.82
Mumbai,Mid-range,Independent House,845,1,1,19,0,Semi-furnished,1,7.6,151.63
Kochi,Prime,Apartment,1144,2,1,4,2,Semi-furnished,1,0.4,122.99
Jaipur,Suburban,Apartment,892,2,2,14,0,Furnished,2,1.7,37.37
Mumbai,Mid-range,Independent House,1332,2,2,18,0,Unfurnished,1,0.6,263.08
Delhi NCR,Prime,Apartment,1964,4,4,26,6,Semi-furnished,1,1.7,286.09
Mumbai,Mid-range,Villa,1363,2,1,4,2,Unfurnished,2,2.1,422.3
Bengaluru,Prime,Apartment,1077,2,3,14,23,Semi-furnished,1,0.3,150.0
Lucknow,Mid-range,Apartment,569,1,1,4,10,Semi-furnished,0,1.9,26.95
Pune,Mid-range,Apartment,677,1,1,7,0,Semi-furnished,2,17.2,58.53
Chennai,Prime,Independent House,1480,2,1,15,0,Semi-furnished,1,1.9,162.06
Pune,Prime,Apartment,1421,3,3,26,7,Semi-furnished,1,2.3,137.79
Chennai,Mid-range,Builder Floor,1058,2,1,4,0,Unfurnished,0,10.8,66.95
Pune,Suburban,Builder Floor,1024,2,1,2,2,Semi-furnished,1,1.0,61.5
Kolkata,Mid-range,Apartment,1775,4,4,20,2,Semi-furnished,2,0.2,122.69
Coimbatore,Mid-range,Apartment,1060,2,3,14,11,Unfurnished,1,1.7,57.23
Pune,Mid-range,Apartment,598,1,2,26,9,Unfurnished,0,0.4,38.57
Mumbai,Mid-range,Builder Floor,1052,2,2,13,1,Unfurnished,1,0.4,199.45
Bengaluru,Suburban,Independent House,1343,2,2,9,0,Semi-furnished,0,0.6,83.66
Jaipur,Mid-range,Apartment,667,1,1,7,6,Semi-furnished,1,3.1,37.4
Mumbai,Prime,Apartment,1396,3,4,15,6,Semi-furnished,0,3.7,454.35
Kochi,Suburban,Independent House,2051,3,4,4,1,Unfurnished,2,8.2,95.86
Mumbai,Mid-range,Apartment,1544,3,4,6,2,Furnished,1,16.1,327.74
Jaipur,Suburban,Independent House,1546,3,2,21,0,Semi-furnished,0,1.4,44.63
Kochi,Suburban,Apartment,1139,2,2,9,5,Semi-furnished,2,2.7,54.49
Kolkata,Prime,Apartment,2314,5,5,29,9,Semi-furnished,1,10.5,138.59
Chennai,Mid-range,Apartment,1480,3,3,0,18,Unfurnished,1,1.2,135.91
Bengaluru,Prime,Independent House,1415,2,3,0,0,Semi-furnished,1,9.1,209.04
Ahmedabad,Mid-range,Builder Floor,1053,2,2,25,1,Semi-furnished,1,4.5,48.72
Kolkata,Suburban,Apartment,1993,4,3,3,1,Unfurnished,1,0.7,92.73
Bengaluru,Mid-range,Apartment,1915,4,5,12,19,Semi-furnished,2,3.6,171.33
Ahmedabad,Suburban,Builder Floor,1877,4,4,0,0,Semi-furnished,2,1.0,83.84
Hyderabad,Prime,Apartment,1058,2,2,15,16,Unfurnished,3,3.0,117.51
Delhi NCR,Prime,Apartment,1550,3,3,21,6,Unfurnished,1,6.5,221.36
Bengaluru,Prime,Apartment,1733,4,4,24,11,Semi-furnished,2,0.2,208.72
Bengaluru,Mid-range,Apartment,2128,5,6,17,12,Unfurnished,0,3.1,184.37
Jaipur,Suburban,Apartment,526,1,1,1,15,Furnished,1,3.8,22.81
Hyderabad,Mid-range,Apartment,1290,2,3,30,25,Unfurnished,0,2.2,70.39
Coimbatore,Suburban,Apartment,1423,3,3,15,23,Semi-furnished,0,0.5,52.13
Hyderabad,Mid-range,Apartment,1420,3,4,18,9,Unfurnished,2,1.4,107.12
Hyderabad,Mid-range,Apartment,1870,4,4,2,14,Semi-furnished,2,0.2,166.24
Bengaluru,Suburban,Apartment,930,2,3,24,12,Unfurnished,3,10.0,58.08
Kochi,Suburban,Independent House,866,1,1,20,0,Furnished,1,11.3,34.33
Lucknow,Suburban,Builder Floor,527,1,1,4,1,Unfurnished,1,5.2,20.05
Pune,Prime,Builder Floor,923,2,3,16,2,Unfurnished,1,0.3,102.92
Kolkata,Suburban,Independent House,1259,2,3,15,0,Semi-furnished,1,9.8,50.23
Chennai,Suburban,Apartment,1404,3,4,25,22,Semi-furnished,0,3.3,56.39
Mumbai,Mid-range,Independent House,1966,3,3,12,2,Semi-furnished,3,0.4,414.55
Delhi NCR,Mid-range,Apartment,1232,2,3,21,17,Semi-furnished,2,5.3,124.44
Mumbai,Mid-range,Apartment,1960,4,4,10,19,Semi-furnished,1,2.6,412.98
Chennai,Prime,Apartment,1784,4,3,5,14,Unfurnished,2,8.9,202.09
Pune,Mid-range,Apartment,1022,2,2,25,21,Semi-furnished,1,8.1,70.64
Kochi,Prime,Apartment,592,1,1,6,14,Semi-furnished,1,1.2,66.58
Hyderabad,Prime,Builder Floor,1253,2,2,25,0,Furnished,1,0.4,119.51
Lucknow,Suburban,Builder Floor,1175,2,2,23,2,Furnished,1,3.7,35.18
Chennai,Mid-range,Apartment,1072,2,1,23,8,Semi-furnished,1,3.5,68.53
Coimbatore,Mid-range,Apartment,568,1,1,21,8,Unfurnished,2,1.7,32.0
Hyderabad,Prime,Independent House,1728,3,2,29,0,Semi-furnished,3,5.8,154.73
Lucknow,Mid-range,Apartment,1115,2,2,21,7,Semi-furnished,2,7.7,45.31
Mumbai,Suburban,Builder Floor,786,1,1,15,2,Semi-furnished,1,2.2,108.14
Jaipur,Mid-range,Apartment,1045,2,3,21,4,Semi-furnished,1,2.7,44.78
Pune,Mid-range,Apartment,815,1,1,9,7,Unfurnished,1,3.7,64.91
Coimbatore,Suburban,Builder Floor,1906,4,3,11,2,Semi-furnished,1,1.5,65.53
Delhi NCR,Mid-range,Apartment,837,1,2,22,24,Semi-furnished,1,2.7,89.51
Mumbai,Suburban,Apartment,1255,3,2,14,23,Semi-furnished,1,0.2,188.89
Kochi,Mid-range,Apartment,1068,2,2,28,8,Furnished,1,0.9,57.05
Lucknow,Mid-range,Apartment,1440,3,2,2,17,Semi-furnished,1,0.2,81.2
Delhi NCR,Prime,Builder Floor,1764,4,3,20,1,Unfurnished,2,2.2,237.11
Lucknow,Suburban,Apartment,1030,2,2,8,18,Unfurnished,3,5.2,40.28
Hyderabad,Mid-range,Apartment,529,1,1,18,19,Semi-furnished,1,1.3,38.59
Hyderabad,Suburban,Apartment,1531,3,3,28,19,Semi-furnished,2,2.0,76.45
Bengaluru,Mid-range,Apartment,1813,4,4,17,4,Semi-furnished,0,18.8,127.13
Coimbatore,Suburban,Apartment,745,1,1,22,20,Semi-furnished,2,7.0,31.09
Lucknow,Prime,Builder Floor,1429,3,3,12,0,Furnished,0,7.9,85.92
Chennai,Prime,Villa,1931,3,4,3,2,Unfurnished,1,2.0,303.74
Chennai,Mid-range,Apartment,1421,3,4,23,23,Unfurnished,2,11.1,82.92
Chennai,Mid-range,Builder Floor,1166,3,3,25,1,Unfurnished,1,6.0,63.52
Mumbai,Mid-range,Apartment,1549,3,2,28,11,Furnished,1,0.3,280.95
Kolkata,Suburban,Apartment,1884,4,4,7,2,Furnished,2,1.8,107.09
Jaipur,Suburban,Apartment,929,2,1,12,18,Unfurnished,0,8.7,26.2
Mumbai,Mid-range,Builder Floor,1151,2,2,18,1,Semi-furnished,1,5.7,196.8
Jaipur,Suburban,Apartment,1428,3,4,3,5,Furnished,1,7.4,55.44
Jaipur,Prime,Independent House,2386,4,4,26,2,Semi-furnished,0,6.8,137.28
Lucknow,Prime,Apartment,1061,2,2,23,23,Furnished,0,3.2,64.05
Bengaluru,Suburban,Builder Floor,1075,2,3,30,0,Semi-furnished,1,0.2,48.66
Mumbai,Mid-range,Apartment,1011,2,2,23,24,Semi-furnished,1,3.9,191.66
Kolkata,Mid-range,Apartment,1122,2,2,29,5,Unfurnished,1,9.8,50.86
Coimbatore,Mid-range,Apartment,1429,3,2,9,19,Semi-furnished,2,13.8,80.94
Coimbatore,Prime,Apartment,1419,3,4,0,24,Semi-furnished,0,3.0,125.67
Chennai,Suburban,Apartment,1171,2,3,16,13,Semi-furnished,2,2.0,65.99
Ahmedabad,Suburban,Apartment,1209,2,2,7,7,Unfurnished,1,1.8,48.7
Kolkata,Suburban,Builder Floor,1415,3,2,6,1,Semi-furnished,0,2.9,64.0
Lucknow,Suburban,Independent House,732,1,1,26,0,Semi-furnished,1,2.0,24.01
Ahmedabad,Prime,Apartment,1501,3,3,7,4,Unfurnished,1,1.8,115.03
Pune,Mid-range,Apartment,1513,3,3,27,19,Semi-furnished,1,0.5,103.06
Hyderabad,Mid-range,Apartment,1065,2,2,4,7,Semi-furnished,2,6.0,87.64
Chennai,Suburban,Apartment,708,1,1,14,9,Semi-furnished,1,5.9,37.84
Jaipur,Suburban,Apartment,1628,3,3,23,7,Furnished,1,4.0,44.94
Hyderabad,Mid-range,Apartment,1772,4,3,20,12,Unfurnished,2,0.3,110.63
Ahmedabad,Suburban,Apartment,1105,2,2,26,12,Unfurnished,0,2.9,31.14
Chennai,Mid-range,Builder Floor,1525,3,3,11,0,Furnished,1,9.9,115.37
Coimbatore,Mid-range,Independent House,2019,3,2,17,2,Semi-furnished,1,0.4,115.57
Delhi NCR,Prime,Apartment,1444,3,3,14,13,Semi-furnished,1,1.7,252.35
Pune,Prime,Independent House,1941,3,4,20,1,Unfurnished,1,1.1,215.68
Pune,Mid-range,Villa,627,1,1,28,2,Semi-furnished,0,3.3,45.38
Kolkata,Mid-range,Apartment,1058,2,2,8,16,Furnished,1,6.3,69.89
Delhi NCR,Mid-range,Apartment,1071,2,2,11,23,Semi-furnished,2,3.5,129.01
Delhi NCR,Suburban,Apartment,1104,2,2,11,19,Semi-furnished,1,0.4,92.66
Kochi,Prime,Apartment,1089,2,1,22,23,Semi-furnished,1,0.2,92.65
Jaipur,Mid-range,Independent House,2004,3,4,26,2,Unfurnished,0,1.1,82.07
Kolkata,Suburban,Builder Floor,626,1,1,29,2,Unfurnished,2,1.0,25.75
Kochi,Mid-range,Apartment,1546,3,3,2,17,Unfurnished,1,8.8,102.89
Kochi,Mid-range,Apartment,1126,2,2,20,0,Semi-furnished,1,2.0,68.36
Hyderabad,Suburban,Apartment,1508,3,3,16,6,Unfurnished,1,1.6,77.36
Mumbai,Mid-range,Apartment,971,2,1,12,15,Unfurnished,1,0.4,216.06
Delhi NCR,Mid-range,Builder Floor,2234,5,6,19,2,Semi-furnished,1,11.1,205.51
Pune,Suburban,Apartment,1073,2,3,16,25,Furnished,0,2.4,58.01
Kochi,Suburban,Builder Floor,2012,4,3,11,1,Semi-furnished,1,1.4,90.47
Coimbatore,Mid-range,Apartment,1086,2,1,27,21,Unfurnished,1,8.1,41.16
Pune,Suburban,Apartment,606,1,1,8,24,Semi-furnished,2,3.4,44.38
Kolkata,Mid-range,Apartment,1243,2,2,1,19,Unfurnished,0,12.2,82.05
Hyderabad,Mid-range,Apartment,1328,3,2,6,18,Semi-furnished,1,2.6,101.12
Lucknow,Mid-range,Apartment,1535,3,4,11,20,Semi-furnished,1,8.6,67.16
Pune,Mid-range,Apartment,787,1,2,3,16,Furnished,1,4.8,73.9
Bengaluru,Prime,Villa,1839,3,2,5,0,Unfurnished,1,1.0,316.86
Lucknow,Suburban,Builder Floor,1219,2,1,12,0,Semi-furnished,2,1.1,40.31
Coimbatore,Suburban,Apartment,1597,3,4,15,13,Furnished,1,0.2,60.54
Pune,Mid-range,Apartment,779,1,2,14,21,Unfurnished,2,3.6,65.41
Coimbatore,Mid-range,Builder Floor,1167,2,3,21,0,Unfurnished,1,0.2,57.53
Mumbai,Suburban,Independent House,1250,2,2,11,0,Unfurnished,1,0.8,187.91
Lucknow,Mid-range,Apartment,567,1,1,1,1,Unfurnished,1,2.5,26.66
Lucknow,Suburban,Independent House,652,1,2,25,2,Semi-furnished,0,7.3,17.05
Bengaluru,Mid-range,Apartment,2342,5,5,6,19,Semi-furnished,2,8.5,217.61
Ahmedabad,Mid-range,Apartment,1357,3,3,18,11,Semi-furnished,2,0.7,63.84
Mumbai,Mid-range,Apartment,1217,2,1,12,8,Furnished,2,0.4,299.72
Kochi,Mid-range,Apartment,1500,3,3,26,16,Unfurnished,0,7.9,68.92
Hyderabad,Prime,Independent House,1402,2,1,27,0,Semi-furnished,1,6.4,139.25
Jaipur,Suburban,Apartment,686,1,1,1,3,Semi-furnished,0,0.3,22.09
Bengaluru,Mid-range,Apartment,645,1,1,30,6,Unfurnished,1,4.1,45.04
Chennai,Suburban,Independent House,1171,2,2,2,2,Unfurnished,0,0.7,70.6
Kochi,Suburban,Apartment,1782,4,4,13,21,Furnished,0,2.4,89.33
Mumbai,Mid-range,Apartment,1209,2,2,17,11,Unfurnished,1,1.2,279.35
Chennai,Suburban,Builder Floor,1567,3,4,20,2,Unfurnished,1,1.9,58.23
Hyderabad,Prime,Apartment,1432,3,3,13,23,Semi-furnished,2,7.3,157.65
Hyderabad,Suburban,Villa,1869,3,2,15,2,Furnished,1,18.0,107.57
Coimbatore,Suburban,Apartment,1049,2,1,27,2,Semi-furnished,2,1.8,31.17
Delhi NCR,Mid-range,Apartment,1007,2,1,20,6,Semi-furnished,2,4.0,108.85
Pune,Mid-range,Builder Floor,1143,2,2,14,1,Semi-furnished,2,10.2,90.41
Mumbai,Prime,Independent House,1436,2,2,10,2,Semi-furnished,1,3.1,469.67
Delhi NCR,Suburban,Apartment,989,2,3,23,6,Unfurnished,2,7.9,62.23
Hyderabad,Prime,Builder Floor,980,2,3,8,1,Unfurnished,2,1.2,112.69
Lucknow,Mid-range,Apartment,631,1,1,25,8,Furnished,1,4.0,27.76
Delhi NCR,Prime,Apartment,604,1,2,4,13,Semi-furnished,0,6.0,112.57
Kolkata,Mid-range,Apartment,690,1,1,19,19,Unfurnished,0,0.8,36.61
Kochi,Mid-range,Builder Floor,1050,2,2,23,2,Unfurnished,1,1.7,53.52
Jaipur,Mid-range,Apartment,650,1,1,22,12,Semi-furnished,2,3.2,30.35
Delhi NCR,Mid-range,Apartment,1076,2,2,17,14,Semi-furnished,1,8.0,108.94
Bengaluru,Suburban,Apartment,1116,2,3,24,23,Unfurnished,1,2.2,62.31
Hyderabad,Mid-range,Builder Floor,1924,4,3,23,2,Unfurnished,0,3.1,103.45
Ahmedabad,Mid-range,Apartment,1113,2,1,29,25,Furnished,1,0.6,56.4
Kolkata,Prime,Apartment,1221,2,1,12,16,Furnished,3,0.6,154.32
Bengaluru,Suburban,Apartment,1431,3,3,20,12,Unfurnished,2,1.0,91.07
Hyderabad,Mid-range,Apartment,1172,2,2,18,23,Furnished,2,12.6,85.44
Jaipur,Suburban,Apartment,589,1,1,25,13,Unfurnished,2,4.1,23.04
Kolkata,Suburban,Villa,2001,3,3,5,1,Unfurnished,1,5.0,106.03
Lucknow,Suburban,Apartment,2161,5,5,11,1,Semi-furnished,0,2.5,63.99
Jaipur,Suburban,Apartment,2237,5,6,3,8,Semi-furnished,0,1.8,90.48
Coimbatore,Suburban,Builder Floor,1014,2,1,0,1,Unfurnished,0,0.5,37.0
Pune,Prime,Builder Floor,1811,4,4,15,0,Semi-furnished,2,3.8,182.37
Lucknow,Mid-range,Apartment,1022,2,2,7,8,Unfurnished,0,0.2,49.33
Lucknow,Suburban,Apartment,1889,4,3,12,17,Semi-furnished,1,4.7,62.22
Chennai,Mid-range,Villa,1879,3,3,17,0,Semi-furnished,2,1.4,178.0
Lucknow,Mid-range,Apartment,1442,3,3,4,12,Furnished,2,0.3,85.18
Ahmedabad,Mid-range,Builder Floor,1196,2,2,10,0,Semi-furnished,1,9.9,52.83
Ahmedabad,Mid-range,Villa,874,1,1,4,0,Semi-furnished,1,1.0,66.99
Pune,Mid-range,Builder Floor,1161,2,3,9,0,Unfurnished,2,1.9,91.73
Kochi,Suburban,Apartment,1500,3,3,21,11,Unfurnished,0,1.2,53.05
Delhi NCR,Prime,Apartment,1744,4,4,21,0,Unfurnished,1,13.3,220.56
Kolkata,Mid-range,Independent House,1868,3,4,5,0,Semi-furnished,0,0.9,145.74
Lucknow,Mid-range,Builder Floor,1265,2,3,20,2,Unfurnished,1,17.1,45.76
Lucknow,Mid-range,Apartment,1094,2,2,24,20,Unfurnished,1,2.5,42.49
Bengaluru,Suburban,Apartment,585,1,1,10,5,Furnished,1,7.8,44.88
Mumbai,Mid-range,Apartment,1180,2,2,2,13,Semi-furnished,1,0.4,295.82
Mumbai,Suburban,Independent House,1931,3,3,1,0,Semi-furnished,0,5.2,330.5
Jaipur,Mid-range,Apartment,1119,2,1,10,24,Furnished,1,5.4,53.68
Jaipur,Mid-range,Apartment,1719,4,4,5,24,Unfurnished,1,2.1,94.71
Chennai,Mid-range,Apartment,1231,2,2,25,7,Unfurnished,1,1.5,73.05
Coimbatore,Mid-range,Independent House,954,1,1,12,1,Semi-furnished,2,2.2,59.76
Mumbai,Mid-range,Apartment,996,2,3,1,8,Furnished,1,6.7,237.53
Ahmedabad,Mid-range,Independent House,838,1,2,28,1,Unfurnished,1,6.7,36.01
Kolkata,Prime,Apartment,1478,3,3,7,24,Unfurnished,1,0.5,150.99
Delhi NCR,Suburban,Builder Floor,1775,4,4,15,1,Furnished,2,1.4,137.05
Jaipur,Suburban,Apartment,801,1,1,13,1,Semi-furnished,2,8.2,32.41
Jaipur,Prime,Independent House,1754,3,3,8,0,Semi-furnished,1,1.8,151.61
Lucknow,Suburban,Apartment,560,1,1,2,13,Furnished,3,1.9,33.49
Jaipur,Mid-range,Apartment,1417,3,3,5,3,Semi-furnished,0,1.9,66.75
Lucknow,Prime,Apartment,637,1,2,14,8,Semi-furnished,1,5.0,44.53
Bengaluru,Mid-range,Builder Floor,606,1,2,22,2,Unfurnished,2,2.6,44.76
Kolkata,Suburban,Independent House,1934,3,3,17,0,Furnished,2,1.4,87.15
Kolkata,Suburban,Apartment,1282,2,2,6,22,Furnished,1,5.1,61.7
Coimbatore,Mid-range,Villa,1358,2,1,22,1,Semi-furnished,1,0.2,71.65
Hyderabad,Mid-range,Independent House,1332,2,2,1,2,Semi-furnished,1,1.6,121.71
Ahmedabad,Mid-range,Independent House,1828,3,3,11,1,Unfurnished,0,3.8,91.5
Ahmedabad,Mid-range,Independent House,1742,3,2,3,1,Unfurnished,1,2.9,110.46
Bengaluru,Mid-range,Independent House,1310,2,2,17,1,Unfurnished,1,5.7,110.86
Chennai,Suburban,Apartment,1492,3,4,9,3,Semi-furnished,2,14.7,84.09
Jaipur,Mid-range,Independent House,1460,2,3,18,0,Semi-furnished,2,2.6,80.52
Kolkata,Mid-range,Apartment,1339,3,3,9,4,Furnished,1,0.8,90.04
Kolkata,Mid-range,Apartment,1006,2,2,7,14,Furnished,2,6.7,73.18
Jaipur,Mid-range,Villa,1614,3,3,26,1,Furnished,0,3.7,70.58
Bengaluru,Mid-range,Apartment,565,1,1,5,2,Unfurnished,0,3.5,48.24
Delhi NCR,Mid-range,Builder Floor,1477,3,3,21,0,Unfurnished,2,2.7,136.53
Hyderabad,Mid-range,Apartment,729,1,2,9,25,Semi-furnished,1,3.5,59.2
Bengaluru,Prime,Apartment,1199,2,2,22,24,Furnished,2,3.8,166.65
Delhi NCR,Suburban,Apartment,1392,3,2,11,16,Furnished,2,0.3,134.06
Delhi NCR,Mid-range,Independent House,1751,3,3,17,0,Furnished,2,0.5,205.5
Jaipur,Mid-range,Builder Floor,831,1,1,20,0,Unfurnished,1,9.0,32.11
Chennai,Mid-range,Builder Floor,1093,2,1,18,2,Semi-furnished,1,6.8,72.29
Pune,Mid-range,Apartment,1449,3,4,12,12,Unfurnished,0,9.9,94.08
Bengaluru,Mid-range,Apartment,534,1,1,27,21,Unfurnished,1,3.4,37.28
Kochi,Suburban,Apartment,1868,4,3,0,11,Unfurnished,2,4.2,85.45
Hyderabad,Mid-range,Apartment,1528,3,3,29,7,Semi-furnished,0,0.7,77.74
Delhi NCR,Suburban,Villa,1343,2,1,1,1,Semi-furnished,0,4.5,134.95
Coimbatore,Suburban,Apartment,1380,3,2,21,24,Semi-furnished,2,2.0,50.26
Hyderabad,Prime,Apartment,1058,2,3,27,20,Semi-furnished,1,2.3,101.41
Mumbai,Suburban,Apartment,1155,2,1,19,5,Unfurnished,1,11.6,124.34
Bengaluru,Mid-range,Villa,1198,2,1,29,2,Semi-furnished,1,0.2,101.37
Jaipur,Prime,Independent House,1811,3,2,26,1,Semi-furnished,0,0.2,107.7
Hyderabad,Mid-range,Apartment,1771,4,5,18,23,Semi-furnished,1,0.4,125.78
Lucknow,Suburban,Independent House,1406,2,2,10,1,Semi-furnished,2,2.7,54.28
Lucknow,Prime,Independent House,761,1,1,0,1,Furnished,2,6.4,70.8
Coimbatore,Prime,Apartment,1500,3,3,21,7,Semi-furnished,1,6.8,87.93
Coimbatore,Mid-range,Builder Floor,1472,3,3,30,1,Semi-furnished,1,3.7,57.15
Kochi,Suburban,Apartment,1470,3,4,7,5,Unfurnished,2,3.6,72.91
Delhi NCR,Suburban,Builder Floor,1870,4,4,18,2,Semi-furnished,1,1.4,115.12
Kolkata,Mid-range,Apartment,984,2,2,12,3,Semi-furnished,0,2.3,59.51
Lucknow,Suburban,Apartment,1860,4,3,28,15,Furnished,2,10.3,52.35
Hyderabad,Prime,Independent House,1723,3,4,24,1,Semi-furnished,0,4.1,172.83
Bengaluru,Prime,Apartment,1417,3,4,27,19,Furnished,3,6.1,172.21
Jaipur,Mid-range,Apartment,677,1,1,24,10,Furnished,1,0.2,32.4
Kochi,Mid-range,Apartment,698,1,1,29,8,Unfurnished,0,3.4,32.26
Mumbai,Mid-range,Apartment,924,2,2,14,7,Unfurnished,3,10.9,183.43
Kochi,Mid-range,Apartment,1425,3,3,8,17,Unfurnished,0,16.0,85.07
Jaipur,Prime,Apartment,1170,2,2,13,25,Semi-furnished,2,3.2,83.9
Pune,Suburban,Apartment,641,1,1,1,10,Furnished,2,0.6,47.4
Pune,Mid-range,Apartment,1111,2,2,30,22,Semi-furnished,1,5.1,67.98
Chennai,Suburban,Villa,1530,2,2,24,1,Unfurnished,3,2.4,87.94
Kochi,Mid-range,Apartment,1008,2,2,25,2,Unfurnished,1,0.8,57.35
Mumbai,Mid-range,Apartment,1120,2,3,14,2,Semi-furnished,1,2.2,244.1
Ahmedabad,Suburban,Builder Floor,2143,5,4,21,2,Unfurnished,2,1.1,61.99
Kochi,Suburban,Apartment,601,1,1,9,3,Unfurnished,1,2.2,31.21
Bengaluru,Suburban,Apartment,1105,2,3,8,16,Unfurnished,1,3.1,70.42
Hyderabad,Mid-range,Apartment,1136,2,3,30,11,Furnished,0,4.6,63.74
Ahmedabad,Mid-range,Apartment,1453,3,3,28,0,Semi-furnished,1,10.1,54.07
Ahmedabad,Suburban,Builder Floor,1812,4,5,25,0,Semi-furnished,0,2.1,53.12
Kolkata,Mid-range,Apartment,1965,4,5,1,6,Unfurnished,1,3.8,130.22
Jaipur,Mid-range,Apartment,1097,2,2,22,19,Unfurnished,2,10.1,45.66
Hyderabad,Mid-range,Apartment,1031,2,2,6,1,Furnished,2,5.2,85.54
Jaipur,Suburban,Independent House,1961,3,2,28,0,Semi-furnished,3,1.5,60.97
Kochi,Mid-range,Villa,1514,2,1,20,1,Semi-furnished,1,3.1,111.34
Mumbai,Prime,Independent House,1422,2,1,22,0,Unfurnished,2,5.8,409.9
Delhi NCR,Mid-range,Apartment,2174,5,5,16,17,Unfurnished,2,3.0,236.03
Coimbatore,Prime,Apartment,1398,3,3,1,5,Semi-furnished,1,3.1,126.31
Bengaluru,Suburban,Independent House,1226,2,3,8,1,Semi-furnished,0,2.9,78.08
Ahmedabad,Suburban,Apartment,1329,3,3,21,6,Semi-furnished,1,8.6,44.8
Hyderabad,Suburban,Apartment,1150,2,2,7,3,Semi-furnished,1,4.0,71.31
Chennai,Mid-range,Apartment,1561,3,2,15,22,Semi-furnished,2,16.3,103.72
Mumbai,Mid-range,Builder Floor,606,1,1,5,0,Semi-furnished,2,4.8,144.23
Kochi,Prime,Apartment,995,2,2,24,24,Semi-furnished,1,2.5,82.39
Chennai,Prime,Independent House,1857,3,4,10,0,Semi-furnished,1,3.1,252.59
Jaipur,Suburban,Apartment,1477,3,4,22,15,Semi-furnished,2,9.3,49.26
Pune,Prime,Apartment,1985,4,5,10,0,Semi-furnished,0,1.3,233.92
Mumbai,Suburban,Builder Floor,1125,2,2,30,1,Furnished,1,6.8,126.83
Ahmedabad,Prime,Apartment,965,2,2,24,15,Furnished,1,2.8,79.26
Lucknow,Suburban,Apartment,1478,3,2,3,25,Semi-furnished,1,0.7,55.25
Jaipur,Mid-range,Independent House,1563,2,1,15,1,Unfurnished,1,2.8,72.05
Ahmedabad,Suburban,Builder Floor,1230,2,2,21,0,Unfurnished,2,1.5,42.33
Delhi NCR,Mid-range,Independent House,1787,3,4,27,2,Semi-furnished,2,1.9,180.03
Coimbatore,Suburban,Builder Floor,1044,2,1,15,2,Semi-furnished,1,8.2,34.57
Bengaluru,Suburban,Independent House,1282,2,1,0,0,Unfurnished,1,0.4,82.11
Bengaluru,Mid-range,Independent House,1423,2,1,1,2,Semi-furnished,1,0.5,152.72
Coimbatore,Suburban,Builder Floor,1502,3,3,20,0,Semi-furnished,2,4.1,54.06
Ahmedabad,Suburban,Builder Floor,1573,3,3,23,0,Semi-furnished,1,0.9,48.41
Pune,Mid-range,Builder Floor,1600,3,3,13,1,Furnished,2,1.9,114.98
Chennai,Suburban,Apartment,1346,3,3,13,14,Semi-furnished,1,7.3,63.91
Delhi NCR,Prime,Independent House,1324,2,3,21,0,Unfurnished,1,5.1,192.1
Jaipur,Suburban,Apartment,1487,3,4,24,14,Unfurnished,3,10.9,51.36
Delhi NCR,Suburban,Apartment,1394,3,4,7,12,Semi-furnished,1,8.5,111.8
Kochi,Mid-range,Independent House,1241,2,3,16,1,Semi-furnished,1,0.9,83.86
Kolkata,Mid-range,Apartment,1427,3,3,21,20,Semi-furnished,1,11.4,80.05
Chennai,Suburban,Apartment,714,1,1,11,7,Semi-furnished,1,6.7,34.04
Hyderabad,Prime,Apartment,494,1,1,27,9,Semi-furnished,2,4.2,51.2
Chennai,Mid-range,Builder Floor,1006,2,2,22,2,Furnished,1,0.3,66.6
Coimbatore,Mid-range,Independent House,1171,2,3,11,2,Semi-furnished,1,11.3,69.56
Delhi NCR,Suburban,Apartment,1054,2,2,16,9,Semi-furnished,1,0.2,79.17
Kochi,Mid-range,Builder Floor,676,1,1,9,0,Semi-furnished,1,2.2,43.22
Hyderabad,Prime,Builder Floor,1488,3,2,8,1,Unfurnished,1,3.3,171.31
Hyderabad,Mid-range,Apartment,1079,2,2,8,5,Semi-furnished,0,1.9,86.93
Ahmedabad,Suburban,Builder Floor,1078,2,3,27,1,Unfurnished,2,1.4,38.83
Kochi,Mid-range,Apartment,659,1,2,17,13,Unfurnished,1,1.0,42.24
Chennai,Suburban,Apartment,1245,2,3,15,21,Unfurnished,1,1.2,62.96
Jaipur,Mid-range,Villa,1783,3,2,18,2,Furnished,3,8.0,114.12
Coimbatore,Mid-range,Independent House,2373,4,4,9,0,Furnished,1,2.3,143.11
Delhi NCR,Suburban,Apartment,1615,3,2,5,21,Unfurnished,1,4.9,134.11
Hyderabad,Prime,Apartment,923,2,2,26,9,Semi-furnished,1,5.8,85.88
Chennai,Suburban,Apartment,1462,3,4,3,14,Unfurnished,0,5.3,75.31
Mumbai,Mid-range,Apartment,485,1,1,28,22,Semi-furnished,2,1.5,86.46
Lucknow,Suburban,Apartment,1497,3,3,4,12,Furnished,0,9.5,46.22
Jaipur,Mid-range,Apartment,724,1,1,21,16,Semi-furnished,1,8.7,30.53
Coimbatore,Suburban,Builder Floor,1451,3,3,19,0,Furnished,1,2.5,54.44
Chennai,Mid-range,Villa,1860,3,3,25,1,Semi-furnished,2,1.9,146.58
Coimbatore,Suburban,Apartment,1624,3,4,23,7,Unfurnished,0,2.5,45.86
Coimbatore,Suburban,Villa,855,1,1,20,1,Semi-furnished,1,8.8,34.66
Pune,Prime,Builder Floor,904,2,2,7,2,Furnished,1,13.1,110.72
Coimbatore,Mid-range,Independent House,1362,2,2,28,2,Furnished,1,6.3,57.32
Jaipur,Prime,Apartment,1518,3,3,10,11,Semi-furnished,2,1.7,121.32
Kolkata,Mid-range,Builder Floor,890,2,2,14,2,Semi-furnished,1,5.8,47.88
Mumbai,Suburban,Apartment,944,2,3,17,19,Semi-furnished,1,4.0,125.97
Delhi NCR,Suburban,Apartment,1183,2,1,24,11,Furnished,1,0.3,79.13
Coimbatore,Prime,Apartment,1069,2,2,0,11,Semi-furnished,1,2.6,102.67
Jaipur,Suburban,Apartment,1387,3,4,6,5,Unfurnished,2,6.1,52.02
Pune,Mid-range,Apartment,1043,2,2,14,6,Unfurnished,1,4.6,69.87
Coimbatore,Prime,Apartment,962,2,3,6,24,Unfurnished,1,5.9,82.27
Kochi,Suburban,Independent House,1955,3,4,12,0,Semi-furnished,2,3.9,90.34
Kolkata,Suburban,Apartment,694,1,2,0,12,Furnished,0,4.8,33.97
Pune,Suburban,Apartment,2038,5,5,7,8,Unfurnished,3,2.5,115.36
Mumbai,Prime,Builder Floor,1715,4,4,18,1,Unfurnished,0,11.6,442.06
Coimbatore,Suburban,Apartment,1070,2,1,30,20,Unfurnished,1,4.5,27.58
Lucknow,Suburban,Independent House,747,1,1,10,0,Semi-furnished,0,11.3,22.94
Ahmedabad,Mid-range,Apartment,1190,2,2,27,4,Semi-furnished,2,1.1,63.04
Mumbai,Suburban,Apartment,511,1,1,16,19,Furnished,2,13.9,75.35
Chennai,Suburban,Apartment,1447,3,3,9,23,Semi-furnished,0,3.8,85.04
Coimbatore,Mid-range,Apartment,1475,3,3,28,16,Semi-furnished,2,1.1,68.3
Delhi NCR,Suburban,Builder Floor,1417,3,3,24,1,Furnished,0,2.3,88.79
Kolkata,Mid-range,Independent House,1785,3,4,7,1,Semi-furnished,1,6.1,115.16
Delhi NCR,Mid-range,Apartment,1040,2,3,30,3,Semi-furnished,0,2.0,93.81
Pune,Suburban,Apartment,1085,2,2,2,6,Unfurnished,1,2.3,68.8
Coimbatore,Prime,Apartment,1909,4,3,21,18,Semi-furnished,1,3.2,136.96
Bengaluru,Mid-range,Apartment,572,1,1,17,15,Furnished,1,1.0,51.38
Delhi NCR,Suburban,Apartment,1828,4,4,15,2,Unfurnished,0,2.8,112.14
Bengaluru,Mid-range,Apartment,1067,2,1,9,11,Unfurnished,2,6.3,96.54
Delhi NCR,Suburban,Independent House,2288,4,3,29,2,Unfurnished,2,0.2,150.51
Chennai,Mid-range,Apartment,1109,2,1,11,8,Unfurnished,1,2.0,86.91
Hyderabad,Suburban,Apartment,1006,2,3,20,11,Unfurnished,2,0.5,61.22
Hyderabad,Mid-range,Apartment,1039,2,2,21,18,Unfurnished,1,3.1,75.34
Bengaluru,Mid-range,Apartment,1439,3,2,29,14,Furnished,1,0.2,112.29
Kochi,Mid-range,Apartment,1471,3,4,6,11,Semi-furnished,2,1.4,108.11
Mumbai,Suburban,Builder Floor,941,2,3,24,0,Unfurnished,2,1.7,99.09
Hyderabad,Prime,Apartment,1104,2,2,21,13,Unfurnished,1,2.4,115.76
Lucknow,Suburban,Apartment,1046,2,3,0,17,Furnished,2,7.1,50.84
Mumbai,Mid-range,Builder Floor,1483,3,3,17,1,Semi-furnished,1,9.3,248.21
Pune,Mid-range,Independent House,1826,3,3,14,0,Unfurnished,2,0.5,143.34
Chennai,Suburban,Apartment,875,1,1,1,7,Semi-furnished,1,3.4,51.47
Bengaluru,Suburban,Apartment,1259,2,3,22,16,Furnished,2,0.8,70.79
Ahmedabad,Mid-range,Apartment,1051,2,1,12,9,Furnished,1,4.0,58.53
Bengaluru,Suburban,Apartment,1141,2,2,24,15,Semi-furnished,1,0.2,59.17
Coimbatore,Mid-range,Apartment,1546,3,3,29,10,Unfurnished,0,1.9,53.26
Lucknow,Suburban,Apartment,1154,2,1,29,22,Furnished,0,8.8,26.84
Delhi NCR,Prime,Villa,1347,2,2,16,0,Furnished,1,2.0,260.63
Kolkata,Mid-range,Apartment,981,2,3,11,9,Unfurnished,2,8.5,62.49
Coimbatore,Mid-range,Villa,1844,3,3,9,0,Furnished,0,0.8,146.95
Coimbatore,Mid-range,Apartment,547,1,1,4,9,Unfurnished,0,4.8,26.36
Lucknow,Prime,Builder Floor,1961,4,3,22,0,Semi-furnished,0,12.6,102.97
Chennai,Prime,Independent House,1948,3,3,24,0,Furnished,1,0.7,198.53
Coimbatore,Prime,Villa,862,1,1,14,2,Furnished,1,25.0,75.97
Kochi,Mid-range,Apartment,1164,2,2,7,6,Unfurnished,1,0.7,78.81
Coimbatore,Suburban,Builder Floor,1851,4,3,6,0,Unfurnished,1,0.4,61.53
Jaipur,Mid-range,Independent House,1430,2,2,15,2,Semi-furnished,0,1.5,65.97
Coimbatore,Suburban,Apartment,700,1,1,30,1,Furnished,0,1.0,17.42
Delhi NCR,Suburban,Builder Floor,1649,3,4,17,1,Unfurnished,1,1.0,114.4
Kolkata,Mid-range,Apartment,952,2,1,22,13,Semi-furnished,0,5.4,47.72
Mumbai,Mid-range,Apartment,1568,3,3,9,21,Unfurnished,1,0.3,352.78
Mumbai,Mid-range,Apartment,1559,3,3,13,22,Semi-furnished,0,5.1,339.0
Delhi NCR,Prime,Apartment,1399,3,3,27,9,Unfurnished,1,8.1,177.72
Jaipur,Mid-range,Builder Floor,1348,3,3,10,2,Unfurnished,0,6.4,54.89
Mumbai,Mid-range,Apartment,1416,3,3,6,7,Semi-furnished,0,0.6,309.44
Kolkata,Mid-range,Independent House,1381,2,2,22,0,Furnished,1,6.1,82.71
Jaipur,Mid-range,Builder Floor,1335,3,4,1,1,Unfurnished,1,1.8,73.34
Hyderabad,Mid-range,Apartment,1108,2,1,30,7,Semi-furnished,1,6.1,60.35
Chennai,Prime,Builder Floor,1192,2,3,10,1,Furnished,1,2.8,135.0
Lucknow,Prime,Independent House,1784,3,3,23,0,Semi-furnished,1,6.6,107.03
Chennai,Suburban,Independent House,1870,3,2,8,2,Semi-furnished,1,7.8,94.25
Kochi,Suburban,Apartment,1068,2,3,17,24,Semi-furnished,2,8.0,51.75
Bengaluru,Prime,Apartment,1151,2,1,30,13,Semi-furnished,1,9.4,113.78
Jaipur,Suburban,Apartment,1115,2,2,28,13,Unfurnished,1,2.7,32.92
Jaipur,Suburban,Builder Floor,1468,3,4,18,2,Unfurnished,2,0.4,50.34
Chennai,Suburban,Apartment,1043,2,2,13,8,Semi-furnished,1,10.0,46.28
Hyderabad,Mid-range,Apartment,1148,2,2,14,21,Unfurnished,1,9.4,84.16
Hyderabad,Suburban,Apartment,1076,2,3,8,0,Unfurnished,1,1.5,53.89
Ahmedabad,Suburban,Apartment,1574,3,3,19,5,Unfurnished,2,2.1,59.2
Mumbai,Suburban,Apartment,763,1,1,17,4,Unfurnished,1,2.8,118.08
Hyderabad,Prime,Builder Floor,1119,2,1,6,1,Unfurnished,0,4.5,111.36
Kochi,Mid-range,Builder Floor,1130,2,3,15,1,Furnished,2,4.7,74.46
Coimbatore,Suburban,Apartment,1087,2,1,25,23,Semi-furnished,1,21.9,32.3
Mumbai,Prime,Independent House,1324,2,2,6,2,Semi-furnished,2,1.5,490.86
Mumbai,Mid-range,Villa,1661,3,2,23,1,Semi-furnished,1,2.5,377.07
Delhi NCR,Suburban,Villa,2260,4,4,8,2,Unfurnished,1,2.9,224.49
Pune,Mid-range,Apartment,1169,2,2,5,4,Furnished,3,1.3,101.05
Pune,Mid-range,Apartment,1697,4,4,6,0,Semi-furnished,1,5.1,146.8
Pune,Suburban,Builder Floor,478,1,1,10,0,Unfurnished,1,0.8,28.17
Jaipur,Prime,Apartment,1796,4,4,23,8,Semi-furnished,1,8.3,105.26
Jaipur,Prime,Apartment,562,1,1,17,6,Semi-furnished,0,0.5,35.45
Chennai,Suburban,Apartment,496,1,1,2,11,Semi-furnished,1,4.9,30.46
Lucknow,Mid-range,Builder Floor,1192,2,1,13,0,Semi-furnished,1,3.5,50.34
Ahmedabad,Suburban,Apartment,1164,2,3,1,13,Furnished,0,1.4,51.13
Kolkata,Mid-range,Builder Floor,1123,2,1,6,0,Semi-furnished,2,1.6,76.79
Hyderabad,Suburban,Apartment,1791,4,4,28,3,Semi-furnished,2,13.6,64.54
Chennai,Prime,Apartment,1010,2,1,10,15,Semi-furnished,1,4.7,113.14
Jaipur,Mid-range,Villa,1215,2,1,6,2,Unfurnished,1,1.3,79.07
Pune,Mid-range,Apartment,1448,3,3,9,7,Unfurnished,0,9.0,87.65
Bengaluru,Suburban,Apartment,1352,3,3,15,13,Semi-furnished,2,0.5,95.62
Kolkata,Suburban,Apartment,1463,3,3,9,5,Unfurnished,2,1.3,63.57
Coimbatore,Suburban,Villa,894,1,1,0,1,Semi-furnished,2,1.5,52.44
Jaipur,Prime,Builder Floor,1060,2,3,11,2,Unfurnished,0,3.5,64.32
Bengaluru,Mid-range,Villa,1791,3,2,12,0,Unfurnished,1,3.1,190.94
Mumbai,Suburban,Apartment,1449,3,4,12,20,Unfurnished,1,0.2,195.42
Chennai,Prime,Builder Floor,1518,3,2,20,1,Furnished,2,0.3,163.3
Mumbai,Mid-range,Apartment,1456,3,2,0,5,Unfurnished,1,1.4,330.95
Coimbatore,Mid-range,Apartment,1432,3,3,22,11,Furnished,3,5.7,72.75
Jaipur,Suburban,Builder Floor,1419,3,3,30,1,Furnished,1,0.8,40.64
Mumbai,Suburban,Apartment,1502,3,4,8,6,Unfurnished,0,1.6,228.41
Lucknow,Suburban,Villa,1449,2,2,10,1,Unfurnished,1,8.1,56.44
Kochi,Mid-range,Apartment,1625,3,2,22,25,Unfurnished,1,5.0,86.7
Bengaluru,Mid-range,Apartment,1100,2,2,13,18,Unfurnished,0,4.1,94.38
Kolkata,Mid-range,Builder Floor,1197,2,1,21,2,Semi-furnished,0,6.0,54.08
Delhi NCR,Prime,Independent House,2125,4,4,7,1,Semi-furnished,1,0.5,421.93
Delhi NCR,Mid-range,Apartment,1121,2,2,4,19,Semi-furnished,1,2.1,153.68
Bengaluru,Mid-range,Apartment,1519,3,3,10,12,Semi-furnished,0,4.1,126.95
Kolkata,Suburban,Apartment,1281,2,3,20,14,Semi-furnished,1,5.1,54.8
Jaipur,Mid-range,Villa,1388,2,1,6,2,Unfurnished,1,7.2,89.75
Kochi,Prime,Independent House,1840,3,4,8,2,Semi-furnished,0,0.7,185.71
Lucknow,Suburban,Apartment,1123,2,3,15,7,Furnished,2,10.3,46.29
Jaipur,Mid-range,Apartment,1483,3,4,2,7,Furnished,2,0.2,89.1
Mumbai,Suburban,Apartment,1601,3,3,19,23,Semi-furnished,2,16.1,220.97
Coimbatore,Prime,Builder Floor,1510,3,3,30,1,Unfurnished,0,1.8,75.64
Jaipur,Mid-range,Apartment,1249,2,2,28,4,Semi-furnished,1,0.2,49.41
Mumbai,Mid-range,Villa,2820,5,4,20,0,Unfurnished,1,4.9,618.94
Bengaluru,Suburban,Independent House,1235,2,3,8,2,Semi-furnished,2,7.2,83.94
Jaipur,Mid-range,Villa,1470,2,1,4,2,Furnished,1,17.1,87.69
Jaipur,Mid-range,Apartment,790,1,1,2,20,Unfurnished,2,0.6,51.16
Mumbai,Prime,Villa,1755,3,3,22,0,Furnished,2,1.7,614.26
Bengaluru,Prime,Apartment,1281,2,2,30,15,Furnished,1,3.5,138.69
Hyderabad,Mid-range,Independent House,1278,2,3,22,1,Unfurnished,1,0.4,90.66
Chennai,Suburban,Independent House,1819,3,3,3,0,Furnished,2,2.3,114.68
Bengaluru,Mid-range,Independent House,1919,3,3,25,0,Unfurnished,0,2.8,133.91
Jaipur,Mid-range,Independent House,1240,2,1,16,1,Unfurnished,0,4.0,49.69
Chennai,Mid-range,Independent House,1328,2,1,6,1,Semi-furnished,3,0.7,119.27
Mumbai,Mid-range,Apartment,1082,2,2,18,17,Unfurnished,1,11.6,196.07
Mumbai,Mid-range,Apartment,1460,3,4,22,3,Semi-furnished,0,8.1,264.31
Lucknow,Suburban,Independent House,865,1,1,4,1,Semi-furnished,1,4.5,32.89
Lucknow,Mid-range,Apartment,1391,3,3,21,15,Furnished,1,1.3,59.22
Hyderabad,Mid-range,Apartment,1426,3,4,9,6,Unfurnished,2,5.1,112.72
Delhi NCR,Suburban,Apartment,1365,3,3,8,12,Unfurnished,1,1.2,110.02
Hyderabad,Mid-range,Apartment,966,2,1,13,0,Furnished,1,2.6,71.17
Jaipur,Mid-range,Independent House,976,1,1,14,0,Furnished,1,1.8,46.93
Jaipur,Suburban,Apartment,2079,5,5,27,25,Unfurnished,2,0.9,59.28
Kolkata,Suburban,Independent House,1525,2,3,6,1,Furnished,2,1.1,86.32
Coimbatore,Suburban,Apartment,1352,3,2,1,21,Semi-furnished,1,0.2,59.16
Kochi,Mid-range,Apartment,1639,3,2,10,7,Furnished,1,1.1,122.48
Delhi NCR,Mid-range,Builder Floor,1478,3,4,25,2,Unfurnished,1,2.5,120.71
Mumbai,Suburban,Apartment,1539,3,3,1,5,Unfurnished,0,1.4,230.65
Chennai,Mid-range,Apartment,1130,2,1,22,13,Unfurnished,1,0.2,83.69
Kolkata,Suburban,Builder Floor,1796,4,4,8,2,Furnished,1,0.6,88.15
Kochi,Prime,Apartment,542,1,1,19,4,Unfurnished,2,1.3,55.01
Chennai,Suburban,Apartment,1865,4,4,10,25,Semi-furnished,1,0.8,111.42
Bengaluru,Suburban,Builder Floor,1268,2,1,28,0,Unfurnished,2,1.8,60.51
Kochi,Mid-range,Builder Floor,1908,4,3,22,1,Unfurnished,2,5.5,97.29
Bengaluru,Suburban,Builder Floor,1432,3,4,17,2,Semi-furnished,0,0.2,76.3
Delhi NCR,Prime,Apartment,978,2,2,19,9,Unfurnished,1,4.2,140.71
Kolkata,Suburban,Builder Floor,1187,2,3,14,0,Furnished,0,1.1,46.86
Pune,Mid-range,Independent House,780,1,1,11,1,Semi-furnished,1,2.6,70.8
Lucknow,Suburban,Villa,2848,5,5,18,2,Unfurnished,3,6.7,100.82
Pune,Prime,Apartment,1514,3,2,28,0,Unfurnished,1,11.8,131.82
Chennai,Mid-range,Independent House,1447,2,2,5,0,Semi-furnished,2,0.2,126.23
Coimbatore,Prime,Apartment,1348,3,4,30,9,Semi-furnished,1,11.0,66.29
Hyderabad,Prime,Apartment,645,1,2,26,19,Unfurnished,1,1.6,66.78
Pune,Suburban,Apartment,1578,3,3,13,15,Unfurnished,1,8.4,74.4
Hyderabad,Suburban,Builder Floor,607,1,2,26,2,Unfurnished,2,0.3,32.41
Mumbai,Mid-range,Apartment,1186,2,2,3,23,Semi-furnished,2,3.5,290.84
Ahmedabad,Prime,Apartment,1340,3,2,24,0,Unfurnished,1,0.6,86.81
Delhi NCR,Mid-range,Apartment,1134,2,1,10,21,Furnished,1,3.3,129.41
Kolkata,Suburban,Apartment,1170,2,2,11,24,Unfurnished,2,0.2,60.91
Mumbai,Mid-range,Builder Floor,1008,2,3,16,1,Unfurnished,1,0.3,183.64
Jaipur,Mid-range,Apartment,1013,2,3,19,1,Semi-furnished,2,6.1,53.03
Pune,Mid-range,Apartment,1102,2,1,24,17,Semi-furnished,1,6.2,71.03
Mumbai,Mid-range,Apartment,1084,2,2,5,25,Semi-furnished,2,2.5,256.2
Hyderabad,Mid-range,Apartment,1940,4,4,12,25,Unfurnished,1,8.1,140.32
Hyderabad,Prime,Builder Floor,1573,3,4,2,1,Semi-furnished,0,1.9,171.94
Coimbatore,Mid-range,Apartment,1146,2,2,6,16,Unfurnished,1,1.6,64.75
Kochi,Prime,Builder Floor,1972,4,4,23,0,Furnished,0,0.8,160.89
Kolkata,Prime,Builder Floor,987,2,1,7,2,Furnished,3,4.0,113.19
Mumbai,Suburban,Apartment,1465,3,2,29,6,Semi-furnished,1,1.5,158.25
Ahmedabad,Mid-range,Builder Floor,1345,3,2,19,2,Semi-furnished,2,3.6,61.96
Lucknow,Mid-range,Apartment,1152,2,1,30,7,Semi-furnished,1,1.3,39.94
Kochi,Mid-range,Apartment,1065,2,2,8,13,Unfurnished,0,0.2,65.91
Kochi,Suburban,Builder Floor,1458,3,3,14,0,Unfurnished,0,7.2,49.67
Chennai,Mid-range,Apartment,2328,5,5,30,20,Furnished,1,0.9,145.33
Chennai,Suburban,Apartment,1216,2,2,16,5,Semi-furnished,1,8.3,57.68
Pune,Prime,Apartment,582,1,1,17,9,Furnished,1,2.8,71.01
Delhi NCR,Prime,Apartment,1262,3,3,22,4,Unfurnished,2,2.0,178.02
Hyderabad,Mid-range,Apartment,914,2,1,0,9,Furnished,2,5.8,88.3
Chennai,Suburban,Builder Floor,757,1,1,2,1,Semi-furnished,2,5.7,47.4
Coimbatore,Mid-range,Apartment,1133,2,2,18,5,Furnished,0,0.9,61.24
Lucknow,Mid-range,Apartment,1740,4,5,18,18,Semi-furnished,1,0.2,85.39
Kochi,Prime,Apartment,1952,4,3,15,16,Semi-furnished,0,1.2,180.79
Mumbai,Mid-range,Villa,733,1,1,12,2,Unfurnished,1,5.4,178.21
Coimbatore,Mid-range,Builder Floor,900,2,3,6,1,Unfurnished,1,5.1,42.87
Bengaluru,Suburban,Apartment,1474,3,4,11,15,Semi-furnished,1,2.3,91.54
Hyderabad,Mid-range,Independent House,807,1,1,5,0,Semi-furnished,2,3.5,70.58
Coimbatore,Prime,Apartment,1514,3,3,10,3,Unfurnished,1,2.7,111.03
Delhi NCR,Suburban,Builder Floor,1440,3,3,8,0,Unfurnished,1,0.2,129.17
Kochi,Mid-range,Builder Floor,1095,2,2,13,2,Furnished,0,1.7,72.33
Chennai,Suburban,Apartment,1433,3,3,25,16,Furnished,1,1.5,70.09
Kochi,Prime,Apartment,1452,3,3,12,23,Furnished,1,9.1,142.83
Ahmedabad,Mid-range,Apartment,1169,2,3,30,18,Semi-furnished,1,0.9,55.04
Ahmedabad,Mid-range,Apartment,1502,3,2,16,5,Furnished,1,5.2,81.75
Kochi,Suburban,Independent House,1373,2,3,20,1,Furnished,1,7.0,63.81
Lucknow,Mid-range,Apartment,1893,4,5,5,2,Furnished,1,1.0,109.19
Delhi NCR,Mid-range,Apartment,532,1,2,8,12,Furnished,1,3.1,76.07
Delhi NCR,Mid-range,Apartment,1419,3,3,24,19,Unfurnished,0,3.3,130.8
Ahmedabad,Mid-range,Independent House,1733,3,3,21,2,Unfurnished,1,0.3,75.85
Lucknow,Mid-range,Builder Floor,759,1,1,22,2,Semi-furnished,1,0.7,30.81
Hyderabad,Suburban,Apartment,1938,4,4,25,21,Semi-furnished,1,2.6,77.75
Hyderabad,Mid-range,Builder Floor,1140,2,2,17,2,Semi-furnished,1,5.1,72.51
Ahmedabad,Suburban,Apartment,743,1,1,9,18,Semi-furnished,1,2.5,32.08
Kochi,Prime,Apartment,1445,3,3,14,22,Unfurnished,2,2.8,143.04
Kochi,Mid-range,Villa,2213,4,4,16,2,Unfurnished,2,3.2,159.86
Chennai,Suburban,Apartment,1459,3,3,2,6,Unfurnished,2,11.1,87.06
Bengaluru,Mid-range,Builder Floor,1542,3,2,21,0,Semi-furnished,2,0.2,111.07
Jaipur,Prime,Apartment,1424,3,3,12,4,Semi-furnished,0,2.2,98.75
Ahmedabad,Suburban,Apartment,1502,3,3,10,5,Semi-furnished,1,1.9,59.95
Hyderabad,Suburban,Apartment,1844,4,4,7,8,Unfurnished,0,6.6,96.02
Kolkata,Suburban,Apartment,1432,3,2,25,12,Semi-furnished,1,1.4,52.6
Jaipur,Prime,Apartment,1550,3,3,29,14,Unfurnished,1,0.6,86.39
Lucknow,Prime,Apartment,1962,4,3,8,14,Unfurnished,1,4.1,154.31
Coimbatore,Suburban,Apartment,1393,3,3,22,2,Furnished,1,1.4,54.46
Bengaluru,Mid-range,Apartment,1082,2,1,1,12,Semi-furnished,0,3.3,106.21
Delhi NCR,Prime,Apartment,1403,3,4,17,24,Unfurnished,2,1.6,228.85
Hyderabad,Suburban,Apartment,1656,3,4,2,8,Unfurnished,2,10.3,86.98
Hyderabad,Suburban,Builder Floor,1205,2,2,14,2,Furnished,0,0.2,59.59
Mumbai,Prime,Apartment,1475,3,3,24,21,Furnished,0,5.3,402.85
Coimbatore,Suburban,Apartment,626,1,2,22,11,Semi-furnished,1,0.6,25.14
Mumbai,Mid-range,Apartment,1194,2,2,6,10,Unfurnished,2,11.8,264.48
Bengaluru,Suburban,Apartment,1101,2,2,13,5,Unfurnished,2,1.4,71.75
Lucknow,Mid-range,Apartment,521,1,1,26,1,Semi-furnished,1,0.2,22.47
Kochi,Suburban,Apartment,984,2,3,18,5,Semi-furnished,1,0.9,42.1
Chennai,Suburban,Independent House,1915,3,3,20,1,Semi-furnished,1,0.9,111.72
Kolkata,Mid-range,Apartment,680,1,2,6,23,Unfurnished,1,0.7,54.22
Coimbatore,Suburban,Apartment,927,2,3,30,17,Unfurnished,0,5.1,25.52
Lucknow,Mid-range,Builder Floor,1124,2,2,29,1,Unfurnished,1,1.6,39.87
Pune,Prime,Independent House,2305,4,5,26,0,Unfurnished,1,5.6,221.34
Coimbatore,Suburban,Apartment,634,1,2,24,21,Semi-furnished,2,3.2,29.85
Mumbai,Mid-range,Apartment,1044,2,1,14,1,Unfurnished,0,6.7,193.33
Lucknow,Suburban,Builder Floor,1205,2,2,5,0,Semi-furnished,2,3.5,43.02
Chennai,Mid-range,Apartment,1076,2,2,29,9,Semi-furnished,1,3.7,63.46
Kolkata,Prime,Villa,1203,2,1,13,2,Semi-furnished,0,4.5,145.2
Kochi,Mid-range,Apartment,1241,2,1,27,21,Semi-furnished,1,9.1,60.24
Mumbai,Mid-range,Apartment,597,1,1,25,19,Unfurnished,1,8.1,90.16
Jaipur,Prime,Apartment,660,1,1,8,7,Unfurnished,1,1.0,52.65
Pune,Mid-range,Independent House,1439,2,2,23,1,Furnished,2,1.7,119.04
Jaipur,Suburban,Apartment,1689,4,4,27,6,Semi-furnished,1,21.1,44.22
Coimbatore,Prime,Apartment,1337,3,3,10,10,Semi-furnished,2,2.4,124.31
Delhi NCR,Mid-range,Independent House,2382,4,4,21,1,Unfurnished,1,4.4,228.51
Ahmedabad,Suburban,Apartment,710,1,1,17,9,Furnished,1,1.8,27.89
Ahmedabad,Mid-range,Builder Floor,663,1,2,24,1,Furnished,2,0.9,40.57
Kolkata,Mid-range,Apartment,1127,2,2,22,18,Unfurnished,1,0.8,62.92
Coimbatore,Prime,Apartment,1617,3,3,30,2,Unfurnished,1,3.1,95.21
Coimbatore,Mid-range,Apartment,1020,2,3,29,2,Semi-furnished,2,4.7,39.93
Mumbai,Mid-range,Apartment,1412,3,2,23,19,Unfurnished,3,8.8,230.96
Hyderabad,Mid-range,Apartment,1250,2,1,30,22,Unfurnished,1,1.3,67.64
Bengaluru,Mid-range,Builder Floor,1474,3,3,11,0,Semi-furnished,2,4.5,122.59
Hyderabad,Mid-range,Apartment,686,1,1,5,0,Furnished,0,0.4,60.24
Jaipur,Mid-range,Apartment,1463,3,3,16,21,Furnished,1,0.3,77.98
Jaipur,Mid-range,Apartment,1469,3,3,28,19,Semi-furnished,1,12.2,51.74
Ahmedabad,Mid-range,Independent House,2391,4,4,19,0,Semi-furnished,1,7.2,124.55
Pune,Prime,Apartment,876,2,3,26,1,Semi-furnished,1,3.8,88.56
Kochi,Mid-range,Apartment,659,1,1,27,16,Semi-furnished,1,1.6,38.55
Jaipur,Suburban,Apartment,1986,4,3,22,24,Semi-furnished,2,9.4,60.12
Mumbai,Mid-range,Apartment,1135,2,2,23,14,Unfurnished,1,5.7,196.95
Ahmedabad,Mid-range,Apartment,900,2,1,26,3,Unfurnished,0,2.0,32.51
Delhi NCR,Mid-range,Builder Floor,1638,3,3,24,1,Furnished,0,1.4,163.42
Bengaluru,Prime,Builder Floor,1399,3,3,1,1,Semi-furnished,0,3.1,187.54
Kolkata,Prime,Apartment,1072,2,2,7,22,Unfurnished,2,0.7,131.07
Jaipur,Prime,Apartment,986,2,3,25,20,Furnished,1,4.9,63.69
Jaipur,Suburban,Apartment,1102,2,2,19,0,Semi-furnished,1,0.7,35.3
Lucknow,Mid-range,Apartment,1390,3,2,28,25,Semi-furnished,1,2.5,50.16
Chennai,Suburban,Apartment,956,2,1,16,19,Unfurnished,0,7.4,41.84
Jaipur,Prime,Apartment,1346,2,3,3,1,Semi-furnished,0,0.2,112.29
Coimbatore,Mid-range,Apartment,1059,2,2,7,23,Semi-furnished,2,9.9,60.75
Pune,Suburban,Apartment,723,1,1,20,10,Semi-furnished,0,7.9,31.62
Chennai,Suburban,Builder Floor,1438,3,4,11,2,Furnished,1,6.7,73.67
Pune,Suburban,Apartment,1017,2,2,8,16,Semi-furnished,1,0.8,64.33
Coimbatore,Mid-range,Independent House,1512,2,2,0,0,Unfurnished,2,14.8,87.28
Hyderabad,Mid-range,Builder Floor,705,1,1,13,0,Unfurnished,2,1.2,50.55
Ahmedabad,Prime,Apartment,1153,2,3,12,21,Unfurnished,1,3.5,99.81
Bengaluru,Suburban,Independent House,1298,2,3,22,2,Unfurnished,0,1.4,70.3
Chennai,Mid-range,Apartment,2098,4,5,29,15,Semi-furnished,2,7.9,122.6
Kolkata,Mid-range,Apartment,1199,2,3,12,11,Unfurnished,2,4.3,74.03
Ahmedabad,Suburban,Independent House,1468,2,2,25,0,Furnished,1,4.7,51.14
Kolkata,Prime,Apartment,1805,4,5,5,14,Furnished,1,16.3,203.91
Pune,Suburban,Apartment,1877,4,4,9,11,Semi-furnished,1,0.6,101.51
Kolkata,Mid-range,Independent House,1361,2,1,19,2,Furnished,1,7.2,85.27
Kochi,Prime,Builder Floor,976,2,3,11,2,Unfurnished,1,1.1,93.17
Kochi,Mid-range,Apartment,1497,3,3,8,7,Semi-furnished,1,1.3,110.15
Bengaluru,Mid-range,Independent House,1474,2,1,9,0,Furnished,2,1.8,141.46
Hyderabad,Mid-range,Apartment,665,1,1,28,14,Unfurnished,1,0.4,36.63
Hyderabad,Prime,Apartment,756,1,2,24,11,Unfurnished,1,1.2,66.43
Ahmedabad,Suburban,Apartment,1955,4,3,30,2,Semi-furnished,1,3.6,56.46
Coimbatore,Mid-range,Independent House,1354,2,1,30,1,Unfurnished,0,2.9,52.4
Delhi NCR,Prime,Apartment,419,1,2,26,10,Semi-furnished,3,6.3,66.42
Delhi NCR,Mid-range,Independent House,1991,3,3,6,2,Semi-furnished,2,2.7,256.01
Kolkata,Mid-range,Independent House,1881,3,3,28,0,Furnished,1,3.4,94.19
Jaipur,Prime,Apartment,1529,3,3,18,21,Semi-furnished,1,9.0,93.22
Hyderabad,Mid-range,Apartment,1395,3,2,5,8,Unfurnished,2,3.0,111.63
Ahmedabad,Suburban,Apartment,1821,4,4,19,4,Unfurnished,1,2.2,62.93
Pune,Suburban,Apartment,678,1,1,17,6,Unfurnished,0,18.9,28.62
Kolkata,Prime,Independent House,1479,2,3,17,2,Unfurnished,2,1.1,153.46
Mumbai,Suburban,Builder Floor,617,1,1,28,2,Unfurnished,1,4.3,66.43
Delhi NCR,Mid-range,Villa,772,1,2,13,0,Semi-furnished,1,2.7,104.88
Coimbatore,Mid-range,Apartment,653,1,1,27,16,Semi-furnished,1,7.5,30.02
Hyderabad,Prime,Apartment,1998,4,4,8,14,Unfurnished,1,0.7,212.02
Kochi,Mid-range,Apartment,1445,3,4,18,19,Unfurnished,0,0.8,92.41
Chennai,Prime,Builder Floor,1039,2,2,30,2,Unfurnished,2,0.4,89.66
Chennai,Prime,Apartment,1458,3,4,25,11,Unfurnished,2,7.3,131.31
Ahmedabad,Suburban,Apartment,1456,3,2,15,22,Unfurnished,1,2.0,54.69
Kochi,Suburban,Builder Floor,1447,3,4,12,0,Unfurnished,3,1.3,61.91
Bengaluru,Prime,Builder Floor,1374,3,3,24,2,Unfurnished,2,0.2,138.47
Ahmedabad,Mid-range,Builder Floor,1266,2,2,25,1,Unfurnished,1,0.3,60.44
Ahmedabad,Prime,Builder Floor,616,1,1,25,0,Semi-furnished,2,1.9,44.0
Jaipur,Suburban,Apartment,811,1,1,8,23,Semi-furnished,1,0.6,30.25
Lucknow,Suburban,Apartment,1440,3,2,1,13,Semi-furnished,1,2.4,54.12
Coimbatore,Prime,Apartment,1528,3,2,1,13,Unfurnished,1,11.9,119.89
Kolkata,Suburban,Builder Floor,1202,2,3,15,0,Semi-furnished,1,4.7,46.12
Pune,Prime,Independent House,2756,5,6,22,1,Unfurnished,1,0.4,273.21
Mumbai,Mid-range,Apartment,1025,2,3,0,17,Semi-furnished,1,1.8,276.43
Mumbai,Suburban,Villa,1389,2,2,28,0,Unfurnished,2,1.3,211.81
Mumbai,Prime,Builder Floor,1738,4,3,14,0,Semi-furnished,1,2.7,488.79
Pune,Mid-range,Apartment,1692,4,5,24,9,Semi-furnished,1,9.8,102.29
Hyderabad,Mid-range,Apartment,1068,2,3,22,16,Unfurnished,0,3.2,70.19
Jaipur,Prime,Apartment,1444,3,3,2,23,Furnished,2,2.8,132.57
Jaipur,Suburban,Apartment,1447,3,2,4,15,Furnished,1,7.9,55.81
Pune,Mid-range,Independent House,802,1,2,4,2,Furnished,1,0.3,76.98
Pune,Mid-range,Builder Floor,1941,4,5,15,2,Unfurnished,3,18.7,118.1
Ahmedabad,Prime,Apartment,592,1,1,21,11,Semi-furnished,1,0.4,46.56
Hyderabad,Prime,Apartment,956,1,2,16,2,Semi-furnished,1,2.4,103.84
Kochi,Mid-range,Independent House,1783,3,3,30,1,Semi-furnished,3,4.5,103.55
Kolkata,Mid-range,Apartment,1388,3,3,26,8,Furnished,1,0.5,85.26
Kolkata,Suburban,Apartment,1790,4,5,6,17,Semi-furnished,1,2.0,88.58
Delhi NCR,Mid-range,Apartment,1453,3,2,13,4,Semi-furnished,2,2.1,165.82
Ahmedabad,Prime,Independent House,1293,2,2,24,2,Semi-furnished,0,1.7,87.56
Ahmedabad,Prime,Apartment,1425,3,2,24,10,Furnished,1,2.2,101.02
Mumbai,Prime,Apartment,949,2,3,11,20,Semi-furnished,0,3.4,336.23
Delhi NCR,Prime,Apartment,766,1,1,15,10,Semi-furnished,1,1.5,133.59
Mumbai,Mid-range,Independent House,1853,3,2,14,2,Unfurnished,2,17.2,324.29
Lucknow,Prime,Apartment,971,2,3,24,19,Furnished,2,1.8,67.42
Mumbai,Mid-range,Independent House,2663,5,4,4,2,Unfurnished,2,1.1,635.02
Chennai,Suburban,Apartment,1042,2,2,1,21,Semi-furnished,2,1.7,65.85
Ahmedabad,Mid-range,Apartment,967,2,2,23,22,Unfurnished,2,3.0,53.98
Mumbai,Mid-range,Apartment,1155,2,3,19,20,Semi-furnished,1,2.4,239.93
Jaipur,Mid-range,Apartment,1926,4,3,10,12,Furnished,1,1.9,106.24
Jaipur,Mid-range,Apartment,1244,3,3,5,3,Unfurnished,1,2.7,61.6
Coimbatore,Mid-range,Villa,1373,2,3,28,0,Semi-furnished,1,2.1,74.17
Kolkata,Mid-range,Apartment,1554,3,4,12,7,Semi-furnished,1,8.2,86.2
Bengaluru,Suburban,Apartment,710,1,1,16,25,Semi-furnished,1,1.2,49.8
Kolkata,Mid-range,Builder Floor,1334,3,3,22,2,Furnished,1,1.2,68.13
Pune,Suburban,Builder Floor,1670,3,3,4,2,Semi-furnished,1,2.9,91.46
Kolkata,Suburban,Apartment,686,1,1,15,10,Semi-furnished,3,8.2,40.41
Coimbatore,Suburban,Apartment,607,1,1,30,20,Semi-furnished,1,4.6,20.61
Coimbatore,Suburban,Independent House,2457,4,5,13,1,Semi-furnished,2,4.4,101.41
Ahmedabad,Prime,Apartment,1529,3,3,16,25,Furnished,1,9.0,117.44
Kolkata,Mid-range,Builder Floor,1111,2,2,20,0,Semi-furnished,0,11.2,50.11
Chennai,Mid-range,Apartment,642,1,1,5,1,Furnished,1,3.7,56.71
Kolkata,Suburban,Apartment,1418,3,3,28,12,Furnished,2,0.2,59.1
Jaipur,Prime,Apartment,518,1,1,27,9,Furnished,2,3.6,34.06
Jaipur,Prime,Villa,2734,5,5,21,0,Furnished,2,3.2,227.71
Chennai,Prime,Apartment,1397,3,3,12,24,Semi-furnished,0,7.4,165.16
Pune,Mid-range,Apartment,1036,2,3,23,12,Unfurnished,1,6.4,69.08
Chennai,Prime,Apartment,1050,2,1,16,7,Semi-furnished,1,0.2,112.05
Kochi,Mid-range,Builder Floor,658,1,2,11,0,Unfurnished,0,17.8,34.82
Hyderabad,Mid-range,Apartment,1200,2,2,18,8,Furnished,1,12.2,78.93
Coimbatore,Mid-range,Independent House,1688,3,3,0,0,Semi-furnished,2,8.0,109.03
Kolkata,Suburban,Apartment,919,2,3,10,16,Furnished,1,0.9,47.84
Bengaluru,Suburban,Independent House,1404,2,2,13,2,Furnished,1,8.4,89.01
Ahmedabad,Suburban,Apartment,1168,2,2,30,16,Unfurnished,1,3.4,33.81
Kolkata,Prime,Apartment,1107,2,1,5,17,Semi-furnished,2,1.7,124.85
Hyderabad,Prime,Apartment,1105,2,2,7,12,Semi-furnished,1,1.5,150.75
Pune,Suburban,Apartment,1241,2,3,22,6,Unfurnished,2,5.8,62.4
Jaipur,Mid-range,Apartment,1421,3,4,21,4,Unfurnished,1,4.2,60.05
Pune,Suburban,Apartment,1814,4,5,6,9,Semi-furnished,1,0.5,105.75
Ahmedabad,Mid-range,Independent House,776,1,1,4,2,Furnished,0,2.8,46.81
Hyderabad,Mid-range,Apartment,1026,2,3,16,21,Semi-furnished,0,0.6,69.57
Kolkata,Mid-range,Builder Floor,1599,3,2,27,0,Semi-furnished,1,5.2,75.9
Jaipur,Suburban,Builder Floor,1073,2,2,26,2,Unfurnished,1,5.2,27.62
Ahmedabad,Mid-range,Apartment,641,1,1,20,21,Semi-furnished,0,8.2,28.25
Lucknow,Suburban,Apartment,1261,2,2,4,1,Unfurnished,0,5.1,43.55
Kolkata,Mid-range,Builder Floor,1237,2,1,14,2,Semi-furnished,1,10.0,68.56
Delhi NCR,Mid-range,Apartment,832,1,1,12,7,Semi-furnished,2,0.4,105.47
Kolkata,Mid-range,Apartment,1521,3,3,10,21,Semi-furnished,2,5.5,103.66
Coimbatore,Prime,Independent House,806,1,2,4,1,Unfurnished,1,3.9,76.42
Delhi NCR,Mid-range,Apartment,943,2,2,2,17,Unfurnished,2,1.5,127.17
Pune,Suburban,Apartment,942,2,2,3,3,Semi-furnished,2,3.6,61.92
Hyderabad,Suburban,Apartment,1497,3,3,20,18,Unfurnished,1,1.4,65.07
Kolkata,Suburban,Apartment,1119,2,3,24,17,Unfurnished,1,5.3,40.61
Chennai,Suburban,Apartment,1637,3,3,4,13,Furnished,1,0.2,104.77
Jaipur,Mid-range,Builder Floor,733,1,1,20,1,Semi-furnished,0,9.0,26.37
Jaipur,Mid-range,Apartment,1843,4,4,16,23,Furnished,1,7.1,87.09
Kochi,Suburban,Builder Floor,1903,4,4,3,1,Unfurnished,0,5.1,69.9
Bengaluru,Suburban,Apartment,686,1,1,0,18,Unfurnished,2,0.2,52.37
Coimbatore,Mid-range,Apartment,999,2,1,22,1,Unfurnished,0,4.6,36.87
Kochi,Mid-range,Apartment,1186,2,2,14,1,Unfurnished,1,11.2,63.3
Bengaluru,Mid-range,Apartment,1827,4,4,27,9,Furnished,2,1.0,163.87
Coimbatore,Prime,Villa,1842,3,2,10,0,Furnished,0,1.8,178.26
Chennai,Mid-range,Builder Floor,636,1,2,17,0,Unfurnished,1,4.2,42.29
Chennai,Mid-range,Builder Floor,1546,3,2,2,0,Unfurnished,1,0.8,128.09
Kolkata,Suburban,Apartment,498,1,1,16,19,Furnished,1,6.9,21.5
Ahmedabad,Prime,Apartment,1024,2,1,28,20,Furnished,0,2.1,63.49
Lucknow,Mid-range,Apartment,1124,2,3,5,22,Semi-furnished,1,0.4,58.02
Coimbatore,Prime,Villa,761,1,1,19,1,Unfurnished,1,6.5,64.09
Kochi,Prime,Apartment,1485,3,4,17,14,Semi-furnished,1,7.4,136.34
Kolkata,Mid-range,Apartment,1523,3,3,18,25,Semi-furnished,1,4.2,104.97
Kolkata,Prime,Villa,1294,2,3,18,1,Furnished,2,6.3,142.67
Chennai,Suburban,Villa,1410,2,2,12,0,Semi-furnished,0,2.3,95.23
Pune,Mid-range,Builder Floor,1460,3,2,4,2,Unfurnished,2,7.1,101.03
Bengaluru,Suburban,Apartment,617,1,1,18,17,Semi-furnished,1,2.9,42.35
Kochi,Suburban,Apartment,1144,2,1,30,4,Unfurnished,3,14.0,42.03
Coimbatore,Mid-range,Apartment,1577,3,4,9,17,Unfurnished,2,3.1,91.16
Lucknow,Mid-range,Apartment,1184,2,2,6,5,Unfurnished,2,3.0,59.81
Chennai,Suburban,Builder Floor,1882,4,3,24,0,Furnished,1,13.7,68.11
Ahmedabad,Prime,Independent House,1384,2,1,15,1,Unfurnished,2,1.8,121.1
Chennai,Mid-range,Apartment,762,1,1,24,18,Unfurnished,1,2.2,47.27
Kolkata,Prime,Independent House,2195,4,3,20,2,Furnished,1,1.1,203.6
Jaipur,Suburban,Apartment,1523,3,2,15,11,Semi-furnished,1,4.1,54.02
Delhi NCR,Mid-range,Apartment,1394,3,4,12,1,Semi-furnished,2,4.8,164.1
Bengaluru,Suburban,Apartment,1377,3,4,3,4,Unfurnished,0,2.9,83.35
Kolkata,Suburban,Independent House,1852,3,2,10,2,Unfurnished,1,3.4,79.43
Delhi NCR,Mid-range,Builder Floor,1104,2,2,26,1,Semi-furnished,2,1.6,96.71
Lucknow,Mid-range,Independent House,1322,2,2,27,2,Unfurnished,1,5.8,49.26
Ahmedabad,Mid-range,Apartment,604,1,1,16,21,Semi-furnished,1,0.7,38.39
Hyderabad,Suburban,Apartment,1465,3,2,30,8,Unfurnished,1,0.2,61.7
Coimbatore,Prime,Builder Floor,1458,3,2,19,1,Semi-furnished,0,2.0,103.51
Lucknow,Suburban,Apartment,915,2,1,12,22,Semi-furnished,1,6.6,30.65
Ahmedabad,Mid-range,Apartment,1155,2,2,2,18,Unfurnished,0,4.5,75.09
Kolkata,Mid-range,Builder Floor,1353,3,3,17,1,Furnished,1,1.3,85.11
Kochi,Suburban,Independent House,705,1,2,14,2,Furnished,2,8.1,39.68
Mumbai,Suburban,Apartment,1454,3,3,7,25,Unfurnished,2,2.9,223.36
Pune,Prime,Apartment,1153,2,2,15,25,Unfurnished,0,14.8,126.77
Lucknow,Mid-range,Apartment,1574,3,4,28,22,Unfurnished,1,0.6,64.11
Bengaluru,Mid-range,Apartment,1119,2,2,27,5,Semi-furnished,0,4.9,76.92
Hyderabad,Suburban,Builder Floor,1536,3,4,27,1,Unfurnished,2,5.4,65.01
Ahmedabad,Suburban,Villa,1373,2,2,29,1,Furnished,1,1.9,49.9
Delhi NCR,Suburban,Apartment,1359,3,3,15,1,Furnished,1,2.4,96.15
Coimbatore,Mid-range,Apartment,1423,3,3,15,23,Unfurnished,0,0.2,77.84
Hyderabad,Prime,Builder Floor,1161,2,2,27,2,Furnished,3,2.1,112.96
Ahmedabad,Mid-range,Villa,1313,2,2,18,0,Furnished,1,2.2,81.13
Mumbai,Suburban,Apartment,1130,2,2,8,25,Unfurnished,1,21.4,157.52
Pune,Mid-range,Apartment,1074,2,1,3,19,Semi-furnished,1,3.7,98.09
Kolkata,Suburban,Apartment,1132,2,1,14,23,Unfurnished,1,0.3,50.65
Pune,Mid-range,Apartment,1972,4,5,2,4,Furnished,0,0.2,169.1
Delhi NCR,Suburban,Builder Floor,1463,3,4,13,0,Furnished,1,3.4,106.25
Pune,Mid-range,Apartment,1937,4,3,5,8,Furnished,2,1.5,184.39
Pune,Mid-range,Apartment,1848,4,5,17,14,Unfurnished,0,16.7,116.2
Chennai,Suburban,Apartment,1150,2,2,10,19,Unfurnished,1,14.6,54.43
Kochi,Suburban,Apartment,1574,3,3,26,5,Furnished,1,2.9,56.98
Bengaluru,Suburban,Apartment,657,1,1,29,15,Semi-furnished,0,9.1,29.46
Ahmedabad,Suburban,Builder Floor,1193,2,2,22,2,Unfurnished,3,14.4,45.41
Bengaluru,Prime,Apartment,1369,3,4,17,25,Unfurnished,2,5.2,191.63
Coimbatore,Mid-range,Builder Floor,1713,3,3,11,0,Unfurnished,3,5.6,88.65
Pune,Prime,Builder Floor,1097,2,2,4,2,Furnished,0,0.4,143.97
Kochi,Mid-range,Villa,1342,2,2,16,0,Semi-furnished,2,2.3,110.77
Coimbatore,Suburban,Apartment,1099,2,1,3,0,Semi-furnished,2,0.8,49.09
Ahmedabad,Suburban,Apartment,1532,3,3,14,0,Furnished,0,0.9,50.76
Coimbatore,Suburban,Apartment,661,1,2,23,3,Furnished,1,0.3,25.95
Jaipur,Suburban,Apartment,1642,3,4,2,1,Unfurnished,1,6.6,60.0
Hyderabad,Mid-range,Villa,1376,2,2,22,0,Unfurnished,1,1.1,105.28
Kochi,Mid-range,Villa,1728,3,2,8,0,Unfurnished,1,6.7,129.13
Hyderabad,Suburban,Apartment,1530,3,2,14,25,Furnished,1,5.4,86.19
Delhi NCR,Prime,Apartment,1398,3,4,25,1,Semi-furnished,1,2.5,210.65
Pune,Mid-range,Apartment,1099,2,2,16,18,Semi-furnished,1,8.0,82.3
Lucknow,Mid-range,Apartment,940,2,2,13,5,Semi-furnished,2,1.8,47.66
Hyderabad,Suburban,Apartment,1531,3,2,11,18,Semi-furnished,1,5.0,77.63
Kolkata,Mid-range,Apartment,1495,3,3,19,22,Semi-furnished,1,1.0,89.42
Kochi,Suburban,Apartment,1526,3,3,21,16,Unfurnished,1,0.8,68.74
Kochi,Prime,Apartment,1161,2,3,19,12,Semi-furnished,3,1.2,112.85
Bengaluru,Mid-range,Apartment,1418,3,3,17,20,Semi-furnished,2,3.2,133.36
Ahmedabad,Mid-range,Apartment,1497,3,4,11,3,Unfurnished,2,1.6,78.76
Pune,Suburban,Apartment,1820,4,5,1,21,Unfurnished,0,2.3,109.78
Bengaluru,Prime,Villa,1731,3,2,26,2,Furnished,2,8.7,218.17
Bengaluru,Prime,Apartment,1905,4,4,7,12,Unfurnished,0,3.0,268.44
Chennai,Mid-range,Apartment,1412,3,4,4,13,Unfurnished,1,0.3,113.47
Coimbatore,Mid-range,Apartment,1809,4,5,27,13,Unfurnished,0,1.5,65.1
Ahmedabad,Suburban,Apartment,1508,3,2,16,0,Semi-furnished,1,5.1,57.77
Mumbai,Mid-range,Apartment,621,1,1,17,2,Unfurnished,0,13.8,102.64
Chennai,Mid-range,Apartment,990,2,2,23,2,Semi-furnished,1,0.7,59.69
Ahmedabad,Suburban,Builder Floor,735,1,1,23,1,Semi-furnished,0,11.1,18.82
Lucknow,Mid-range,Apartment,1218,2,2,4,10,Semi-furnished,1,1.2,58.33
Pune,Mid-range,Builder Floor,1357,3,3,30,1,Unfurnished,1,2.5,77.85
Hyderabad,Suburban,Builder Floor,566,1,1,12,0,Semi-furnished,0,3.0,23.52
Coimbatore,Mid-range,Builder Floor,1358,3,4,7,2,Semi-furnished,1,0.6,80.46
Ahmedabad,Prime,Builder Floor,581,1,1,8,2,Unfurnished,1,7.5,45.61
Lucknow,Mid-range,Apartment,616,1,1,12,25,Unfurnished,2,3.2,35.16
Jaipur,Suburban,Apartment,695,1,2,0,25,Unfurnished,3,1.6,39.97
Jaipur,Prime,Villa,1665,3,3,7,1,Unfurnished,1,3.8,145.32
Ahmedabad,Mid-range,Builder Floor,1111,2,2,4,1,Unfurnished,0,4.1,57.8
Lucknow,Mid-range,Apartment,2261,5,4,24,22,Semi-furnished,1,7.1,80.71
Hyderabad,Prime,Independent House,1819,3,2,29,0,Semi-furnished,1,1.1,164.52
Hyderabad,Suburban,Villa,2627,5,5,23,2,Unfurnished,1,0.2,141.91
Delhi NCR,Mid-range,Apartment,1149,2,3,30,12,Semi-furnished,1,4.9,105.15
Jaipur,Suburban,Apartment,2171,5,4,19,8,Semi-furnished,2,5.2,65.38
Mumbai,Suburban,Independent House,1330,2,2,7,2,Semi-furnished,1,2.0,215.25
Pune,Suburban,Apartment,960,2,2,11,13,Furnished,2,5.6,62.34
Coimbatore,Mid-range,Apartment,1001,2,3,27,24,Unfurnished,1,2.8,43.84
Bengaluru,Suburban,Apartment,1508,3,4,2,22,Semi-furnished,0,13.0,93.36
Kochi,Suburban,Independent House,1442,2,2,6,1,Semi-furnished,2,4.3,70.78
Lucknow,Suburban,Apartment,1491,3,4,16,2,Unfurnished,1,8.1,42.34
Delhi NCR,Suburban,Apartment,605,1,1,13,4,Semi-furnished,1,4.5,48.86
Mumbai,Suburban,Apartment,1170,2,2,21,6,Unfurnished,3,3.8,154.74
Delhi NCR,Suburban,Builder Floor,1114,2,2,16,0,Furnished,0,10.1,69.81
Kochi,Suburban,Builder Floor,1248,2,3,21,1,Semi-furnished,1,1.3,54.5
Kolkata,Prime,Independent House,1465,2,2,1,0,Semi-furnished,0,7.1,139.63
Pune,Mid-range,Independent House,2811,5,4,2,2,Furnished,1,13.1,233.62
Mumbai,Mid-range,Apartment,1441,3,3,7,10,Semi-furnished,1,0.2,331.83
Bengaluru,Suburban,Independent House,1426,2,3,7,0,Semi-furnished,0,0.2,96.56
Chennai,Prime,Apartment,1125,2,2,0,11,Semi-furnished,1,1.9,148.68
Coimbatore,Suburban,Apartment,1511,3,3,17,2,Unfurnished,1,1.0,47.24
Pune,Mid-range,Independent House,2467,4,4,21,2,Unfurnished,0,25.0,158.64
Pune,Prime,Apartment,1451,3,3,25,19,Semi-furnished,1,1.6,149.22
Chennai,Mid-range,Independent House,1433,2,2,0,1,Unfurnished,2,1.1,129.94
Chennai,Mid-range,Apartment,1533,3,2,10,13,Furnished,3,1.7,124.8
Kochi,Mid-range,Apartment,2273,5,5,1,12,Unfurnished,1,11.3,153.21
Chennai,Mid-range,Apartment,917,2,3,1,14,Semi-furnished,1,3.8,81.49
Jaipur,Mid-range,Apartment,1173,2,2,6,16,Semi-furnished,0,1.6,62.95
Ahmedabad,Mid-range,Independent House,1928,3,3,27,0,Unfurnished,0,7.3,76.09
Coimbatore,Suburban,Builder Floor,700,1,1,10,0,Unfurnished,2,0.2,27.63
Ahmedabad,Mid-range,Apartment,1406,3,4,3,16,Semi-furnished,0,2.4,86.77
Kolkata,Mid-range,Builder Floor,1560,3,2,3,0,Semi-furnished,1,3.0,108.83
Pune,Prime,Apartment,931,2,1,1,18,Semi-furnished,2,4.7,131.34
Kolkata,Suburban,Apartment,1452,3,2,19,7,Semi-furnished,3,0.4,63.26
Lucknow,Mid-range,Apartment,1476,3,3,2,7,Furnished,1,2.8,81.01
Hyderabad,Mid-range,Apartment,1181,2,3,26,17,Semi-furnished,1,1.1,73.94
Chennai,Prime,Apartment,631,1,2,6,24,Semi-furnished,2,2.3,89.99
Coimbatore,Mid-range,Apartment,1035,2,2,17,21,Semi-furnished,0,0.2,46.85
Pune,Mid-range,Apartment,1147,2,2,25,13,Semi-furnished,2,15.2,72.63
Coimbatore,Suburban,Builder Floor,576,1,1,24,0,Furnished,1,3.1,21.3
Delhi NCR,Suburban,Apartment,1455,3,4,2,20,Unfurnished,1,0.8,134.16
Pune,Mid-range,Independent House,1933,3,3,30,1,Semi-furnished,2,4.9,112.29
Coimbatore,Suburban,Apartment,647,1,1,6,3,Semi-furnished,1,1.9,28.03
Jaipur,Mid-range,Apartment,1061,2,3,0,22,Furnished,1,2.9,66.86
Mumbai,Mid-range,Builder Floor,995,2,1,25,2,Unfurnished,1,4.7,158.13
Ahmedabad,Prime,Builder Floor,1345,3,3,25,0,Unfurnished,1,0.2,85.03
Jaipur,Prime,Apartment,603,1,1,7,23,Furnished,2,0.2,55.09
Jaipur,Suburban,Apartment,1639,3,3,17,20,Semi-furnished,1,8.7,51.04
Bengaluru,Suburban,Apartment,2191,5,6,21,22,Semi-furnished,2,5.2,124.53
Lucknow,Suburban,Apartment,1385,3,3,12,6,Unfurnished,0,0.2,41.26
Chennai,Mid-range,Apartment,1368,3,2,27,21,Semi-furnished,1,7.1,72.35
Jaipur,Mid-range,Apartment,1504,3,3,28,6,Furnished,2,0.8,61.99
Lucknow,Mid-range,Apartment,1231,2,3,12,18,Unfurnished,1,0.2,57.1
Bengaluru,Mid-range,Apartment,1070,2,2,25,7,Semi-furnished,2,5.2,80.85
Kolkata,Mid-range,Apartment,1477,3,3,15,11,Furnished,1,10.2,100.65
Lucknow,Prime,Apartment,745,1,2,15,8,Furnished,1,4.4,54.15
Jaipur,Suburban,Independent House,2309,4,4,7,2,Semi-furnished,1,2.0,83.02
Lucknow,Mid-range,Builder Floor,695,1,1,2,0,Semi-furnished,2,0.6,34.86
Coimbatore,Mid-range,Builder Floor,1056,2,2,16,0,Semi-furnished,3,2.1,57.88
Bengaluru,Prime,Apartment,1560,3,3,15,22,Furnished,1,5.2,209.1
Chennai,Mid-range,Apartment,1405,3,4,3,7,Semi-furnished,0,2.0,113.62
Chennai,Prime,Apartment,627,1,1,5,24,Semi-furnished,1,1.2,82.71
Ahmedabad,Suburban,Apartment,1017,2,1,25,21,Unfurnished,3,7.2,42.81
Kochi,Mid-range,Builder Floor,522,1,2,21,1,Furnished,1,1.7,34.0
Bengaluru,Mid-range,Villa,1424,2,2,18,0,Furnished,1,0.2,156.27
Bengaluru,Suburban,Apartment,1217,2,3,14,3,Semi-furnished,1,7.4,76.82
Kochi,Mid-range,Apartment,663,1,1,3,3,Furnished,1,1.4,49.14
Pune,Mid-range,Villa,2728,5,5,27,2,Semi-furnished,1,2.3,196.89
Hyderabad,Prime,Apartment,2218,5,5,13,2,Semi-furnished,0,1.5,227.3
Ahmedabad,Suburban,Apartment,550,1,1,11,12,Semi-furnished,2,5.9,25.87
Coimbatore,Mid-range,Apartment,948,2,3,5,16,Semi-furnished,1,7.4,53.86
Lucknow,Mid-range,Apartment,1613,3,2,13,21,Unfurnished,3,3.4,89.98
Lucknow,Prime,Apartment,1103,2,1,28,8,Unfurnished,0,2.9,51.38
Bengaluru,Mid-range,Apartment,1012,2,1,5,3,Semi-furnished,0,7.2,78.19
Kochi,Suburban,Apartment,1694,3,3,0,19,Semi-furnished,1,8.3,86.5
Lucknow,Prime,Builder Floor,1004,2,2,23,0,Semi-furnished,1,2.3,57.64
Kochi,Mid-range,Apartment,920,2,2,11,16,Unfurnished,0,0.7,60.8
Coimbatore,Mid-range,Apartment,1109,2,1,13,7,Semi-furnished,1,4.1,57.95
Pune,Mid-range,Apartment,1464,3,2,1,18,Unfurnished,2,9.7,107.34
Lucknow,Suburban,Independent House,2835,5,5,1,0,Furnished,0,9.7,105.12
Coimbatore,Mid-range,Villa,1911,3,3,23,2,Semi-furnished,0,1.8,100.87
Mumbai,Suburban,Apartment,491,1,1,11,14,Unfurnished,1,10.2,68.26
Ahmedabad,Mid-range,Apartment,1070,2,2,26,11,Semi-furnished,2,6.9,50.21
Ahmedabad,Mid-range,Apartment,490,1,1,9,10,Semi-furnished,3,14.5,37.69
Delhi NCR,Mid-range,Apartment,1134,2,1,24,9,Furnished,3,10.8,127.54
Chennai,Suburban,Builder Floor,1452,3,3,19,1,Unfurnished,1,1.7,64.49
Bengaluru,Mid-range,Apartment,1018,2,1,11,16,Furnished,1,7.4,83.88
Hyderabad,Prime,Builder Floor,955,2,2,6,2,Furnished,0,2.1,109.61
Pune,Mid-range,Apartment,672,1,1,28,7,Unfurnished,1,24.6,37.58
Lucknow,Suburban,Independent House,2370,4,3,7,0,Semi-furnished,1,1.6,86.97
Bengaluru,Prime,Apartment,1202,2,3,16,7,Furnished,1,10.7,158.5
Lucknow,Mid-range,Builder Floor,1480,3,4,25,2,Semi-furnished,0,2.9,43.63
Kolkata,Suburban,Builder Floor,623,1,1,19,2,Semi-furnished,0,1.9,21.63
Bengaluru,Mid-range,Apartment,1061,2,2,22,11,Semi-furnished,2,4.7,83.45
Jaipur,Prime,Independent House,2428,4,4,5,0,Unfurnished,2,4.7,172.27
Bengaluru,Suburban,Independent House,2874,5,4,11,1,Semi-furnished,1,0.2,173.67
Hyderabad,Suburban,Apartment,579,1,1,9,4,Unfurnished,0,7.7,25.94
Mumbai,Suburban,Independent House,2001,3,3,24,0,Unfurnished,1,0.7,229.04
Pune,Mid-range,Apartment,1164,2,2,14,7,Furnished,1,3.0,90.94
Chennai,Mid-range,Villa,1400,2,2,17,2,Semi-furnished,3,4.6,132.66
Delhi NCR,Mid-range,Apartment,1449,3,4,19,1,Semi-furnished,0,0.7,145.83
Chennai,Suburban,Apartment,1383,3,2,13,1,Unfurnished,1,0.2,65.07
Mumbai,Prime,Apartment,1105,2,2,10,8,Unfurnished,2,1.8,404.66
Lucknow,Suburban,Builder Floor,1999,4,4,15,2,Semi-furnished,0,0.2,55.82
Coimbatore,Suburban,Apartment,1154,2,3,0,24,Semi-furnished,2,2.6,53.35
Kolkata,Mid-range,Apartment,1404,3,3,8,2,Unfurnished,0,0.2,86.92
Chennai,Mid-range,Independent House,1446,2,1,1,2,Semi-furnished,1,0.2,131.3
Pune,Mid-range,Apartment,1876,4,4,28,16,Semi-furnished,1,5.7,108.81
Coimbatore,Suburban,Independent House,2311,4,4,13,0,Semi-furnished,1,0.2,89.45
Jaipur,Suburban,Apartment,1510,3,4,24,16,Unfurnished,1,0.4,46.38
Kolkata,Suburban,Apartment,733,1,1,5,25,Semi-furnished,0,2.1,36.78
Delhi NCR,Mid-range,Apartment,959,2,2,4,13,Semi-furnished,1,0.5,131.2
Mumbai,Prime,Apartment,1885,4,3,22,12,Unfurnished,2,0.2,535.88
Kochi,Suburban,Apartment,1933,4,4,3,16,Unfurnished,1,7.0,92.76
Bengaluru,Suburban,Villa,1853,3,3,26,1,Semi-furnished,1,2.3,115.71
Bengaluru,Mid-range,Apartment,659,1,1,17,18,Semi-furnished,0,2.5,53.47
Kolkata,Mid-range,Independent House,1923,3,3,1,1,Unfurnished,1,2.9,133.6
Jaipur,Mid-range,Apartment,1196,2,2,8,25,Unfurnished,2,6.4,65.38
Kochi,Suburban,Apartment,1225,2,2,28,14,Semi-furnished,0,3.6,41.79
Bengaluru,Prime,Apartment,1175,2,1,18,8,Unfurnished,1,3.3,135.7
Pune,Prime,Apartment,1529,3,3,3,15,Semi-furnished,1,2.0,204.75
Jaipur,Prime,Apartment,1195,2,3,24,18,Semi-furnished,1,1.9,82.37
Chennai,Suburban,Villa,1171,2,2,15,1,Semi-furnished,0,0.2,68.47
Kochi,Mid-range,Independent House,1902,3,3,1,1,Unfurnished,1,4.6,140.19
Ahmedabad,Mid-range,Apartment,688,1,2,22,15,Semi-furnished,2,2.2,37.44
Coimbatore,Mid-range,Independent House,1462,2,1,3,1,Semi-furnished,1,2.5,82.07
Hyderabad,Mid-range,Apartment,1059,2,3,0,21,Furnished,1,4.2,103.35
Mumbai,Suburban,Villa,1938,3,2,24,1,Semi-furnished,3,2.9,279.61
Bengaluru,Suburban,Apartment,1645,3,3,6,0,Unfurnished,1,0.9,107.08
Ahmedabad,Prime,Apartment,2211,5,5,29,18,Semi-furnished,1,4.6,132.79
Jaipur,Suburban,Independent House,1427,2,3,14,0,Semi-furnished,0,0.6,46.85
Kolkata,Suburban,Villa,698,1,2,7,2,Unfurnished,0,2.5,41.02
Chennai,Suburban,Villa,1899,3,2,10,2,Semi-furnished,0,8.8,95.96
Mumbai,Suburban,Builder Floor,1163,2,2,24,2,Unfurnished,1,0.7,139.85
Coimbatore,Suburban,Independent House,872,1,2,3,0,Furnished,1,2.4,42.9
Hyderabad,Suburban,Apartment,1781,4,3,0,18,Unfurnished,1,11.8,106.59
Delhi NCR,Mid-range,Apartment,1500,3,2,15,9,Semi-furnished,0,0.3,175.44
Lucknow,Prime,Apartment,2015,4,3,19,17,Unfurnished,1,0.3,111.69
Ahmedabad,Mid-range,Apartment,1742,4,3,28,20,Semi-furnished,2,6.5,74.34
Chennai,Prime,Independent House,1385,2,3,15,1,Furnished,1,1.8,170.78
Chennai,Mid-range,Apartment,1308,2,1,16,6,Semi-furnished,3,0.2,100.41
Ahmedabad,Suburban,Apartment,1412,3,2,5,10,Semi-furnished,1,6.3,59.74
Kolkata,Mid-range,Apartment,1131,2,1,25,7,Semi-furnished,2,3.5,62.29
Kochi,Suburban,Independent House,605,1,2,10,0,Semi-furnished,0,3.4,27.72
Delhi NCR,Mid-range,Independent House,1304,2,2,13,2,Semi-furnished,1,0.6,163.08
Bengaluru,Suburban,Independent House,1293,2,2,28,0,Furnished,0,6.6,68.58
Jaipur,Mid-range,Builder Floor,1917,4,5,29,0,Furnished,1,1.4,71.98
Pune,Mid-range,Apartment,1014,2,3,30,9,Unfurnished,0,2.2,58.24
Jaipur,Suburban,Villa,829,1,1,26,0,Semi-furnished,0,1.9,24.74
Hyderabad,Mid-range,Apartment,1563,3,3,11,18,Unfurnished,2,2.6,117.45
Hyderabad,Mid-range,Builder Floor,1509,3,2,16,1,Unfurnished,1,6.8,89.85
Coimbatore,Mid-range,Apartment,1546,3,3,18,12,Semi-furnished,2,7.1,72.47
Lucknow,Mid-range,Independent House,1408,2,3,27,2,Unfurnished,1,2.3,52.63
Ahmedabad,Suburban,Apartment,896,2,3,10,10,Semi-furnished,1,7.3,38.11
Kochi,Prime,Apartment,920,2,1,2,25,Unfurnished,1,1.1,102.47
Coimbatore,Prime,Apartment,1529,3,3,7,6,Semi-furnished,3,3.5,127.53
Coimbatore,Mid-range,Apartment,1006,2,2,10,4,Furnished,1,0.3,63.05
Coimbatore,Suburban,Apartment,1483,3,3,17,21,Semi-furnished,2,1.9,56.19
Hyderabad,Mid-range,Apartment,1535,3,2,3,3,Unfurnished,2,3.4,117.68
Chennai,Mid-range,Independent House,1309,2,2,18,1,Semi-furnished,1,0.8,87.17
Chennai,Prime,Apartment,1040,2,1,4,25,Semi-furnished,0,6.7,139.59
Mumbai,Mid-range,Independent House,778,1,2,1,1,Furnished,0,1.4,238.35
Delhi NCR,Prime,Builder Floor,1374,3,2,2,0,Furnished,3,1.6,287.75
Pune,Suburban,Villa,848,1,1,7,0,Semi-furnished,2,1.9,64.45
Ahmedabad,Suburban,Apartment,1736,4,3,7,11,Semi-furnished,2,11.6,65.87
Chennai,Mid-range,Builder Floor,1838,4,4,10,2,Furnished,1,0.2,148.18
Pune,Mid-range,Builder Floor,1046,2,3,15,0,Furnished,1,4.6,63.19
Bengaluru,Suburban,Builder Floor,2120,5,4,7,0,Furnished,1,22.2,125.07
Chennai,Mid-range,Apartment,930,2,2,22,12,Semi-furnished,1,2.4,55.46
Coimbatore,Mid-range,Apartment,1255,2,3,30,23,Semi-furnished,0,0.9,53.04
Kochi,Suburban,Apartment,1502,3,4,25,9,Semi-furnished,1,1.0,56.74
Delhi NCR,Mid-range,Apartment,1041,2,1,1,25,Unfurnished,1,3.6,129.82
Bengaluru,Suburban,Apartment,1896,4,4,14,19,Semi-furnished,1,1.4,115.58
Hyderabad,Mid-range,Villa,1703,3,4,8,0,Unfurnished,2,9.1,151.8
Hyderabad,Suburban,Apartment,1196,2,3,20,3,Semi-furnished,1,0.4,64.97
Chennai,Prime,Apartment,1077,2,3,2,20,Unfurnished,1,1.4,128.26
Jaipur,Suburban,Independent House,730,1,1,4,1,Unfurnished,1,4.7,27.75
Chennai,Mid-range,Builder Floor,1502,3,3,11,1,Furnished,1,0.6,106.81
Kolkata,Mid-range,Apartment,1783,4,4,13,16,Semi-furnished,0,8.9,98.59
Lucknow,Suburban,Builder Floor,1750,4,4,25,1,Unfurnished,0,1.2,43.73
Chennai,Suburban,Apartment,1043,2,2,19,22,Semi-furnished,2,0.6,55.62
Kochi,Suburban,Builder Floor,1155,2,2,14,1,Semi-furnished,0,10.8,39.31
Pune,Suburban,Independent House,1874,3,4,13,1,Semi-furnished,1,4.6,105.32
Jaipur,Mid-range,Independent House,1459,2,3,19,2,Semi-furnished,2,6.5,68.41
Kochi,Mid-range,Apartment,938,2,1,30,21,Unfurnished,1,0.9,52.58
Delhi NCR,Mid-range,Apartment,1538,3,3,8,5,Semi-furnished,2,4.5,178.99
Bengaluru,Mid-range,Builder Floor,549,1,1,15,0,Furnished,0,1.6,43.91
Lucknow,Mid-range,Builder Floor,1025,2,2,1,0,Semi-furnished,1,1.8,55.57
Jaipur,Mid-range,Apartment,1436,3,4,25,23,Semi-furnished,2,8.3,64.26
Hyderabad,Mid-range,Apartment,1401,3,3,6,2,Furnished,2,6.5,119.68
Ahmedabad,Prime,Villa,2024,3,2,19,2,Semi-furnished,2,0.8,192.25
Pune,Suburban,Apartment,681,1,1,7,25,Unfurnished,1,14.3,42.01
Delhi NCR,Suburban,Apartment,1465,3,2,10,8,Unfurnished,1,2.6,115.18
Lucknow,Mid-range,Independent House,1385,2,1,20,1,Semi-furnished,0,4.6,48.77
Bengaluru,Prime,Apartment,1476,3,2,9,24,Unfurnished,1,1.3,232.08
Kolkata,Mid-range,Independent House,1838,3,3,20,0,Semi-furnished,2,8.5,96.81
Bengaluru,Prime,Villa,1208,2,2,30,2,Semi-furnished,2,2.6,176.06
Ahmedabad,Prime,Builder Floor,936,2,2,25,0,Semi-furnished,1,3.4,58.44
Bengaluru,Prime,Apartment,1574,3,3,29,3,Semi-furnished,1,0.8,144.43
Coimbatore,Suburban,Apartment,1505,3,4,10,24,Unfurnished,1,3.2,51.57
Lucknow,Mid-range,Builder Floor,1316,2,1,6,0,Semi-furnished,1,3.3,57.08
Chennai,Mid-range,Apartment,1265,3,2,30,5,Semi-furnished,0,5.0,64.91
Bengaluru,Prime,Builder Floor,998,2,1,26,1,Unfurnished,1,8.1,96.91
Kochi,Suburban,Builder Floor,1147,2,2,25,0,Furnished,2,1.7,48.6
Lucknow,Mid-range,Apartment,621,1,1,0,2,Unfurnished,2,2.1,40.23
Jaipur,Prime,Apartment,1167,2,2,23,16,Semi-furnished,3,3.8,77.09
Mumbai,Suburban,Apartment,1088,2,2,1,20,Unfurnished,1,0.3,189.26
Chennai,Suburban,Apartment,1823,4,4,9,19,Unfurnished,1,0.3,101.71
Kochi,Suburban,Apartment,1306,3,3,4,14,Furnished,0,0.3,65.07
Delhi NCR,Mid-range,Apartment,1937,4,4,8,8,Semi-furnished,1,1.1,249.42
Mumbai,Suburban,Apartment,1496,3,4,2,7,Unfurnished,1,4.4,254.29
Chennai,Mid-range,Apartment,1093,2,1,1,12,Unfurnished,0,17.0,77.36
Coimbatore,Suburban,Independent House,1905,3,2,20,0,Furnished,1,4.3,73.48
Chennai,Prime,Builder Floor,1397,3,3,21,1,Unfurnished,2,1.1,138.93
Hyderabad,Suburban,Builder Floor,554,1,2,30,1,Furnished,3,0.4,35.27
Hyderabad,Mid-range,Independent House,859,1,1,18,1,Semi-furnished,1,0.4,65.04
Kolkata,Mid-range,Apartment,1554,3,3,10,11,Unfurnished,1,5.7,101.2
Kochi,Prime,Builder Floor,1192,2,1,17,1,Semi-furnished,1,6.0,107.14
Mumbai,Mid-range,Builder Floor,1193,2,2,13,2,Unfurnished,0,0.4,249.78
Jaipur,Mid-range,Builder Floor,1480,3,2,7,2,Semi-furnished,2,4.6,75.06
Hyderabad,Mid-range,Builder Floor,1088,2,2,30,2,Furnished,1,14.4,52.52
Ahmedabad,Suburban,Apartment,1402,3,3,0,19,Semi-furnished,1,6.2,60.5
Delhi NCR,Mid-range,Apartment,1356,3,4,21,3,Semi-furnished,0,1.1,120.84
Chennai,Prime,Independent House,1370,2,2,16,2,Unfurnished,2,9.2,139.7
Lucknow,Mid-range,Builder Floor,1817,4,4,12,1,Unfurnished,0,1.6,80.04
Lucknow,Mid-range,Builder Floor,1525,3,3,19,0,Furnished,1,14.3,55.24
Hyderabad,Prime,Apartment,1405,3,3,17,4,Semi-furnished,1,4.3,147.95
Bengaluru,Mid-range,Independent House,1607,3,3,13,0,Semi-furnished,0,0.2,140.78
Hyderabad,Prime,Independent House,1797,3,3,3,2,Semi-furnished,0,22.4,218.45
Mumbai,Suburban,Independent House,1231,2,2,19,0,Semi-furnished,1,2.2,158.08
Lucknow,Prime,Apartment,2171,5,6,6,15,Semi-furnished,0,1.6,162.25
Delhi NCR,Suburban,Independent House,1880,3,3,12,0,Unfurnished,1,0.2,137.04
Jaipur,Mid-range,Apartment,2161,5,4,9,8,Unfurnished,1,6.0,109.33
Mumbai,Suburban,Apartment,1087,2,2,0,21,Furnished,2,10.0,175.19
Mumbai,Prime,Apartment,1146,2,2,5,16,Unfurnished,0,0.5,407.63
Mumbai,Mid-range,Independent House,771,1,2,16,2,Furnished,0,4.3,170.96
Jaipur,Prime,Apartment,1488,3,3,15,12,Semi-furnished,2,5.4,99.27
Kochi,Prime,Independent House,1875,3,4,22,1,Semi-furnished,2,0.4,189.84
Coimbatore,Suburban,Builder Floor,1150,2,2,21,1,Semi-furnished,1,3.8,37.84
Kochi,Prime,Villa,1384,2,2,8,2,Furnished,2,10.3,156.94
Mumbai,Prime,Villa,780,1,1,11,1,Furnished,1,8.0,336.88
Pune,Mid-range,Independent House,1828,3,3,14,2,Furnished,1,3.5,172.05
Mumbai,Suburban,Builder Floor,1549,3,4,21,1,Unfurnished,1,0.7,191.38
Kolkata,Mid-range,Apartment,1618,3,3,8,25,Semi-furnished,1,3.4,115.78
Lucknow,Mid-range,Independent House,1312,2,3,29,1,Semi-furnished,2,0.6,48.09
Delhi NCR,Mid-range,Apartment,1775,4,3,20,7,Unfurnished,1,2.5,169.56
Kolkata,Suburban,Apartment,610,1,1,30,9,Semi-furnished,1,0.2,23.63
Lucknow,Suburban,Independent House,1465,2,1,25,1,Unfurnished,2,1.7,41.75
Ahmedabad,Mid-range,Builder Floor,1288,3,2,12,2,Unfurnished,2,3.8,69.06
Chennai,Mid-range,Apartment,1134,2,1,2,4,Unfurnished,2,0.6,103.23
Jaipur,Suburban,Apartment,1829,4,3,22,22,Semi-furnished,1,17.3,53.35
Jaipur,Mid-range,Apartment,955,2,1,21,4,Furnished,1,6.9,43.71
Chennai,Prime,Apartment,1846,4,3,10,21,Semi-furnished,0,2.4,232.53
Chennai,Suburban,Apartment,1486,3,3,9,5,Semi-furnished,2,0.5,78.9
Jaipur,Mid-range,Independent House,1824,3,4,4,1,Semi-furnished,1,0.2,107.84
Chennai,Suburban,Builder Floor,1193,2,1,26,2,Unfurnished,0,15.8,37.41
Lucknow,Suburban,Apartment,1410,3,2,1,14,Semi-furnished,0,9.3,45.08
Lucknow,Suburban,Apartment,1087,2,1,1,6,Semi-furnished,1,2.0,38.88
Kochi,Mid-range,Apartment,1143,2,3,2,14,Semi-furnished,1,1.8,84.6
Hyderabad,Mid-range,Apartment,588,1,1,20,5,Unfurnished,2,2.0,39.24
Kochi,Prime,Builder Floor,1100,2,1,6,2,Unfurnished,0,0.4,105.35
Pune,Mid-range,Apartment,1694,4,3,17,12,Semi-furnished,1,1.7,127.74
Jaipur,Prime,Independent House,1504,2,2,18,1,Unfurnished,1,4.1,84.39
Pune,Mid-range,Apartment,1286,3,2,9,11,Unfurnished,2,0.5,110.08
Mumbai,Prime,Apartment,1133,2,3,13,13,Semi-furnished,2,2.5,405.9
Coimbatore,Suburban,Builder Floor,581,1,1,16,2,Unfurnished,1,0.4,21.52
Jaipur,Prime,Apartment,1440,3,3,2,24,Unfurnished,2,1.2,122.9
Chennai,Prime,Builder Floor,733,1,1,14,0,Semi-furnished,1,1.5,81.39
Jaipur,Mid-range,Apartment,1085,2,2,18,12,Unfurnished,1,1.9,52.37
Coimbatore,Mid-range,Independent House,1293,2,2,29,0,Unfurnished,0,8.2,43.51
Mumbai,Prime,Apartment,690,1,1,16,15,Semi-furnished,1,2.1,218.55
Ahmedabad,Mid-range,Villa,774,1,1,13,0,Semi-furnished,1,1.2,53.69
Hyderabad,Prime,Builder Floor,620,1,1,13,0,Semi-furnished,0,8.6,59.29
Bengaluru,Mid-range,Independent House,1542,3,4,4,1,Furnished,1,7.8,153.77
Kolkata,Mid-range,Apartment,1913,4,5,18,19,Unfurnished,2,0.5,115.4
Mumbai,Mid-range,Apartment,1005,2,1,7,6,Semi-furnished,0,9.0,217.59
Hyderabad,Suburban,Apartment,648,1,2,12,8,Semi-furnished,0,1.7,35.3
Mumbai,Prime,Apartment,938,2,1,14,8,Furnished,2,10.8,297.1
Kolkata,Suburban,Apartment,1380,3,4,15,6,Semi-furnished,2,1.9,61.58
Lucknow,Suburban,Villa,1450,2,2,17,1,Semi-furnished,3,2.0,58.76
Mumbai,Mid-range,Apartment,1076,2,3,24,11,Semi-furnished,0,9.8,170.97
Ahmedabad,Mid-range,Builder Floor,505,1,2,23,2,Semi-furnished,2,0.6,31.96
Jaipur,Suburban,Apartment,558,1,1,14,17,Furnished,1,15.9,20.75
Jaipur,Mid-range,Builder Floor,1961,4,5,4,2,Unfurnished,2,10.6,95.07
Lucknow,Mid-range,Apartment,578,1,2,29,16,Furnished,1,2.0,23.41
Jaipur,Mid-range,Builder Floor,544,1,1,9,1,Unfurnished,1,2.3,25.32
Delhi NCR,Mid-range,Apartment,1243,2,2,17,0,Furnished,1,0.2,127.75
Lucknow,Prime,Builder Floor,1968,4,4,17,1,Semi-furnished,2,1.0,124.32
Chennai,Suburban,Builder Floor,1082,2,2,29,1,Unfurnished,0,5.1,36.5
Chennai,Suburban,Apartment,1034,2,1,27,20,Semi-furnished,3,0.2,54.4
Kolkata,Mid-range,Independent House,2184,4,4,7,1,Furnished,1,0.2,175.58
Delhi NCR,Prime,Builder Floor,1035,2,2,3,0,Unfurnished,1,6.0,163.57
Mumbai,Suburban,Builder Floor,1179,2,1,6,2,Unfurnished,1,20.9,164.02
Pune,Mid-range,Apartment,1700,4,5,22,2,Unfurnished,0,5.6,98.21
Ahmedabad,Mid-range,Independent House,1786,3,3,17,2,Unfurnished,1,13.5,83.94
Pune,Mid-range,Apartment,1555,3,2,12,2,Unfurnished,1,4.5,112.57
Lucknow,Suburban,Builder Floor,625,1,2,10,2,Unfurnished,1,2.3,22.55
Mumbai,Suburban,Apartment,1476,3,2,21,13,Semi-furnished,2,4.3,189.73
Kochi,Mid-range,Apartment,1436,3,3,27,3,Semi-furnished,0,1.4,68.12
Chennai,Suburban,Independent House,1813,3,4,2,1,Semi-furnished,1,2.7,119.95
Bengaluru,Suburban,Apartment,955,2,2,26,19,Semi-furnished,0,4.2,49.01
Hyderabad,Mid-range,Apartment,962,2,3,26,10,Semi-furnished,1,2.8,58.56
Ahmedabad,Suburban,Apartment,1064,2,1,2,18,Unfurnished,1,1.5,45.7
Pune,Mid-range,Builder Floor,1208,3,4,7,1,Unfurnished,2,5.9,95.08
Kochi,Mid-range,Builder Floor,699,1,2,23,2,Unfurnished,1,3.6,39.11
Lucknow,Suburban,Apartment,1286,2,1,12,17,Furnished,1,0.4,47.32
Kolkata,Mid-range,Apartment,1127,2,1,22,8,Semi-furnished,0,0.6,67.23
Lucknow,Suburban,Apartment,676,1,2,21,11,Unfurnished,0,3.3,18.76
Lucknow,Suburban,Independent House,2140,4,5,8,2,Semi-furnished,2,9.0,73.83
Coimbatore,Suburban,Builder Floor,1448,3,3,23,1,Unfurnished,2,5.1,44.92
Coimbatore,Mid-range,Independent House,1544,2,3,20,2,Semi-furnished,0,3.6,63.94
Chennai,Mid-range,Builder Floor,1228,2,1,23,0,Furnished,0,11.7,66.32
Ahmedabad,Suburban,Builder Floor,934,2,1,2,1,Semi-furnished,1,2.7,37.64
Lucknow,Suburban,Villa,2301,4,4,12,1,Unfurnished,1,1.6,89.81
Jaipur,Mid-range,Apartment,1602,3,2,14,17,Unfurnished,1,1.1,63.65
Mumbai,Suburban,Independent House,1924,3,4,8,1,Semi-furnished,1,3.6,322.64
Kolkata,Prime,Apartment,1113,2,2,4,13,Unfurnished,1,1.6,106.16
Ahmedabad,Prime,Builder Floor,1602,3,2,25,1,Semi-furnished,1,1.6,95.43
Lucknow,Mid-range,Apartment,1671,3,3,22,2,Unfurnished,2,16.9,55.51
Hyderabad,Prime,Apartment,1398,3,2,25,2,Unfurnished,1,8.0,121.88
Jaipur,Mid-range,Apartment,1047,2,2,16,1,Unfurnished,0,8.6,41.64
Bengaluru,Suburban,Builder Floor,544,1,1,19,0,Semi-furnished,2,5.6,32.58
Hyderabad,Suburban,Apartment,1934,4,4,2,5,Unfurnished,1,1.6,121.13
Hyderabad,Mid-range,Builder Floor,1406,3,2,23,2,Semi-furnished,2,5.5,90.04
Mumbai,Suburban,Apartment,2180,5,4,13,22,Furnished,1,7.0,314.77
Chennai,Prime,Apartment,1377,3,4,7,23,Furnished,2,0.2,197.2
Bengaluru,Mid-range,Apartment,594,1,1,25,9,Furnished,2,0.8,50.98
Delhi NCR,Mid-range,Apartment,1489,3,3,11,13,Furnished,2,1.3,193.62
Bengaluru,Suburban,Apartment,1439,3,3,7,22,Furnished,2,3.7,108.8
Ahmedabad,Mid-range,Apartment,1059,2,1,29,18,Semi-furnished,0,2.9,45.45
Chennai,Mid-range,Builder Floor,1061,2,2,4,1,Unfurnished,1,1.3,74.28
Jaipur,Prime,Apartment,1430,3,3,18,24,Unfurnished,1,3.2,89.69
Jaipur,Mid-range,Apartment,1060,2,3,19,10,Semi-furnished,3,4.3,48.91
Coimbatore,Suburban,Apartment,2068,5,5,12,20,Unfurnished,2,3.0,74.66
Jaipur,Prime,Apartment,2246,5,4,25,3,Furnished,1,0.2,145.18
Delhi NCR,Mid-range,Builder Floor,622,1,1,4,0,Semi-furnished,1,3.0,70.74
Lucknow,Suburban,Apartment,1398,3,3,20,13,Semi-furnished,2,2.1,45.8
Delhi NCR,Mid-range,Apartment,991,2,2,3,7,Furnished,0,4.1,145.48
Kolkata,Suburban,Independent House,1887,3,2,11,2,Semi-furnished,0,3.3,75.53
Hyderabad,Prime,Independent House,1245,2,3,5,0,Unfurnished,2,9.2,151.9
Kochi,Suburban,Apartment,1424,3,4,28,6,Semi-furnished,2,0.2,52.92
Jaipur,Suburban,Independent House,1913,3,4,16,1,Furnished,1,1.5,61.51
Jaipur,Prime,Builder Floor,1395,3,2,0,1,Furnished,0,4.2,105.44
Delhi NCR,Suburban,Builder Floor,697,1,1,9,2,Semi-furnished,1,0.8,52.53
Lucknow,Suburban,Builder Floor,1797,4,5,7,0,Furnished,0,6.3,54.94
Coimbatore,Prime,Apartment,655,1,1,8,10,Furnished,3,2.2,71.16
Lucknow,Suburban,Apartment,754,1,2,6,23,Furnished,1,5.6,29.17
Pune,Suburban,Apartment,1302,2,2,28,1,Semi-furnished,2,6.2,53.23
Pune,Prime,Apartment,1673,3,3,21,12,Semi-furnished,2,5.4,172.89
Kolkata,Prime,Apartment,1208,2,2,26,19,Unfurnished,0,9.9,80.24
Hyderabad,Mid-range,Independent House,2493,4,5,30,1,Semi-furnished,1,4.8,158.15
Kochi,Mid-range,Apartment,705,1,1,3,25,Semi-furnished,1,8.8,48.34
Coimbatore,Mid-range,Apartment,1217,2,1,28,16,Semi-furnished,2,3.0,51.1
Bengaluru,Prime,Independent House,1183,2,2,24,2,Unfurnished,0,2.7,122.74
Coimbatore,Mid-range,Apartment,1446,3,2,24,3,Semi-furnished,1,1.4,59.42
Kolkata,Suburban,Apartment,1452,3,2,13,21,Furnished,1,5.2,68.38
Pune,Suburban,Builder Floor,1487,3,3,18,1,Semi-furnished,2,1.1,74.76
Hyderabad,Suburban,Builder Floor,1513,3,3,26,0,Semi-furnished,1,1.3,65.93
Hyderabad,Mid-range,Builder Floor,1032,2,1,27,2,Semi-furnished,3,2.8,69.92
Pune,Suburban,Apartment,1399,3,4,9,3,Unfurnished,0,2.9,71.0
Mumbai,Suburban,Apartment,946,2,2,3,12,Semi-furnished,1,4.5,161.26
Ahmedabad,Mid-range,Apartment,1023,2,2,26,8,Unfurnished,2,6.0,48.25
Mumbai,Prime,Apartment,1123,2,1,29,25,Semi-furnished,1,2.6,284.3
Kochi,Prime,Builder Floor,1442,3,3,1,2,Unfurnished,2,0.2,161.03
Kochi,Prime,Apartment,1943,4,3,27,11,Semi-furnished,1,1.8,140.85
Delhi NCR,Prime,Apartment,955,2,1,17,0,Semi-furnished,3,1.9,167.79
Chennai,Suburban,Apartment,1121,2,2,28,5,Semi-furnished,1,1.3,41.2
Chennai,Mid-range,Apartment,671,1,1,8,2,Semi-furnished,1,1.4,51.51
Jaipur,Prime,Builder Floor,1038,2,1,10,1,Semi-furnished,0,4.7,70.06
Pune,Mid-range,Apartment,1085,2,3,19,20,Unfurnished,2,0.6,89.48
Mumbai,Mid-range,Apartment,1779,4,3,21,14,Furnished,1,1.2,354.61
Chennai,Suburban,Apartment,1815,4,4,5,11,Semi-furnished,2,8.5,93.13
Delhi NCR,Prime,Builder Floor,1640,3,2,15,2,Unfurnished,2,3.4,264.55
Delhi NCR,Mid-range,Apartment,1469,3,4,4,24,Unfurnished,2,10.3,170.58
Jaipur,Suburban,Builder Floor,1530,3,2,4,2,Semi-furnished,1,0.2,55.69
Mumbai,Mid-range,Builder Floor,990,2,2,11,2,Unfurnished,0,0.8,199.11
Jaipur,Suburban,Apartment,1387,3,4,19,15,Semi-furnished,3,4.6,58.45
Coimbatore,Suburban,Builder Floor,1455,3,4,15,1,Unfurnished,3,1.0,60.35
Mumbai,Suburban,Apartment,993,2,2,5,20,Unfurnished,0,1.4,151.22
Coimbatore,Prime,Apartment,727,1,1,0,6,Unfurnished,1,2.2,64.72
Bengaluru,Prime,Apartment,1200,2,2,1,11,Furnished,1,7.2,180.94
Pune,Suburban,Apartment,2259,5,5,5,4,Semi-furnished,1,3.2,144.32
Coimbatore,Prime,Apartment,1518,3,2,10,13,Furnished,0,4.6,126.0
Kochi,Mid-range,Apartment,612,1,1,21,16,Unfurnished,1,1.9,34.05
Ahmedabad,Suburban,Apartment,2000,4,4,2,22,Unfurnished,2,5.3,90.48
Mumbai,Suburban,Apartment,1014,2,2,30,1,Unfurnished,1,1.5,111.09
Mumbai,Suburban,Apartment,921,2,2,21,12,Unfurnished,0,3.6,110.22
Jaipur,Suburban,Apartment,2145,5,5,16,20,Unfurnished,2,0.4,68.54
Hyderabad,Mid-range,Apartment,647,1,1,10,17,Furnished,0,0.2,53.1
Hyderabad,Mid-range,Apartment,1022,2,1,4,2,Furnished,2,4.4,97.18
Kolkata,Mid-range,Apartment,1060,2,2,25,0,Unfurnished,2,1.6,55.21
Hyderabad,Prime,Apartment,1477,3,3,16,14,Unfurnished,1,2.1,170.7
Mumbai,Mid-range,Independent House,2720,5,6,5,1,Furnished,1,3.9,657.34
Hyderabad,Mid-range,Villa,2365,4,4,16,1,Semi-furnished,2,12.8,170.18
Hyderabad,Mid-range,Apartment,1044,2,2,3,3,Unfurnished,1,7.4,81.55
Ahmedabad,Mid-range,Builder Floor,1567,3,4,2,1,Semi-furnished,0,0.5,95.32
Bengaluru,Mid-range,Independent House,1820,3,3,28,2,Unfurnished,1,0.2,136.27
Pune,Suburban,Apartment,1967,4,4,29,9,Furnished,1,4.4,85.0
Jaipur,Suburban,Independent House,932,1,1,16,0,Unfurnished,1,10.0,31.89
Hyderabad,Mid-range,Independent House,1514,2,3,10,1,Semi-furnished,1,1.5,127.72
Ahmedabad,Mid-range,Apartment,1934,4,4,27,8,Semi-furnished,1,1.8,77.77
Kochi,Mid-range,Apartment,1140,2,1,10,9,Furnished,1,1.8,73.37
Kolkata,Suburban,Apartment,1150,2,2,27,19,Semi-furnished,1,0.4,43.51
Lucknow,Mid-range,Apartment,1218,2,2,24,23,Semi-furnished,0,15.2,42.95
Jaipur,Suburban,Apartment,1403,3,3,10,0,Unfurnished,1,1.7,47.71
Hyderabad,Prime,Apartment,1332,3,3,6,0,Semi-furnished,1,13.0,140.19
Jaipur,Mid-range,Apartment,1446,3,4,21,9,Semi-furnished,2,2.9,72.83
Kochi,Mid-range,Apartment,1262,2,3,3,22,Unfurnished,1,1.1,91.67
Jaipur,Mid-range,Builder Floor,1883,4,5,21,2,Unfurnished,2,0.4,73.3
Jaipur,Suburban,Builder Floor,1169,2,1,26,2,Unfurnished,1,1.6,30.52
Bengaluru,Suburban,Villa,1449,2,2,3,1,Semi-furnished,1,1.8,127.51
Kolkata,Mid-range,Apartment,1540,3,3,0,18,Semi-furnished,2,2.1,117.18
Hyderabad,Mid-range,Villa,1615,3,4,5,1,Unfurnished,0,2.1,146.79
Kolkata,Suburban,Independent House,1739,3,3,7,0,Semi-furnished,1,3.7,92.27
Hyderabad,Suburban,Apartment,1014,2,2,20,9,Semi-furnished,1,12.3,51.52
Ahmedabad,Suburban,Apartment,1917,4,4,14,7,Semi-furnished,1,2.6,69.95
Lucknow,Prime,Independent House,597,1,1,7,0,Semi-furnished,1,0.8,47.8
Jaipur,Mid-range,Apartment,1413,3,2,15,17,Semi-furnished,1,1.9,65.95
Coimbatore,Suburban,Apartment,1524,3,3,11,8,Semi-furnished,1,8.2,50.28
Coimbatore,Mid-range,Builder Floor,1869,4,4,20,0,Semi-furnished,0,6.0,71.98
Delhi NCR,Suburban,Apartment,1479,3,3,25,5,Semi-furnished,1,4.2,91.98
Delhi NCR,Mid-range,Apartment,1435,3,3,23,25,Semi-furnished,1,0.3,145.88
Delhi NCR,Suburban,Apartment,1525,3,3,6,7,Furnished,3,3.8,146.83
Kochi,Suburban,Apartment,1178,2,3,30,7,Unfurnished,1,2.9,39.43
Delhi NCR,Suburban,Builder Floor,1364,3,2,20,1,Furnished,1,5.6,90.68
Pune,Suburban,Apartment,1515,3,3,10,23,Unfurnished,0,2.1,80.14
Chennai,Mid-range,Apartment,1252,2,2,20,17,Semi-furnished,1,6.0,97.57
Kolkata,Prime,Apartment,1468,3,3,12,17,Furnished,0,0.3,155.24
Coimbatore,Mid-range,Builder Floor,917,2,1,19,0,Furnished,1,1.8,43.46
Chennai,Prime,Apartment,1819,4,4,17,4,Unfurnished,3,2.7,182.98
Jaipur,Mid-range,Apartment,1842,4,5,29,22,Furnished,1,1.0,75.46
Coimbatore,Mid-range,Independent House,2342,4,5,18,2,Unfurnished,1,3.1,114.27
Bengaluru,Prime,Builder Floor,1143,2,1,11,0,Unfurnished,1,1.6,145.67
Coimbatore,Mid-range,Apartment,872,2,3,11,15,Furnished,1,1.3,51.78
Mumbai,Prime,Apartment,1313,3,3,3,21,Unfurnished,1,0.3,501.02
Ahmedabad,Mid-range,Apartment,1360,3,4,15,23,Semi-furnished,2,7.4,74.25
Hyderabad,Prime,Builder Floor,1572,3,4,10,0,Semi-furnished,1,1.6,175.95
Bengaluru,Mid-range,Apartment,1054,2,1,22,15,Furnished,1,4.8,74.95
Chennai,Prime,Independent House,1809,3,2,17,0,Unfurnished,0,1.6,194.7
Jaipur,Mid-range,Villa,933,1,1,27,2,Semi-furnished,1,0.3,46.1
Ahmedabad,Prime,Apartment,1351,3,2,21,15,Unfurnished,2,1.8,94.62
Pune,Suburban,Builder Floor,1481,3,4,11,1,Unfurnished,2,1.2,77.52
Chennai,Suburban,Apartment,965,2,1,28,14,Semi-furnished,1,0.6,42.51
Kochi,Prime,Independent House,1301,2,2,22,0,Semi-furnished,1,2.7,123.67
Kochi,Prime,Apartment,666,1,1,3,9,Semi-furnished,1,1.0,72.9
Kolkata,Prime,Apartment,1100,2,3,30,13,Unfurnished,1,6.6,68.73
Hyderabad,Mid-range,Independent House,1755,3,4,25,0,Unfurnished,2,2.6,114.49
Pune,Suburban,Builder Floor,1113,2,1,1,1,Semi-furnished,0,6.2,57.26
Lucknow,Suburban,Builder Floor,1407,3,2,6,0,Unfurnished,0,2.9,44.62
Kolkata,Suburban,Builder Floor,960,2,3,6,2,Unfurnished,1,3.0,47.12
Kolkata,Suburban,Apartment,1697,4,4,6,22,Furnished,2,4.9,94.68
Kochi,Prime,Apartment,1437,3,4,9,15,Unfurnished,1,0.3,148.11
Jaipur,Mid-range,Apartment,1068,2,1,9,14,Semi-furnished,1,6.0,51.88
Mumbai,Mid-range,Apartment,1524,3,3,1,16,Semi-furnished,1,0.2,389.99
Coimbatore,Prime,Apartment,1193,2,2,13,21,Semi-furnished,0,0.4,87.84
Bengaluru,Mid-range,Builder Floor,1211,2,1,6,0,Unfurnished,1,5.4,96.61
Chennai,Mid-range,Independent House,884,1,1,29,1,Semi-furnished,1,0.2,57.99
Pune,Mid-range,Apartment,1658,3,2,2,0,Furnished,1,5.5,150.15
Kochi,Prime,Builder Floor,1937,4,4,10,1,Semi-furnished,0,3.7,173.65
Pune,Suburban,Independent House,2353,4,5,26,2,Furnished,1,0.2,124.86
Bengaluru,Mid-range,Apartment,1812,4,3,13,22,Unfurnished,2,6.7,151.94
Kolkata,Mid-range,Builder Floor,607,1,2,4,0,Semi-furnished,1,4.7,46.52
Hyderabad,Mid-range,Apartment,1189,2,1,8,0,Furnished,2,11.8,104.34
Delhi NCR,Mid-range,Apartment,1463,3,3,6,25,Furnished,1,0.3,193.24
Kolkata,Prime,Independent House,1825,3,3,3,0,Furnished,1,0.4,190.21
Coimbatore,Prime,Apartment,1737,4,3,21,5,Semi-furnished,2,10.6,110.35
Kochi,Suburban,Apartment,1634,3,3,4,12,Unfurnished,1,1.6,77.49
Pune,Suburban,Apartment,992,2,3,30,12,Unfurnished,1,3.3,44.29
Chennai,Mid-range,Apartment,959,2,2,1,11,Semi-furnished,2,0.8,87.56
Mumbai,Prime,Independent House,843,1,1,11,0,Semi-furnished,1,2.0,296.1
Lucknow,Prime,Builder Floor,1203,2,1,11,1,Furnished,3,1.4,88.27
Kochi,Mid-range,Builder Floor,1348,3,4,30,2,Furnished,1,4.7,66.23
Kochi,Suburban,Apartment,1078,2,3,7,22,Unfurnished,1,0.2,56.64
Bengaluru,Mid-range,Independent House,2116,3,4,28,0,Semi-furnished,1,0.2,159.52
Hyderabad,Prime,Apartment,1451,3,3,29,17,Semi-furnished,2,4.2,145.97
Coimbatore,Mid-range,Apartment,721,1,2,6,18,Semi-furnished,0,2.5,42.71
Bengaluru,Mid-range,Independent House,1877,3,2,9,1,Unfurnished,2,1.5,174.26
Jaipur,Prime,Apartment,1114,2,2,29,9,Semi-furnished,1,9.1,60.83
Lucknow,Suburban,Apartment,1211,2,3,11,17,Unfurnished,2,0.6,47.94
Kolkata,Suburban,Builder Floor,1203,2,2,20,1,Semi-furnished,2,6.3,45.93
Coimbatore,Mid-range,Villa,1270,2,1,9,1,Unfurnished,1,2.2,88.12
Coimbatore,Suburban,Builder Floor,1157,2,2,10,2,Furnished,2,1.9,45.91
Coimbatore,Prime,Apartment,1428,3,4,17,1,Semi-furnished,3,1.4,117.14
Coimbatore,Suburban,Apartment,697,1,1,0,12,Semi-furnished,1,0.3,29.71
Pune,Mid-range,Builder Floor,1541,3,2,29,0,Unfurnished,1,4.7,84.34
Kochi,Suburban,Apartment,1102,2,1,23,8,Semi-furnished,0,5.7,34.99
Bengaluru,Mid-range,Apartment,1070,2,2,30,15,Semi-furnished,0,1.3,79.78
Mumbai,Mid-range,Apartment,1444,3,4,22,21,Furnished,1,0.5,276.73
Hyderabad,Suburban,Apartment,1470,3,4,12,2,Furnished,1,2.2,91.2
Pune,Mid-range,Independent House,1852,3,4,30,0,Unfurnished,1,1.7,109.71
Coimbatore,Mid-range,Apartment,1010,2,3,22,20,Semi-furnished,0,5.2,42.3
Kochi,Mid-range,Apartment,1943,4,5,17,13,Semi-furnished,1,0.7,120.11
Hyderabad,Mid-range,Builder Floor,970,2,2,0,2,Unfurnished,0,13.6,69.2
Coimbatore,Prime,Apartment,1416,3,3,22,14,Semi-furnished,0,1.9,96.03
Delhi NCR,Mid-range,Apartment,754,1,2,21,15,Semi-furnished,2,6.0,85.3
Kochi,Mid-range,Apartment,1043,2,2,9,10,Furnished,2,0.7,76.73
Jaipur,Mid-range,Independent House,1220,2,2,19,2,Unfurnished,1,5.0,54.61
Chennai,Prime,Apartment,703,1,2,20,1,Unfurnished,2,6.6,66.55
Ahmedabad,Mid-range,Apartment,1461,3,3,19,25,Furnished,0,5.9,70.24
Pune,Prime,Apartment,1068,2,1,12,22,Semi-furnished,1,3.4,125.04
Lucknow,Suburban,Apartment,1073,2,1,9,10,Unfurnished,2,0.4,39.96
Bengaluru,Mid-range,Villa,2059,3,3,25,1,Furnished,0,2.7,195.65
Delhi NCR,Suburban,Apartment,1708,3,3,26,10,Unfurnished,1,6.2,93.89
Mumbai,Mid-range,Apartment,1178,2,3,17,22,Unfurnished,1,1.9,240.25
Kolkata,Suburban,Independent House,1226,2,2,19,1,Furnished,1,4.8,52.05
Jaipur,Suburban,Apartment,1027,2,3,24,11,Furnished,2,0.2,37.63
Kolkata,Suburban,Apartment,619,1,2,29,12,Semi-furnished,2,2.7,29.89
Delhi NCR,Mid-range,Independent House,1751,3,2,6,2,Unfurnished,1,1.1,236.56
Bengaluru,Suburban,Apartment,1317,2,3,24,14,Unfurnished,1,15.8,61.42
Pune,Suburban,Apartment,2048,4,4,9,20,Unfurnished,0,1.0,110.66
Ahmedabad,Suburban,Apartment,1448,3,3,10,10,Furnished,0,4.8,53.88
Kolkata,Suburban,Builder Floor,1328,3,3,5,0,Semi-furnished,1,2.8,54.75
Hyderabad,Mid-range,Apartment,1108,2,2,20,6,Unfurnished,2,7.8,68.07
Bengaluru,Mid-range,Apartment,1569,3,3,16,15,Unfurnished,1,0.7,114.82
Coimbatore,Suburban,Builder Floor,1115,2,3,2,0,Semi-furnished,3,1.5,59.78
Jaipur,Suburban,Apartment,990,2,2,2,6,Semi-furnished,1,25.0,32.65
Coimbatore,Mid-range,Apartment,1041,2,1,1,18,Semi-furnished,3,5.3,71.53
Chennai,Mid-range,Apartment,1142,2,1,12,11,Unfurnished,0,1.1,78.48
Hyderabad,Suburban,Builder Floor,1532,3,4,3,2,Unfurnished,1,1.2,91.31
Mumbai,Mid-range,Independent House,1838,3,2,13,2,Unfurnished,2,7.2,363.83
Coimbatore,Suburban,Apartment,1374,3,3,16,11,Furnished,1,0.4,47.78
Mumbai,Prime,Builder Floor,2027,5,5,24,0,Semi-furnished,0,4.0,516.14
Delhi NCR,Prime,Independent House,1254,2,2,22,1,Semi-furnished,2,4.9,213.89
Chennai,Mid-range,Apartment,1010,2,3,9,8,Semi-furnished,1,2.0,71.6
Ahmedabad,Prime,Independent House,1489,2,2,6,1,Semi-furnished,0,3.8,123.7
Delhi NCR,Mid-range,Builder Floor,2286,5,5,2,2,Semi-furnished,0,4.5,271.67
Kochi,Mid-range,Villa,2221,4,4,6,2,Unfurnished,3,10.7,149.93
Coimbatore,Suburban,Apartment,681,1,1,23,10,Furnished,0,0.3,20.4
Jaipur,Mid-range,Apartment,1671,3,4,28,5,Semi-furnished,1,2.6,64.82
Coimbatore,Suburban,Apartment,1182,2,1,20,1,Semi-furnished,3,2.0,50.22
Kochi,Suburban,Apartment,1025,2,1,20,13,Furnished,1,2.6,44.59
Kolkata,Suburban,Apartment,1315,3,3,28,10,Semi-furnished,2,3.2,54.24
Jaipur,Mid-range,Apartment,965,2,2,7,12,Furnished,0,0.4,47.57
Pune,Mid-range,Apartment,1249,3,3,9,17,Semi-furnished,1,1.6,99.02
Ahmedabad,Mid-range,Apartment,1401,3,3,6,24,Furnished,0,13.1,82.13
Delhi NCR,Mid-range,Apartment,994,2,2,11,11,Unfurnished,1,2.8,119.26
Pune,Mid-range,Apartment,1529,3,3,27,22,Furnished,2,0.3,107.63
Kolkata,Mid-range,Apartment,1418,3,3,20,20,Furnished,1,0.2,86.68
Hyderabad,Mid-range,Builder Floor,1955,4,4,2,0,Semi-furnished,0,1.8,151.6
Hyderabad,Suburban,Apartment,1111,2,2,20,15,Unfurnished,2,0.5,58.8
Hyderabad,Prime,Apartment,1261,3,3,1,25,Unfurnished,1,0.9,166.36
Mumbai,Prime,Apartment,1294,3,3,20,5,Unfurnished,0,5.9,337.54
Kolkata,Suburban,Apartment,1068,2,1,22,22,Unfurnished,0,6.8,33.64
Lucknow,Mid-range,Apartment,996,2,2,26,0,Semi-furnished,1,5.0,34.52
Kochi,Suburban,Builder Floor,1973,4,4,11,0,Unfurnished,1,0.2,88.56
Delhi NCR,Suburban,Apartment,1122,2,1,3,24,Furnished,2,3.9,100.51
Lucknow,Prime,Villa,1490,2,2,16,2,Semi-furnished,0,9.3,102.85
Kolkata,Mid-range,Independent House,1332,2,2,25,1,Semi-furnished,0,3.0,69.8
Chennai,Suburban,Builder Floor,1082,2,1,14,2,Furnished,2,3.3,57.16
Mumbai,Suburban,Independent House,2263,4,3,1,2,Unfurnished,0,6.9,333.61
Lucknow,Suburban,Builder Floor,1108,2,1,1,0,Semi-furnished,1,1.8,38.38
Chennai,Prime,Apartment,1852,4,4,28,7,Semi-furnished,1,9.6,166.75
Kochi,Suburban,Independent House,1344,2,3,1,2,Unfurnished,1,4.7,65.03
Kochi,Mid-range,Apartment,2344,5,5,8,23,Unfurnished,2,7.4,166.54
Coimbatore,Mid-range,Apartment,1433,3,2,13,18,Unfurnished,1,1.2,71.16
Jaipur,Mid-range,Apartment,657,1,2,6,13,Furnished,1,0.3,44.52
Mumbai,Mid-range,Apartment,1045,2,3,18,14,Semi-furnished,2,2.2,213.92
Delhi NCR,Mid-range,Apartment,1040,2,2,19,2,Semi-furnished,1,12.4,104.31
Kolkata,Mid-range,Apartment,1901,4,4,24,3,Unfurnished,1,0.7,93.67
Kolkata,Suburban,Apartment,1366,3,3,19,18,Semi-furnished,1,7.0,57.17
Bengaluru,Suburban,Independent House,801,1,1,6,2,Semi-furnished,3,5.1,66.23
Kolkata,Suburban,Apartment,1203,2,3,14,13,Semi-furnished,1,14.5,51.9
Bengaluru,Prime,Apartment,1189,2,3,24,19,Unfurnished,2,3.1,152.82
Jaipur,Mid-range,Apartment,1571,3,2,24,13,Unfurnished,1,2.4,67.98
Delhi NCR,Prime,Apartment,1133,2,3,23,23,Semi-furnished,2,0.9,189.1
Chennai,Prime,Independent House,1483,2,1,17,0,Unfurnished,1,2.3,148.34
Lucknow,Mid-range,Apartment,1867,4,4,5,2,Unfurnished,1,1.8,88.11
Pune,Mid-range,Builder Floor,991,2,2,15,0,Semi-furnished,1,2.9,73.06
Kolkata,Suburban,Villa,1296,2,3,1,2,Furnished,1,0.2,86.18
Ahmedabad,Mid-range,Apartment,568,1,1,18,20,Furnished,1,0.2,33.74
Pune,Suburban,Independent House,2807,5,5,13,0,Semi-furnished,1,1.9,160.96
Kochi,Mid-range,Apartment,1362,3,2,1,17,Unfurnished,1,2.4,99.6
Kochi,Mid-range,Apartment,747,1,1,30,19,Unfurnished,3,0.7,48.16
Lucknow,Suburban,Apartment,1116,2,2,7,6,Semi-furnished,2,1.7,44.43
Jaipur,Mid-range,Apartment,1090,2,2,26,2,Unfurnished,1,11.5,42.82
Pune,Mid-range,Builder Floor,1455,3,4,19,2,Unfurnished,1,7.8,84.76
Coimbatore,Suburban,Apartment,1084,2,2,28,21,Semi-furnished,0,1.7,27.67
Delhi NCR,Prime,Apartment,1512,3,3,10,3,Semi-furnished,0,7.4,238.7
Mumbai,Suburban,Apartment,1763,4,4,14,9,Unfurnished,1,9.2,192.63
Coimbatore,Mid-range,Villa,1282,2,2,25,2,Semi-furnished,0,1.6,61.88
Kochi,Mid-range,Independent House,1472,2,1,4,0,Unfurnished,3,3.0,112.9
Hyderabad,Suburban,Apartment,1839,4,5,9,10,Furnished,1,3.8,106.2
Hyderabad,Mid-range,Apartment,1365,3,4,22,2,Unfurnished,2,3.8,87.89
Mumbai,Suburban,Apartment,1021,2,1,5,14,Furnished,1,1.2,205.95
Pune,Prime,Apartment,1513,3,3,9,23,Furnished,2,0.5,192.24
Bengaluru,Mid-range,Independent House,1780,3,3,15,0,Semi-furnished,1,5.5,148.0
Hyderabad,Prime,Builder Floor,1011,2,2,18,0,Unfurnished,0,3.9,85.19
Pune,Prime,Builder Floor,1116,2,3,7,2,Semi-furnished,1,2.9,133.79
Coimbatore,Mid-range,Apartment,1562,3,2,16,1,Furnished,1,4.3,75.56
Bengaluru,Suburban,Villa,1308,2,1,5,0,Semi-furnished,1,10.2,98.65
Bengaluru,Mid-range,Apartment,1008,2,2,27,8,Semi-furnished,0,0.5,72.73
Bengaluru,Suburban,Independent House,1817,3,2,28,0,Furnished,1,0.9,93.56
Lucknow,Mid-range,Independent House,815,1,1,7,0,Furnished,1,1.2,47.54
Kochi,Mid-range,Apartment,1922,4,4,15,17,Semi-furnished,0,3.1,108.54
Hyderabad,Mid-range,Apartment,720,1,1,3,23,Unfurnished,1,7.1,55.52
Mumbai,Suburban,Apartment,951,2,1,26,5,Semi-furnished,1,0.4,114.1
Pune,Mid-range,Apartment,1530,3,3,17,12,Semi-furnished,3,2.9,118.8
Hyderabad,Mid-range,Builder Floor,1173,2,2,11,0,Unfurnished,2,2.8,89.76
Kolkata,Suburban,Independent House,3001,5,5,30,0,Semi-furnished,3,3.4,113.86
Lucknow,Mid-range,Apartment,1340,3,2,30,13,Unfurnished,2,0.6,48.63
Lucknow,Mid-range,Apartment,2295,5,4,19,9,Furnished,1,2.8,107.08
Jaipur,Prime,Apartment,1394,3,2,10,17,Furnished,0,5.1,101.93
Hyderabad,Suburban,Apartment,1447,3,3,7,2,Unfurnished,2,1.6,82.41
Hyderabad,Prime,Apartment,915,2,2,30,6,Unfurnished,1,0.5,74.58
Kochi,Mid-range,Apartment,2256,5,5,19,0,Furnished,1,1.7,132.15
Kochi,Suburban,Apartment,1144,2,3,16,18,Semi-furnished,2,0.3,56.16
Delhi NCR,Suburban,Apartment,1097,2,2,15,24,Furnished,0,1.3,92.99
Ahmedabad,Suburban,Apartment,1033,2,1,5,10,Semi-furnished,2,11.7,50.0
Chennai,Prime,Independent House,1251,2,3,20,2,Unfurnished,1,2.3,141.98
Pune,Suburban,Independent House,1895,3,4,19,2,Semi-furnished,1,0.3,92.34
Lucknow,Suburban,Apartment,1188,2,2,30,17,Furnished,1,0.2,35.95
Coimbatore,Mid-range,Independent House,1785,3,2,12,0,Furnished,0,1.0,99.97
Kochi,Mid-range,Apartment,1364,3,3,28,8,Furnished,2,0.5,79.52
Delhi NCR,Mid-range,Builder Floor,1379,3,3,20,2,Semi-furnished,2,1.5,128.73
Hyderabad,Suburban,Builder Floor,1222,3,4,21,0,Semi-furnished,1,3.6,52.58
Hyderabad,Prime,Apartment,1874,4,3,17,15,Semi-furnished,2,0.4,211.6
Chennai,Mid-range,Apartment,1571,3,3,5,16,Unfurnished,0,1.3,112.71
Lucknow,Suburban,Apartment,1447,3,3,22,4,Unfurnished,1,2.7,40.36
Lucknow,Mid-range,Apartment,544,1,2,28,12,Semi-furnished,2,8.9,26.44
Kochi,Mid-range,Apartment,1054,2,2,29,15,Semi-furnished,1,1.0,56.75
Kolkata,Suburban,Independent House,1310,2,2,8,2,Semi-furnished,1,4.3,69.31
Coimbatore,Prime,Apartment,1019,2,1,28,3,Furnished,0,25.0,58.69
Coimbatore,Mid-range,Independent House,1216,2,2,20,2,Unfurnished,1,1.2,60.28
Ahmedabad,Mid-range,Apartment,1520,3,4,6,22,Furnished,1,10.8,79.68
Bengaluru,Suburban,Apartment,1361,3,3,30,14,Semi-furnished,1,9.7,70.65
Coimbatore,Mid-range,Apartment,640,1,1,0,17,Semi-furnished,2,1.4,52.0
Mumbai,Mid-range,Apartment,1034,2,3,13,21,Unfurnished,0,4.1,209.95
Pune,Suburban,Independent House,1283,2,3,18,0,Unfurnished,2,2.3,65.83
Delhi NCR,Mid-range,Builder Floor,1183,2,3,2,1,Furnished,0,5.4,147.77
Ahmedabad,Prime,Independent House,2505,4,3,16,1,Semi-furnished,2,5.5,171.73
Jaipur,Mid-range,Apartment,1199,2,1,0,3,Semi-furnished,0,1.8,64.78
Delhi NCR,Prime,Apartment,1022,2,1,19,11,Furnished,1,5.6,158.95
Kochi,Mid-range,Apartment,1503,3,2,9,3,Semi-furnished,1,3.5,94.8
Kochi,Suburban,Independent House,1432,2,2,12,0,Unfurnished,0,0.3,56.35
Jaipur,Suburban,Apartment,1052,2,2,23,3,Unfurnished,1,3.1,31.12
Pune,Mid-range,Apartment,1633,4,3,26,0,Semi-furnished,1,2.1,92.21
Kolkata,Prime,Apartment,1102,2,1,9,1,Semi-furnished,0,10.1,94.06
Mumbai,Mid-range,Independent House,1052,1,1,6,1,Unfurnished,0,0.4,258.65
Hyderabad,Mid-range,Apartment,1865,4,3,5,13,Semi-furnished,3,2.7,153.5
Mumbai,Mid-range,Builder Floor,1525,3,4,16,1,Unfurnished,2,2.0,299.76
Pune,Prime,Independent House,738,1,1,5,1,Unfurnished,0,0.2,109.75
Mumbai,Mid-range,Apartment,613,1,1,27,1,Semi-furnished,0,3.7,103.36
Ahmedabad,Prime,Builder Floor,1092,2,3,3,1,Semi-furnished,1,4.1,88.22
Lucknow,Mid-range,Apartment,1403,3,3,8,20,Semi-furnished,1,1.9,66.0
Hyderabad,Prime,Apartment,1149,2,3,28,11,Unfurnished,3,2.2,116.12
Lucknow,Suburban,Apartment,1055,2,1,8,7,Furnished,2,4.8,40.11
Bengaluru,Mid-range,Apartment,1985,4,3,18,2,Unfurnished,1,0.6,154.95
Jaipur,Mid-range,Apartment,742,1,1,16,5,Semi-furnished,1,1.9,31.2
Mumbai,Suburban,Apartment,679,1,2,26,6,Semi-furnished,1,6.6,81.42
Kolkata,Mid-range,Apartment,1576,3,3,17,1,Semi-furnished,1,3.6,83.82
Hyderabad,Prime,Villa,1844,3,3,27,1,Furnished,1,0.2,228.98
Delhi NCR,Mid-range,Apartment,1092,2,2,17,0,Furnished,2,4.3,124.55
Hyderabad,Suburban,Builder Floor,1360,3,4,7,2,Unfurnished,1,10.1,63.75
Hyderabad,Suburban,Apartment,1495,3,3,18,12,Semi-furnished,1,8.3,65.38
Coimbatore,Suburban,Apartment,629,1,1,4,8,Semi-furnished,0,0.2,20.15
Bengaluru,Mid-range,Apartment,1973,4,4,6,8,Unfurnished,0,5.1,170.6
Coimbatore,Mid-range,Apartment,1795,4,4,2,23,Furnished,1,6.6,101.35
Jaipur,Mid-range,Apartment,1471,3,4,16,7,Semi-furnished,3,25.0,69.81
Kochi,Suburban,Apartment,1397,3,3,4,9,Furnished,2,0.8,90.07
Pune,Mid-range,Apartment,1004,2,2,26,25,Unfurnished,1,7.1,65.84
Chennai,Prime,Apartment,647,1,2,9,15,Unfurnished,3,0.5,76.99
Jaipur,Mid-range,Independent House,1823,3,4,12,2,Semi-furnished,0,0.6,94.48
Kolkata,Mid-range,Independent House,1481,2,2,22,0,Semi-furnished,1,0.2,79.42
Delhi NCR,Prime,Builder Floor,1812,4,3,9,0,Unfurnished,0,3.3,307.27
Delhi NCR,Mid-range,Independent House,2040,3,3,16,2,Semi-furnished,2,4.4,230.81
Lucknow,Mid-range,Apartment,1426,3,3,24,13,Furnished,2,6.3,75.57
Lucknow,Mid-range,Apartment,1471,3,3,26,13,Unfurnished,1,2.5,51.29
Ahmedabad,Mid-range,Apartment,1017,2,2,26,9,Unfurnished,0,0.6,41.11
Bengaluru,Mid-range,Independent House,1217,2,3,21,0,Unfurnished,1,2.6,98.26
Delhi NCR,Mid-range,Apartment,1520,3,2,0,5,Semi-furnished,1,5.6,213.22
Delhi NCR,Mid-range,Villa,1403,2,1,26,2,Furnished,3,1.2,167.46
Ahmedabad,Suburban,Apartment,1424,3,3,0,1,Unfurnished,1,1.9,59.27
Chennai,Mid-range,Builder Floor,1421,3,4,27,0,Unfurnished,2,0.7,85.63
Jaipur,Prime,Apartment,1094,2,1,0,15,Furnished,0,17.0,85.29
Hyderabad,Prime,Apartment,1119,2,2,9,24,Unfurnished,3,0.2,150.86
Pune,Mid-range,Apartment,1204,2,1,10,16,Unfurnished,3,10.7,99.38
Ahmedabad,Prime,Villa,2154,4,4,10,0,Unfurnished,1,1.7,213.03
Ahmedabad,Suburban,Apartment,1065,2,1,30,22,Unfurnished,1,0.4,30.91
Pune,Mid-range,Apartment,1159,2,1,22,20,Semi-furnished,1,6.3,82.55
Kochi,Mid-range,Apartment,1526,3,4,28,15,Semi-furnished,1,1.4,83.24
Delhi NCR,Mid-range,Builder Floor,2219,5,5,20,2,Semi-furnished,1,2.9,206.65
Delhi NCR,Mid-range,Apartment,1557,3,2,30,22,Semi-furnished,3,1.2,145.33
Pune,Suburban,Builder Floor,1452,3,3,19,0,Semi-furnished,1,1.3,67.59
Chennai,Mid-range,Builder Floor,1204,2,3,0,0,Unfurnished,2,1.7,103.71
Delhi NCR,Suburban,Apartment,1589,3,3,8,9,Semi-furnished,2,5.9,127.83
Coimbatore,Prime,Apartment,615,1,1,8,5,Semi-furnished,2,1.2,59.75
Delhi NCR,Mid-range,Builder Floor,1487,3,2,21,1,Unfurnished,1,16.2,125.26
Pune,Prime,Apartment,576,1,1,30,17,Semi-furnished,2,5.6,63.17
Delhi NCR,Suburban,Apartment,1131,2,1,10,18,Unfurnished,1,3.0,91.89
Kochi,Suburban,Apartment,1009,2,2,7,23,Furnished,1,10.9,50.0
Bengaluru,Mid-range,Independent House,1227,2,3,8,2,Semi-furnished,2,1.3,123.18
Kochi,Mid-range,Independent House,2805,5,6,19,2,Semi-furnished,2,3.8,167.87
Mumbai,Mid-range,Apartment,1089,2,3,0,8,Semi-furnished,1,3.2,261.24
Jaipur,Mid-range,Apartment,1026,2,2,23,3,Semi-furnished,1,9.5,44.21
Kochi,Mid-range,Apartment,929,2,2,26,15,Unfurnished,0,1.0,48.24
Delhi NCR,Suburban,Apartment,1658,3,2,2,3,Furnished,2,0.5,157.65
Kochi,Mid-range,Builder Floor,1691,4,4,24,2,Furnished,1,0.6,90.02
Delhi NCR,Mid-range,Independent House,1294,2,2,27,1,Semi-furnished,2,4.4,138.6
Kolkata,Prime,Apartment,1013,2,1,15,18,Furnished,1,7.7,93.42
Kolkata,Mid-range,Apartment,1406,3,3,29,18,Furnished,1,0.2,75.31
Delhi NCR,Suburban,Apartment,682,1,1,19,0,Unfurnished,3,8.0,48.95
Bengaluru,Mid-range,Builder Floor,1111,2,2,4,1,Furnished,2,0.4,115.75
Delhi NCR,Mid-range,Apartment,1632,3,2,24,19,Semi-furnished,3,0.4,172.38
Chennai,Suburban,Apartment,1066,2,2,19,1,Semi-furnished,0,1.5,47.87
Coimbatore,Prime,Independent House,1911,3,2,25,0,Semi-furnished,1,9.0,123.72
Ahmedabad,Prime,Villa,716,1,1,18,1,Unfurnished,1,3.1,65.92
Mumbai,Suburban,Independent House,1393,2,1,14,2,Semi-furnished,2,3.3,194.77
Delhi NCR,Mid-range,Apartment,1020,2,2,21,23,Semi-furnished,2,3.2,115.21
Chennai,Suburban,Builder Floor,1064,2,2,23,2,Semi-furnished,1,3.7,46.49
Jaipur,Prime,Apartment,1573,3,3,17,2,Semi-furnished,2,7.5,90.36
Pune,Suburban,Apartment,1573,3,3,21,5,Semi-furnished,1,0.3,78.38
Jaipur,Mid-range,Apartment,1979,4,5,25,7,Unfurnished,2,1.7,79.0
Kolkata,Suburban,Apartment,1493,3,3,30,24,Unfurnished,1,12.0,46.19
Kolkata,Mid-range,Builder Floor,1131,2,3,20,1,Unfurnished,2,0.7,70.35
Bengaluru,Mid-range,Apartment,657,1,1,14,21,Semi-furnished,1,0.2,52.83
Mumbai,Suburban,Apartment,1433,3,3,9,5,Semi-furnished,2,0.2,231.8
Lucknow,Suburban,Apartment,1426,3,4,26,15,Furnished,1,0.2,43.67
Delhi NCR,Mid-range,Apartment,1572,3,2,25,1,Semi-furnished,1,5.4,148.4
Bengaluru,Suburban,Apartment,1291,2,2,28,14,Unfurnished,1,0.7,67.47
Kochi,Suburban,Independent House,565,1,2,30,1,Furnished,1,7.2,25.15
Ahmedabad,Mid-range,Independent House,1532,2,3,5,0,Semi-furnished,0,8.3,85.49
Lucknow,Mid-range,Apartment,1806,4,4,23,15,Unfurnished,1,6.2,72.05
Chennai,Prime,Villa,2188,4,4,14,2,Unfurnished,0,1.6,251.5
Chennai,Mid-range,Apartment,1540,3,4,24,16,Unfurnished,1,2.3,87.54
Chennai,Suburban,Builder Floor,1132,2,2,3,0,Semi-furnished,1,4.0,68.63
Hyderabad,Suburban,Apartment,1600,3,2,14,21,Furnished,1,12.3,83.08
Ahmedabad,Suburban,Independent House,1258,2,1,30,1,Semi-furnished,1,3.2,36.65
Ahmedabad,Mid-range,Builder Floor,784,1,1,9,2,Unfurnished,2,2.9,46.36
Chennai,Mid-range,Apartment,621,1,1,3,14,Semi-furnished,1,0.6,52.42
Chennai,Mid-range,Apartment,1017,2,2,13,10,Unfurnished,1,4.2,66.05
Kochi,Prime,Builder Floor,1481,3,3,25,0,Semi-furnished,1,3.6,103.28
Chennai,Suburban,Builder Floor,1540,3,3,10,2,Semi-furnished,1,2.9,89.59
Kolkata,Mid-range,Apartment,1755,4,4,29,4,Semi-furnished,1,0.2,90.13
Bengaluru,Mid-range,Apartment,1450,3,4,23,8,Semi-furnished,2,4.1,107.19
Lucknow,Prime,Apartment,1098,2,1,4,22,Unfurnished,0,0.6,85.04
Chennai,Prime,Villa,2248,4,3,16,2,Furnished,0,2.6,290.58
Delhi NCR,Prime,Apartment,1202,2,3,22,17,Unfurnished,0,4.7,173.53
Pune,Prime,Apartment,1006,2,1,17,1,Semi-furnished,3,3.4,111.75
Ahmedabad,Mid-range,Apartment,1582,3,3,14,17,Unfurnished,0,2.2,75.1
Ahmedabad,Mid-range,Builder Floor,1499,3,3,8,2,Unfurnished,1,0.2,79.43
Pune,Suburban,Apartment,1531,3,3,7,15,Semi-furnished,1,10.6,87.58
Kolkata,Prime,Apartment,1154,2,1,13,4,Unfurnished,0,5.4,97.28
Delhi NCR,Suburban,Builder Floor,1241,3,3,8,0,Furnished,0,0.2,95.12
Mumbai,Mid-range,Apartment,1327,3,3,19,25,Semi-furnished,1,14.2,259.29
Chennai,Suburban,Apartment,1618,3,4,12,15,Unfurnished,1,6.3,81.11
Kolkata,Prime,Apartment,1485,3,2,20,17,Semi-furnished,1,0.2,135.17
Jaipur,Mid-range,Independent House,1655,2,2,4,0,Semi-furnished,1,9.7,78.69
Ahmedabad,Mid-range,Apartment,1617,3,3,6,4,Furnished,1,1.4,100.6
Kochi,Suburban,Builder Floor,1094,2,2,13,0,Furnished,0,4.2,49.58
Ahmedabad,Mid-range,Apartment,1835,4,5,24,21,Semi-furnished,2,7.3,81.26
Lucknow,Mid-range,Apartment,992,2,2,4,1,Furnished,1,7.9,52.94
Jaipur,Suburban,Apartment,1793,4,4,11,19,Semi-furnished,1,3.8,61.3
Delhi NCR,Mid-range,Apartment,1911,4,4,27,16,Semi-furnished,1,9.1,157.39
Jaipur,Mid-range,Builder Floor,1441,3,4,11,1,Unfurnished,1,2.7,68.77
Kochi,Mid-range,Apartment,1453,3,3,18,25,Unfurnished,1,1.2,88.56
Mumbai,Suburban,Builder Floor,681,1,1,24,2,Semi-furnished,1,0.2,76.97
Mumbai,Mid-range,Apartment,1803,4,4,5,10,Unfurnished,2,4.0,404.03
Lucknow,Mid-range,Independent House,1351,2,3,29,1,Unfurnished,0,2.2,42.54
Delhi NCR,Prime,Apartment,1281,3,3,16,4,Semi-furnished,1,3.8,197.18
Bengaluru,Suburban,Builder Floor,711,1,1,0,2,Unfurnished,1,8.3,46.57
Coimbatore,Mid-range,Builder Floor,620,1,1,6,2,Semi-furnished,1,0.5,35.74
Hyderabad,Mid-range,Independent House,1784,3,4,21,1,Semi-furnished,3,11.7,131.95
Hyderabad,Suburban,Apartment,1447,3,4,21,2,Semi-furnished,1,0.8,65.1
Mumbai,Suburban,Apartment,1140,2,2,17,2,Semi-furnished,1,7.1,146.13
Ahmedabad,Mid-range,Apartment,1099,2,2,30,9,Unfurnished,2,4.7,49.88
Lucknow,Prime,Apartment,1774,4,4,27,17,Unfurnished,1,10.3,89.55
Bengaluru,Prime,Builder Floor,1476,3,3,29,1,Semi-furnished,2,4.9,137.91
Lucknow,Mid-range,Independent House,1373,2,2,4,1,Furnished,2,15.8,69.19
Lucknow,Prime,Apartment,1112,2,2,28,22,Semi-furnished,2,2.4,75.64
Delhi NCR,Mid-range,Builder Floor,1592,3,3,28,1,Semi-furnished,1,2.0,142.99
Lucknow,Mid-range,Apartment,1617,3,2,23,18,Semi-furnished,0,4.4,64.74
Pune,Prime,Apartment,1892,4,4,6,1,Unfurnished,3,6.1,204.86
Mumbai,Mid-range,Apartment,1623,3,4,12,2,Unfurnished,2,0.2,344.3
Coimbatore,Suburban,Apartment,1910,4,3,19,22,Semi-furnished,0,21.6,57.26
Bengaluru,Suburban,Apartment,924,2,1,0,8,Semi-furnished,0,0.2,64.0
Bengaluru,Mid-range,Independent House,1801,3,2,1,1,Furnished,3,0.4,210.78
Jaipur,Suburban,Apartment,1027,2,3,15,19,Semi-furnished,1,5.1,39.49
Chennai,Suburban,Apartment,1944,4,5,17,9,Semi-furnished,0,0.2,87.47
Coimbatore,Prime,Independent House,1402,2,2,14,1,Furnished,1,13.0,116.92
Kolkata,Mid-range,Builder Floor,770,1,1,0,2,Unfurnished,1,13.9,49.45
Mumbai,Suburban,Independent House,1870,3,3,25,0,Unfurnished,1,0.6,231.17
Ahmedabad,Suburban,Builder Floor,1099,2,1,22,0,Furnished,1,0.3,34.04
Kolkata,Suburban,Apartment,1071,2,2,27,2,Semi-furnished,1,3.8,35.84
Bengaluru,Suburban,Independent House,1452,2,2,11,1,Unfurnished,2,2.5,93.71
Coimbatore,Suburban,Apartment,1871,4,3,30,23,Semi-furnished,1,0.7,56.1
Kolkata,Prime,Independent House,1570,3,3,23,2,Semi-furnished,1,1.8,133.13
Chennai,Suburban,Builder Floor,1835,4,3,27,0,Unfurnished,0,1.1,55.83
Chennai,Suburban,Independent House,2859,5,5,3,1,Semi-furnished,3,1.2,171.76
Kolkata,Suburban,Apartment,1145,2,2,15,20,Semi-furnished,1,0.2,53.11
Bengaluru,Prime,Apartment,975,2,2,22,18,Semi-furnished,2,4.8,126.31
Bengaluru,Mid-range,Apartment,1505,3,3,2,7,Semi-furnished,1,5.4,149.65
Kolkata,Suburban,Independent House,1794,3,3,20,1,Furnished,1,0.3,76.7
Lucknow,Suburban,Independent House,1771,3,3,15,1,Furnished,1,4.9,54.39
Pune,Suburban,Apartment,1457,3,4,10,12,Semi-furnished,1,6.7,71.73
Ahmedabad,Mid-range,Apartment,612,1,1,9,25,Semi-furnished,1,0.6,37.38
Bengaluru,Mid-range,Independent House,2120,3,3,15,1,Furnished,0,8.4,181.63
Kochi,Suburban,Apartment,1779,4,4,24,18,Unfurnished,1,1.6,73.73
Kolkata,Suburban,Apartment,1261,3,3,6,0,Furnished,1,3.3,62.66
Chennai,Mid-range,Apartment,1057,2,2,1,14,Unfurnished,1,1.8,83.86
Jaipur,Mid-range,Villa,1905,3,4,29,0,Semi-furnished,0,1.9,95.0
Lucknow,Suburban,Villa,1208,2,3,25,0,Unfurnished,2,0.8,43.13
Mumbai,Suburban,Apartment,1481,3,2,17,22,Semi-furnished,1,0.9,217.98
Lucknow,Suburban,Apartment,1172,2,3,28,0,Semi-furnished,1,3.0,33.54
Coimbatore,Prime,Independent House,1257,2,2,28,2,Semi-furnished,2,13.3,81.66
Delhi NCR,Suburban,Apartment,1843,4,3,5,18,Semi-furnished,1,0.8,161.37
Jaipur,Mid-range,Apartment,657,1,1,24,4,Semi-furnished,2,1.5,31.3
Pune,Prime,Builder Floor,2018,4,3,21,1,Unfurnished,2,7.2,197.21
Kolkata,Suburban,Independent House,1709,3,3,3,2,Semi-furnished,1,4.9,90.01
Mumbai,Mid-range,Independent House,1682,3,4,12,2,Semi-furnished,0,0.8,407.53
Kochi,Prime,Independent House,716,1,1,20,2,Unfurnished,2,7.3,67.38
Pune,Mid-range,Builder Floor,1023,2,3,24,1,Unfurnished,3,0.4,86.29
Mumbai,Mid-range,Builder Floor,2301,5,4,11,1,Semi-furnished,2,1.4,487.76
Delhi NCR,Mid-range,Apartment,525,1,2,18,1,Semi-furnished,0,1.3,56.48
Kolkata,Mid-range,Apartment,1416,3,3,4,17,Unfurnished,1,12.7,101.57
Kolkata,Prime,Villa,1003,1,1,9,2,Semi-furnished,1,1.7,134.06
Hyderabad,Mid-range,Builder Floor,1122,2,1,7,1,Unfurnished,1,0.4,84.83
Kochi,Suburban,Apartment,1476,3,3,2,15,Unfurnished,1,1.9,76.3
Coimbatore,Mid-range,Independent House,2277,4,5,11,2,Unfurnished,0,11.1,101.94
Delhi NCR,Mid-range,Independent House,1293,2,2,15,2,Semi-furnished,2,0.7,156.17
Kochi,Mid-range,Independent House,868,1,2,15,2,Furnished,2,3.9,69.03
Coimbatore,Mid-range,Apartment,1629,3,4,0,20,Unfurnished,1,2.6,93.83
Pune,Mid-range,Apartment,1346,3,2,12,3,Semi-furnished,1,2.1,110.28
Delhi NCR,Suburban,Independent House,1677,3,3,6,2,Furnished,1,3.7,150.7
Kolkata,Mid-range,Apartment,1462,3,3,4,15,Furnished,0,8.9,97.64
Delhi NCR,Suburban,Independent House,1360,2,3,9,0,Unfurnished,2,2.9,119.52
Pune,Mid-range,Apartment,1344,3,3,1,1,Furnished,2,3.3,128.74
Ahmedabad,Suburban,Apartment,1457,3,3,12,16,Unfurnished,0,5.8,53.44
Kochi,Mid-range,Apartment,1165,2,2,23,0,Semi-furnished,1,13.0,58.03
Ahmedabad,Prime,Apartment,1083,2,1,25,13,Semi-furnished,3,1.4,75.04
Ahmedabad,Suburban,Apartment,1460,3,4,17,23,Semi-furnished,1,1.3,52.91
Ahmedabad,Mid-range,Independent House,690,1,1,27,2,Semi-furnished,3,4.4,40.11
Kochi,Mid-range,Apartment,1485,3,3,30,15,Unfurnished,0,2.6,72.86
Jaipur,Suburban,Apartment,1342,3,3,1,23,Furnished,1,9.1,55.35
Delhi NCR,Suburban,Apartment,1016,2,1,30,13,Semi-furnished,3,0.6,69.23
Coimbatore,Prime,Villa,1349,2,3,5,1,Semi-furnished,1,2.0,150.47
Bengaluru,Mid-range,Apartment,1510,3,3,22,18,Unfurnished,0,0.6,107.54
Lucknow,Mid-range,Apartment,650,1,1,4,8,Semi-furnished,1,0.2,36.6
Coimbatore,Mid-range,Apartment,1105,2,2,3,6,Semi-furnished,2,0.9,64.87
Chennai,Mid-range,Apartment,1758,4,4,8,11,Semi-furnished,1,7.6,133.8
Kolkata,Prime,Independent House,1128,2,2,2,1,Semi-furnished,1,6.2,131.45
Delhi NCR,Mid-range,Apartment,636,1,2,23,25,Unfurnished,1,1.8,73.37
Kochi,Mid-range,Apartment,959,2,3,29,13,Unfurnished,2,0.3,51.95
Delhi NCR,Prime,Apartment,1046,2,2,17,23,Semi-furnished,3,2.6,174.18
Chennai,Prime,Apartment,1604,3,4,4,9,Unfurnished,1,8.0,188.99
Bengaluru,Mid-range,Apartment,1965,4,3,24,4,Unfurnished,1,1.2,126.09
Coimbatore,Suburban,Apartment,1120,2,3,7,18,Semi-furnished,1,0.3,48.55
Pune,Suburban,Apartment,1019,2,2,7,14,Semi-furnished,2,10.7,59.65
Kochi,Mid-range,Apartment,1774,4,3,11,2,Unfurnished,1,3.8,107.02
Bengaluru,Prime,Builder Floor,1015,2,2,22,2,Unfurnished,2,6.4,119.18
Ahmedabad,Prime,Villa,2107,3,3,28,2,Unfurnished,1,2.5,171.12
Kochi,Mid-range,Apartment,1505,3,3,16,4,Semi-furnished,0,8.9,75.53
Pune,Mid-range,Apartment,1218,2,3,29,16,Semi-furnished,2,3.0,86.64
Chennai,Suburban,Apartment,1445,3,3,23,23,Unfurnished,1,1.3,66.44
Pune,Mid-range,Apartment,1214,2,3,11,17,Semi-furnished,0,4.0,88.87
Hyderabad,Mid-range,Apartment,1483,3,3,5,21,Unfurnished,1,4.2,131.09
Jaipur,Suburban,Apartment,1109,2,2,4,8,Furnished,1,2.1,45.32
Coimbatore,Mid-range,Villa,1358,2,1,6,0,Semi-furnished,1,0.2,88.33
Kolkata,Suburban,Apartment,2137,5,5,20,23,Semi-furnished,1,2.3,88.36
Kochi,Mid-range,Villa,1520,2,2,29,2,Semi-furnished,2,0.2,96.54
Delhi NCR,Mid-range,Independent House,1405,2,2,11,1,Semi-furnished,2,0.8,184.3
Jaipur,Suburban,Apartment,881,2,2,22,14,Unfurnished,2,1.4,32.01
Coimbatore,Suburban,Apartment,1494,3,3,9,17,Semi-furnished,1,1.3,59.91
Ahmedabad,Suburban,Independent House,1844,3,3,10,0,Semi-furnished,1,0.9,73.45
Kochi,Mid-range,Apartment,1580,3,3,21,17,Unfurnished,1,7.3,77.8
Kochi,Suburban,Independent House,1886,3,3,24,1,Furnished,2,1.0,84.27
Kolkata,Suburban,Independent House,629,1,1,6,0,Furnished,1,0.5,31.43
Ahmedabad,Prime,Villa,1244,2,3,30,1,Semi-furnished,1,4.1,94.7
Hyderabad,Mid-range,Apartment,1048,2,2,16,5,Furnished,0,3.7,73.32
Mumbai,Mid-range,Villa,659,1,1,15,2,Furnished,0,4.2,168.56
Jaipur,Suburban,Apartment,1127,2,3,23,15,Furnished,1,0.4,35.23
Chennai,Suburban,Apartment,616,1,1,5,10,Semi-furnished,0,3.8,33.42
Hyderabad,Mid-range,Builder Floor,1187,2,2,1,0,Semi-furnished,1,2.3,87.57
Ahmedabad,Suburban,Apartment,2339,5,6,10,23,Semi-furnished,2,5.5,88.96
Kochi,Suburban,Apartment,940,2,3,2,2,Semi-furnished,2,9.9,48.41
Chennai,Suburban,Builder Floor,1960,4,4,25,1,Unfurnished,1,2.7,72.44
Ahmedabad,Prime,Builder Floor,1443,3,4,14,2,Unfurnished,0,4.7,94.56
Coimbatore,Mid-range,Apartment,675,1,1,23,20,Semi-furnished,0,6.2,26.23
Kochi,Mid-range,Builder Floor,1045,2,3,27,0,Unfurnished,1,0.3,53.23
Kolkata,Suburban,Apartment,988,2,1,11,15,Semi-furnished,2,0.8,53.98
Lucknow,Suburban,Independent House,2005,3,2,15,2,Unfurnished,1,1.7,57.82
Kochi,Prime,Apartment,1160,2,2,19,17,Semi-furnished,0,9.5,108.61
Ahmedabad,Suburban,Apartment,1462,3,3,16,24,Semi-furnished,1,3.5,53.7
Ahmedabad,Mid-range,Apartment,1109,2,2,20,21,Furnished,1,0.8,65.53
Ahmedabad,Suburban,Villa,2286,4,4,4,2,Semi-furnished,1,4.7,109.87
Pune,Suburban,Independent House,1732,3,3,10,0,Semi-furnished,3,2.4,107.91
Mumbai,Suburban,Apartment,804,1,2,22,21,Semi-furnished,1,6.4,103.03
Pune,Mid-range,Apartment,745,1,1,2,12,Semi-furnished,2,0.2,72.4
Coimbatore,Prime,Apartment,691,1,2,20,7,Furnished,1,1.1,55.92
Coimbatore,Prime,Builder Floor,1538,3,4,18,2,Semi-furnished,0,10.2,98.95
Delhi NCR,Mid-range,Apartment,1508,3,4,3,4,Semi-furnished,0,3.3,183.48
Bengaluru,Suburban,Apartment,1868,4,3,10,3,Furnished,2,7.8,115.25
Kolkata,Mid-range,Apartment,1236,3,3,12,1,Furnished,0,1.2,75.29
Pune,Suburban,Builder Floor,1323,3,4,19,0,Furnished,0,7.1,61.87
Chennai,Mid-range,Apartment,1628,3,3,7,24,Semi-furnished,1,0.7,135.78
Delhi NCR,Suburban,Apartment,1376,3,3,12,5,Unfurnished,2,9.5,101.2
Kolkata,Suburban,Apartment,1099,2,2,1,9,Semi-furnished,1,14.6,54.85
Bengaluru,Mid-range,Apartment,1254,3,3,10,1,Unfurnished,1,4.3,104.07
Ahmedabad,Suburban,Apartment,1826,4,5,30,6,Unfurnished,1,0.2,58.05
Delhi NCR,Mid-range,Apartment,1037,2,3,24,15,Unfurnished,1,0.6,107.12
Jaipur,Mid-range,Apartment,1527,3,2,21,3,Furnished,1,4.8,61.46
Bengaluru,Suburban,Apartment,1685,3,4,24,18,Unfurnished,0,0.6,87.14
Bengaluru,Prime,Builder Floor,1802,4,5,2,0,Unfurnished,2,3.1,262.45
Chennai,Prime,Villa,1890,3,4,26,0,Unfurnished,2,0.4,215.17
Hyderabad,Mid-range,Independent House,1561,2,3,28,1,Furnished,0,4.2,93.75
Coimbatore,Mid-range,Apartment,1148,2,3,20,25,Unfurnished,1,15.8,57.09
Jaipur,Mid-range,Independent House,613,1,1,23,1,Semi-furnished,2,1.8,32.12
Pune,Mid-range,Apartment,974,2,1,9,10,Semi-furnished,1,11.5,70.92
Ahmedabad,Mid-range,Builder Floor,1485,3,3,26,1,Unfurnished,2,1.9,60.69
Chennai,Mid-range,Apartment,1071,2,3,21,11,Unfurnished,1,2.2,74.33
Kolkata,Suburban,Apartment,1352,3,4,0,2,Semi-furnished,1,0.4,65.77
Bengaluru,Suburban,Villa,873,1,1,8,2,Unfurnished,1,25.0,62.38
Delhi NCR,Suburban,Apartment,1440,3,4,25,18,Semi-furnished,2,2.9,101.36
Kolkata,Prime,Villa,1840,3,2,29,1,Furnished,1,1.1,173.06
Lucknow,Mid-range,Builder Floor,946,2,2,27,1,Unfurnished,0,5.5,28.01
Delhi NCR,Mid-range,Apartment,1378,3,3,18,21,Unfurnished,2,0.3,172.52
Jaipur,Prime,Apartment,1052,2,3,6,16,Unfurnished,1,7.6,81.31
Bengaluru,Prime,Apartment,1132,2,1,21,22,Furnished,1,1.4,136.9
Coimbatore,Prime,Independent House,2437,4,4,8,0,Furnished,2,8.5,218.5
Jaipur,Suburban,Apartment,1005,2,3,13,8,Semi-furnished,1,0.4,38.61
Pune,Prime,Builder Floor,2311,5,6,27,0,Semi-furnished,1,3.7,178.24
Kochi,Mid-range,Apartment,1539,3,4,19,1,Unfurnished,1,0.9,91.64
Hyderabad,Prime,Apartment,1454,3,4,2,25,Semi-furnished,0,0.5,194.4
Mumbai,Prime,Apartment,499,1,1,13,7,Semi-furnished,1,4.2,157.99
Pune,Suburban,Builder Floor,1154,2,1,21,1,Semi-furnished,1,6.8,54.14
Hyderabad,Mid-range,Apartment,1535,3,2,22,12,Semi-furnished,0,1.0,101.45
Bengaluru,Mid-range,Apartment,1188,2,2,30,13,Unfurnished,0,2.3,70.46
Hyderabad,Mid-range,Independent House,1690,3,4,21,1,Semi-furnished,1,0.9,119.17
Chennai,Suburban,Apartment,1594,3,3,4,20,Semi-furnished,1,4.6,92.71
Ahmedabad,Mid-range,Villa,2224,4,5,1,0,Semi-furnished,1,25.0,134.68
Jaipur,Prime,Builder Floor,1178,2,2,15,1,Semi-furnished,2,0.4,89.32
Chennai,Mid-range,Apartment,1403,3,4,2,1,Semi-furnished,1,5.4,112.89
Mumbai,Mid-range,Independent House,929,1,1,0,2,Unfurnished,1,0.4,247.71
Jaipur,Mid-range,Builder Floor,603,1,2,0,1,Semi-furnished,2,0.5,40.68
Bengaluru,Prime,Apartment,677,1,1,22,5,Unfurnished,1,2.4,87.33
Mumbai,Mid-range,Independent House,1417,2,1,26,2,Unfurnished,2,10.7,230.94
Kolkata,Mid-range,Independent House,1633,3,4,16,1,Unfurnished,2,1.8,104.98
Pune,Prime,Builder Floor,1020,2,1,11,0,Unfurnished,1,4.5,99.16
Kochi,Suburban,Apartment,1913,4,4,20,22,Semi-furnished,2,0.7,89.71
Lucknow,Suburban,Apartment,1464,3,2,26,23,Unfurnished,2,2.8,43.18
Pune,Prime,Independent House,1446,2,2,12,0,Semi-furnished,1,6.9,169.86
Chennai,Mid-range,Independent House,703,1,1,15,2,Furnished,2,0.4,65.62
Kochi,Suburban,Apartment,422,1,1,10,6,Semi-furnished,1,1.0,22.47
Kochi,Mid-range,Apartment,534,1,1,3,22,Furnished,1,1.8,44.91
Kochi,Prime,Builder Floor,1069,2,2,19,0,Semi-furnished,1,2.1,82.52
Chennai,Suburban,Apartment,1098,2,3,1,24,Furnished,1,5.3,71.7
Hyderabad,Suburban,Builder Floor,743,1,2,6,2,Semi-furnished,1,5.5,44.17
Chennai,Suburban,Apartment,608,1,1,10,3,Unfurnished,1,0.9,33.54
Hyderabad,Prime,Apartment,792,1,1,7,8,Semi-furnished,1,1.9,97.7
Chennai,Mid-range,Apartment,1520,3,2,1,9,Semi-furnished,1,7.6,125.19
Jaipur,Suburban,Apartment,1597,3,3,14,24,Semi-furnished,2,1.6,53.15
Pune,Suburban,Apartment,1237,2,3,11,3,Unfurnished,1,0.2,66.44
Delhi NCR,Prime,Apartment,1209,2,1,1,19,Unfurnished,1,1.2,257.02
Pune,Mid-range,Builder Floor,1833,4,4,7,2,Semi-furnished,0,6.7,128.51
Delhi NCR,Suburban,Independent House,734,1,1,18,0,Unfurnished,1,5.2,55.27
Coimbatore,Mid-range,Independent House,1445,2,2,12,1,Unfurnished,0,0.4,69.57
Bengaluru,Mid-range,Apartment,659,1,1,5,19,Furnished,1,0.5,73.67
Ahmedabad,Mid-range,Builder Floor,1033,2,3,17,1,Unfurnished,1,3.1,46.24
Kochi,Suburban,Apartment,1907,4,4,6,0,Semi-furnished,1,3.8,86.24
Chennai,Mid-range,Apartment,1101,2,2,28,4,Semi-furnished,1,2.5,62.66
Coimbatore,Mid-range,Independent House,660,1,2,14,1,Semi-furnished,1,5.8,39.67
Pune,Suburban,Apartment,1383,3,3,28,19,Semi-furnished,1,6.1,53.39
Coimbatore,Mid-range,Apartment,1009,2,2,29,7,Unfurnished,1,14.8,37.9
Bengaluru,Suburban,Apartment,2183,5,5,7,5,Furnished,2,12.6,139.42
Lucknow,Mid-range,Apartment,954,2,2,0,7,Semi-furnished,1,6.1,55.38
Pune,Mid-range,Apartment,1142,2,3,9,11,Unfurnished,0,0.5,84.8
Bengaluru,Suburban,Apartment,976,2,2,0,0,Furnished,1,13.1,67.22
Hyderabad,Suburban,Apartment,911,2,3,15,20,Semi-furnished,1,5.1,50.23
Kolkata,Suburban,Apartment,955,2,2,17,25,Semi-furnished,2,5.3,45.5
Coimbatore,Mid-range,Apartment,1435,3,3,27,6,Semi-furnished,0,0.9,53.67
Mumbai,Prime,Apartment,1179,2,1,28,7,Semi-furnished,0,4.3,312.2
Ahmedabad,Suburban,Apartment,1553,3,3,11,24,Unfurnished,3,16.2,55.25
Kolkata,Mid-range,Villa,1246,2,2,24,0,Unfurnished,1,7.2,74.11
Pune,Suburban,Apartment,2160,5,6,3,12,Semi-furnished,0,3.0,138.03
Chennai,Mid-range,Apartment,1460,3,2,7,15,Furnished,3,3.2,119.34
Bengaluru,Mid-range,Independent House,1488,2,1,16,1,Furnished,0,7.2,112.12
Kochi,Mid-range,Apartment,739,1,1,8,5,Unfurnished,2,5.9,51.57
Lucknow,Mid-range,Apartment,1245,2,1,24,4,Unfurnished,2,4.1,52.18
Bengaluru,Prime,Independent House,1428,2,2,16,1,Unfurnished,0,1.6,187.19
Jaipur,Suburban,Apartment,1091,2,2,0,14,Unfurnished,2,16.2,44.45
Kochi,Suburban,Builder Floor,1535,3,3,28,0,Semi-furnished,1,23.4,53.82
Pune,Prime,Apartment,1089,2,1,4,2,Furnished,2,4.4,139.58
Coimbatore,Suburban,Apartment,1988,4,5,25,12,Semi-furnished,1,4.9,62.53
Kochi,Mid-range,Apartment,524,1,2,25,18,Furnished,1,1.4,36.13
Lucknow,Mid-range,Apartment,1615,3,3,26,23,Semi-furnished,0,7.8,53.08
Mumbai,Mid-range,Apartment,1073,2,2,27,5,Semi-furnished,1,2.1,182.0
Jaipur,Mid-range,Apartment,1531,3,3,17,11,Unfurnished,2,0.6,72.35
Jaipur,Mid-range,Apartment,1549,3,3,16,16,Furnished,1,8.6,71.03
Kochi,Suburban,Builder Floor,1483,3,3,24,0,Semi-furnished,1,0.6,50.16
Ahmedabad,Mid-range,Apartment,1001,2,2,27,7,Semi-furnished,1,4.1,45.28
Coimbatore,Mid-range,Apartment,1766,4,3,18,14,Unfurnished,0,9.3,83.64
Pune,Mid-range,Apartment,808,1,2,17,25,Furnished,2,0.3,74.12
Mumbai,Mid-range,Apartment,2325,5,5,23,13,Unfurnished,2,3.6,406.09
Chennai,Prime,Independent House,1817,3,4,16,1,Semi-furnished,2,2.8,212.43
Hyderabad,Prime,Builder Floor,1527,3,2,19,1,Semi-furnished,2,1.2,164.64
Coimbatore,Suburban,Independent House,2225,4,3,22,1,Semi-furnished,0,23.5,61.25
Kolkata,Mid-range,Builder Floor,1050,2,1,17,2,Furnished,1,1.5,67.89
Bengaluru,Mid-range,Apartment,1545,3,3,1,23,Semi-furnished,1,5.3,151.14
Chennai,Suburban,Villa,1823,3,4,16,1,Semi-furnished,2,2.4,126.34
Kochi,Mid-range,Builder Floor,884,2,2,17,0,Unfurnished,1,11.8,50.23
Jaipur,Mid-range,Apartment,1493,3,4,29,5,Furnished,1,11.0,51.44
Jaipur,Prime,Villa,1933,3,3,29,0,Furnished,1,6.0,141.56
Lucknow,Suburban,Apartment,1081,2,2,8,18,Semi-furnished,3,3.2,43.57
Coimbatore,Mid-range,Independent House,1814,3,3,7,1,Unfurnished,2,3.2,97.42
Bengaluru,Mid-range,Apartment,1512,3,2,29,21,Furnished,2,3.9,112.48
Coimbatore,Mid-range,Builder Floor,1508,3,3,1,2,Semi-furnished,1,3.5,82.55
Ahmedabad,Suburban,Independent House,2579,5,4,15,1,Unfurnished,3,3.3,93.92
Coimbatore,Mid-range,Independent House,1225,2,3,4,2,Unfurnished,1,0.7,71.66
Hyderabad,Mid-range,Apartment,723,1,1,8,2,Furnished,0,4.1,60.13
Kolkata,Suburban,Apartment,1277,2,2,13,1,Unfurnished,1,2.7,46.38
Kochi,Suburban,Apartment,1095,2,2,30,20,Furnished,2,2.4,46.66
Lucknow,Mid-range,Independent House,1233,2,3,27,2,Semi-furnished,1,0.4,56.86
Kochi,Mid-range,Apartment,1075,2,1,27,19,Semi-furnished,1,4.0,60.23
Kochi,Suburban,Builder Floor,1550,3,2,7,1,Semi-furnished,0,5.5,64.79
Jaipur,Suburban,Apartment,1486,3,2,23,10,Semi-furnished,2,8.5,39.43
Lucknow,Suburban,Apartment,1387,3,3,29,4,Furnished,2,4.2,43.21
Hyderabad,Prime,Builder Floor,741,1,1,21,0,Furnished,1,7.7,67.68
Delhi NCR,Mid-range,Apartment,792,1,1,25,7,Semi-furnished,3,2.8,86.31
Delhi NCR,Suburban,Apartment,986,2,2,6,4,Furnished,1,2.2,87.75
Hyderabad,Suburban,Apartment,1448,3,3,13,23,Semi-furnished,0,4.0,71.33
Kolkata,Prime,Builder Floor,1801,4,3,13,1,Unfurnished,0,0.6,159.95
Lucknow,Suburban,Apartment,1927,4,4,16,8,Unfurnished,1,3.3,56.51
Delhi NCR,Mid-range,Independent House,995,1,2,23,2,Furnished,1,4.7,100.02
Ahmedabad,Suburban,Builder Floor,1523,3,3,6,2,Unfurnished,1,2.1,55.36
Delhi NCR,Mid-range,Apartment,1469,3,3,7,0,Unfurnished,1,0.8,171.76
Lucknow,Mid-range,Apartment,1020,2,1,11,11,Unfurnished,1,4.2,46.04
Hyderabad,Mid-range,Apartment,1048,2,3,16,9,Furnished,0,9.3,67.61
Jaipur,Mid-range,Apartment,580,1,1,0,17,Unfurnished,1,4.2,32.15
Mumbai,Suburban,Villa,1855,3,4,30,2,Unfurnished,1,0.8,242.37
Jaipur,Suburban,Builder Floor,1102,2,2,13,2,Semi-furnished,0,0.4,33.16
Kochi,Mid-range,Apartment,1018,2,2,0,23,Unfurnished,1,2.1,83.51
Chennai,Mid-range,Apartment,1396,3,4,7,23,Unfurnished,1,0.2,122.62
Ahmedabad,Mid-range,Builder Floor,1649,3,2,1,0,Semi-furnished,1,9.0,85.81
Bengaluru,Prime,Builder Floor,1022,2,1,14,1,Furnished,0,0.3,124.71
Coimbatore,Mid-range,Apartment,1933,4,4,0,19,Semi-furnished,1,0.7,121.69
Coimbatore,Mid-range,Apartment,999,2,2,24,4,Unfurnished,3,0.6,52.65
Chennai,Suburban,Apartment,1040,2,2,29,9,Semi-furnished,1,3.5,42.52
Jaipur,Suburban,Apartment,1389,3,2,16,9,Semi-furnished,0,7.8,35.67
Coimbatore,Suburban,Apartment,967,2,2,8,5,Unfurnished,1,1.2,35.64
Mumbai,Suburban,Apartment,1554,3,2,25,15,Furnished,2,11.0,206.01
Bengaluru,Mid-range,Apartment,1233,3,4,25,16,Semi-furnished,1,2.6,96.24
Pune,Suburban,Apartment,668,1,1,6,1,Unfurnished,0,7.1,33.21
Coimbatore,Mid-range,Apartment,1378,3,3,6,4,Unfurnished,2,10.3,82.96
Mumbai,Mid-range,Apartment,927,2,3,18,12,Furnished,1,3.5,185.84
Bengaluru,Suburban,Independent House,1804,3,3,24,0,Semi-furnished,1,3.6,101.25
Coimbatore,Mid-range,Apartment,1105,2,2,11,20,Furnished,1,6.1,54.15
Kochi,Prime,Builder Floor,1681,3,3,18,0,Unfurnished,1,1.4,146.51
Mumbai,Mid-range,Independent House,1416,2,2,14,1,Unfurnished,1,8.8,297.68
Coimbatore,Mid-range,Apartment,668,1,2,17,3,Semi-furnished,0,4.6,32.09
Pune,Suburban,Builder Floor,1127,2,3,11,1,Furnished,1,1.7,65.46
Jaipur,Mid-range,Independent House,1568,2,3,25,0,Unfurnished,2,1.4,68.94
Kochi,Prime,Apartment,1546,3,4,20,20,Semi-furnished,2,10.3,146.98
Kolkata,Suburban,Apartment,1528,3,2,22,4,Unfurnished,1,2.9,59.11
Chennai,Suburban,Apartment,671,1,1,7,21,Semi-furnished,2,3.6,47.42
Kolkata,Suburban,Apartment,1396,3,4,1,9,Semi-furnished,1,0.6,74.79
Coimbatore,Mid-range,Apartment,1190,2,1,2,14,Unfurnished,2,4.7,77.43
Kochi,Prime,Independent House,2592,5,5,14,1,Furnished,1,8.8,255.67
Ahmedabad,Mid-range,Apartment,1117,2,2,14,21,Semi-furnished,1,3.3,55.91
Lucknow,Prime,Apartment,564,1,1,10,16,Unfurnished,2,2.5,40.54
Mumbai,Mid-range,Apartment,1044,2,3,15,21,Semi-furnished,1,0.3,228.32
Kolkata,Prime,Builder Floor,1188,2,1,28,2,Unfurnished,0,4.7,68.22
Chennai,Suburban,Apartment,1499,3,3,13,3,Furnished,1,14.2,67.38
Coimbatore,Suburban,Apartment,653,1,1,0,5,Semi-furnished,0,3.1,23.78
Jaipur,Mid-range,Apartment,1150,2,1,5,2,Semi-furnished,3,2.0,63.73
Kochi,Mid-range,Apartment,611,1,1,20,11,Semi-furnished,1,17.6,35.61
Delhi NCR,Prime,Independent House,2770,5,5,22,1,Furnished,1,3.6,407.8
Delhi NCR,Mid-range,Apartment,797,1,2,10,9,Semi-furnished,1,1.7,94.34
Coimbatore,Suburban,Apartment,1427,3,3,8,19,Semi-furnished,1,0.9,57.96
Delhi NCR,Prime,Villa,575,1,1,9,0,Unfurnished,1,3.5,130.47
Lucknow,Prime,Apartment,377,1,1,4,6,Unfurnished,1,7.4,30.19
Hyderabad,Mid-range,Villa,1274,2,1,19,2,Furnished,0,7.6,102.56
Pune,Suburban,Apartment,1184,2,2,0,10,Furnished,1,4.4,82.04
Jaipur,Suburban,Apartment,1054,2,1,21,8,Semi-furnished,2,2.1,38.63
Delhi NCR,Suburban,Apartment,1263,2,2,25,3,Furnished,1,5.2,77.97
Chennai,Mid-range,Independent House,1366,2,3,17,0,Semi-furnished,1,0.9,95.47
Hyderabad,Prime,Villa,2175,3,3,29,2,Semi-furnished,3,0.7,253.44
Chennai,Suburban,Villa,858,1,1,12,2,Semi-furnished,0,0.9,52.3
Delhi NCR,Prime,Independent House,1461,2,3,30,2,Furnished,1,2.6,224.03
Mumbai,Prime,Apartment,1821,4,4,4,25,Semi-furnished,1,5.6,623.44
Mumbai,Prime,Apartment,1437,3,4,19,2,Semi-furnished,2,10.5,419.56
Jaipur,Mid-range,Apartment,1117,2,2,24,1,Furnished,0,3.2,46.43
Kolkata,Prime,Apartment,1519,3,2,9,5,Furnished,1,1.8,173.12
Kolkata,Suburban,Builder Floor,981,2,2,19,2,Semi-furnished,1,2.7,36.66
Delhi NCR,Suburban,Apartment,1236,2,2,12,23,Semi-furnished,0,0.2,99.0
Kochi,Mid-range,Apartment,1994,4,4,13,8,Semi-furnished,1,1.6,129.83
Pune,Mid-range,Apartment,719,1,1,15,16,Semi-furnished,1,3.6,67.27
Hyderabad,Mid-range,Apartment,1127,2,2,14,8,Semi-furnished,2,2.1,101.23
Pune,Suburban,Apartment,1538,3,3,7,11,Semi-furnished,1,5.3,96.54
Hyderabad,Prime,Independent House,2081,4,5,13,1,Unfurnished,1,6.6,228.93
Ahmedabad,Suburban,Apartment,1516,3,2,3,24,Unfurnished,2,1.3,65.37
Kochi,Mid-range,Apartment,1580,3,3,5,9,Unfurnished,1,0.8,103.26
Ahmedabad,Mid-range,Apartment,1591,3,4,6,15,Semi-furnished,0,3.2,86.94
Kochi,Mid-range,Independent House,1829,3,2,12,2,Furnished,2,3.1,131.76
Lucknow,Suburban,Independent House,2093,3,3,18,0,Semi-furnished,1,1.9,60.16
Kolkata,Mid-range,Apartment,1136,2,1,5,4,Semi-furnished,1,8.4,73.44
Coimbatore,Suburban,Independent House,2455,4,3,2,0,Semi-furnished,2,4.7,105.82
Coimbatore,Mid-range,Apartment,1109,2,3,7,16,Semi-furnished,0,0.3,63.32
Kochi,Suburban,Villa,1350,2,1,4,1,Unfurnished,1,7.1,69.54
Coimbatore,Mid-range,Builder Floor,860,1,1,25,0,Unfurnished,1,6.2,33.08
Coimbatore,Suburban,Apartment,1260,2,1,24,16,Semi-furnished,3,1.2,51.27
Mumbai,Prime,Apartment,1451,3,3,26,21,Unfurnished,1,5.1,349.09
Coimbatore,Mid-range,Apartment,1335,3,4,25,11,Unfurnished,2,6.3,59.91
Pune,Mid-range,Builder Floor,1033,2,3,24,0,Semi-furnished,2,7.4,67.04
Kolkata,Prime,Builder Floor,1914,4,5,21,2,Semi-furnished,0,4.2,136.27
Pune,Prime,Independent House,1435,2,1,5,2,Furnished,2,5.2,179.95
Coimbatore,Mid-range,Apartment,1184,2,1,10,5,Unfurnished,0,0.9,52.68
Lucknow,Mid-range,Builder Floor,1147,2,3,12,2,Semi-furnished,1,0.8,58.88
Coimbatore,Mid-range,Independent House,1289,2,1,13,1,Semi-furnished,1,0.8,73.64
Chennai,Suburban,Apartment,1581,3,2,25,14,Unfurnished,2,2.1,71.81
Kolkata,Mid-range,Apartment,1476,3,2,9,10,Semi-furnished,2,1.1,86.6
Kochi,Mid-range,Apartment,1043,2,3,26,2,Furnished,2,7.6,61.41
Coimbatore,Suburban,Builder Floor,1895,4,4,6,0,Unfurnished,1,5.1,68.3
Delhi NCR,Prime,Apartment,1173,2,2,30,3,Semi-furnished,1,3.0,156.92
Kolkata,Prime,Independent House,1396,2,3,28,1,Semi-furnished,1,3.1,103.03
Jaipur,Mid-range,Apartment,1070,2,3,8,5,Unfurnished,0,0.5,46.72
Kolkata,Mid-range,Apartment,1294,3,4,18,21,Semi-furnished,1,6.1,84.07
Lucknow,Suburban,Apartment,1016,2,2,20,11,Unfurnished,0,3.8,25.49
Chennai,Suburban,Builder Floor,1979,4,4,1,0,Unfurnished,0,1.1,102.74
Delhi NCR,Prime,Builder Floor,1468,3,3,25,0,Unfurnished,3,0.2,189.28
Coimbatore,Suburban,Builder Floor,699,1,1,3,0,Semi-furnished,1,6.3,29.94
Kolkata,Mid-range,Apartment,1161,2,2,28,7,Unfurnished,3,7.9,58.35
Kolkata,Mid-range,Apartment,1641,3,3,0,17,Semi-furnished,1,3.8,117.11
Kochi,Prime,Independent House,1860,3,4,14,1,Furnished,1,10.8,162.95
Chennai,Mid-range,Apartment,2043,4,3,3,7,Furnished,1,7.6,162.86
Delhi NCR,Mid-range,Apartment,1279,3,4,8,2,Unfurnished,1,9.0,140.16
Bengaluru,Mid-range,Apartment,1501,3,4,14,10,Semi-furnished,1,5.7,126.29
Bengaluru,Prime,Apartment,1433,3,4,7,7,Semi-furnished,1,10.2,189.0
Mumbai,Mid-range,Independent House,1447,2,3,25,0,Semi-furnished,1,3.7,263.06
Bengaluru,Mid-range,Apartment,1128,2,3,1,16,Semi-furnished,0,0.2,112.44
Kolkata,Mid-range,Apartment,1498,3,3,30,19,Semi-furnished,2,2.6,82.18
Lucknow,Mid-range,Apartment,1122,2,3,20,8,Unfurnished,1,0.3,46.42
Hyderabad,Suburban,Apartment,1322,3,2,20,7,Furnished,1,1.2,75.32
Delhi NCR,Mid-range,Apartment,1153,2,2,28,1,Furnished,1,0.2,116.96
Hyderabad,Mid-range,Builder Floor,1160,2,1,4,2,Semi-furnished,0,5.7,91.86
Pune,Suburban,Independent House,1273,2,3,10,2,Unfurnished,1,3.4,74.12
Pune,Suburban,Independent House,1383,2,2,18,2,Semi-furnished,2,2.1,82.75
Bengaluru,Suburban,Apartment,1870,4,4,27,14,Semi-furnished,1,5.0,90.31
Kolkata,Prime,Apartment,1877,4,5,30,8,Semi-furnished,1,4.0,142.96
Kochi,Mid-range,Apartment,1190,2,2,22,20,Semi-furnished,0,15.0,61.67
Jaipur,Mid-range,Apartment,1268,2,2,24,22,Unfurnished,1,0.5,54.86
Bengaluru,Suburban,Builder Floor,1179,2,2,19,0,Semi-furnished,1,7.3,57.83
Bengaluru,Suburban,Apartment,1132,2,2,11,9,Unfurnished,0,1.0,63.3
Coimbatore,Mid-range,Apartment,1486,3,4,23,18,Unfurnished,1,1.5,65.51
Ahmedabad,Suburban,Independent House,807,1,1,8,1,Unfurnished,2,1.4,36.39
Pune,Suburban,Builder Floor,1101,2,3,17,1,Semi-furnished,0,0.7,53.69
Mumbai,Prime,Independent House,1202,2,1,1,1,Semi-furnished,1,7.2,439.38
Chennai,Mid-range,Apartment,1155,2,2,9,14,Semi-furnished,1,9.7,94.2
Hyderabad,Prime,Independent House,897,1,1,8,2,Unfurnished,0,4.0,101.64
Jaipur,Mid-range,Apartment,656,1,1,22,13,Furnished,2,0.2,34.71
Jaipur,Suburban,Independent House,1809,3,3,26,0,Unfurnished,1,0.7,49.35
Mumbai,Prime,Apartment,717,1,1,3,9,Semi-furnished,2,4.1,281.55
Coimbatore,Prime,Builder Floor,1089,2,2,24,1,Semi-furnished,1,0.7,77.7
Delhi NCR,Suburban,Builder Floor,1427,3,4,10,0,Semi-furnished,1,1.9,100.43
Jaipur,Prime,Apartment,2212,5,6,27,24,Furnished,1,1.9,142.79
Kolkata,Mid-range,Independent House,964,1,2,9,1,Unfurnished,2,0.9,69.12
Delhi NCR,Mid-range,Apartment,1529,3,3,17,25,Semi-furnished,2,4.1,176.69
Lucknow,Suburban,Villa,1469,2,1,23,0,Semi-furnished,2,12.1,42.6
Hyderabad,Suburban,Independent House,2333,4,5,8,2,Semi-furnished,1,0.5,144.71
Coimbatore,Mid-range,Apartment,1220,2,3,16,18,Unfurnished,0,6.2,53.36
Mumbai,Suburban,Apartment,695,1,1,27,11,Unfurnished,1,11.0,72.53
Mumbai,Suburban,Apartment,1787,4,3,15,25,Semi-furnished,1,1.7,258.21
Lucknow,Mid-range,Builder Floor,1051,2,2,10,2,Unfurnished,1,2.9,49.66
Coimbatore,Mid-range,Apartment,1178,2,2,7,3,Semi-furnished,0,4.3,58.71
Pune,Mid-range,Apartment,1426,3,2,9,23,Furnished,1,1.7,128.73
Coimbatore,Mid-range,Apartment,1093,2,3,28,3,Semi-furnished,2,3.7,55.97
Ahmedabad,Mid-range,Apartment,1543,3,4,0,23,Unfurnished,1,1.1,101.97
Pune,Suburban,Apartment,875,2,3,23,12,Unfurnished,1,2.7,45.24
Kolkata,Prime,Apartment,1472,3,3,9,22,Semi-furnished,1,3.3,150.53
Kochi,Mid-range,Independent House,1998,3,3,2,0,Unfurnished,2,12.5,136.98
Lucknow,Mid-range,Builder Floor,728,1,1,24,0,Semi-furnished,0,1.5,24.49
Delhi NCR,Suburban,Apartment,1081,2,3,28,9,Unfurnished,1,2.5,61.55
Coimbatore,Mid-range,Apartment,1172,2,1,17,14,Semi-furnished,2,8.3,60.9
Delhi NCR,Mid-range,Apartment,1829,4,4,1,0,Unfurnished,2,8.4,213.3
Lucknow,Prime,Builder Floor,2017,4,4,10,0,Unfurnished,1,11.7,126.21
Kolkata,Suburban,Independent House,659,1,1,26,0,Unfurnished,0,2.7,20.63
Pune,Prime,Independent House,1867,3,2,9,1,Semi-furnished,1,1.2,253.89
Kochi,Prime,Apartment,1653,3,3,4,18,Furnished,1,3.4,198.98
Jaipur,Mid-range,Villa,1356,2,2,17,0,Unfurnished,3,0.6,96.8
Lucknow,Mid-range,Independent House,1793,3,2,13,2,Furnished,1,2.3,88.52
Jaipur,Suburban,Apartment,1653,4,4,18,1,Unfurnished,1,8.6,49.62
Kochi,Mid-range,Apartment,1056,2,2,2,1,Semi-furnished,1,9.0,70.38
Bengaluru,Mid-range,Builder Floor,1426,3,3,4,1,Semi-furnished,1,0.9,122.51
Bengaluru,Prime,Apartment,1590,3,4,21,3,Semi-furnished,1,6.3,176.78
Jaipur,Prime,Apartment,1553,3,3,22,3,Semi-furnished,1,6.1,85.88
Pune,Mid-range,Apartment,1531,3,2,11,4,Semi-furnished,1,1.9,120.17
Kochi,Prime,Independent House,727,1,1,26,2,Semi-furnished,1,3.1,67.9
Pune,Suburban,Apartment,1090,2,3,8,9,Furnished,1,3.9,72.69
Coimbatore,Prime,Apartment,1868,4,4,11,5,Semi-furnished,0,1.6,136.3
Bengaluru,Mid-range,Apartment,1098,2,3,18,18,Unfurnished,1,4.6,86.47
Mumbai,Mid-range,Independent House,1188,2,1,19,0,Semi-furnished,0,1.0,240.83
Bengaluru,Suburban,Apartment,1937,4,4,5,12,Furnished,1,17.7,126.09
Coimbatore,Mid-range,Apartment,666,1,1,22,9,Furnished,1,2.4,36.1
Bengaluru,Prime,Villa,714,1,1,30,1,Unfurnished,1,0.5,89.0
Mumbai,Suburban,Apartment,1231,2,2,1,11,Furnished,1,0.5,226.66
Mumbai,Prime,Builder Floor,749,1,2,14,1,Semi-furnished,0,5.9,214.63
Hyderabad,Mid-range,Builder Floor,1187,2,2,19,1,Semi-furnished,0,4.6,72.02
Bengaluru,Suburban,Apartment,1132,2,1,11,9,Unfurnished,1,1.0,70.91
Bengaluru,Mid-range,Apartment,1373,3,4,24,9,Unfurnished,1,0.2,100.14
Coimbatore,Mid-range,Apartment,1756,4,4,0,7,Unfurnished,1,7.2,103.57
Jaipur,Prime,Apartment,1468,3,2,24,20,Semi-furnished,0,3.7,81.29
Lucknow,Mid-range,Apartment,1447,3,3,14,10,Furnished,1,4.4,69.59
Jaipur,Suburban,Apartment,1433,3,4,4,23,Semi-furnished,1,4.0,58.77
Delhi NCR,Suburban,Apartment,2277,5,4,27,4,Furnished,1,15.0,134.56
Chennai,Prime,Apartment,1114,2,2,25,14,Semi-furnished,0,5.5,98.16
Coimbatore,Mid-range,Builder Floor,1119,2,3,1,0,Unfurnished,1,1.8,61.43
Bengaluru,Suburban,Apartment,557,1,1,5,5,Semi-furnished,1,0.2,36.99
Lucknow,Suburban,Apartment,470,1,1,12,14,Semi-furnished,1,4.1,18.83
Ahmedabad,Suburban,Apartment,1884,4,4,25,2,Semi-furnished,1,6.4,50.62
Mumbai,Prime,Builder Floor,1420,3,3,0,1,Furnished,1,2.1,568.02
Jaipur,Mid-range,Apartment,1446,3,2,7,1,Semi-furnished,2,0.2,79.18
Pune,Mid-range,Villa,1815,3,4,14,2,Furnished,2,0.4,194.19
Kochi,Suburban,Apartment,1790,4,3,2,9,Furnished,1,1.7,96.66
Lucknow,Mid-range,Apartment,1656,3,3,15,20,Furnished,2,4.8,79.7
Ahmedabad,Suburban,Apartment,1446,3,4,12,20,Furnished,0,0.5,57.16
Pune,Mid-range,Independent House,1165,2,1,2,0,Unfurnished,1,13.4,98.37
Kochi,Prime,Builder Floor,1712,4,3,21,0,Furnished,1,2.9,158.44
Mumbai,Mid-range,Apartment,1820,4,5,20,15,Furnished,2,3.3,372.93
Kolkata,Mid-range,Builder Floor,1119,2,2,8,1,Semi-furnished,1,1.1,71.04
Jaipur,Prime,Builder Floor,1042,2,1,11,1,Semi-furnished,0,6.3,62.18
Mumbai,Suburban,Apartment,1833,4,3,22,17,Semi-furnished,1,4.9,241.51
Hyderabad,Suburban,Apartment,999,2,3,14,3,Unfurnished,2,2.0,55.65
Chennai,Prime,Independent House,2933,5,5,25,1,Unfurnished,2,2.5,272.97
Kochi,Mid-range,Apartment,1917,4,4,8,14,Unfurnished,1,4.2,125.14
Lucknow,Mid-range,Builder Floor,1419,3,2,24,2,Furnished,1,5.3,57.88
Kolkata,Prime,Independent House,866,1,1,16,0,Furnished,2,3.2,95.16
Delhi NCR,Suburban,Builder Floor,1564,3,2,30,0,Semi-furnished,1,1.0,89.81
Mumbai,Mid-range,Apartment,1471,3,4,24,8,Unfurnished,1,0.2,254.35
Kochi,Mid-range,Apartment,1414,3,2,5,17,Semi-furnished,0,0.9,107.66
Hyderabad,Suburban,Apartment,1550,3,2,0,1,Semi-furnished,1,6.3,82.01
Delhi NCR,Mid-range,Independent House,2592,4,4,14,2,Semi-furnished,2,1.2,304.98
Chennai,Mid-range,Apartment,1145,2,1,27,25,Semi-furnished,0,3.2,67.22
Coimbatore,Suburban,Apartment,635,1,1,3,19,Semi-furnished,1,1.4,32.39
Pune,Prime,Independent House,2025,4,4,3,0,Unfurnished,1,5.5,249.49
Lucknow,Prime,Apartment,1051,2,2,3,18,Semi-furnished,0,1.3,91.38
Kochi,Mid-range,Apartment,695,1,2,26,7,Unfurnished,1,1.8,40.24
Bengaluru,Prime,Apartment,1000,2,1,9,0,Unfurnished,0,1.8,130.75
Chennai,Suburban,Apartment,1588,3,3,8,0,Semi-furnished,1,3.7,88.09
Coimbatore,Mid-range,Builder Floor,720,1,2,29,1,Furnished,2,4.4,34.89
Ahmedabad,Mid-range,Apartment,1306,3,3,11,24,Semi-furnished,1,1.4,83.91
Coimbatore,Mid-range,Apartment,1091,2,3,25,15,Unfurnished,1,1.7,50.72
Kolkata,Mid-range,Builder Floor,1013,2,3,17,1,Unfurnished,0,0.2,59.92
Coimbatore,Mid-range,Apartment,1872,4,5,15,7,Semi-furnished,1,8.5,88.95
Kolkata,Mid-range,Apartment,1050,2,1,17,15,Semi-furnished,1,4.1,59.08
Ahmedabad,Mid-range,Apartment,1489,3,3,23,19,Semi-furnished,2,3.7,68.41
Lucknow,Suburban,Apartment,661,1,1,5,16,Unfurnished,2,2.4,29.37
Ahmedabad,Mid-range,Builder Floor,1369,3,3,21,2,Semi-furnished,1,0.2,66.46
Coimbatore,Mid-range,Apartment,2237,5,4,6,4,Unfurnished,0,7.4,98.79
Ahmedabad,Mid-range,Apartment,1180,2,2,18,14,Furnished,1,0.3,67.99
Kolkata,Mid-range,Apartment,600,1,2,6,20,Semi-furnished,1,1.5,44.89
Lucknow,Suburban,Independent House,1255,2,2,8,0,Unfurnished,1,3.4,44.15
Delhi NCR,Mid-range,Apartment,969,2,2,16,18,Furnished,1,0.2,124.48
Delhi NCR,Suburban,Apartment,1257,2,2,15,0,Furnished,1,0.2,96.34
Chennai,Mid-range,Builder Floor,948,2,2,29,2,Furnished,1,2.5,59.32
Chennai,Mid-range,Apartment,688,1,1,5,18,Unfurnished,1,6.0,49.25
Kolkata,Mid-range,Villa,2494,4,3,26,1,Semi-furnished,1,6.3,147.01
Hyderabad,Suburban,Villa,860,1,2,19,1,Furnished,1,2.5,55.4
Kolkata,Mid-range,Apartment,1510,3,3,3,21,Unfurnished,1,3.5,110.4
Ahmedabad,Mid-range,Builder Floor,583,1,1,6,0,Semi-furnished,1,1.1,34.55
Kolkata,Prime,Independent House,1920,3,3,6,0,Unfurnished,3,3.4,194.11
Delhi NCR,Suburban,Independent House,2829,5,5,10,2,Semi-furnished,1,3.9,235.91
Ahmedabad,Suburban,Apartment,1159,2,1,28,20,Semi-furnished,1,3.4,32.96
Ahmedabad,Suburban,Independent House,1821,3,3,20,0,Unfurnished,0,0.2,56.52
Kolkata,Prime,Apartment,1548,3,2,17,18,Semi-furnished,1,1.8,148.53
Kolkata,Suburban,Independent House,756,1,2,30,0,Unfurnished,1,1.0,30.14
Ahmedabad,Mid-range,Apartment,1003,2,2,9,19,Unfurnished,2,4.6,56.42
Ahmedabad,Mid-range,Apartment,563,1,1,22,17,Furnished,1,1.3,31.11
Ahmedabad,Suburban,Independent House,1500,2,3,13,2,Unfurnished,1,2.8,57.86
Chennai,Mid-range,Villa,1582,2,3,11,0,Semi-furnished,2,4.4,144.96
Coimbatore,Mid-range,Apartment,1386,3,3,23,0,Unfurnished,1,0.6,54.9
Hyderabad,Mid-range,Independent House,1359,2,1,13,2,Unfurnished,0,4.1,93.39
Delhi NCR,Mid-range,Apartment,950,2,3,16,1,Furnished,0,18.6,94.35
Kochi,Mid-range,Villa,2169,4,5,5,2,Unfurnished,1,6.3,175.5
Mumbai,Prime,Independent House,1496,2,2,5,1,Semi-furnished,1,0.8,577.45
Pune,Prime,Apartment,1067,2,2,25,23,Unfurnished,1,5.6,107.78
Jaipur,Suburban,Apartment,1534,3,4,7,17,Unfurnished,1,8.4,52.45
Ahmedabad,Suburban,Apartment,1779,4,4,17,12,Semi-furnished,1,0.8,62.82
Chennai,Mid-range,Villa,1189,2,1,0,1,Furnished,1,2.4,130.27
Lucknow,Suburban,Apartment,1051,2,1,25,9,Semi-furnished,2,0.4,32.73
Ahmedabad,Suburban,Independent House,1779,3,4,9,0,Semi-furnished,0,2.4,71.55
Hyderabad,Mid-range,Apartment,1095,2,3,27,7,Semi-furnished,2,2.3,71.89
Hyderabad,Suburban,Apartment,1498,3,3,25,5,Unfurnished,2,7.5,56.23
Ahmedabad,Suburban,Builder Floor,1133,2,3,20,0,Semi-furnished,0,6.2,34.66
Chennai,Prime,Independent House,2253,4,5,15,1,Furnished,1,11.0,262.09
Coimbatore,Prime,Independent House,1453,2,2,29,2,Unfurnished,0,2.6,89.93
Kolkata,Prime,Apartment,1468,3,2,26,25,Unfurnished,1,4.7,109.86
Lucknow,Mid-range,Villa,1302,2,2,15,1,Semi-furnished,1,2.4,68.18
Jaipur,Mid-range,Builder Floor,1258,2,2,29,0,Unfurnished,1,6.8,44.15
Bengaluru,Suburban,Apartment,1102,2,3,28,6,Semi-furnished,1,0.4,52.22
Lucknow,Mid-range,Apartment,1839,4,4,0,11,Unfurnished,2,5.3,93.21
Coimbatore,Prime,Independent House,1394,2,2,8,0,Semi-furnished,3,9.1,122.21
Mumbai,Prime,Apartment,1081,2,2,3,13,Semi-furnished,0,1.4,374.55
Pune,Mid-range,Builder Floor,1282,2,1,26,0,Semi-furnished,2,2.9,71.97
Jaipur,Mid-range,Independent House,1231,2,1,16,1,Unfurnished,1,4.2,55.64
Bengaluru,Mid-range,Apartment,1302,3,4,9,15,Furnished,2,0.5,122.84
Jaipur,Mid-range,Apartment,2160,5,6,9,19,Unfurnished,3,1.6,120.97
Mumbai,Suburban,Apartment,1322,3,3,18,16,Furnished,1,1.1,191.1
Delhi NCR,Prime,Apartment,1242,3,2,8,25,Unfurnished,2,2.0,231.3
Jaipur,Mid-range,Apartment,1107,2,2,14,22,Unfurnished,3,1.7,54.07
Chennai,Prime,Apartment,1217,2,2,24,25,Semi-furnished,2,12.4,111.21
Chennai,Mid-range,Apartment,1195,2,2,23,1,Furnished,1,4.3,77.18
Bengaluru,Mid-range,Independent House,1351,2,3,15,2,Semi-furnished,1,12.5,103.27
Pune,Prime,Apartment,662,1,1,28,12,Unfurnished,1,4.7,55.96
Lucknow,Prime,Builder Floor,597,1,2,21,2,Furnished,1,4.3,35.19
Hyderabad,Suburban,Villa,1354,2,2,27,0,Semi-furnished,1,5.1,70.25
Mumbai,Suburban,Independent House,1324,2,2,14,1,Unfurnished,1,0.8,188.45
Pune,Prime,Independent House,1531,2,1,10,0,Semi-furnished,1,3.2,210.99
Hyderabad,Mid-range,Apartment,1474,3,3,22,14,Semi-furnished,1,1.3,104.0
Bengaluru,Mid-range,Apartment,1945,4,4,5,4,Semi-furnished,0,11.7,153.67
Hyderabad,Mid-range,Apartment,2345,5,6,24,18,Furnished,1,0.9,162.85
Kochi,Mid-range,Villa,1238,2,1,27,2,Semi-furnished,2,11.5,75.04
Ahmedabad,Prime,Builder Floor,1775,4,4,14,1,Semi-furnished,2,0.5,142.83
Chennai,Mid-range,Apartment,1883,4,3,29,11,Semi-furnished,1,3.5,110.93
Pune,Suburban,Apartment,1164,2,2,30,24,Semi-furnished,2,6.3,53.36
Bengaluru,Prime,Builder Floor,1516,3,3,2,1,Semi-furnished,1,3.4,230.8
Lucknow,Prime,Apartment,1328,3,4,26,25,Semi-furnished,1,6.3,78.11
Kolkata,Mid-range,Apartment,1382,3,4,9,19,Furnished,2,0.6,114.57
Pune,Mid-range,Villa,1447,2,3,7,2,Unfurnished,0,7.6,145.58
Chennai,Mid-range,Apartment,477,1,1,3,21,Unfurnished,1,1.9,39.76
Mumbai,Mid-range,Independent House,1957,3,3,5,0,Semi-furnished,1,0.7,480.93
Chennai,Prime,Independent House,1671,3,3,5,2,Unfurnished,0,3.3,214.31
Kolkata,Mid-range,Apartment,977,2,2,18,0,Semi-furnished,1,1.3,57.55
Kochi,Suburban,Independent House,1220,2,3,23,2,Furnished,1,5.1,55.28
Hyderabad,Suburban,Builder Floor,1375,3,3,17,0,Furnished,1,7.4,62.07
Kolkata,Prime,Villa,934,1,1,26,1,Unfurnished,1,5.7,85.64
Bengaluru,Mid-range,Builder Floor,1801,4,4,18,1,Semi-furnished,0,1.9,133.91
Mumbai,Mid-range,Apartment,1152,2,3,10,6,Furnished,2,8.1,237.29
Mumbai,Mid-range,Apartment,1082,2,1,23,25,Unfurnished,1,1.5,191.53
Delhi NCR,Prime,Apartment,1111,2,3,0,0,Furnished,0,2.1,229.41
Chennai,Mid-range,Apartment,1490,3,2,0,17,Semi-furnished,1,0.7,141.13
Kochi,Suburban,Builder Floor,1099,2,3,23,0,Semi-furnished,0,2.6,35.76
Mumbai,Prime,Apartment,1689,3,3,5,15,Semi-furnished,0,3.8,562.33
Lucknow,Mid-range,Apartment,1094,2,2,14,18,Unfurnished,1,5.8,50.09
Delhi NCR,Mid-range,Independent House,1823,3,4,4,0,Unfurnished,0,5.3,218.34
Delhi NCR,Suburban,Builder Floor,920,2,2,29,2,Furnished,1,9.9,52.53
Ahmedabad,Mid-range,Apartment,1170,2,3,3,24,Semi-furnished,2,1.3,80.11
Lucknow,Mid-range,Apartment,1005,2,2,20,22,Unfurnished,1,0.7,46.15
Pune,Mid-range,Apartment,1522,3,3,23,21,Unfurnished,2,0.9,103.7
Bengaluru,Suburban,Builder Floor,934,2,3,19,0,Semi-furnished,0,1.5,47.37
Coimbatore,Prime,Apartment,1014,2,2,30,4,Furnished,0,2.0,63.52
Jaipur,Prime,Builder Floor,609,1,1,24,0,Semi-furnished,1,0.5,35.43
Kochi,Suburban,Independent House,1421,2,2,12,2,Furnished,1,6.5,62.04
Delhi NCR,Mid-range,Builder Floor,1078,2,3,1,1,Unfurnished,1,1.7,123.76
Pune,Prime,Apartment,1122,2,3,16,14,Furnished,1,1.0,144.56
Kochi,Mid-range,Apartment,980,2,2,11,6,Semi-furnished,1,5.5,60.83
Ahmedabad,Mid-range,Apartment,1040,2,2,26,17,Furnished,2,0.4,58.68
Hyderabad,Mid-range,Builder Floor,1488,3,4,26,0,Unfurnished,0,1.1,84.82
Kolkata,Prime,Builder Floor,1075,2,3,4,0,Semi-furnished,0,4.2,112.99
Kolkata,Suburban,Apartment,673,1,1,15,21,Semi-furnished,1,3.5,31.03
Chennai,Suburban,Apartment,2002,4,4,26,7,Semi-furnished,2,1.1,87.73
Kochi,Suburban,Apartment,1048,2,3,16,13,Unfurnished,0,2.4,42.11
Lucknow,Prime,Apartment,1920,4,3,2,21,Semi-furnished,0,11.7,138.28
Pune,Mid-range,Builder Floor,1402,3,4,30,0,Unfurnished,2,4.5,73.15
Bengaluru,Suburban,Apartment,587,1,1,6,22,Unfurnished,2,0.3,46.09
Coimbatore,Mid-range,Apartment,982,2,1,17,15,Semi-furnished,1,3.0,46.35
Coimbatore,Mid-range,Apartment,1652,3,3,8,10,Semi-furnished,2,4.1,95.81
Chennai,Suburban,Apartment,989,2,2,7,9,Semi-furnished,1,5.7,62.71
Chennai,Mid-range,Apartment,2311,5,4,22,21,Furnished,1,4.1,151.21
Lucknow,Suburban,Apartment,1750,4,5,11,8,Unfurnished,0,4.3,55.7
Ahmedabad,Mid-range,Apartment,1018,2,2,13,8,Semi-furnished,1,0.3,57.19
Jaipur,Mid-range,Apartment,1205,2,3,6,25,Unfurnished,0,3.8,55.15
Delhi NCR,Mid-range,Builder Floor,1452,3,3,12,0,Furnished,2,3.7,164.15
Jaipur,Suburban,Builder Floor,671,1,1,22,0,Unfurnished,0,3.6,15.45
Hyderabad,Suburban,Apartment,1986,5,6,19,23,Unfurnished,1,0.3,102.17
Delhi NCR,Mid-range,Apartment,636,1,1,23,14,Semi-furnished,0,0.6,67.76
Delhi NCR,Suburban,Apartment,1061,2,1,9,8,Unfurnished,1,0.5,83.24
Delhi NCR,Suburban,Apartment,590,1,2,30,4,Semi-furnished,2,7.2,36.26
Kochi,Mid-range,Apartment,933,2,2,30,21,Furnished,0,0.6,50.67
Bengaluru,Suburban,Apartment,1699,4,4,21,22,Semi-furnished,0,3.8,82.93
Jaipur,Prime,Builder Floor,717,1,1,12,2,Furnished,2,2.0,64.22
Delhi NCR,Suburban,Independent House,894,1,1,24,2,Semi-furnished,1,2.4,60.69
Lucknow,Mid-range,Independent House,1831,3,2,6,2,Semi-furnished,1,1.5,82.07
Kolkata,Suburban,Independent House,1371,2,2,0,1,Semi-furnished,1,1.3,77.21
Mumbai,Mid-range,Apartment,1120,2,1,20,6,Semi-furnished,1,0.3,227.38
Pune,Prime,Independent House,2431,4,4,20,0,Semi-furnished,0,0.8,254.24
Ahmedabad,Suburban,Apartment,1170,2,3,21,2,Semi-furnished,1,3.9,37.68
Kolkata,Prime,Apartment,1057,2,1,18,6,Semi-furnished,0,5.9,85.2
Chennai,Mid-range,Apartment,790,1,1,18,1,Semi-furnished,1,8.0,50.86
Delhi NCR,Mid-range,Builder Floor,608,1,1,15,2,Unfurnished,1,3.9,64.27
Bengaluru,Suburban,Builder Floor,1659,4,4,11,1,Semi-furnished,1,0.9,99.68
Jaipur,Mid-range,Apartment,1178,2,3,26,7,Semi-furnished,1,0.6,54.92
Bengaluru,Suburban,Apartment,1891,4,3,3,2,Semi-furnished,0,21.0,117.09
Ahmedabad,Mid-range,Independent House,2124,4,3,12,1,Semi-furnished,1,4.7,112.81
Kolkata,Mid-range,Apartment,1153,2,2,5,4,Furnished,0,1.1,84.21
Kochi,Mid-range,Apartment,1083,2,2,22,0,Semi-furnished,2,21.5,61.06
Coimbatore,Suburban,Apartment,1490,3,3,3,20,Unfurnished,1,9.9,51.52
Kochi,Prime,Apartment,1131,2,2,13,7,Unfurnished,2,8.3,106.55
Bengaluru,Suburban,Apartment,647,1,1,5,12,Semi-furnished,2,0.2,48.13
Coimbatore,Mid-range,Apartment,1050,2,1,23,10,Unfurnished,2,6.5,45.67
Chennai,Mid-range,Apartment,573,1,1,7,13,Semi-furnished,1,0.9,43.15
Chennai,Mid-range,Builder Floor,1628,3,3,16,1,Unfurnished,0,5.5,86.95
Pune,Mid-range,Apartment,1434,3,4,20,1,Semi-furnished,1,1.9,102.68
Coimbatore,Mid-range,Apartment,1366,3,3,8,13,Unfurnished,1,10.1,60.43
Chennai,Mid-range,Apartment,1586,3,2,1,4,Unfurnished,1,5.4,126.22
Jaipur,Mid-range,Apartment,1031,2,2,9,20,Unfurnished,1,0.2,56.78
Hyderabad,Mid-range,Apartment,602,1,2,0,18,Unfurnished,1,10.4,51.3
Hyderabad,Mid-range,Apartment,808,1,1,15,23,Unfurnished,2,0.5,69.62
Ahmedabad,Mid-range,Independent House,1543,2,3,10,0,Furnished,1,2.5,89.37
Kochi,Mid-range,Builder Floor,632,1,1,21,2,Semi-furnished,2,4.5,39.94
Hyderabad,Prime,Builder Floor,1459,3,2,18,2,Unfurnished,2,1.5,134.04
Kolkata,Suburban,Apartment,1137,2,2,6,17,Furnished,0,2.3,53.47
Chennai,Suburban,Builder Floor,1454,3,3,4,2,Unfurnished,1,3.7,77.7
Pune,Suburban,Apartment,1171,2,2,11,21,Unfurnished,1,1.3,65.6
Chennai,Mid-range,Independent House,1604,2,3,13,1,Semi-furnished,1,1.9,125.64
Lucknow,Mid-range,Apartment,679,1,1,8,17,Unfurnished,1,11.8,32.44
Kochi,Suburban,Independent House,1292,2,1,26,1,Semi-furnished,1,5.7,51.55
Hyderabad,Prime,Apartment,1904,4,3,19,23,Semi-furnished,2,1.6,221.84
Kolkata,Mid-range,Builder Floor,1282,3,4,1,2,Semi-furnished,2,8.7,82.15
Coimbatore,Prime,Apartment,1200,2,2,4,20,Unfurnished,0,12.4,88.96
Pune,Mid-range,Builder Floor,1557,3,4,6,0,Semi-furnished,2,2.8,132.85
Kochi,Prime,Apartment,1185,2,2,22,15,Semi-furnished,1,2.3,104.98
Chennai,Prime,Independent House,1374,2,3,7,2,Semi-furnished,2,0.8,180.54
Lucknow,Suburban,Apartment,1120,2,3,17,12,Semi-furnished,1,1.0,36.23
Mumbai,Mid-range,Apartment,1859,4,4,13,7,Semi-furnished,0,1.8,388.19
Jaipur,Suburban,Apartment,909,2,2,15,11,Semi-furnished,1,0.4,30.75
Mumbai,Suburban,Apartment,1098,2,1,3,22,Semi-furnished,2,0.7,188.29
Pune,Mid-range,Independent House,1940,3,3,18,1,Furnished,1,2.8,148.25
Coimbatore,Suburban,Apartment,651,1,1,7,19,Unfurnished,0,2.9,23.97
Ahmedabad,Suburban,Builder Floor,2245,5,5,23,2,Unfurnished,1,7.6,56.16
Chennai,Prime,Apartment,2188,5,6,3,9,Semi-furnished,2,8.2,270.1
Ahmedabad,Prime,Apartment,1349,3,3,11,24,Semi-furnished,1,5.2,116.54
Coimbatore,Prime,Apartment,1103,2,1,7,6,Semi-furnished,2,1.5,86.67
Coimbatore,Mid-range,Apartment,1227,2,1,30,18,Unfurnished,2,2.9,51.5
Delhi NCR,Suburban,Apartment,1770,4,3,1,25,Furnished,1,0.5,185.96
Lucknow,Mid-range,Apartment,1276,3,3,3,23,Unfurnished,0,11.8,59.42
Coimbatore,Mid-range,Villa,717,1,1,21,1,Furnished,1,1.2,45.21
Jaipur,Mid-range,Apartment,1220,2,3,19,14,Semi-furnished,2,10.8,58.19
Kochi,Prime,Apartment,1495,3,3,20,10,Furnished,0,1.4,132.45
Mumbai,Mid-range,Apartment,686,1,1,11,20,Semi-furnished,0,5.6,158.11
Mumbai,Prime,Apartment,1599,3,3,23,15,Semi-furnished,0,0.6,473.32
Lucknow,Mid-range,Apartment,2196,5,4,14,20,Unfurnished,0,2.5,94.41
Jaipur,Suburban,Apartment,998,2,3,8,17,Furnished,1,0.4,43.26
Kochi,Suburban,Villa,932,1,2,3,0,Unfurnished,0,3.7,52.27
Chennai,Suburban,Builder Floor,704,1,1,17,0,Semi-furnished,1,4.6,35.68
Kolkata,Suburban,Independent House,1357,2,1,17,1,Semi-furnished,1,2.0,59.06
Lucknow,Suburban,Independent House,1385,2,1,14,0,Semi-furnished,0,3.6,42.61
Delhi NCR,Suburban,Apartment,1497,3,4,14,23,Semi-furnished,1,1.4,117.91
Jaipur,Mid-range,Apartment,1165,2,3,22,2,Semi-furnished,2,6.3,52.54
Ahmedabad,Mid-range,Apartment,2293,5,5,3,2,Unfurnished,2,16.2,123.43
Hyderabad,Suburban,Apartment,692,1,1,26,22,Furnished,2,2.1,40.78
Coimbatore,Prime,Apartment,1775,4,3,4,17,Semi-furnished,1,7.4,135.72
Hyderabad,Prime,Independent House,1237,2,2,22,2,Semi-furnished,1,6.2,125.98
Mumbai,Prime,Apartment,1023,2,2,25,3,Furnished,1,2.7,307.35
Bengaluru,Mid-range,Apartment,1160,2,3,26,25,Furnished,2,4.1,90.56
Jaipur,Prime,Apartment,628,1,1,14,7,Semi-furnished,1,4.9,44.27
Bengaluru,Mid-range,Apartment,1407,3,2,12,0,Unfurnished,1,8.8,114.32
Lucknow,Prime,Independent House,1331,2,2,0,0,Semi-furnished,2,0.2,120.56
Mumbai,Prime,Independent House,1477,2,1,24,2,Semi-furnished,3,0.3,417.5
Mumbai,Mid-range,Apartment,1448,3,2,19,19,Unfurnished,1,2.6,266.19
Kochi,Prime,Apartment,596,1,1,2,10,Unfurnished,1,0.5,64.7
Coimbatore,Suburban,Independent House,3057,5,4,0,2,Furnished,1,1.0,129.74
Kolkata,Mid-range,Apartment,1455,3,3,25,20,Semi-furnished,1,1.4,75.42
Kolkata,Mid-range,Villa,2843,5,5,19,2,Unfurnished,1,4.0,199.84
Mumbai,Mid-range,Independent House,1360,2,2,1,2,Furnished,2,1.8,410.25
Bengaluru,Mid-range,Apartment,1076,2,1,17,8,Semi-furnished,2,5.8,88.21
Bengaluru,Mid-range,Apartment,931,2,2,8,17,Unfurnished,0,7.2,82.52
Kolkata,Mid-range,Independent House,2356,4,4,21,1,Furnished,2,3.2,138.66
Bengaluru,Suburban,Builder Floor,2045,4,3,12,2,Semi-furnished,1,3.6,123.95
Kolkata,Prime,Apartment,1474,3,4,10,25,Semi-furnished,0,3.5,129.81
Jaipur,Mid-range,Apartment,1976,4,3,17,17,Furnished,0,2.4,90.65
Delhi NCR,Suburban,Independent House,1885,3,3,8,1,Unfurnished,2,3.5,149.74
Ahmedabad,Mid-range,Apartment,1816,4,4,6,20,Furnished,2,4.9,114.66
Mumbai,Suburban,Independent House,1397,2,2,4,2,Unfurnished,1,0.5,231.67
Kolkata,Mid-range,Independent House,2459,4,5,21,0,Unfurnished,2,0.8,140.68
Delhi NCR,Suburban,Independent House,1834,3,2,24,1,Semi-furnished,3,0.6,155.02
Pune,Prime,Apartment,1181,2,1,4,11,Furnished,2,0.2,193.03
Kolkata,Prime,Villa,1985,3,3,18,0,Unfurnished,0,2.5,208.37
Mumbai,Suburban,Apartment,1825,4,4,30,4,Furnished,1,0.7,213.5
Lucknow,Suburban,Apartment,1394,3,2,22,25,Semi-furnished,2,2.9,45.37
Kolkata,Mid-range,Apartment,1187,2,1,6,1,Unfurnished,1,0.8,74.45
Kochi,Mid-range,Independent House,1449,2,2,25,2,Furnished,2,0.8,84.84
Hyderabad,Suburban,Builder Floor,1538,3,4,6,0,Semi-furnished,1,2.8,74.78
Lucknow,Suburban,Apartment,580,1,1,0,5,Unfurnished,1,8.9,22.31
Mumbai,Mid-range,Apartment,1440,3,3,24,0,Semi-furnished,1,3.6,217.88
Chennai,Prime,Villa,1368,2,3,26,0,Furnished,1,0.7,144.19
Pune,Prime,Apartment,1435,3,4,6,18,Semi-furnished,2,7.1,188.47
Delhi NCR,Mid-range,Apartment,1326,3,3,28,8,Furnished,0,0.3,129.59
Coimbatore,Suburban,Apartment,712,1,1,29,24,Furnished,1,2.0,24.17
Jaipur,Suburban,Builder Floor,1526,3,3,28,1,Semi-furnished,1,8.7,40.04
Pune,Prime,Apartment,1035,2,3,2,4,Furnished,3,0.5,150.06
Kochi,Mid-range,Apartment,1227,2,3,14,4,Furnished,1,0.8,88.59
Kochi,Mid-range,Apartment,1454,3,3,9,20,Unfurnished,1,0.5,97.33
Lucknow,Suburban,Villa,1828,3,3,24,1,Unfurnished,2,6.0,60.97
Lucknow,Mid-range,Builder Floor,1117,2,1,19,2,Semi-furnished,1,5.7,47.13
Kolkata,Prime,Independent House,1838,3,3,3,1,Unfurnished,1,4.2,175.3
Kolkata,Mid-range,Apartment,1016,2,2,18,4,Semi-furnished,0,6.7,59.5
Kolkata,Mid-range,Apartment,1064,2,1,4,9,Unfurnished,1,6.9,62.85
Delhi NCR,Suburban,Apartment,948,2,3,2,18,Furnished,2,1.4,105.95
Delhi NCR,Suburban,Apartment,1591,3,4,8,15,Semi-furnished,2,0.3,142.21
Ahmedabad,Suburban,Apartment,1588,3,3,26,22,Semi-furnished,1,3.2,47.05
Chennai,Mid-range,Apartment,1567,3,4,14,22,Unfurnished,1,17.3,119.2
Lucknow,Mid-range,Builder Floor,1115,2,2,11,2,Unfurnished,1,2.3,50.07
Hyderabad,Prime,Apartment,1171,2,3,23,24,Semi-furnished,0,0.2,114.95
Kochi,Suburban,Apartment,1446,3,4,19,13,Semi-furnished,1,6.1,58.37
Pune,Suburban,Villa,1405,2,3,14,0,Unfurnished,1,2.4,90.36
Kochi,Prime,Independent House,1308,2,2,15,1,Unfurnished,1,7.2,110.46
Ahmedabad,Mid-range,Apartment,1832,4,4,19,17,Unfurnished,1,3.2,87.16
Hyderabad,Prime,Apartment,1478,3,4,17,10,Semi-furnished,1,3.9,147.65
Chennai,Mid-range,Apartment,1716,4,5,20,20,Semi-furnished,2,1.4,136.12
Mumbai,Suburban,Apartment,1849,4,3,22,5,Furnished,1,3.0,252.88
Pune,Suburban,Independent House,1976,3,3,3,2,Unfurnished,1,1.1,124.23
Mumbai,Mid-range,Apartment,1565,3,3,27,12,Unfurnished,0,0.2,272.97
Jaipur,Prime,Independent House,1292,2,2,3,1,Unfurnished,1,4.8,109.21
Chennai,Mid-range,Independent House,1249,2,2,16,0,Semi-furnished,2,1.4,99.18
Pune,Mid-range,Independent House,805,1,1,25,0,Semi-furnished,0,2.5,48.76
Hyderabad,Suburban,Apartment,1124,2,1,16,22,Semi-furnished,0,3.5,53.13
Kolkata,Prime,Villa,1460,2,2,6,2,Unfurnished,1,9.8,182.33
Hyderabad,Prime,Apartment,982,2,1,8,21,Semi-furnished,1,3.1,129.07
Hyderabad,Suburban,Builder Floor,438,1,2,8,0,Unfurnished,1,3.1,25.73
Delhi NCR,Prime,Villa,1874,3,3,2,0,Semi-furnished,1,1.0,452.03
Bengaluru,Mid-range,Apartment,1551,3,4,21,23,Semi-furnished,0,0.2,118.43
Bengaluru,Suburban,Apartment,1063,2,1,12,18,Semi-furnished,0,1.7,64.58
Bengaluru,Suburban,Apartment,1805,4,4,29,7,Semi-furnished,2,3.1,92.45
Delhi NCR,Mid-range,Apartment,1829,4,5,8,3,Furnished,1,5.3,213.6
Bengaluru,Suburban,Apartment,1987,4,5,23,19,Furnished,1,8.3,116.95
Kolkata,Mid-range,Villa,1763,3,4,20,0,Unfurnished,0,6.3,110.71
Jaipur,Suburban,Builder Floor,1350,2,1,21,0,Unfurnished,1,6.8,37.53
Jaipur,Mid-range,Apartment,1882,4,5,21,1,Unfurnished,1,0.8,75.32
Chennai,Suburban,Builder Floor,1066,2,2,5,0,Semi-furnished,1,2.2,61.68
Jaipur,Mid-range,Builder Floor,1059,2,3,18,1,Semi-furnished,2,4.9,45.66
Kochi,Suburban,Apartment,1134,2,3,11,23,Semi-furnished,1,0.6,57.22
Lucknow,Mid-range,Apartment,1781,4,4,12,15,Unfurnished,3,3.8,77.93
Bengaluru,Suburban,Builder Floor,1016,2,2,29,0,Semi-furnished,0,6.6,34.35
Bengaluru,Suburban,Builder Floor,612,1,1,15,0,Semi-furnished,1,12.3,35.97
Lucknow,Mid-range,Apartment,1115,2,3,8,1,Unfurnished,1,0.4,51.47
Pune,Mid-range,Apartment,1162,2,2,16,20,Furnished,1,1.2,105.08
Kolkata,Mid-range,Builder Floor,1400,3,2,1,2,Semi-furnished,0,4.2,93.19
Hyderabad,Mid-range,Apartment,1181,2,2,16,11,Unfurnished,1,1.1,87.97
Kolkata,Suburban,Apartment,1750,4,4,30,20,Semi-furnished,2,2.7,63.65
Kochi,Mid-range,Builder Floor,1492,3,3,16,1,Furnished,1,1.3,89.6
Chennai,Prime,Apartment,1287,3,4,6,19,Semi-furnished,1,1.5,168.31
Lucknow,Suburban,Apartment,1783,4,3,0,13,Furnished,1,2.2,73.01
Mumbai,Suburban,Apartment,1050,2,3,21,10,Semi-furnished,1,1.3,157.94
Kochi,Mid-range,Apartment,1144,2,2,8,14,Unfurnished,1,0.5,74.7
Kochi,Prime,Apartment,621,1,1,11,16,Furnished,1,5.0,62.83
Jaipur,Mid-range,Independent House,1190,2,2,17,1,Furnished,2,0.5,65.5
Kochi,Prime,Apartment,1482,3,3,21,13,Unfurnished,2,2.0,130.61
Kolkata,Mid-range,Apartment,1898,4,4,25,0,Unfurnished,1,10.3,90.95
Mumbai,Suburban,Apartment,676,1,2,19,1,Unfurnished,1,11.1,78.96
Lucknow,Prime,Apartment,1050,2,2,7,19,Unfurnished,1,0.4,79.66
Ahmedabad,Prime,Apartment,1539,3,3,4,19,Furnished,2,13.6,143.16
Delhi NCR,Mid-range,Independent House,1469,2,3,16,1,Unfurnished,2,2.8,166.6
Pune,Suburban,Apartment,1018,2,1,8,16,Unfurnished,0,4.0,54.05
Jaipur,Suburban,Apartment,1049,2,1,18,25,Unfurnished,2,1.2,39.2
Lucknow,Prime,Apartment,1244,2,3,2,16,Semi-furnished,1,4.1,96.08
Coimbatore,Suburban,Apartment,1477,3,2,4,11,Semi-furnished,1,9.1,57.67
Kolkata,Suburban,Builder Floor,1809,4,3,19,1,Unfurnished,1,0.2,66.57
Hyderabad,Mid-range,Apartment,1930,4,4,12,11,Semi-furnished,1,2.1,151.9
Coimbatore,Suburban,Apartment,1180,2,1,12,10,Unfurnished,1,3.2,38.06
Lucknow,Suburban,Apartment,1308,3,4,30,22,Furnished,2,2.6,39.24
Lucknow,Suburban,Apartment,1366,3,4,9,9,Semi-furnished,2,0.5,53.7
Coimbatore,Suburban,Builder Floor,1249,3,2,9,0,Semi-furnished,1,1.5,47.67
Pune,Mid-range,Builder Floor,1797,4,4,13,2,Furnished,2,5.1,142.0
Bengaluru,Mid-range,Apartment,653,1,1,24,22,Semi-furnished,1,0.2,54.01
Kochi,Suburban,Builder Floor,1925,4,4,24,2,Furnished,1,6.6,71.37
Ahmedabad,Mid-range,Independent House,1247,2,3,23,0,Semi-furnished,1,2.7,58.95
Lucknow,Suburban,Villa,1379,2,2,6,0,Furnished,2,2.9,60.94
Kochi,Prime,Independent House,1697,3,4,11,1,Furnished,0,4.3,178.49
Mumbai,Prime,Independent House,1814,3,4,20,0,Semi-furnished,1,1.1,572.66
Bengaluru,Mid-range,Independent House,1707,3,4,7,2,Semi-furnished,2,4.5,180.41
Ahmedabad,Prime,Builder Floor,1172,2,2,3,1,Unfurnished,1,14.1,87.69
Jaipur,Prime,Builder Floor,647,1,2,29,1,Unfurnished,1,8.3,36.05
Delhi NCR,Mid-range,Independent House,2299,4,3,7,2,Furnished,1,13.4,277.23
Kochi,Mid-range,Apartment,2266,5,6,0,18,Furnished,1,0.9,177.26
Delhi NCR,Mid-range,Builder Floor,1595,3,2,11,2,Semi-furnished,1,1.9,163.16
Ahmedabad,Mid-range,Independent House,1193,2,2,7,2,Unfurnished,1,3.2,72.17
Chennai,Suburban,Apartment,998,2,1,27,2,Furnished,0,0.6,43.41
Bengaluru,Suburban,Apartment,1071,2,2,23,6,Unfurnished,1,0.4,50.65
Hyderabad,Prime,Builder Floor,978,2,1,5,2,Unfurnished,1,15.0,107.85
Jaipur,Suburban,Independent House,2072,4,4,22,1,Unfurnished,1,1.0,56.59
Delhi NCR,Suburban,Villa,881,1,2,16,2,Semi-furnished,1,0.7,92.37
Chennai,Suburban,Independent House,1341,2,2,2,0,Unfurnished,2,6.0,77.78
Kolkata,Suburban,Builder Floor,1113,2,2,22,1,Unfurnished,1,1.9,39.69
Coimbatore,Mid-range,Independent House,2005,3,3,8,1,Semi-furnished,1,2.5,115.61
Pune,Suburban,Apartment,952,2,2,23,13,Unfurnished,1,6.4,47.89
Chennai,Suburban,Villa,1428,2,1,27,0,Semi-furnished,0,15.5,57.58
Bengaluru,Suburban,Apartment,711,1,1,15,20,Semi-furnished,2,12.1,46.5
Ahmedabad,Suburban,Apartment,1364,3,3,21,23,Furnished,2,11.6,46.53
Delhi NCR,Mid-range,Apartment,2246,5,5,7,18,Semi-furnished,2,5.5,274.69
Jaipur,Suburban,Villa,876,1,1,20,2,Semi-furnished,1,1.4,32.52
Kochi,Prime,Apartment,1020,2,3,17,25,Unfurnished,0,2.2,86.88
Bengaluru,Suburban,Apartment,1007,2,3,14,24,Semi-furnished,1,3.3,63.72
Kolkata,Mid-range,Apartment,1871,4,4,20,3,Semi-furnished,2,4.3,97.03
Kochi,Suburban,Apartment,1449,3,3,14,23,Semi-furnished,2,8.1,72.67
Kochi,Mid-range,Independent House,1546,2,1,0,1,Semi-furnished,1,5.0,104.26
Kolkata,Suburban,Apartment,1421,3,4,27,20,Semi-furnished,0,2.1,44.21
Kolkata,Suburban,Builder Floor,610,1,2,30,0,Furnished,1,2.4,26.3
Mumbai,Prime,Apartment,1065,2,2,5,23,Semi-furnished,0,2.4,400.97
Chennai,Mid-range,Villa,1232,2,1,17,2,Semi-furnished,1,0.9,113.62
Bengaluru,Suburban,Apartment,1000,2,3,26,25,Semi-furnished,1,1.0,60.18
Kolkata,Mid-range,Builder Floor,1040,2,2,1,1,Furnished,1,2.1,74.04
Kolkata,Prime,Apartment,661,1,2,2,4,Semi-furnished,1,1.9,74.38
Mumbai,Mid-range,Independent House,1345,2,1,12,2,Furnished,2,0.8,295.98
Ahmedabad,Suburban,Villa,1964,3,3,9,0,Unfurnished,1,1.2,96.37
Kolkata,Suburban,Apartment,1099,2,2,2,18,Semi-furnished,1,2.4,54.16
Chennai,Mid-range,Apartment,1392,3,3,25,19,Furnished,1,3.3,97.27
Hyderabad,Suburban,Apartment,1533,3,3,16,7,Unfurnished,1,4.2,66.85
Delhi NCR,Prime,Apartment,2247,5,4,23,25,Semi-furnished,1,3.9,346.36
Kolkata,Suburban,Apartment,716,1,1,7,4,Semi-furnished,2,5.9,38.55
Ahmedabad,Mid-range,Apartment,1053,2,2,30,20,Semi-furnished,0,0.5,41.99
Pune,Suburban,Builder Floor,1293,2,1,7,2,Unfurnished,2,4.3,73.36
Mumbai,Prime,Builder Floor,677,1,2,27,0,Furnished,1,2.8,166.52
Kolkata,Mid-range,Apartment,2026,4,5,2,9,Semi-furnished,0,0.2,135.95
Pune,Mid-range,Apartment,1026,2,2,28,18,Unfurnished,1,4.3,64.66
Bengaluru,Mid-range,Builder Floor,1430,3,4,6,0,Unfurnished,1,10.1,111.95
Pune,Prime,Apartment,1470,3,2,28,8,Unfurnished,1,9.8,130.31
Jaipur,Mid-range,Apartment,1863,4,3,20,8,Furnished,0,7.0,79.7
Pune,Prime,Apartment,1198,2,3,16,13,Unfurnished,0,0.5,134.59
Ahmedabad,Mid-range,Apartment,2333,5,5,20,19,Semi-furnished,0,3.5,106.77
Mumbai,Mid-range,Apartment,1071,2,1,18,10,Semi-furnished,0,2.5,211.61
Kochi,Suburban,Builder Floor,1522,3,2,23,1,Furnished,1,11.2,57.51
Delhi NCR,Mid-range,Apartment,1115,2,2,26,15,Unfurnished,1,0.2,108.89
Pune,Prime,Apartment,761,1,2,23,13,Unfurnished,2,8.3,83.35
Bengaluru,Mid-range,Apartment,1411,3,2,18,7,Semi-furnished,1,1.0,103.83
Pune,Prime,Builder Floor,1795,4,3,5,1,Semi-furnished,2,8.5,229.62
Jaipur,Suburban,Apartment,977,2,3,0,20,Unfurnished,1,6.2,40.75
Hyderabad,Suburban,Independent House,1700,3,3,24,0,Semi-furnished,1,2.4,74.27
Jaipur,Suburban,Villa,1732,3,4,13,0,Unfurnished,3,0.9,77.83
Delhi NCR,Suburban,Villa,1722,3,4,18,2,Unfurnished,3,5.9,170.13
Coimbatore,Mid-range,Villa,1841,3,3,18,1,Semi-furnished,0,16.3,93.03
Mumbai,Suburban,Villa,1306,2,2,24,0,Unfurnished,0,3.7,195.87
Hyderabad,Mid-range,Independent House,721,1,1,17,1,Unfurnished,2,6.1,49.51
Chennai,Mid-range,Apartment,490,1,2,0,11,Unfurnished,1,3.3,46.71
Pune,Mid-range,Apartment,1540,3,3,17,7,Semi-furnished,1,3.7,106.18
Hyderabad,Suburban,Independent House,1882,3,4,8,2,Semi-furnished,1,0.5,105.25
Hyderabad,Prime,Villa,2462,4,5,14,2,Unfurnished,0,1.2,326.83
Kolkata,Mid-range,Apartment,667,1,1,4,10,Semi-furnished,1,1.1,46.77
Ahmedabad,Mid-range,Apartment,2064,4,3,6,16,Unfurnished,0,14.3,102.75
Bengaluru,Suburban,Independent House,1948,3,3,2,0,Semi-furnished,2,2.6,132.37
Kochi,Mid-range,Builder Floor,1872,4,3,0,1,Unfurnished,1,1.7,122.39
Ahmedabad,Prime,Apartment,1680,4,4,0,13,Furnished,2,2.4,179.14
Jaipur,Suburban,Apartment,1042,2,2,12,8,Semi-furnished,1,5.6,35.98
Hyderabad,Mid-range,Apartment,1334,3,2,10,18,Unfurnished,1,6.0,92.92
Lucknow,Mid-range,Independent House,1542,2,1,16,2,Unfurnished,2,7.1,73.02
Hyderabad,Suburban,Apartment,568,1,1,25,2,Semi-furnished,1,1.7,24.89
Kochi,Mid-range,Builder Floor,1685,4,4,12,2,Unfurnished,1,8.8,95.76
Coimbatore,Mid-range,Apartment,1834,4,4,15,9,Furnished,1,3.9,94.24
Delhi NCR,Mid-range,Apartment,534,1,1,24,7,Semi-furnished,1,4.8,50.8
Kolkata,Mid-range,Independent House,1245,2,2,8,1,Semi-furnished,2,0.5,97.82
Kochi,Prime,Independent House,1873,3,4,29,1,Unfurnished,3,2.2,168.69
Kochi,Suburban,Builder Floor,1159,2,3,7,1,Semi-furnished,2,2.2,64.05
Kochi,Prime,Apartment,1122,2,2,4,23,Semi-furnished,2,2.2,138.63
Bengaluru,Mid-range,Apartment,1190,2,2,3,2,Semi-furnished,2,3.5,121.16
Delhi NCR,Suburban,Apartment,1916,4,4,9,15,Unfurnished,1,6.8,143.63
Delhi NCR,Suburban,Apartment,967,2,2,13,18,Semi-furnished,1,0.9,81.68
Kolkata,Suburban,Independent House,1817,3,2,0,0,Semi-furnished,1,1.5,110.69
Bengaluru,Mid-range,Apartment,1481,3,4,21,5,Semi-furnished,1,6.5,99.32
Chennai,Mid-range,Independent House,1385,2,3,4,0,Semi-furnished,1,12.7,102.61
Kochi,Mid-range,Apartment,1496,3,3,17,21,Unfurnished,2,14.0,90.08
Hyderabad,Mid-range,Builder Floor,1451,3,4,11,2,Semi-furnished,2,6.6,105.71
Kochi,Suburban,Apartment,703,1,1,29,4,Unfurnished,1,0.8,28.75
Kolkata,Mid-range,Apartment,603,1,1,19,18,Unfurnished,1,1.1,33.28
Delhi NCR,Prime,Villa,1317,2,2,28,1,Furnished,1,0.4,252.81
Delhi NCR,Suburban,Builder Floor,1997,4,3,0,0,Semi-furnished,2,5.9,186.72
Ahmedabad,Mid-range,Apartment,1076,2,1,0,16,Semi-furnished,1,5.4,72.08
Ahmedabad,Prime,Apartment,1388,3,3,30,3,Furnished,2,7.1,91.13
Kochi,Prime,Apartment,1391,3,3,23,16,Unfurnished,1,1.7,127.53
Kolkata,Mid-range,Apartment,1564,3,3,10,5,Unfurnished,2,1.1,97.15
Chennai,Prime,Independent House,1469,2,3,1,0,Semi-furnished,2,0.9,207.22
Kolkata,Prime,Apartment,731,1,1,20,8,Unfurnished,1,3.2,56.9
Coimbatore,Suburban,Villa,1324,2,1,25,2,Unfurnished,3,2.6,56.72
Jaipur,Mid-range,Independent House,1706,3,3,9,0,Furnished,1,0.8,79.55
Pune,Mid-range,Independent House,1382,2,3,8,0,Semi-furnished,1,0.2,118.48
Lucknow,Mid-range,Apartment,1192,2,3,24,3,Unfurnished,1,1.1,45.73
Chennai,Prime,Builder Floor,1787,4,3,9,2,Furnished,3,7.2,213.86
Lucknow,Mid-range,Builder Floor,1436,3,3,4,2,Unfurnished,1,4.9,69.88
Pune,Mid-range,Apartment,982,2,3,9,11,Furnished,1,3.3,87.47
Mumbai,Suburban,Independent House,1338,2,2,22,0,Semi-furnished,1,4.5,163.24
Pune,Suburban,Independent House,747,1,1,17,0,Furnished,2,5.3,51.42
Pune,Suburban,Apartment,1458,3,4,26,21,Furnished,2,3.9,76.27
Hyderabad,Suburban,Independent House,1795,3,3,28,0,Semi-furnished,1,1.4,79.88
Ahmedabad,Prime,Apartment,781,1,1,20,18,Semi-furnished,0,1.4,52.03
Delhi NCR,Suburban,Apartment,1551,3,2,17,2,Unfurnished,2,1.2,114.48
Hyderabad,Mid-range,Builder Floor,1424,3,4,30,1,Furnished,1,1.6,85.05
Lucknow,Prime,Apartment,1373,3,3,28,9,Semi-furnished,1,7.9,79.41
Ahmedabad,Suburban,Apartment,2259,5,5,22,22,Furnished,1,2.3,76.55
Ahmedabad,Prime,Apartment,1375,3,3,23,2,Semi-furnished,1,0.7,99.82
Jaipur,Mid-range,Apartment,1441,3,3,3,18,Semi-furnished,1,13.5,77.57
Jaipur,Mid-range,Builder Floor,1369,3,3,14,2,Unfurnished,0,0.3,55.92
Chennai,Mid-range,Apartment,1923,4,4,22,13,Furnished,1,0.4,130.07
Hyderabad,Mid-range,Builder Floor,1028,2,3,9,0,Unfurnished,2,2.1,85.15
Chennai,Prime,Builder Floor,1094,2,2,12,2,Furnished,0,1.0,122.06
Lucknow,Mid-range,Apartment,1004,2,3,0,22,Semi-furnished,1,1.5,60.59
Coimbatore,Mid-range,Apartment,1464,3,4,8,13,Semi-furnished,1,10.4,84.1
Kolkata,Prime,Apartment,992,2,2,16,13,Furnished,0,4.9,87.91
Kochi,Suburban,Independent House,1888,3,3,17,0,Unfurnished,0,7.5,71.6
Jaipur,Mid-range,Builder Floor,1018,2,2,4,2,Unfurnished,0,4.4,45.8
Mumbai,Mid-range,Apartment,1531,3,3,30,12,Unfurnished,1,6.1,246.6
Delhi NCR,Suburban,Apartment,1749,4,4,2,13,Furnished,2,4.0,168.28
Hyderabad,Suburban,Independent House,1765,3,3,10,1,Unfurnished,2,9.9,97.6
Chennai,Mid-range,Builder Floor,966,2,2,28,0,Furnished,0,11.5,53.98
Kolkata,Prime,Builder Floor,1418,3,3,5,0,Unfurnished,1,4.0,144.82
Mumbai,Mid-range,Apartment,602,1,2,0,15,Semi-furnished,1,6.1,142.08
Ahmedabad,Prime,Builder Floor,1339,2,1,3,2,Semi-furnished,1,4.6,110.68
Delhi NCR,Mid-range,Apartment,873,2,1,30,2,Unfurnished,0,2.7,61.51
Pune,Mid-range,Apartment,1135,2,2,30,15,Semi-furnished,1,3.2,78.88
Hyderabad,Mid-range,Independent House,1226,2,1,5,1,Unfurnished,1,0.8,97.09
Coimbatore,Suburban,Builder Floor,1974,4,4,6,2,Furnished,2,2.3,82.77
Kochi,Mid-range,Builder Floor,606,1,1,11,2,Semi-furnished,1,1.9,39.13
Lucknow,Suburban,Apartment,1383,3,2,29,15,Semi-furnished,0,3.5,31.87
Jaipur,Mid-range,Apartment,1048,2,2,22,10,Furnished,1,0.7,47.97
Chennai,Suburban,Apartment,1085,2,3,16,17,Semi-furnished,1,2.3,55.45
Bengaluru,Suburban,Apartment,1521,3,4,3,12,Semi-furnished,1,4.2,100.18
Kochi,Suburban,Builder Floor,1783,4,4,21,2,Unfurnished,1,2.4,67.82
Delhi NCR,Mid-range,Apartment,648,1,1,13,16,Unfurnished,0,4.7,70.3
Bengaluru,Suburban,Apartment,703,1,1,2,22,Unfurnished,1,9.4,47.84
Ahmedabad,Mid-range,Apartment,1304,3,2,2,24,Semi-furnished,0,17.7,80.59
Lucknow,Mid-range,Builder Floor,586,1,1,4,1,Semi-furnished,1,0.3,30.81
Lucknow,Mid-range,Apartment,1572,3,3,19,24,Semi-furnished,2,0.3,75.57
Hyderabad,Suburban,Independent House,2593,5,5,19,2,Semi-furnished,1,1.0,118.47
Pune,Suburban,Apartment,649,1,2,1,6,Semi-furnished,1,11.1,38.81
Delhi NCR,Suburban,Builder Floor,1494,3,3,16,2,Unfurnished,1,6.5,103.52
Coimbatore,Prime,Builder Floor,732,1,2,23,1,Semi-furnished,2,12.9,43.9
Kolkata,Prime,Apartment,1457,3,3,5,2,Semi-furnished,1,5.0,153.55
Ahmedabad,Suburban,Apartment,579,1,1,4,10,Unfurnished,1,16.3,23.64
Chennai,Suburban,Apartment,1221,2,3,23,16,Furnished,1,3.4,55.42
Hyderabad,Mid-range,Builder Floor,1086,2,3,9,2,Semi-furnished,1,1.0,77.78
Hyderabad,Prime,Apartment,1478,3,2,26,1,Semi-furnished,1,0.7,128.94
Mumbai,Prime,Builder Floor,1455,3,3,14,0,Furnished,0,10.8,435.76
Mumbai,Mid-range,Independent House,2199,4,3,1,1,Unfurnished,0,0.8,577.77
Coimbatore,Suburban,Apartment,649,1,2,10,22,Semi-furnished,1,5.1,29.01
Jaipur,Suburban,Apartment,1397,3,3,25,11,Furnished,1,3.2,43.65
Delhi NCR,Mid-range,Apartment,1751,4,4,0,23,Unfurnished,1,4.8,227.85
Jaipur,Mid-range,Apartment,1117,2,3,10,17,Semi-furnished,1,5.0,55.0
Ahmedabad,Mid-range,Apartment,1036,2,1,7,6,Unfurnished,2,16.5,55.82
Jaipur,Suburban,Apartment,1813,4,5,30,10,Unfurnished,1,4.3,46.71
Lucknow,Suburban,Builder Floor,1084,2,3,9,0,Semi-furnished,1,4.9,32.4
Pune,Prime,Apartment,1136,2,2,22,0,Furnished,2,0.8,120.19
Lucknow,Prime,Apartment,1300,3,4,8,9,Furnished,1,3.7,98.04
Pune,Mid-range,Apartment,849,1,1,20,20,Semi-furnished,1,3.8,68.51
Ahmedabad,Mid-range,Builder Floor,572,1,2,13,2,Furnished,2,2.6,38.47
Pune,Suburban,Apartment,878,2,1,22,0,Furnished,2,0.8,46.4
Coimbatore,Suburban,Apartment,634,1,1,12,23,Furnished,0,1.4,25.89
Hyderabad,Prime,Builder Floor,1191,2,3,19,2,Furnished,2,13.4,139.42
Hyderabad,Suburban,Apartment,594,1,1,2,0,Semi-furnished,1,7.2,34.21
Kochi,Mid-range,Builder Floor,1054,2,2,30,2,Semi-furnished,3,3.2,59.69
Kolkata,Suburban,Apartment,1845,4,4,0,5,Semi-furnished,2,0.4,93.2
Pune,Prime,Independent House,1860,3,4,25,0,Unfurnished,3,10.4,184.71
Delhi NCR,Suburban,Apartment,1138,2,1,25,2,Semi-furnished,1,12.2,65.03
Mumbai,Prime,Villa,1180,2,3,1,2,Semi-furnished,0,2.9,488.91
Chennai,Mid-range,Apartment,1145,2,3,11,7,Semi-furnished,2,0.2,86.15
Chennai,Suburban,Apartment,613,1,1,29,22,Unfurnished,0,1.7,22.75
Bengaluru,Mid-range,Apartment,1111,2,2,19,9,Unfurnished,1,11.5,86.57
Mumbai,Prime,Apartment,973,2,1,3,3,Semi-furnished,3,2.9,354.15
Pune,Suburban,Apartment,1889,4,3,23,19,Semi-furnished,0,0.2,90.6
Pune,Suburban,Independent House,1317,2,3,16,0,Unfurnished,1,7.6,64.19
Kolkata,Suburban,Independent House,1333,2,2,0,2,Semi-furnished,1,0.2,71.9
Mumbai,Mid-range,Apartment,1467,3,3,17,20,Furnished,1,5.4,299.79
Pune,Mid-range,Independent House,1876,3,3,0,1,Furnished,0,4.0,178.62
Kochi,Mid-range,Villa,846,1,1,13,2,Semi-furnished,1,7.3,60.58
Kochi,Mid-range,Apartment,742,1,2,12,17,Unfurnished,1,5.5,47.38
Chennai,Mid-range,Independent House,1444,2,2,15,0,Semi-furnished,0,6.2,103.57
Lucknow,Mid-range,Apartment,1461,3,3,19,2,Semi-furnished,1,2.7,58.25
Bengaluru,Suburban,Apartment,1158,2,2,16,7,Semi-furnished,1,3.9,69.11
Mumbai,Suburban,Apartment,1063,2,2,9,25,Semi-furnished,0,0.4,153.07
Coimbatore,Mid-range,Apartment,1557,3,4,25,17,Semi-furnished,2,2.5,68.82
Hyderabad,Prime,Apartment,997,2,2,10,18,Unfurnished,0,1.3,117.72
Pune,Suburban,Apartment,1546,3,3,9,16,Semi-furnished,1,18.6,87.06
Jaipur,Mid-range,Apartment,759,1,2,27,5,Semi-furnished,2,3.0,31.78
Lucknow,Mid-range,Builder Floor,1819,4,5,5,0,Furnished,0,5.3,91.23
Delhi NCR,Prime,Apartment,1082,2,1,8,21,Unfurnished,1,4.1,203.14
Hyderabad,Mid-range,Apartment,691,1,1,6,5,Semi-furnished,1,0.2,51.23
Hyderabad,Suburban,Apartment,1950,4,4,14,4,Unfurnished,2,1.6,87.61
Mumbai,Mid-range,Apartment,1336,3,4,20,11,Semi-furnished,1,0.5,260.75
Jaipur,Mid-range,Villa,2713,5,5,29,2,Semi-furnished,2,3.4,124.38
Chennai,Mid-range,Apartment,2345,5,4,17,7,Semi-furnished,1,0.5,173.63
Chennai,Mid-range,Builder Floor,1069,2,2,20,2,Semi-furnished,1,0.6,67.84
Delhi NCR,Mid-range,Apartment,998,2,2,14,13,Semi-furnished,0,3.5,107.14
Kochi,Mid-range,Villa,752,1,1,10,2,Furnished,2,4.0,70.48
Jaipur,Suburban,Villa,1426,2,1,12,0,Furnished,2,9.2,61.13
Jaipur,Suburban,Villa,1476,2,3,22,1,Semi-furnished,1,0.3,52.62
Kolkata,Suburban,Independent House,1406,2,2,7,0,Unfurnished,1,1.3,68.59
Hyderabad,Mid-range,Builder Floor,1405,3,3,25,0,Unfurnished,0,2.4,67.44
Mumbai,Prime,Builder Floor,1563,3,3,14,0,Unfurnished,1,4.6,455.6
Kolkata,Mid-range,Builder Floor,1470,3,4,30,0,Furnished,1,1.6,72.46
Mumbai,Mid-range,Apartment,1261,2,3,22,8,Furnished,0,2.5,242.02
Delhi NCR,Suburban,Builder Floor,1433,3,2,24,0,Unfurnished,0,2.9,81.78
Bengaluru,Mid-range,Apartment,1862,4,5,18,18,Unfurnished,2,1.7,162.07
Lucknow,Suburban,Villa,932,1,1,29,0,Unfurnished,0,1.2,28.56
Jaipur,Suburban,Apartment,493,1,2,26,19,Furnished,1,20.7,20.03
Ahmedabad,Suburban,Apartment,1494,3,3,5,13,Furnished,2,5.5,61.93
Bengaluru,Prime,Apartment,967,2,3,6,14,Semi-furnished,2,7.6,138.93
Bengaluru,Prime,Villa,1341,2,2,24,2,Semi-furnished,1,3.3,168.45
Chennai,Mid-range,Apartment,1018,2,1,5,19,Semi-furnished,3,0.3,93.17
Kochi,Mid-range,Apartment,1053,2,2,15,7,Semi-furnished,0,1.7,59.49
Kolkata,Mid-range,Apartment,772,1,2,11,25,Unfurnished,0,0.2,48.42
Lucknow,Mid-range,Apartment,635,1,2,8,16,Unfurnished,0,0.8,29.22
Jaipur,Suburban,Apartment,1189,2,3,3,2,Semi-furnished,1,1.2,50.82
Bengaluru,Mid-range,Apartment,933,2,2,4,4,Unfurnished,0,10.0,75.78
Kochi,Prime,Builder Floor,1052,2,2,1,1,Unfurnished,0,0.8,110.38
Coimbatore,Suburban,Independent House,1948,3,3,27,1,Unfurnished,2,17.5,51.23
Mumbai,Mid-range,Apartment,1144,2,1,5,22,Semi-furnished,1,0.3,281.31
Lucknow,Suburban,Apartment,1352,3,3,18,16,Unfurnished,0,0.2,39.56
Coimbatore,Mid-range,Apartment,1786,4,3,30,17,Furnished,0,4.4,73.47
Delhi NCR,Mid-range,Apartment,529,1,1,10,15,Semi-furnished,1,1.8,62.91
Pune,Prime,Apartment,1938,4,4,25,6,Semi-furnished,3,2.7,193.7
Coimbatore,Mid-range,Apartment,1887,4,5,14,23,Semi-furnished,1,2.9,99.34
Kolkata,Suburban,Apartment,1466,3,3,3,3,Unfurnished,1,5.0,65.71
Pune,Suburban,Apartment,409,1,1,23,20,Semi-furnished,2,7.6,25.77
Chennai,Suburban,Builder Floor,587,1,2,19,1,Furnished,3,3.7,39.23
Kochi,Mid-range,Apartment,621,1,1,9,9,Unfurnished,1,5.9,40.7
Jaipur,Suburban,Builder Floor,760,1,1,0,2,Unfurnished,0,4.9,24.43
Hyderabad,Suburban,Independent House,1173,2,1,15,1,Unfurnished,1,7.1,60.76
Kochi,Suburban,Apartment,693,1,1,10,6,Semi-furnished,1,3.4,32.59
Hyderabad,Prime,Independent House,1371,2,1,10,0,Semi-furnished,1,6.7,151.3
Lucknow,Suburban,Apartment,1878,4,5,17,22,Unfurnished,2,6.1,60.91
Chennai,Suburban,Independent House,1356,2,3,30,0,Unfurnished,2,1.1,59.55
Jaipur,Mid-range,Builder Floor,1436,3,3,19,0,Semi-furnished,3,5.4,68.9
Coimbatore,Suburban,Independent House,764,1,2,12,2,Semi-furnished,2,6.9,32.69
Coimbatore,Mid-range,Apartment,523,1,1,30,5,Semi-furnished,1,6.6,22.86
Mumbai,Suburban,Apartment,1699,3,2,2,25,Semi-furnished,1,6.1,289.51
Ahmedabad,Prime,Apartment,1472,3,4,7,14,Semi-furnished,0,8.6,118.68
Jaipur,Prime,Independent House,1289,2,3,23,2,Unfurnished,0,5.8,77.23
Kochi,Prime,Independent House,1839,3,2,20,1,Unfurnished,1,4.2,160.84
Lucknow,Prime,Builder Floor,809,1,1,16,0,Unfurnished,1,5.7,48.61
Lucknow,Mid-range,Apartment,1492,3,3,28,23,Semi-furnished,1,7.8,56.04
Ahmedabad,Suburban,Apartment,1255,2,1,0,14,Furnished,1,1.7,61.47
Hyderabad,Mid-range,Apartment,1130,2,2,8,20,Furnished,1,7.4,93.8
Lucknow,Suburban,Independent House,1434,2,2,21,1,Unfurnished,2,7.0,49.19
Chennai,Suburban,Builder Floor,1014,2,1,25,0,Semi-furnished,1,0.4,36.52
Hyderabad,Suburban,Apartment,1513,3,2,7,25,Unfurnished,1,2.6,88.07
Pune,Mid-range,Builder Floor,1051,2,2,13,0,Semi-furnished,0,2.3,82.42
Coimbatore,Suburban,Apartment,1123,2,2,6,0,Semi-furnished,2,3.5,48.26
Coimbatore,Suburban,Independent House,2330,4,3,0,2,Unfurnished,1,0.2,99.91
Kochi,Mid-range,Apartment,1353,3,3,1,4,Semi-furnished,2,0.6,107.75
Kochi,Mid-range,Apartment,556,1,1,18,4,Semi-furnished,1,2.6,31.21
Bengaluru,Mid-range,Independent House,1397,2,2,5,1,Furnished,1,3.7,143.09
Chennai,Prime,Apartment,1171,2,2,12,9,Unfurnished,1,1.7,128.09
Coimbatore,Mid-range,Apartment,1210,2,3,20,9,Semi-furnished,1,5.0,61.36
Chennai,Suburban,Independent House,744,1,1,8,0,Semi-furnished,1,5.5,43.64
Jaipur,Prime,Apartment,1858,4,4,16,11,Unfurnished,0,6.2,121.64
Bengaluru,Prime,Apartment,1097,2,2,26,6,Furnished,1,2.5,114.68
Bengaluru,Mid-range,Independent House,2826,5,4,2,2,Semi-furnished,2,2.4,317.43
Kolkata,Mid-range,Apartment,662,1,1,5,10,Semi-furnished,1,7.5,49.65
Delhi NCR,Mid-range,Builder Floor,1021,2,2,21,1,Unfurnished,1,7.3,91.55
Pune,Suburban,Apartment,1422,3,2,18,10,Unfurnished,1,7.7,64.02
Delhi NCR,Prime,Independent House,1377,2,3,2,2,Unfurnished,1,0.3,292.89
Jaipur,Prime,Apartment,662,1,2,26,14,Semi-furnished,1,2.9,43.2
Chennai,Mid-range,Apartment,1493,3,4,14,17,Unfurnished,0,1.4,109.35
Chennai,Suburban,Builder Floor,1030,2,3,24,1,Semi-furnished,0,3.9,41.03
Ahmedabad,Mid-range,Villa,2018,3,2,2,1,Unfurnished,1,0.8,152.27
Kolkata,Suburban,Apartment,975,2,2,8,13,Unfurnished,2,1.6,49.17
Kolkata,Mid-range,Apartment,1053,2,2,26,23,Semi-furnished,2,2.7,64.47
Ahmedabad,Mid-range,Apartment,1464,3,3,2,7,Semi-furnished,2,1.6,86.77
Mumbai,Mid-range,Apartment,1136,2,3,5,25,Semi-furnished,1,0.9,277.99
Mumbai,Suburban,Independent House,797,1,1,29,2,Unfurnished,1,3.3,93.06
Bengaluru,Suburban,Apartment,794,1,1,1,24,Semi-furnished,2,2.3,60.88
Coimbatore,Prime,Independent House,1464,2,3,17,2,Semi-furnished,2,1.4,108.41
Pune,Mid-range,Builder Floor,1390,3,2,0,2,Semi-furnished,2,1.6,117.49
Kolkata,Suburban,Apartment,1532,3,3,16,20,Semi-furnished,2,1.1,69.69
Coimbatore,Mid-range,Independent House,1300,2,3,29,2,Semi-furnished,1,9.5,50.87
Mumbai,Prime,Builder Floor,1133,2,1,24,1,Semi-furnished,3,0.2,300.0
Jaipur,Prime,Apartment,841,2,1,7,3,Unfurnished,1,0.2,67.87
Delhi NCR,Suburban,Villa,2299,4,4,16,1,Unfurnished,1,1.2,216.55
Kolkata,Mid-range,Apartment,1170,2,1,20,7,Unfurnished,2,0.6,77.78
Mumbai,Suburban,Apartment,1027,2,2,6,12,Semi-furnished,0,3.7,160.92
Delhi NCR,Prime,Apartment,1813,4,4,23,5,Semi-furnished,2,4.3,245.57
Ahmedabad,Suburban,Apartment,1565,3,2,24,6,Semi-furnished,1,0.8,49.73
Coimbatore,Prime,Apartment,1326,3,4,13,9,Unfurnished,2,3.9,104.51
Kochi,Prime,Apartment,1195,2,3,30,12,Unfurnished,2,0.2,90.61
Jaipur,Mid-range,Builder Floor,2339,5,5,1,1,Furnished,1,4.9,123.09
Kolkata,Mid-range,Apartment,1211,2,2,3,10,Unfurnished,1,3.9,93.65
Pune,Suburban,Apartment,1101,2,2,22,7,Semi-furnished,1,1.8,53.46
Hyderabad,Suburban,Apartment,1368,3,3,30,5,Unfurnished,1,0.2,51.22
Kolkata,Prime,Builder Floor,987,2,2,2,2,Furnished,1,2.2,116.5
Delhi NCR,Suburban,Apartment,2299,5,5,22,3,Unfurnished,2,0.9,154.22
Bengaluru,Mid-range,Apartment,1158,2,2,15,15,Unfurnished,1,2.1,92.76
Pune,Mid-range,Villa,911,1,1,23,0,Semi-furnished,1,0.8,86.07
Jaipur,Mid-range,Apartment,1284,3,3,21,18,Semi-furnished,0,1.1,58.95
Lucknow,Prime,Independent House,1756,3,3,30,2,Semi-furnished,1,5.7,93.61
Ahmedabad,Prime,Apartment,1450,3,3,3,9,Semi-furnished,1,1.4,138.07
Kochi,Mid-range,Apartment,995,2,3,0,13,Unfurnished,1,1.8,79.31
Kochi,Suburban,Apartment,734,1,2,1,12,Semi-furnished,0,25.0,36.72
Jaipur,Mid-range,Apartment,1332,3,2,9,5,Semi-furnished,2,1.4,63.81
Kolkata,Prime,Apartment,1964,4,3,25,10,Unfurnished,2,2.0,152.07
Coimbatore,Mid-range,Builder Floor,1556,3,4,3,0,Semi-furnished,0,7.3,77.18
Pune,Mid-range,Apartment,1806,4,4,5,3,Furnished,2,1.8,151.65
Bengaluru,Suburban,Builder Floor,1493,3,3,22,1,Semi-furnished,2,0.2,76.9
Mumbai,Mid-range,Independent House,1779,3,4,13,1,Semi-furnished,0,7.4,371.62
Chennai,Suburban,Builder Floor,1118,2,1,29,1,Semi-furnished,3,2.7,47.76
Ahmedabad,Mid-range,Apartment,1390,3,3,1,1,Semi-furnished,1,5.6,84.17
Hyderabad,Suburban,Apartment,1019,2,2,18,24,Semi-furnished,2,0.2,60.94
Mumbai,Mid-range,Apartment,1838,4,4,1,17,Unfurnished,2,2.6,489.23
Coimbatore,Prime,Apartment,1135,2,2,3,3,Semi-furnished,1,2.8,105.61
Ahmedabad,Mid-range,Apartment,937,2,2,25,22,Semi-furnished,1,4.1,43.2
Hyderabad,Mid-range,Builder Floor,887,2,2,24,2,Furnished,2,0.5,60.77
Kochi,Prime,Apartment,1119,2,2,29,14,Semi-furnished,2,1.5,87.14
Mumbai,Suburban,Independent House,1915,3,3,2,0,Semi-furnished,2,4.3,297.95
Pune,Mid-range,Builder Floor,1335,3,2,26,2,Unfurnished,1,0.8,83.65
Coimbatore,Suburban,Independent House,2008,3,2,18,0,Semi-furnished,1,2.1,69.95
Chennai,Suburban,Apartment,1084,2,3,12,0,Unfurnished,1,0.3,53.58
Bengaluru,Mid-range,Apartment,551,1,1,21,8,Semi-furnished,2,6.2,47.95
Delhi NCR,Suburban,Apartment,2241,5,5,16,14,Unfurnished,1,0.2,146.33
Hyderabad,Prime,Apartment,492,1,1,7,12,Unfurnished,0,3.0,56.42
Bengaluru,Suburban,Apartment,1927,4,3,13,13,Semi-furnished,1,3.5,113.9
Chennai,Suburban,Apartment,691,1,1,19,20,Furnished,2,2.7,43.24
Mumbai,Prime,Apartment,1068,2,2,17,24,Unfurnished,0,4.2,297.24
Mumbai,Suburban,Builder Floor,1637,3,3,3,2,Unfurnished,2,9.2,226.53
Delhi NCR,Mid-range,Apartment,1227,2,3,6,18,Furnished,0,4.9,166.97
Lucknow,Suburban,Apartment,1002,2,1,5,18,Furnished,1,4.1,37.91
Jaipur,Mid-range,Independent House,1882,3,4,13,1,Unfurnished,2,4.5,86.23
Kochi,Prime,Independent House,1154,2,3,13,2,Semi-furnished,1,1.1,108.29
Mumbai,Mid-range,Apartment,1386,3,3,29,7,Furnished,1,0.4,283.4
Bengaluru,Mid-range,Apartment,1176,2,2,12,13,Semi-furnished,1,0.9,110.39
Kochi,Suburban,Apartment,1299,3,2,18,23,Unfurnished,0,1.9,47.38
Coimbatore,Suburban,Independent House,1016,1,1,10,0,Semi-furnished,2,4.6,40.87
Coimbatore,Mid-range,Apartment,1552,3,3,25,9,Unfurnished,1,0.2,61.98
Coimbatore,Prime,Apartment,1038,2,2,26,4,Unfurnished,0,9.7,57.64
Chennai,Mid-range,Apartment,1537,3,2,25,0,Semi-furnished,1,3.5,83.84
Lucknow,Mid-range,Apartment,1157,2,3,7,21,Unfurnished,1,2.7,55.04
Lucknow,Mid-range,Builder Floor,1541,3,3,30,0,Furnished,1,2.4,56.88
Kochi,Mid-range,Apartment,1425,3,3,13,13,Semi-furnished,1,12.5,96.41
Kolkata,Mid-range,Builder Floor,627,1,1,0,1,Unfurnished,0,7.0,37.21
Pune,Mid-range,Apartment,1079,2,2,14,2,Semi-furnished,2,10.2,82.45
Kolkata,Prime,Apartment,1118,2,2,17,1,Semi-furnished,1,0.2,95.8
Ahmedabad,Mid-range,Apartment,1669,4,4,5,1,Semi-furnished,2,4.8,98.59
Lucknow,Mid-range,Apartment,1923,4,4,8,5,Semi-furnished,0,1.7,94.29
Lucknow,Mid-range,Apartment,747,1,1,20,13,Furnished,0,9.3,27.58
Lucknow,Mid-range,Apartment,1377,3,4,20,17,Unfurnished,1,6.2,51.93
Bengaluru,Suburban,Independent House,1432,2,1,25,0,Semi-furnished,3,3.2,78.95
Ahmedabad,Suburban,Apartment,1086,2,2,13,22,Semi-furnished,1,1.9,44.69
Delhi NCR,Mid-range,Villa,2346,4,3,27,2,Unfurnished,1,7.8,228.99
Ahmedabad,Mid-range,Apartment,1090,2,3,8,2,Semi-furnished,2,6.6,63.4
Coimbatore,Mid-range,Apartment,1446,3,2,10,19,Semi-furnished,2,1.4,86.28
Ahmedabad,Mid-range,Apartment,1118,2,3,16,5,Semi-furnished,1,1.9,56.64
Ahmedabad,Mid-range,Apartment,718,1,1,5,13,Semi-furnished,0,2.1,41.11
Hyderabad,Suburban,Independent House,1291,2,1,7,0,Semi-furnished,2,3.3,70.17
Delhi NCR,Mid-range,Builder Floor,1131,2,3,6,1,Semi-furnished,1,0.6,122.92
Pune,Suburban,Apartment,1085,2,3,0,1,Semi-furnished,1,7.3,67.03
Chennai,Suburban,Apartment,1004,2,2,9,2,Semi-furnished,1,12.6,51.7
Pune,Mid-range,Builder Floor,1037,2,1,0,2,Unfurnished,2,5.1,84.32
Chennai,Suburban,Independent House,2153,4,5,26,2,Semi-furnished,0,4.1,81.95
Mumbai,Mid-range,Apartment,1489,3,4,3,6,Unfurnished,1,1.4,364.72
Pune,Mid-range,Villa,1809,3,3,12,2,Unfurnished,0,2.9,149.47
Kochi,Prime,Villa,2491,4,4,3,2,Unfurnished,2,0.4,348.76
Ahmedabad,Suburban,Independent House,1199,2,1,2,2,Furnished,0,1.8,51.92
Ahmedabad,Suburban,Apartment,2158,5,4,23,4,Furnished,0,2.4,70.69
Delhi NCR,Prime,Apartment,1034,2,3,3,22,Semi-furnished,2,0.2,233.76
Jaipur,Suburban,Apartment,1934,4,4,16,1,Unfurnished,3,5.0,60.06
Bengaluru,Mid-range,Builder Floor,1752,4,3,27,0,Unfurnished,1,14.7,97.59
Kolkata,Prime,Apartment,1171,2,2,15,10,Furnished,1,3.4,109.46
Kolkata,Suburban,Apartment,739,1,1,4,1,Semi-furnished,0,12.0,32.38
Delhi NCR,Suburban,Apartment,1106,2,1,19,22,Unfurnished,1,3.9,75.19
Pune,Prime,Apartment,696,1,1,7,18,Unfurnished,1,2.8,83.3
Chennai,Mid-range,Independent House,2184,4,4,4,1,Furnished,2,1.1,239.53
Delhi NCR,Prime,Apartment,990,2,1,29,15,Unfurnished,2,4.7,130.88
Chennai,Mid-range,Builder Floor,1040,2,1,30,2,Unfurnished,2,5.8,52.33
Hyderabad,Suburban,Apartment,1567,3,2,15,9,Semi-furnished,0,7.8,64.58
Coimbatore,Suburban,Apartment,1011,2,2,23,13,Semi-furnished,1,6.7,29.9
Chennai,Mid-range,Builder Floor,577,1,1,29,1,Furnished,1,2.5,36.57
Chennai,Prime,Builder Floor,1468,3,2,16,0,Semi-furnished,1,4.8,146.66
Mumbai,Prime,Apartment,2213,5,5,4,17,Unfurnished,1,3.8,928.19
Bengaluru,Prime,Apartment,1148,2,2,5,11,Unfurnished,1,1.4,159.32
Lucknow,Suburban,Apartment,1404,3,3,4,1,Furnished,2,1.4,55.1
Jaipur,Mid-range,Apartment,1553,3,3,14,2,Semi-furnished,1,1.5,72.58
Bengaluru,Mid-range,Independent House,1071,2,3,1,1,Furnished,2,2.0,149.1
Chennai,Suburban,Apartment,1900,4,4,11,9,Unfurnished,0,3.4,90.28
Mumbai,Mid-range,Builder Floor,1430,3,3,28,0,Furnished,2,22.5,230.31
Bengaluru,Mid-range,Apartment,2273,5,4,6,6,Semi-furnished,3,4.1,216.7
Bengaluru,Prime,Apartment,1567,3,4,1,13,Unfurnished,2,1.4,252.09
Kolkata,Prime,Independent House,1832,3,4,7,0,Furnished,2,6.4,203.03
Chennai,Suburban,Builder Floor,435,1,1,20,0,Furnished,1,7.7,20.62
Lucknow,Suburban,Builder Floor,1566,3,2,10,0,Semi-furnished,0,1.6,38.13
Lucknow,Suburban,Apartment,1124,2,3,29,4,Unfurnished,1,3.7,29.22
Chennai,Suburban,Apartment,1477,3,2,8,3,Semi-furnished,2,5.6,81.74
Lucknow,Suburban,Apartment,1151,2,2,12,17,Unfurnished,1,1.3,38.78
Kolkata,Mid-range,Apartment,996,2,1,22,8,Unfurnished,1,0.3,54.82
Coimbatore,Prime,Independent House,1426,2,2,16,2,Unfurnished,1,4.2,95.3
Mumbai,Suburban,Apartment,1965,4,5,3,24,Unfurnished,1,4.8,337.45
Bengaluru,Suburban,Apartment,521,1,1,2,14,Unfurnished,2,5.1,42.99
Delhi NCR,Mid-range,Builder Floor,1395,3,4,28,0,Furnished,1,9.8,104.65
Hyderabad,Prime,Villa,1912,3,4,1,2,Unfurnished,0,0.5,260.01
Hyderabad,Mid-range,Builder Floor,1610,3,4,23,1,Unfurnished,0,7.8,90.48
Delhi NCR,Mid-range,Builder Floor,1411,3,4,27,2,Semi-furnished,1,9.2,111.32
Chennai,Suburban,Apartment,1291,3,2,28,3,Unfurnished,2,4.5,55.9
Mumbai,Mid-range,Builder Floor,1929,4,3,18,1,Semi-furnished,1,1.3,328.9
Lucknow,Suburban,Apartment,1428,3,3,23,16,Semi-furnished,1,14.9,40.58
Chennai,Mid-range,Apartment,1218,2,2,1,5,Semi-furnished,1,1.0,103.18
Kolkata,Suburban,Builder Floor,1401,3,4,26,2,Semi-furnished,0,0.2,49.65
Jaipur,Mid-range,Apartment,605,1,1,25,23,Semi-furnished,1,6.5,25.81
Delhi NCR,Suburban,Independent House,2244,4,3,13,0,Semi-furnished,3,2.6,175.35
Kolkata,Mid-range,Independent House,1704,3,4,4,0,Unfurnished,1,4.5,112.69
Mumbai,Prime,Apartment,668,1,1,27,12,Furnished,0,1.8,180.78
Kolkata,Suburban,Apartment,1058,2,1,13,7,Semi-furnished,1,4.1,47.51
Kochi,Prime,Apartment,955,2,2,11,22,Semi-furnished,2,0.9,102.03
Jaipur,Suburban,Apartment,996,2,1,15,14,Furnished,1,0.7,37.92
Pune,Prime,Builder Floor,597,1,1,29,1,Furnished,1,0.5,59.63
Kolkata,Mid-range,Builder Floor,1095,2,3,2,0,Furnished,0,1.6,70.52
Coimbatore,Mid-range,Builder Floor,1652,3,2,9,0,Semi-furnished,2,3.5,79.52
Pune,Mid-range,Apartment,541,1,2,16,8,Unfurnished,3,7.0,47.07
Chennai,Mid-range,Apartment,1350,3,2,29,20,Semi-furnished,2,9.6,83.81
Coimbatore,Mid-range,Apartment,1774,4,4,28,12,Semi-furnished,1,21.0,67.79
Chennai,Mid-range,Apartment,1156,2,2,17,17,Furnished,3,2.1,96.4
Kochi,Suburban,Apartment,2387,5,6,6,22,Unfurnished,2,1.7,118.82
Chennai,Suburban,Apartment,641,1,1,2,21,Semi-furnished,1,0.2,42.17
Jaipur,Mid-range,Apartment,1821,4,4,29,2,Unfurnished,0,5.2,59.96
Jaipur,Mid-range,Apartment,1881,4,5,30,21,Semi-furnished,2,1.4,83.02
Coimbatore,Mid-range,Builder Floor,1084,2,1,19,0,Semi-furnished,1,6.6,45.34
Pune,Suburban,Villa,1747,3,3,20,0,Furnished,2,0.9,131.4
Hyderabad,Prime,Independent House,1220,2,2,0,2,Unfurnished,1,2.0,177.55
Pune,Mid-range,Apartment,983,2,2,24,10,Semi-furnished,0,4.1,68.83
Lucknow,Mid-range,Independent House,660,1,1,3,2,Furnished,2,6.5,46.62
Chennai,Suburban,Apartment,1054,2,3,29,4,Unfurnished,1,4.2,38.85
Delhi NCR,Mid-range,Builder Floor,1385,3,2,2,1,Unfurnished,1,1.8,171.53
Lucknow,Suburban,Apartment,748,1,2,13,10,Unfurnished,1,4.6,27.34
Mumbai,Mid-range,Apartment,1433,3,2,10,8,Unfurnished,1,8.0,285.33
Chennai,Mid-range,Apartment,1518,3,2,25,1,Semi-furnished,1,3.6,93.18
Ahmedabad,Mid-range,Apartment,1512,3,2,3,0,Semi-furnished,0,0.3,90.85
Kolkata,Prime,Apartment,614,1,1,30,25,Semi-furnished,2,12.6,49.59
Delhi NCR,Mid-range,Independent House,603,1,1,20,2,Semi-furnished,1,0.3,73.18
Kolkata,Mid-range,Apartment,1351,3,3,19,22,Semi-furnished,0,10.2,69.7
Pune,Mid-range,Apartment,1168,2,2,14,15,Semi-furnished,1,8.7,82.17
Jaipur,Prime,Apartment,1134,2,2,13,8,Semi-furnished,1,3.6,79.92
Ahmedabad,Suburban,Apartment,1275,3,2,17,22,Semi-furnished,0,6.2,40.44
Chennai,Mid-range,Independent House,2403,4,4,14,0,Semi-furnished,2,1.3,185.22
Bengaluru,Prime,Builder Floor,1173,2,3,9,2,Furnished,2,1.8,185.38
Mumbai,Prime,Apartment,1565,3,3,30,9,Semi-furnished,1,0.5,430.95
Kolkata,Mid-range,Independent House,1497,2,1,5,2,Unfurnished,1,0.5,100.28
Lucknow,Mid-range,Apartment,1801,4,5,11,10,Furnished,2,4.1,88.14
Delhi NCR,Prime,Apartment,1163,2,2,19,25,Unfurnished,2,5.2,191.28
Kochi,Prime,Independent House,1613,2,2,29,0,Unfurnished,0,1.7,119.48
Ahmedabad,Mid-range,Independent House,846,1,1,27,1,Semi-furnished,2,2.0,40.86
Ahmedabad,Suburban,Builder Floor,595,1,1,23,2,Semi-furnished,1,3.3,21.18
Delhi NCR,Suburban,Independent House,940,1,1,21,2,Semi-furnished,1,2.7,65.18
Pune,Mid-range,Independent House,1545,2,3,7,1,Furnished,0,2.3,130.66
Hyderabad,Mid-range,Apartment,1053,2,3,28,7,Unfurnished,1,0.2,72.96
Hyderabad,Mid-range,Apartment,613,1,1,24,8,Unfurnished,2,11.9,41.16
Lucknow,Mid-range,Builder Floor,1039,2,3,29,1,Furnished,0,1.4,36.07
Kolkata,Mid-range,Builder Floor,1468,3,3,27,0,Semi-furnished,2,6.3,76.32
Chennai,Mid-range,Apartment,1057,2,3,4,18,Unfurnished,1,1.3,91.59
Hyderabad,Mid-range,Villa,1924,3,4,16,1,Semi-furnished,1,1.9,174.54
Pune,Mid-range,Apartment,1183,2,2,21,3,Semi-furnished,2,6.3,82.76
Kolkata,Prime,Apartment,1115,2,2,25,0,Unfurnished,1,0.6,86.29
Chennai,Suburban,Builder Floor,816,1,1,29,1,Semi-furnished,0,3.0,27.35
Ahmedabad,Suburban,Apartment,1162,2,2,10,15,Semi-furnished,2,8.0,48.93
Hyderabad,Mid-range,Apartment,691,1,2,16,22,Semi-furnished,2,2.4,58.3
Lucknow,Suburban,Apartment,895,2,2,30,6,Furnished,1,5.3,26.75
Delhi NCR,Suburban,Independent House,1795,3,4,25,2,Semi-furnished,0,2.6,135.46
Delhi NCR,Mid-range,Apartment,965,2,3,21,5,Unfurnished,1,1.0,95.43
Kochi,Mid-range,Builder Floor,1223,2,2,26,2,Unfurnished,2,0.2,67.34
Lucknow,Prime,Apartment,1237,2,2,3,5,Unfurnished,2,6.7,88.42
Kolkata,Suburban,Apartment,1190,2,2,7,11,Semi-furnished,1,0.9,55.75
Delhi NCR,Suburban,Independent House,1493,2,1,12,2,Semi-furnished,2,8.5,121.86
Lucknow,Prime,Apartment,1139,2,2,8,10,Furnished,1,8.3,94.66
Mumbai,Prime,Builder Floor,1954,4,4,27,1,Unfurnished,1,1.4,533.04
Lucknow,Suburban,Independent House,2728,5,6,15,0,Unfurnished,1,12.6,73.75
Lucknow,Suburban,Builder Floor,1501,3,3,9,0,Furnished,0,0.2,47.14
Delhi NCR,Suburban,Builder Floor,1561,3,4,12,0,Unfurnished,2,1.1,113.96
Kochi,Mid-range,Independent House,833,1,1,3,0,Semi-furnished,1,3.2,64.17
Delhi NCR,Suburban,Villa,773,1,1,30,1,Furnished,2,0.7,66.81
Chennai,Suburban,Apartment,1110,2,3,17,5,Furnished,1,2.2,56.2
Kochi,Suburban,Apartment,1564,3,3,13,25,Furnished,0,0.3,74.57
Bengaluru,Mid-range,Independent House,1941,3,2,17,2,Semi-furnished,3,1.4,181.76
Hyderabad,Mid-range,Apartment,1501,3,3,1,3,Semi-furnished,1,2.0,123.57
Jaipur,Suburban,Independent House,3014,5,5,9,1,Semi-furnished,1,3.3,95.25
Jaipur,Mid-range,Apartment,1502,3,2,7,14,Unfurnished,0,8.1,67.17
Kochi,Mid-range,Builder Floor,2371,5,5,26,2,Unfurnished,1,3.7,113.64
Bengaluru,Prime,Independent House,902,1,2,5,0,Unfurnished,2,10.0,138.97
Hyderabad,Mid-range,Apartment,1452,3,2,8,12,Furnished,2,2.8,118.92
Jaipur,Prime,Builder Floor,1224,2,1,19,2,Semi-furnished,2,0.2,76.15
Coimbatore,Prime,Apartment,988,2,3,20,23,Semi-furnished,1,10.1,72.04
Bengaluru,Mid-range,Apartment,1591,3,3,2,23,Semi-furnished,2,13.0,167.32
Delhi NCR,Prime,Apartment,1049,2,1,3,23,Unfurnished,1,8.6,188.28
Bengaluru,Suburban,Apartment,1300,3,3,13,13,Unfurnished,1,4.2,76.77
Bengaluru,Suburban,Villa,1554,2,1,18,0,Semi-furnished,1,2.3,107.55
Hyderabad,Suburban,Villa,1772,3,2,29,2,Unfurnished,2,1.8,82.99
Jaipur,Suburban,Independent House,1499,2,2,9,0,Unfurnished,1,0.4,51.83
Chennai,Mid-range,Builder Floor,619,1,2,6,1,Furnished,0,0.4,48.54
Delhi NCR,Prime,Apartment,1432,3,4,24,10,Unfurnished,1,2.1,216.59
Delhi NCR,Suburban,Apartment,1216,2,1,22,18,Semi-furnished,0,9.5,69.01
Ahmedabad,Suburban,Apartment,1479,3,3,19,2,Unfurnished,1,1.7,48.5
Hyderabad,Mid-range,Apartment,1171,2,2,28,5,Semi-furnished,2,1.5,80.27
Ahmedabad,Suburban,Apartment,1549,3,3,1,13,Unfurnished,0,2.7,62.13
Jaipur,Mid-range,Apartment,647,1,1,29,20,Unfurnished,1,1.3,25.74
Chennai,Prime,Villa,949,1,1,26,0,Furnished,0,0.9,114.52
Delhi NCR,Suburban,Builder Floor,1232,2,3,7,2,Unfurnished,1,4.0,89.75
Hyderabad,Mid-range,Apartment,1207,2,2,20,25,Semi-furnished,2,0.8,100.58
Delhi NCR,Mid-range,Independent House,965,1,1,7,2,Semi-furnished,1,0.6,123.23
Ahmedabad,Prime,Apartment,672,1,2,15,17,Furnished,1,1.2,59.45
Delhi NCR,Mid-range,Apartment,1184,2,1,21,3,Semi-furnished,2,2.5,112.22
Hyderabad,Mid-range,Apartment,1303,3,4,0,13,Unfurnished,2,0.4,104.23
Chennai,Mid-range,Builder Floor,1312,3,2,23,1,Semi-furnished,1,3.5,72.78
Delhi NCR,Suburban,Independent House,1968,3,4,6,1,Unfurnished,0,1.7,156.82
Delhi NCR,Suburban,Apartment,1523,3,4,20,13,Semi-furnished,2,2.1,108.8
Jaipur,Prime,Independent House,1425,2,3,14,1,Unfurnished,2,4.6,103.03
Kolkata,Suburban,Independent House,1400,2,3,8,1,Unfurnished,1,0.7,63.13
Lucknow,Mid-range,Apartment,1135,2,2,16,20,Unfurnished,1,0.4,47.9
Kolkata,Mid-range,Builder Floor,1221,2,2,14,0,Furnished,0,13.3,67.71
Mumbai,Prime,Apartment,1393,3,3,29,12,Unfurnished,2,3.9,316.85
Jaipur,Mid-range,Villa,1584,3,4,2,0,Furnished,0,13.3,94.92
Mumbai,Mid-range,Builder Floor,1149,2,3,9,1,Furnished,2,13.6,252.24
Kochi,Prime,Apartment,1530,3,4,25,6,Semi-furnished,0,2.3,122.63
Coimbatore,Prime,Independent House,2260,4,5,20,1,Semi-furnished,1,14.4,158.63
Hyderabad,Suburban,Builder Floor,1050,2,3,29,0,Furnished,2,1.0,50.39
Pune,Prime,Apartment,1573,3,3,6,4,Semi-furnished,3,2.7,201.16
Chennai,Prime,Apartment,846,2,2,23,9,Unfurnished,2,0.2,78.9
Pune,Suburban,Apartment,1129,2,2,25,12,Unfurnished,1,7.7,55.94
Bengaluru,Suburban,Independent House,1674,3,3,4,0,Unfurnished,2,3.7,108.46
Bengaluru,Suburban,Apartment,819,1,1,26,2,Unfurnished,0,2.6,35.8
Chennai,Suburban,Independent House,1726,3,3,9,2,Furnished,2,1.4,107.57
Jaipur,Mid-range,Independent House,1350,2,2,22,0,Semi-furnished,1,0.3,61.5
Jaipur,Mid-range,Builder Floor,1403,3,3,9,2,Unfurnished,1,1.5,67.28
Chennai,Suburban,Apartment,1852,4,4,16,16,Semi-furnished,1,2.1,102.8
Ahmedabad,Prime,Apartment,933,2,2,28,4,Unfurnished,2,4.7,58.82
Bengaluru,Suburban,Villa,1844,3,3,5,1,Semi-furnished,0,1.9,161.14
Chennai,Prime,Independent House,1301,2,1,26,2,Unfurnished,0,2.0,127.34
Mumbai,Suburban,Apartment,1332,3,3,1,2,Unfurnished,2,2.2,217.01
Jaipur,Suburban,Builder Floor,1009,2,1,22,0,Furnished,2,2.3,33.08
Kochi,Mid-range,Apartment,1262,3,2,16,0,Semi-furnished,0,1.8,63.4
Pune,Suburban,Apartment,1081,2,1,27,18,Semi-furnished,0,1.6,40.42
Ahmedabad,Mid-range,Villa,1948,3,2,29,1,Unfurnished,2,0.3,102.73
Hyderabad,Suburban,Apartment,1627,3,2,26,25,Semi-furnished,0,6.0,70.02
Lucknow,Suburban,Villa,1734,3,4,9,1,Unfurnished,1,2.2,68.49
Chennai,Prime,Apartment,540,1,2,16,1,Semi-furnished,3,3.0,67.28
Kolkata,Mid-range,Builder Floor,1415,3,2,15,0,Unfurnished,1,0.2,76.55
Ahmedabad,Prime,Builder Floor,1074,2,2,2,1,Unfurnished,2,3.8,84.6
Mumbai,Suburban,Apartment,1111,2,1,27,0,Unfurnished,1,8.8,114.35
Ahmedabad,Suburban,Apartment,743,1,1,17,20,Unfurnished,1,6.6,25.9
Chennai,Suburban,Apartment,806,1,1,13,24,Unfurnished,0,4.9,37.54
Ahmedabad,Prime,Builder Floor,1381,3,3,8,1,Semi-furnished,1,0.3,102.47
Pune,Prime,Apartment,946,2,3,19,11,Furnished,0,1.7,101.73
Jaipur,Suburban,Builder Floor,1361,3,4,13,2,Unfurnished,1,4.1,45.82
Pune,Mid-range,Apartment,1536,3,4,5,25,Furnished,1,1.7,137.88
Coimbatore,Suburban,Apartment,1102,2,1,8,19,Semi-furnished,1,12.8,39.59
Mumbai,Prime,Apartment,1451,3,2,17,8,Semi-furnished,2,3.9,441.1
Chennai,Mid-range,Independent House,856,1,1,23,0,Unfurnished,2,0.2,64.58
Delhi NCR,Suburban,Independent House,1755,3,3,0,1,Unfurnished,2,0.2,166.36
Pune,Prime,Apartment,2151,5,5,22,16,Semi-furnished,3,6.2,225.29
Ahmedabad,Mid-range,Apartment,1128,2,2,16,13,Semi-furnished,1,2.3,62.58
Jaipur,Mid-range,Builder Floor,549,1,1,23,0,Semi-furnished,1,1.6,22.97
Hyderabad,Suburban,Builder Floor,1135,2,3,16,1,Unfurnished,3,6.6,54.86
Jaipur,Mid-range,Builder Floor,1140,2,2,28,1,Unfurnished,1,1.1,38.34
Bengaluru,Mid-range,Builder Floor,1461,3,4,2,1,Unfurnished,2,20.8,142.57
Kochi,Suburban,Villa,1284,2,3,27,2,Semi-furnished,1,0.9,56.33
Kolkata,Suburban,Builder Floor,1471,3,3,8,1,Unfurnished,1,0.2,62.83
Coimbatore,Prime,Apartment,1467,3,4,0,13,Semi-furnished,1,1.0,142.18
Ahmedabad,Mid-range,Apartment,1049,2,2,19,11,Unfurnished,0,12.5,44.45
Hyderabad,Mid-range,Independent House,1208,2,2,8,1,Semi-furnished,1,1.2,94.5
Kochi,Mid-range,Apartment,1029,2,3,21,7,Semi-furnished,1,8.1,61.12
Delhi NCR,Suburban,Apartment,507,1,1,12,24,Semi-furnished,2,6.1,45.78
Kochi,Mid-range,Apartment,1504,3,2,18,23,Semi-furnished,0,8.2,81.6
Ahmedabad,Suburban,Apartment,1516,3,2,26,6,Unfurnished,0,4.1,44.97
Bengaluru,Suburban,Apartment,1530,3,4,15,5,Furnished,1,13.2,98.49
Ahmedabad,Suburban,Apartment,1117,2,3,4,15,Semi-furnished,2,18.6,48.73
Delhi NCR,Mid-range,Apartment,1702,4,4,1,6,Furnished,2,2.0,231.06
Kochi,Mid-range,Apartment,1066,2,2,14,12,Semi-furnished,1,9.4,68.71
Pune,Suburban,Villa,779,1,1,10,2,Furnished,2,2.5,68.11
Delhi NCR,Prime,Apartment,672,1,1,13,22,Unfurnished,3,0.8,133.2
Delhi NCR,Mid-range,Apartment,1817,4,5,24,20,Furnished,1,1.8,207.23
Delhi NCR,Mid-range,Apartment,1481,3,4,14,11,Furnished,0,4.7,167.67
Ahmedabad,Mid-range,Independent House,1799,3,3,13,0,Semi-furnished,3,4.7,104.86
Chennai,Mid-range,Independent House,1740,3,3,11,1,Semi-furnished,2,3.0,144.34
Kochi,Mid-range,Apartment,938,2,2,23,8,Semi-furnished,1,3.6,54.8
Kolkata,Prime,Builder Floor,1039,2,3,27,1,Unfurnished,0,8.9,67.97
Kochi,Suburban,Apartment,1388,3,3,16,16,Semi-furnished,2,0.7,59.24
Coimbatore,Mid-range,Apartment,1200,2,1,25,11,Unfurnished,0,1.6,43.09
Hyderabad,Prime,Apartment,574,1,1,1,15,Furnished,0,2.1,72.07
Ahmedabad,Prime,Apartment,1958,4,4,6,6,Unfurnished,1,0.2,162.75
Delhi NCR,Mid-range,Apartment,1023,2,2,18,16,Unfurnished,1,3.2,110.6
Mumbai,Suburban,Apartment,1128,2,2,26,21,Unfurnished,2,1.2,137.05
Kochi,Mid-range,Apartment,1388,3,3,21,19,Semi-furnished,1,0.8,75.84
Kolkata,Suburban,Apartment,716,1,2,27,0,Furnished,1,3.7,28.43
Delhi NCR,Mid-range,Apartment,1201,2,1,12,13,Furnished,2,0.2,150.07
Jaipur,Suburban,Apartment,1884,4,5,23,10,Semi-furnished,1,4.1,56.13
Mumbai,Suburban,Apartment,1551,3,3,6,0,Furnished,1,0.8,245.24
Pune,Mid-range,Independent House,1341,2,2,11,2,Semi-furnished,1,1.0,111.38
Lucknow,Suburban,Villa,1298,2,2,19,1,Unfurnished,1,1.0,42.94
Bengaluru,Suburban,Apartment,1286,2,2,6,24,Semi-furnished,0,13.9,80.61
Jaipur,Suburban,Apartment,556,1,1,25,19,Semi-furnished,2,5.3,26.21
Bengaluru,Mid-range,Apartment,1617,3,3,8,23,Unfurnished,1,9.1,138.61
Kochi,Mid-range,Apartment,1179,2,2,7,14,Semi-furnished,0,0.3,83.41
Pune,Prime,Apartment,1379,3,3,21,20,Semi-furnished,3,2.2,158.53
Chennai,Prime,Apartment,582,1,1,6,19,Semi-furnished,2,5.7,76.05
Hyderabad,Prime,Apartment,1848,4,4,29,8,Semi-furnished,3,3.9,165.25
Kochi,Mid-range,Apartment,1453,3,4,11,22,Unfurnished,2,1.5,107.83
Jaipur,Suburban,Builder Floor,993,2,2,5,0,Semi-furnished,1,1.7,36.57
Kochi,Prime,Independent House,1837,3,4,2,1,Unfurnished,2,4.1,226.74
Kolkata,Prime,Villa,838,1,1,0,0,Semi-furnished,1,2.1,111.31
Coimbatore,Mid-range,Apartment,778,1,1,9,13,Unfurnished,1,14.8,38.14
Delhi NCR,Mid-range,Apartment,631,1,2,16,21,Unfurnished,1,0.4,69.14
Mumbai,Suburban,Villa,1674,3,3,2,0,Semi-furnished,1,3.8,356.32
Jaipur,Suburban,Independent House,865,1,1,2,2,Unfurnished,0,2.4,31.78
Pune,Mid-range,Apartment,1620,3,3,18,2,Unfurnished,1,8.1,114.13
Hyderabad,Suburban,Apartment,1195,2,2,16,10,Unfurnished,3,0.3,69.91
Chennai,Suburban,Independent House,1415,2,3,21,0,Semi-furnished,0,2.7,60.78
Mumbai,Mid-range,Apartment,1452,3,2,3,14,Semi-furnished,1,2.2,337.77
Jaipur,Mid-range,Apartment,1333,3,3,14,20,Furnished,1,6.9,63.13
Hyderabad,Suburban,Apartment,1071,2,2,2,11,Semi-furnished,1,0.2,60.72
Jaipur,Mid-range,Independent House,2669,5,5,9,0,Semi-furnished,0,0.2,126.79
Delhi NCR,Mid-range,Villa,1938,3,3,8,1,Furnished,0,2.5,309.54
Lucknow,Suburban,Apartment,1826,4,4,11,22,Semi-furnished,0,0.2,53.84
Kochi,Suburban,Apartment,1706,4,5,1,15,Semi-furnished,0,8.6,87.13
Bengaluru,Mid-range,Independent House,1803,3,3,5,2,Unfurnished,2,15.7,160.27
Bengaluru,Prime,Builder Floor,1185,2,2,5,0,Unfurnished,1,0.6,153.21
Pune,Mid-range,Apartment,1753,4,5,15,6,Semi-furnished,1,0.6,134.15
Lucknow,Suburban,Apartment,1095,2,2,25,13,Unfurnished,0,1.0,25.75
Coimbatore,Suburban,Apartment,569,1,1,13,2,Furnished,1,3.4,21.06
Bengaluru,Prime,Apartment,966,2,2,22,22,Semi-furnished,1,1.8,117.03
Chennai,Suburban,Apartment,987,1,2,26,14,Semi-furnished,1,7.8,40.21
Chennai,Mid-range,Apartment,744,1,1,27,3,Unfurnished,1,12.7,40.61
Chennai,Mid-range,Apartment,1384,3,3,10,1,Semi-furnished,0,9.0,100.89
Chennai,Suburban,Independent House,1728,3,4,4,0,Semi-furnished,0,1.3,105.47
Chennai,Suburban,Apartment,1201,2,2,27,0,Furnished,1,5.1,48.81
Pune,Prime,Independent House,1819,3,4,12,0,Semi-furnished,1,9.5,206.35
Lucknow,Prime,Builder Floor,1294,3,3,16,1,Furnished,0,0.5,83.12
Lucknow,Suburban,Independent House,1904,3,4,11,1,Unfurnished,1,0.4,70.24
Coimbatore,Mid-range,Apartment,1943,4,4,15,1,Unfurnished,2,4.7,95.99
Pune,Mid-range,Builder Floor,1069,2,2,24,1,Furnished,0,2.6,64.52
Mumbai,Mid-range,Builder Floor,474,1,2,16,0,Semi-furnished,0,3.6,87.6
Delhi NCR,Mid-range,Independent House,894,1,1,25,2,Unfurnished,2,1.0,77.0
Jaipur,Mid-range,Independent House,1875,3,2,5,0,Unfurnished,3,4.0,116.62
Mumbai,Suburban,Apartment,2173,5,5,1,16,Furnished,1,3.9,367.62
Chennai,Mid-range,Apartment,1456,3,4,19,9,Unfurnished,2,3.9,102.51
Hyderabad,Suburban,Apartment,1856,4,5,18,24,Semi-furnished,0,2.8,94.23
Pune,Mid-range,Independent House,1146,2,1,16,1,Semi-furnished,1,1.8,81.42
Chennai,Suburban,Apartment,2093,4,5,29,21,Furnished,1,0.9,88.57
Ahmedabad,Mid-range,Independent House,1683,3,3,6,0,Furnished,1,0.8,108.75
Coimbatore,Suburban,Builder Floor,673,1,2,12,0,Semi-furnished,0,1.5,22.22
Coimbatore,Mid-range,Apartment,1664,3,3,6,2,Semi-furnished,2,1.3,99.4
Bengaluru,Mid-range,Apartment,722,1,1,8,2,Unfurnished,1,1.5,65.5
Delhi NCR,Mid-range,Apartment,1875,4,4,13,22,Semi-furnished,2,5.3,241.02
Mumbai,Prime,Apartment,846,2,2,19,19,Unfurnished,2,7.3,245.53
Jaipur,Mid-range,Apartment,1536,3,3,8,4,Semi-furnished,2,0.9,75.32
Bengaluru,Prime,Apartment,1313,3,3,15,1,Semi-furnished,1,0.5,181.39
Coimbatore,Mid-range,Builder Floor,1939,4,4,30,2,Semi-furnished,1,0.2,73.59
Ahmedabad,Suburban,Independent House,2192,4,5,14,0,Semi-furnished,1,1.3,92.13
Delhi NCR,Suburban,Apartment,1143,2,1,26,8,Unfurnished,2,4.5,69.46
Chennai,Suburban,Apartment,1541,3,4,10,12,Furnished,2,2.0,98.24
Lucknow,Suburban,Apartment,1566,3,3,30,24,Semi-furnished,1,1.8,39.77
Bengaluru,Suburban,Apartment,860,1,1,16,11,Unfurnished,0,1.5,51.1
Delhi NCR,Suburban,Villa,1775,3,3,14,1,Semi-furnished,1,3.5,147.59
Lucknow,Suburban,Apartment,1110,2,1,11,22,Unfurnished,1,7.7,32.32
Hyderabad,Prime,Apartment,1481,3,3,29,23,Unfurnished,1,1.4,136.41
Kochi,Mid-range,Apartment,1409,3,2,25,8,Semi-furnished,1,5.7,66.71
Mumbai,Suburban,Apartment,1558,3,3,26,11,Unfurnished,1,3.0,178.62
Bengaluru,Prime,Apartment,1725,4,4,17,4,Semi-furnished,1,1.3,220.76
Ahmedabad,Suburban,Apartment,1834,4,3,2,22,Unfurnished,1,2.7,71.12
Jaipur,Prime,Apartment,957,2,2,27,23,Unfurnished,1,0.9,57.04
Bengaluru,Suburban,Builder Floor,1587,3,3,21,0,Furnished,1,0.5,85.97
Bengaluru,Prime,Apartment,644,1,2,18,18,Unfurnished,1,1.2,88.93
Pune,Suburban,Apartment,1021,2,2,0,25,Furnished,2,0.8,75.36
Delhi NCR,Mid-range,Builder Floor,1005,2,1,12,0,Semi-furnished,1,1.9,108.95
Hyderabad,Mid-range,Builder Floor,1693,3,3,7,0,Unfurnished,1,4.1,115.04
Bengaluru,Suburban,Apartment,2410,5,5,16,17,Furnished,2,0.9,155.98
Jaipur,Prime,Independent House,1894,3,4,20,2,Semi-furnished,1,5.1,123.98
Mumbai,Prime,Apartment,1518,3,4,14,11,Unfurnished,1,2.5,482.12
Pune,Mid-range,Villa,1655,3,3,21,0,Semi-furnished,1,16.4,129.17
Kolkata,Suburban,Builder Floor,1540,3,2,16,0,Unfurnished,1,4.2,55.06
Pune,Mid-range,Apartment,1267,2,2,26,13,Semi-furnished,1,10.8,76.64
Mumbai,Suburban,Independent House,1971,3,2,15,1,Semi-furnished,2,3.4,268.88
Lucknow,Suburban,Apartment,1451,3,3,7,14,Unfurnished,2,25.0,49.04
Hyderabad,Mid-range,Apartment,1355,3,4,10,24,Semi-furnished,2,5.9,102.81
Coimbatore,Mid-range,Apartment,1086,2,2,23,1,Furnished,2,2.7,51.93
Ahmedabad,Mid-range,Apartment,1087,2,1,10,10,Semi-furnished,1,0.5,60.65
Lucknow,Mid-range,Apartment,1465,3,4,30,2,Unfurnished,0,4.5,45.04
Jaipur,Mid-range,Apartment,974,1,2,11,10,Unfurnished,1,4.7,42.85
Hyderabad,Mid-range,Independent House,1925,3,3,7,1,Unfurnished,1,3.9,152.21
Hyderabad,Prime,Apartment,1230,3,3,17,6,Semi-furnished,1,6.4,129.18
Jaipur,Mid-range,Apartment,1982,4,5,9,11,Furnished,1,6.5,103.45
Ahmedabad,Suburban,Apartment,1929,4,5,21,5,Furnished,1,3.5,73.53
Mumbai,Mid-range,Apartment,1885,4,5,25,16,Unfurnished,0,5.3,327.95
Lucknow,Mid-range,Builder Floor,1496,3,3,7,2,Furnished,2,2.4,78.57
Kochi,Suburban,Villa,2711,5,5,24,1,Unfurnished,2,10.7,119.13
Lucknow,Suburban,Builder Floor,1615,3,2,9,0,Furnished,1,4.9,46.69
Kolkata,Suburban,Apartment,1747,4,4,22,23,Furnished,1,3.5,73.56
Jaipur,Mid-range,Villa,1248,2,1,26,2,Furnished,1,6.1,62.01
Pune,Mid-range,Independent House,980,1,1,24,1,Furnished,3,3.5,71.67
Kochi,Suburban,Independent House,1845,3,3,22,2,Semi-furnished,2,7.5,79.99
Chennai,Suburban,Apartment,1465,3,4,4,0,Unfurnished,2,13.8,84.53
Coimbatore,Suburban,Apartment,1122,2,3,30,14,Furnished,2,3.9,36.61
Chennai,Mid-range,Villa,1660,3,3,20,0,Semi-furnished,3,10.3,128.53
Kochi,Suburban,Independent House,1290,2,3,28,0,Semi-furnished,2,6.3,50.27
Pune,Suburban,Apartment,670,1,1,15,9,Unfurnished,2,15.1,34.35
Delhi NCR,Suburban,Apartment,1129,2,2,5,18,Semi-furnished,1,6.7,100.83
Bengaluru,Prime,Apartment,1103,2,2,19,19,Semi-furnished,2,2.9,141.74
Kolkata,Suburban,Independent House,3157,5,5,13,1,Furnished,2,4.8,143.25
Pune,Mid-range,Independent House,1457,2,1,11,1,Unfurnished,1,2.3,117.26
Coimbatore,Suburban,Independent House,1298,2,2,23,2,Semi-furnished,0,4.2,39.18
Kochi,Suburban,Apartment,1441,3,4,14,3,Semi-furnished,1,7.7,59.92
Delhi NCR,Mid-range,Independent House,1316,2,1,21,1,Unfurnished,1,16.3,130.87
Hyderabad,Prime,Apartment,575,1,1,0,19,Unfurnished,1,4.6,82.07
Kochi,Suburban,Independent House,1233,2,3,13,1,Unfurnished,2,2.5,70.46
Hyderabad,Mid-range,Apartment,1494,3,3,3,18,Semi-furnished,0,3.2,125.05
Delhi NCR,Mid-range,Apartment,1814,4,4,13,20,Unfurnished,2,0.3,254.95
Bengaluru,Mid-range,Apartment,1395,3,3,2,4,Unfurnished,2,3.8,138.59
Bengaluru,Prime,Apartment,1367,3,2,29,6,Semi-furnished,0,0.6,141.9
Jaipur,Suburban,Apartment,988,2,1,23,4,Furnished,2,2.5,33.34
Pune,Suburban,Apartment,608,1,1,5,25,Furnished,2,1.5,44.21
Coimbatore,Suburban,Apartment,1766,4,3,11,1,Semi-furnished,1,3.7,62.45
Mumbai,Mid-range,Apartment,609,1,1,13,24,Unfurnished,2,2.3,128.65
Chennai,Suburban,Builder Floor,1163,2,2,5,0,Furnished,2,7.8,73.78
Chennai,Mid-range,Apartment,521,1,1,6,10,Semi-furnished,1,2.5,42.37
Mumbai,Suburban,Apartment,1401,3,3,11,13,Furnished,0,2.2,218.14
Delhi NCR,Prime,Apartment,1138,2,2,17,14,Semi-furnished,0,0.2,197.28
Coimbatore,Suburban,Apartment,1412,3,3,11,13,Semi-furnished,0,20.8,47.57
Mumbai,Prime,Apartment,1533,3,2,9,1,Furnished,3,5.7,488.61
Bengaluru,Prime,Apartment,494,1,1,17,6,Semi-furnished,1,5.8,59.89
Ahmedabad,Prime,Apartment,1538,3,2,15,10,Unfurnished,1,1.8,121.14
Mumbai,Suburban,Independent House,1774,3,4,6,0,Furnished,1,0.3,314.91
Mumbai,Mid-range,Apartment,1369,3,3,12,8,Furnished,1,1.4,317.94
Kolkata,Suburban,Apartment,1691,4,4,25,15,Semi-furnished,1,7.1,68.25
Coimbatore,Mid-range,Apartment,990,2,1,22,7,Semi-furnished,1,11.3,41.65
Bengaluru,Suburban,Apartment,896,2,2,2,11,Unfurnished,1,2.2,56.43
Kolkata,Suburban,Builder Floor,1510,3,3,29,0,Semi-furnished,1,16.2,44.36
Kochi,Mid-range,Apartment,1516,3,4,5,19,Semi-furnished,2,1.5,116.48
Chennai,Mid-range,Independent House,1947,3,2,15,1,Unfurnished,1,1.0,131.75
Hyderabad,Suburban,Independent House,710,1,1,10,2,Semi-furnished,2,1.9,45.39
Ahmedabad,Suburban,Apartment,770,1,2,20,10,Semi-furnished,0,8.0,23.87
Delhi NCR,Prime,Villa,1123,2,2,13,0,Unfurnished,2,0.9,257.83
Hyderabad,Prime,Apartment,555,1,1,8,0,Semi-furnished,1,3.7,62.33
Kolkata,Suburban,Apartment,1013,2,2,12,21,Semi-furnished,2,8.6,47.56
Coimbatore,Mid-range,Apartment,1442,3,2,20,21,Semi-furnished,2,0.3,74.73
Lucknow,Mid-range,Apartment,1441,3,4,25,20,Unfurnished,1,4.6,61.5
Jaipur,Prime,Apartment,934,2,2,8,22,Semi-furnished,2,1.5,81.22
Hyderabad,Mid-range,Villa,1892,3,4,4,1,Unfurnished,0,6.0,167.07
Jaipur,Mid-range,Apartment,1272,2,2,19,17,Unfurnished,1,0.2,53.99
Delhi NCR,Suburban,Apartment,1520,3,3,0,11,Unfurnished,2,0.2,154.05
Ahmedabad,Mid-range,Apartment,1778,4,4,21,0,Unfurnished,1,1.8,74.25
Hyderabad,Mid-range,Apartment,1470,3,3,24,12,Furnished,0,0.5,96.02
Pune,Suburban,Independent House,1314,2,2,30,0,Semi-furnished,0,2.1,55.23
Coimbatore,Suburban,Independent House,905,1,1,19,0,Unfurnished,2,3.2,36.37
Bengaluru,Mid-range,Apartment,1719,4,4,14,11,Furnished,1,8.8,148.88
Pune,Prime,Apartment,529,1,1,23,12,Semi-furnished,1,2.3,53.0
Chennai,Mid-range,Apartment,1053,2,3,23,11,Semi-furnished,1,6.8,64.78
Jaipur,Mid-range,Apartment,611,1,2,17,7,Unfurnished,1,6.6,29.93
Kolkata,Prime,Apartment,551,1,2,15,9,Furnished,1,0.9,59.29
Kolkata,Mid-range,Apartment,652,1,1,22,13,Furnished,1,2.7,40.89
Lucknow,Mid-range,Apartment,619,1,1,22,17,Unfurnished,1,0.2,29.24
Jaipur,Prime,Independent House,1870,3,3,8,1,Semi-furnished,0,2.1,146.96
Chennai,Suburban,Apartment,1397,3,3,23,16,Semi-furnished,0,7.8,60.15
Lucknow,Suburban,Apartment,629,1,2,23,8,Semi-furnished,1,1.7,19.59
Bengaluru,Mid-range,Apartment,1543,3,3,16,5,Furnished,0,0.6,125.26
Delhi NCR,Mid-range,Independent House,1391,2,2,14,0,Unfurnished,1,0.2,148.22
Coimbatore,Mid-range,Villa,670,1,1,4,2,Furnished,3,2.8,60.38
Chennai,Mid-range,Apartment,1664,3,3,9,22,Semi-furnished,1,2.2,134.44
Chennai,Mid-range,Apartment,1853,4,3,14,11,Unfurnished,1,3.6,122.1
Lucknow,Prime,Builder Floor,1123,2,3,24,0,Unfurnished,1,0.8,67.95
Delhi NCR,Prime,Independent House,1804,3,3,8,1,Unfurnished,1,4.0,339.28
Pune,Prime,Builder Floor,956,2,1,7,1,Semi-furnished,1,3.0,117.58
Lucknow,Suburban,Builder Floor,1762,4,4,13,1,Unfurnished,1,1.3,50.73
Coimbatore,Mid-range,Independent House,1547,2,3,1,0,Semi-furnished,1,1.9,95.5
Chennai,Mid-range,Apartment,1185,2,1,27,14,Semi-furnished,1,0.3,73.54
Hyderabad,Mid-range,Apartment,1004,2,3,24,12,Semi-furnished,1,4.6,71.03
Chennai,Suburban,Apartment,899,2,3,3,25,Semi-furnished,1,2.1,59.64
Pune,Prime,Apartment,1026,2,3,16,12,Semi-furnished,2,6.6,124.42
Bengaluru,Prime,Builder Floor,1334,3,4,18,0,Furnished,0,4.6,149.53
Kochi,Mid-range,Independent House,1471,2,3,22,1,Unfurnished,1,6.5,78.37
Chennai,Suburban,Apartment,1861,4,5,14,6,Semi-furnished,2,7.7,98.58
Delhi NCR,Mid-range,Apartment,1781,4,4,26,11,Semi-furnished,1,22.6,161.19
Hyderabad,Mid-range,Builder Floor,1399,3,3,28,2,Semi-furnished,1,3.6,77.92
Bengaluru,Mid-range,Builder Floor,1150,2,2,0,0,Semi-furnished,2,2.5,120.94
Ahmedabad,Prime,Apartment,898,2,2,17,24,Furnished,2,1.1,85.02
Pune,Mid-range,Builder Floor,1554,3,3,11,1,Furnished,2,0.2,140.93
Kolkata,Mid-range,Apartment,997,2,1,0,2,Semi-furnished,1,3.4,72.03
Coimbatore,Prime,Apartment,1955,4,3,6,23,Unfurnished,1,11.0,141.96
Chennai,Prime,Apartment,1322,2,2,16,10,Furnished,1,0.9,144.12
Pune,Mid-range,Apartment,621,1,1,19,9,Unfurnished,2,2.4,48.06
Coimbatore,Mid-range,Apartment,1448,3,4,19,9,Unfurnished,2,3.2,72.97
Lucknow,Mid-range,Apartment,1096,2,3,23,8,Semi-furnished,1,0.8,47.61
Kolkata,Mid-range,Apartment,1894,4,4,30,24,Semi-furnished,1,1.2,100.4
Coimbatore,Mid-range,Apartment,683,1,2,22,12,Unfurnished,2,0.6,36.88
Kochi,Mid-range,Builder Floor,1039,2,2,16,0,Semi-furnished,0,0.8,60.24
Hyderabad,Mid-range,Builder Floor,1485,3,2,15,2,Semi-furnished,1,0.2,98.83
Chennai,Prime,Apartment,1036,2,2,13,2,Unfurnished,2,1.8,108.93
Mumbai,Suburban,Apartment,584,1,1,7,5,Semi-furnished,1,17.8,83.91
Ahmedabad,Mid-range,Apartment,882,2,2,9,18,Semi-furnished,2,11.5,56.27
Mumbai,Suburban,Apartment,583,1,1,0,17,Unfurnished,1,2.9,100.99
Mumbai,Mid-range,Apartment,1368,3,4,11,23,Semi-furnished,2,0.9,330.45
Kolkata,Suburban,Apartment,669,1,1,14,23,Unfurnished,2,7.2,35.46
Pune,Mid-range,Apartment,680,1,1,17,18,Semi-furnished,1,0.6,56.83
Lucknow,Prime,Apartment,1004,2,3,14,20,Semi-furnished,1,1.6,75.3
Ahmedabad,Prime,Apartment,760,1,1,3,16,Unfurnished,1,12.9,64.56
Bengaluru,Mid-range,Apartment,975,2,3,24,8,Semi-furnished,1,1.5,79.34
Ahmedabad,Prime,Independent House,1304,2,1,5,0,Semi-furnished,0,4.0,105.09
Hyderabad,Mid-range,Apartment,1073,2,2,19,23,Semi-furnished,0,11.1,70.95
Chennai,Mid-range,Independent House,1932,3,2,4,2,Furnished,1,0.8,176.95
Delhi NCR,Suburban,Apartment,2015,4,3,7,19,Semi-furnished,1,1.2,186.52
Jaipur,Mid-range,Apartment,1113,2,3,28,9,Unfurnished,1,6.9,39.76
Kochi,Mid-range,Apartment,1978,4,5,30,2,Semi-furnished,2,1.0,96.2
Chennai,Mid-range,Apartment,1076,2,1,12,5,Semi-furnished,1,1.7,85.12
Bengaluru,Prime,Apartment,1235,2,2,6,25,Semi-furnished,1,0.2,215.29
Kolkata,Suburban,Builder Floor,560,1,2,18,0,Semi-furnished,2,19.5,28.4
Pune,Suburban,Apartment,1915,4,4,25,20,Semi-furnished,1,0.2,84.1
Mumbai,Mid-range,Apartment,1342,3,3,19,17,Semi-furnished,1,7.4,244.61
Kochi,Suburban,Apartment,1319,3,3,23,15,Semi-furnished,1,0.2,51.6
Chennai,Prime,Builder Floor,1136,2,2,15,0,Furnished,2,9.5,121.3
Lucknow,Suburban,Apartment,1422,3,4,21,2,Semi-furnished,0,4.1,36.19
Lucknow,Mid-range,Builder Floor,1001,2,3,9,2,Unfurnished,1,5.8,43.53
Kochi,Mid-range,Apartment,666,1,1,18,20,Semi-furnished,1,8.7,40.74
Coimbatore,Mid-range,Apartment,2283,5,5,10,9,Furnished,2,0.4,139.88
Mumbai,Suburban,Apartment,1029,2,2,28,0,Furnished,0,4.9,110.58
Delhi NCR,Mid-range,Apartment,1434,3,3,6,20,Semi-furnished,1,1.6,198.61
Kolkata,Suburban,Independent House,1977,3,4,1,2,Semi-furnished,1,5.0,93.95
Bengaluru,Suburban,Apartment,637,1,1,9,21,Unfurnished,1,3.3,37.52
Delhi NCR,Suburban,Independent House,1229,2,2,15,2,Unfurnished,1,2.4,105.74
Delhi NCR,Mid-range,Apartment,1492,3,4,26,14,Unfurnished,1,0.6,156.91
Lucknow,Suburban,Apartment,956,2,3,16,2,Semi-furnished,1,6.6,27.64
Jaipur,Mid-range,Independent House,800,1,1,6,2,Furnished,2,2.1,50.81
Ahmedabad,Suburban,Apartment,2133,5,6,11,3,Semi-furnished,2,4.8,95.88
Mumbai,Suburban,Apartment,1498,3,3,3,22,Unfurnished,1,4.5,230.13
Ahmedabad,Mid-range,Apartment,1996,4,5,18,19,Semi-furnished,1,22.4,97.99
Chennai,Suburban,Apartment,1074,2,2,7,24,Furnished,2,0.9,64.07
Coimbatore,Prime,Apartment,1424,3,3,17,7,Semi-furnished,1,14.5,86.82
Bengaluru,Prime,Apartment,1570,3,2,22,14,Semi-furnished,0,3.5,182.76
Kolkata,Mid-range,Independent House,1384,2,3,18,2,Furnished,1,1.5,91.07
Chennai,Prime,Apartment,1878,4,4,14,1,Semi-furnished,2,8.4,202.05
Ahmedabad,Suburban,Builder Floor,680,1,2,17,0,Semi-furnished,1,1.1,26.42
Coimbatore,Mid-range,Apartment,1415,3,4,5,22,Furnished,0,0.5,90.57
Coimbatore,Suburban,Apartment,1120,2,3,15,5,Semi-furnished,1,0.9,44.95
Jaipur,Mid-range,Villa,2094,3,4,21,0,Unfurnished,2,2.1,104.33
Ahmedabad,Suburban,Apartment,1493,3,4,6,25,Unfurnished,1,2.2,63.14
Bengaluru,Mid-range,Apartment,1530,3,3,7,25,Semi-furnished,3,0.9,156.95
Lucknow,Suburban,Builder Floor,1436,3,3,30,1,Furnished,2,1.2,41.93
Delhi NCR,Suburban,Independent House,2023,3,3,7,1,Unfurnished,2,0.8,176.98
Kochi,Mid-range,Apartment,1838,4,4,7,2,Furnished,0,0.6,118.35
Chennai,Prime,Builder Floor,613,1,1,19,1,Semi-furnished,1,14.8,49.54
Bengaluru,Suburban,Apartment,1259,3,3,30,6,Semi-furnished,1,1.8,66.7
Lucknow,Mid-range,Independent House,2450,4,3,1,1,Furnished,1,1.4,137.56
Pune,Mid-range,Apartment,1226,2,3,20,23,Semi-furnished,1,3.2,88.29
Hyderabad,Prime,Villa,1810,3,4,23,0,Unfurnished,2,9.1,199.3
Kolkata,Suburban,Independent House,1348,2,2,5,0,Unfurnished,2,3.2,69.01
Chennai,Suburban,Apartment,1373,3,2,23,11,Unfurnished,2,1.2,63.49
Coimbatore,Suburban,Apartment,1621,3,3,27,14,Semi-furnished,2,4.4,56.57
Hyderabad,Mid-range,Independent House,2392,4,3,15,0,Unfurnished,2,8.2,156.75
Ahmedabad,Prime,Independent House,1500,2,3,29,1,Semi-furnished,0,2.6,101.52
Kolkata,Prime,Villa,1286,2,1,4,2,Semi-furnished,1,19.5,152.25
Chennai,Prime,Builder Floor,1068,2,1,6,1,Unfurnished,1,9.1,117.25
Kochi,Mid-range,Apartment,1060,2,2,27,18,Unfurnished,2,0.2,61.39
Kochi,Suburban,Apartment,1109,2,2,9,6,Semi-furnished,0,0.4,50.79
Ahmedabad,Prime,Independent House,732,1,1,27,2,Furnished,1,10.0,51.65
Mumbai,Suburban,Apartment,685,1,2,29,17,Unfurnished,2,3.3,75.28
Bengaluru,Suburban,Apartment,1363,3,3,0,2,Semi-furnished,1,1.9,100.03
Ahmedabad,Suburban,Independent House,1807,3,2,10,1,Semi-furnished,1,6.1,73.67
Pune,Suburban,Independent House,2230,4,3,19,0,Semi-furnished,1,1.6,108.25
Bengaluru,Suburban,Apartment,733,1,2,23,25,Semi-furnished,2,5.0,41.92
Kochi,Mid-range,Apartment,1417,3,3,4,25,Semi-furnished,1,8.1,93.23
Ahmedabad,Suburban,Apartment,1414,3,3,23,23,Unfurnished,1,4.5,46.67
Pune,Suburban,Independent House,1441,2,2,12,0,Unfurnished,0,0.3,76.16
Kochi,Mid-range,Villa,910,1,1,7,0,Unfurnished,1,2.5,72.7
Bengaluru,Mid-range,Apartment,1874,4,4,7,13,Unfurnished,1,6.5,166.88
Coimbatore,Mid-range,Villa,1810,3,3,24,2,Semi-furnished,0,8.4,88.43
Pune,Suburban,Builder Floor,634,1,1,21,1,Semi-furnished,2,1.6,35.92
Mumbai,Suburban,Apartment,1030,2,1,19,21,Semi-furnished,1,3.0,143.28
Pune,Prime,Apartment,1114,2,1,23,4,Semi-furnished,1,11.8,102.89
Kolkata,Suburban,Independent House,1554,2,1,0,0,Semi-furnished,0,6.0,69.83
Coimbatore,Mid-range,Builder Floor,1080,2,1,0,2,Unfurnished,1,2.2,62.45
Ahmedabad,Suburban,Apartment,464,1,1,11,18,Furnished,0,4.2,17.36
Pune,Mid-range,Builder Floor,982,2,1,3,2,Unfurnished,1,1.4,82.29
Chennai,Suburban,Villa,653,1,1,8,1,Unfurnished,1,4.7,42.99
Kolkata,Suburban,Apartment,1029,2,2,13,0,Unfurnished,2,1.6,56.63
Jaipur,Mid-range,Builder Floor,802,1,1,14,1,Semi-furnished,3,5.1,41.97
Kolkata,Suburban,Apartment,671,1,1,12,4,Furnished,1,0.4,35.18
Jaipur,Mid-range,Builder Floor,1260,2,3,15,1,Unfurnished,0,2.3,50.69
Pune,Mid-range,Apartment,1006,2,2,27,6,Unfurnished,0,19.5,47.17
Ahmedabad,Mid-range,Independent House,1868,3,3,29,1,Unfurnished,1,0.7,71.72
Pune,Suburban,Builder Floor,986,2,1,6,0,Semi-furnished,3,1.0,61.5
Kolkata,Mid-range,Apartment,1142,2,2,26,6,Unfurnished,1,4.7,56.28
Kochi,Prime,Apartment,1840,4,3,13,18,Semi-furnished,3,0.2,185.42
Delhi NCR,Mid-range,Independent House,1352,2,1,10,2,Semi-furnished,2,5.8,154.25
Coimbatore,Mid-range,Villa,2150,4,3,24,0,Unfurnished,1,3.6,120.71
Mumbai,Suburban,Builder Floor,1050,2,1,11,2,Semi-furnished,1,0.3,152.37
Jaipur,Suburban,Independent House,1482,2,1,30,2,Semi-furnished,0,2.2,37.22
Mumbai,Suburban,Apartment,1996,4,3,6,18,Furnished,0,2.3,328.2
Ahmedabad,Mid-range,Apartment,1867,4,3,12,25,Furnished,2,3.6,121.37
Hyderabad,Mid-range,Independent House,1273,2,1,30,1,Unfurnished,1,0.2,78.48
Chennai,Mid-range,Apartment,1782,4,4,7,25,Furnished,1,3.3,154.35
Hyderabad,Mid-range,Apartment,1052,2,2,12,12,Furnished,1,0.3,89.93
Lucknow,Prime,Builder Floor,1460,3,3,25,2,Unfurnished,1,6.2,71.2
Jaipur,Prime,Villa,1759,3,3,23,1,Semi-furnished,0,2.7,122.61
Hyderabad,Mid-range,Apartment,1004,2,2,1,0,Furnished,1,3.6,87.71
Kolkata,Suburban,Apartment,1122,2,2,16,0,Unfurnished,0,5.3,36.34
Lucknow,Mid-range,Apartment,1406,3,4,5,10,Semi-furnished,2,5.2,73.34
Jaipur,Suburban,Independent House,1562,3,4,14,1,Furnished,2,3.3,58.74
Bengaluru,Mid-range,Apartment,1773,4,4,30,23,Furnished,1,17.1,117.94
Kolkata,Prime,Builder Floor,1074,2,3,14,2,Semi-furnished,1,1.9,95.81
Hyderabad,Suburban,Apartment,1025,2,3,15,23,Unfurnished,1,5.3,47.3
Ahmedabad,Mid-range,Apartment,1625,3,4,30,2,Furnished,0,2.0,67.27
Jaipur,Prime,Apartment,1859,4,4,10,7,Unfurnished,0,12.7,134.05
Bengaluru,Prime,Apartment,1408,3,4,30,1,Semi-furnished,3,2.7,160.48
Kolkata,Suburban,Villa,2054,4,4,25,0,Semi-furnished,0,1.1,89.05
Lucknow,Suburban,Builder Floor,570,1,1,15,0,Unfurnished,0,14.2,12.92
Coimbatore,Mid-range,Independent House,1735,2,3,4,2,Unfurnished,0,6.4,82.66
Mumbai,Suburban,Independent House,1370,2,3,27,2,Unfurnished,1,5.2,157.51
Hyderabad,Mid-range,Apartment,1051,2,3,0,12,Semi-furnished,2,0.7,99.71
Kolkata,Mid-range,Builder Floor,1291,3,2,10,2,Semi-furnished,0,4.2,77.35
Bengaluru,Mid-range,Apartment,1880,4,3,2,15,Furnished,2,2.4,195.24
Jaipur,Prime,Builder Floor,1120,2,1,3,1,Semi-furnished,1,1.2,82.52
Mumbai,Mid-range,Builder Floor,603,1,2,22,2,Unfurnished,1,2.7,103.23
Bengaluru,Mid-range,Apartment,1132,2,1,27,12,Furnished,1,4.0,78.46
Chennai,Prime,Apartment,1141,2,2,30,16,Semi-furnished,2,3.0,109.88
Bengaluru,Mid-range,Builder Floor,1000,2,3,23,1,Furnished,0,0.2,76.59
Mumbai,Prime,Apartment,2159,5,5,22,10,Semi-furnished,1,2.1,637.66
Kolkata,Mid-range,Independent House,1451,2,1,11,1,Unfurnished,1,4.4,87.12
Kolkata,Suburban,Villa,786,1,1,11,1,Semi-furnished,0,4.7,38.17
Kochi,Mid-range,Apartment,1348,3,3,28,0,Unfurnished,1,4.5,63.45
Bengaluru,Mid-range,Apartment,1158,2,2,3,22,Semi-furnished,1,1.9,126.48
Jaipur,Mid-range,Apartment,1065,2,3,19,16,Furnished,1,3.5,49.53
Kochi,Mid-range,Villa,1387,2,1,27,1,Unfurnished,2,2.6,93.38
Mumbai,Suburban,Builder Floor,992,2,1,24,2,Unfurnished,0,3.5,106.48
Bengaluru,Mid-range,Independent House,1316,2,2,25,1,Semi-furnished,2,2.3,103.14
Lucknow,Suburban,Apartment,1100,2,2,7,19,Semi-furnished,2,3.7,47.23
Kolkata,Mid-range,Apartment,1482,3,3,2,21,Semi-furnished,3,3.8,127.45
Bengaluru,Mid-range,Builder Floor,1729,4,4,8,2,Semi-furnished,0,0.6,162.07
Pune,Mid-range,Builder Floor,713,1,1,7,0,Semi-furnished,1,2.1,59.21
Chennai,Mid-range,Independent House,2219,4,4,17,1,Unfurnished,1,7.9,144.52
Jaipur,Suburban,Apartment,678,1,1,10,10,Semi-furnished,0,6.1,21.76
Mumbai,Suburban,Apartment,1043,2,1,30,16,Semi-furnished,1,1.1,121.64
Mumbai,Prime,Apartment,620,1,1,18,21,Semi-furnished,0,3.0,208.88
Hyderabad,Mid-range,Independent House,1806,3,2,11,1,Semi-furnished,2,3.5,154.72
Chennai,Prime,Apartment,1259,2,2,8,11,Semi-furnished,1,1.1,154.86
Mumbai,Mid-range,Apartment,1109,2,2,25,2,Unfurnished,1,4.2,187.16
Delhi NCR,Prime,Villa,1310,2,2,27,2,Semi-furnished,1,1.5,235.77
Chennai,Suburban,Independent House,1327,2,3,1,1,Furnished,1,10.8,69.18
Ahmedabad,Suburban,Villa,1317,2,1,21,2,Semi-furnished,1,2.2,47.87
Delhi NCR,Mid-range,Apartment,1417,3,2,28,15,Unfurnished,2,14.7,118.89
Bengaluru,Suburban,Apartment,2327,5,5,2,24,Semi-furnished,2,6.7,163.5
Coimbatore,Suburban,Apartment,1837,4,4,7,19,Semi-furnished,1,0.8,71.92
Coimbatore,Suburban,Independent House,1796,3,3,7,1,Unfurnished,1,1.0,64.24
Kochi,Mid-range,Villa,2098,3,2,18,1,Semi-furnished,0,4.6,144.86
Hyderabad,Mid-range,Builder Floor,1058,2,2,29,0,Furnished,2,3.2,61.18
Ahmedabad,Suburban,Independent House,1829,3,2,26,2,Semi-furnished,0,0.5,53.83
Chennai,Mid-range,Apartment,1429,3,3,4,3,Semi-furnished,0,0.4,101.51
Jaipur,Prime,Builder Floor,1611,3,2,29,2,Semi-furnished,1,5.1,81.49
Kolkata,Suburban,Independent House,1028,1,1,10,2,Semi-furnished,0,4.7,45.44
Hyderabad,Prime,Apartment,1091,2,2,25,0,Unfurnished,1,0.7,105.58
Delhi NCR,Mid-range,Independent House,1291,2,3,28,0,Furnished,1,5.6,124.54
Mumbai,Mid-range,Apartment,1091,2,2,8,2,Semi-furnished,1,2.0,252.65
Jaipur,Mid-range,Independent House,1376,2,2,5,1,Semi-furnished,1,3.7,72.1
Jaipur,Mid-range,Independent House,739,1,2,30,1,Unfurnished,2,4.8,33.07
Pune,Mid-range,Villa,1551,2,2,23,1,Unfurnished,2,1.3,133.66
Mumbai,Mid-range,Apartment,1061,2,1,30,15,Semi-furnished,0,0.9,180.76
Mumbai,Mid-range,Villa,1414,2,3,26,2,Unfurnished,1,3.5,290.84
Bengaluru,Suburban,Apartment,661,1,2,23,8,Semi-furnished,0,10.9,33.68
Lucknow,Suburban,Builder Floor,1596,3,3,25,2,Unfurnished,0,2.0,35.56
Pune,Mid-range,Apartment,1284,3,3,11,21,Semi-furnished,1,5.6,97.76
Kolkata,Mid-range,Apartment,1531,3,4,13,14,Semi-furnished,1,9.1,101.69
Mumbai,Prime,Builder Floor,1457,3,3,18,0,Furnished,1,0.5,449.47
Kochi,Mid-range,Apartment,1543,3,3,23,20,Semi-furnished,1,7.0,81.83
Coimbatore,Suburban,Independent House,1363,2,3,4,2,Unfurnished,3,8.0,57.97
Ahmedabad,Suburban,Apartment,611,1,1,5,8,Furnished,0,1.5,25.03
Ahmedabad,Mid-range,Apartment,1054,2,2,5,10,Unfurnished,3,2.7,69.55
Kochi,Prime,Builder Floor,1842,4,4,5,1,Semi-furnished,2,13.3,150.26
Chennai,Suburban,Apartment,1038,2,1,8,22,Semi-furnished,3,2.7,67.81
Hyderabad,Mid-range,Apartment,1935,4,4,2,7,Semi-furnished,0,6.9,153.84
Pune,Mid-range,Builder Floor,558,1,1,29,0,Semi-furnished,2,1.1,36.89
Ahmedabad,Suburban,Builder Floor,1444,3,2,8,0,Unfurnished,1,0.2,56.64
Ahmedabad,Suburban,Independent House,1293,2,2,26,0,Unfurnished,1,1.0,46.94
Chennai,Prime,Apartment,668,1,1,1,7,Unfurnished,1,3.6,87.1
Bengaluru,Mid-range,Independent House,1501,2,2,27,2,Unfurnished,1,2.6,111.43
Pune,Mid-range,Apartment,1116,2,2,20,2,Semi-furnished,1,0.5,83.29
Hyderabad,Suburban,Apartment,1501,3,3,27,11,Unfurnished,0,2.7,60.6
Bengaluru,Suburban,Apartment,1136,2,1,8,7,Semi-furnished,2,1.6,79.99
Kochi,Prime,Builder Floor,599,1,1,18,2,Furnished,1,2.4,58.23
Jaipur,Prime,Apartment,1144,2,1,22,22,Semi-furnished,1,4.1,83.17
Kolkata,Prime,Apartment,1000,2,2,8,0,Furnished,0,1.7,92.21
Kochi,Suburban,Apartment,2192,5,5,21,1,Semi-furnished,1,0.8,75.48
Kochi,Mid-range,Apartment,1477,3,3,15,17,Semi-furnished,1,6.3,87.45
Chennai,Mid-range,Independent House,1782,3,2,16,2,Semi-furnished,1,1.8,115.75
Mumbai,Prime,Independent House,1930,3,3,13,0,Semi-furnished,1,7.5,629.59
Jaipur,Mid-range,Apartment,1657,4,4,23,21,Unfurnished,1,9.3,57.93
Bengaluru,Prime,Apartment,651,1,1,27,25,Semi-furnished,1,3.6,74.79
Kolkata,Mid-range,Apartment,1004,2,2,22,9,Semi-furnished,1,0.3,60.82
Delhi NCR,Suburban,Builder Floor,1072,2,1,4,0,Semi-furnished,1,0.3,98.29
Bengaluru,Mid-range,Apartment,616,1,1,10,24,Semi-furnished,0,8.9,54.89
Coimbatore,Mid-range,Apartment,1470,3,3,20,19,Unfurnished,1,3.4,63.91
Chennai,Mid-range,Apartment,1446,3,2,10,19,Semi-furnished,0,0.2,117.35
Hyderabad,Mid-range,Apartment,1487,3,4,21,14,Unfurnished,2,2.4,96.14
Ahmedabad,Suburban,Apartment,1392,3,4,23,19,Semi-furnished,1,2.4,51.04
Lucknow,Suburban,Apartment,1256,2,2,24,25,Unfurnished,0,7.0,27.63
Kochi,Mid-range,Independent House,1807,3,3,3,2,Unfurnished,1,0.9,126.82
Hyderabad,Suburban,Apartment,1203,2,2,14,15,Semi-furnished,2,6.7,72.76
Chennai,Suburban,Builder Floor,1157,2,2,15,1,Furnished,0,9.0,49.15
Hyderabad,Suburban,Villa,1201,2,2,11,0,Furnished,3,0.3,90.81
Kochi,Prime,Apartment,1504,3,4,10,4,Furnished,1,3.2,152.85
Ahmedabad,Mid-range,Builder Floor,1735,4,3,14,0,Unfurnished,0,0.3,82.49
Coimbatore,Mid-range,Apartment,2206,5,5,9,20,Furnished,1,2.9,129.75
Bengaluru,Suburban,Villa,856,1,1,18,1,Furnished,2,0.2,79.25
Lucknow,Mid-range,Apartment,2110,5,4,16,22,Semi-furnished,1,0.9,103.28
Ahmedabad,Mid-range,Apartment,1061,2,3,2,0,Unfurnished,2,12.0,61.73
Delhi NCR,Suburban,Builder Floor,575,1,1,1,0,Unfurnished,1,5.4,45.95
Kolkata,Suburban,Apartment,1017,2,2,19,4,Semi-furnished,1,6.2,42.86
Mumbai,Suburban,Apartment,1540,3,3,14,20,Semi-furnished,2,12.3,196.73
Jaipur,Suburban,Apartment,1063,2,2,19,21,Semi-furnished,0,0.8,32.02
Jaipur,Suburban,Builder Floor,1513,3,4,19,0,Semi-furnished,1,1.5,50.64
Pune,Mid-range,Apartment,1713,4,4,13,5,Unfurnished,1,0.9,126.7
Coimbatore,Suburban,Builder Floor,985,2,2,23,1,Unfurnished,0,8.1,26.34
Jaipur,Mid-range,Builder Floor,1454,3,2,3,2,Furnished,2,3.0,81.84
Jaipur,Prime,Apartment,1552,3,3,22,1,Unfurnished,2,6.0,93.0
Delhi NCR,Mid-range,Apartment,1391,3,3,21,8,Semi-furnished,2,1.6,154.2
Delhi NCR,Suburban,Apartment,1917,4,4,25,19,Semi-furnished,3,2.2,120.49
Kolkata,Suburban,Builder Floor,1098,2,2,19,1,Semi-furnished,0,11.2,39.0
Lucknow,Suburban,Apartment,1608,4,4,29,23,Furnished,0,2.8,41.56
Mumbai,Prime,Apartment,1942,4,3,27,5,Semi-furnished,1,1.9,522.14
Mumbai,Mid-range,Villa,1368,2,1,0,0,Unfurnished,1,9.8,365.03
Jaipur,Prime,Apartment,1397,3,2,15,1,Furnished,0,0.2,100.52
Ahmedabad,Mid-range,Builder Floor,1089,2,2,30,0,Furnished,1,0.2,46.36
Pune,Mid-range,Apartment,1881,4,3,22,4,Unfurnished,1,0.5,131.96
Hyderabad,Suburban,Apartment,1408,3,3,0,8,Semi-furnished,2,3.9,92.71
Ahmedabad,Suburban,Villa,1195,2,3,8,1,Semi-furnished,2,0.9,63.12
Kolkata,Suburban,Apartment,1084,2,2,29,17,Unfurnished,1,1.6,39.24
Pune,Suburban,Apartment,1438,3,2,20,9,Unfurnished,0,20.4,54.79
Pune,Suburban,Builder Floor,1183,2,2,29,0,Semi-furnished,0,2.8,47.62
Hyderabad,Prime,Builder Floor,1746,4,3,1,2,Unfurnished,2,4.2,223.29
Delhi NCR,Suburban,Independent House,1192,2,3,10,2,Unfurnished,1,5.3,102.67
Kochi,Mid-range,Builder Floor,1153,2,2,28,2,Semi-furnished,1,2.2,56.14
Mumbai,Mid-range,Independent House,1884,3,4,4,1,Furnished,0,5.6,464.75
Pune,Mid-range,Independent House,1377,2,2,1,2,Semi-furnished,1,0.3,125.66
Chennai,Mid-range,Villa,707,1,1,21,1,Furnished,0,10.4,57.73
Bengaluru,Mid-range,Builder Floor,1064,2,3,21,0,Unfurnished,2,4.7,76.95
Ahmedabad,Mid-range,Apartment,1132,2,2,27,1,Semi-furnished,0,0.6,44.15
Ahmedabad,Suburban,Apartment,1613,3,4,21,8,Semi-furnished,1,0.5,57.77
Mumbai,Mid-range,Apartment,1109,2,2,12,24,Semi-furnished,2,5.2,249.42
Coimbatore,Prime,Independent House,1483,2,3,6,0,Semi-furnished,1,1.4,126.25
Pune,Mid-range,Independent House,1853,3,3,29,1,Semi-furnished,2,5.1,115.16
Pune,Prime,Apartment,964,2,2,24,16,Unfurnished,1,0.9,110.45
Chennai,Mid-range,Apartment,826,1,1,25,11,Semi-furnished,0,1.5,52.0
Ahmedabad,Suburban,Villa,1700,3,3,28,0,Unfurnished,1,2.9,55.08
Lucknow,Suburban,Independent House,1257,2,2,10,2,Unfurnished,1,0.5,42.18
Mumbai,Mid-range,Independent House,1345,2,2,0,1,Semi-furnished,0,7.9,311.33
Mumbai,Prime,Builder Floor,739,1,1,11,2,Furnished,2,1.2,241.15
Lucknow,Suburban,Apartment,665,1,2,7,19,Semi-furnished,2,4.8,28.04
Mumbai,Prime,Apartment,1151,2,1,3,22,Semi-furnished,1,1.9,452.27
Pune,Mid-range,Apartment,1528,3,2,29,20,Semi-furnished,1,11.1,87.56
Kochi,Suburban,Apartment,1604,3,3,22,1,Semi-furnished,1,0.9,58.7
Lucknow,Mid-range,Builder Floor,950,2,2,9,0,Furnished,2,11.0,55.12
Bengaluru,Suburban,Apartment,1084,2,2,6,14,Furnished,1,8.2,71.89
Delhi NCR,Prime,Apartment,1841,4,4,19,6,Semi-furnished,1,1.5,297.04
Lucknow,Mid-range,Apartment,1773,4,5,4,5,Semi-furnished,2,1.1,91.07
Coimbatore,Mid-range,Apartment,1527,3,3,5,25,Semi-furnished,1,9.4,79.72
Pune,Mid-range,Apartment,654,1,1,28,25,Furnished,1,3.0,44.41
Kolkata,Suburban,Apartment,1407,3,3,29,15,Unfurnished,1,1.1,48.15
Kochi,Suburban,Apartment,1147,2,2,25,0,Unfurnished,1,0.3,45.71
Mumbai,Prime,Apartment,1556,3,2,2,3,Semi-furnished,0,1.0,551.57
Bengaluru,Prime,Apartment,1118,2,1,29,1,Furnished,1,1.6,121.55
Lucknow,Mid-range,Apartment,1156,2,3,3,5,Semi-furnished,1,7.7,58.09
Kochi,Mid-range,Independent House,2050,3,3,23,0,Furnished,0,3.2,130.13
Kochi,Mid-range,Apartment,1823,4,3,29,18,Semi-furnished,0,6.9,84.48
Bengaluru,Prime,Independent House,1706,3,3,2,1,Semi-furnished,1,1.8,299.87
Chennai,Suburban,Apartment,1107,2,2,1,14,Semi-furnished,3,17.2,67.43
Chennai,Mid-range,Apartment,560,1,1,23,3,Furnished,0,5.8,31.08
Bengaluru,Suburban,Builder Floor,748,1,1,16,0,Unfurnished,0,4.4,35.98
Coimbatore,Mid-range,Builder Floor,1503,3,4,5,0,Unfurnished,1,16.6,72.24
Kochi,Mid-range,Apartment,1119,2,3,28,20,Semi-furnished,2,14.5,58.14
Ahmedabad,Suburban,Independent House,1344,2,2,26,2,Semi-furnished,1,0.4,50.54
Ahmedabad,Prime,Builder Floor,1925,4,5,26,2,Unfurnished,1,13.2,112.07
Chennai,Suburban,Independent House,2017,3,3,18,0,Unfurnished,1,5.2,85.46
Coimbatore,Mid-range,Apartment,1538,3,3,12,23,Semi-furnished,3,1.3,98.46
Pune,Suburban,Apartment,1086,2,2,17,0,Semi-furnished,2,14.8,54.44
Pune,Mid-range,Apartment,1511,3,4,25,15,Furnished,0,2.8,110.8
Lucknow,Mid-range,Apartment,1482,3,2,30,15,Unfurnished,1,4.0,54.67
Jaipur,Prime,Apartment,1926,4,3,24,7,Semi-furnished,2,1.3,104.3
Kolkata,Mid-range,Apartment,1140,2,3,15,19,Semi-furnished,2,8.9,71.59
Jaipur,Mid-range,Apartment,1862,4,4,24,20,Furnished,1,12.7,80.11
Jaipur,Mid-range,Apartment,1304,3,3,30,19,Semi-furnished,2,6.9,48.56
Lucknow,Suburban,Independent House,1439,2,2,6,2,Semi-furnished,2,0.9,58.53
Bengaluru,Mid-range,Apartment,1049,2,2,10,4,Semi-furnished,2,0.2,98.56
Hyderabad,Mid-range,Independent House,1371,2,2,4,1,Furnished,2,3.8,119.07
Hyderabad,Prime,Independent House,2767,5,5,9,1,Unfurnished,1,19.5,264.55
Kochi,Mid-range,Apartment,1456,3,3,10,0,Furnished,1,3.8,96.66
Mumbai,Mid-range,Independent House,1405,2,2,28,0,Furnished,1,7.7,257.57
Lucknow,Mid-range,Independent House,1334,2,2,13,1,Unfurnished,0,1.0,58.88
Lucknow,Prime,Apartment,1851,4,3,3,6,Semi-furnished,2,5.1,126.08
Kolkata,Mid-range,Builder Floor,1070,2,1,5,0,Semi-furnished,0,0.2,73.51
Mumbai,Mid-range,Independent House,2683,5,5,17,0,Unfurnished,1,7.2,540.25
Hyderabad,Mid-range,Builder Floor,1416,3,4,30,2,Unfurnished,1,4.2,70.99
Mumbai,Mid-range,Apartment,1422,3,3,11,15,Semi-furnished,2,3.0,321.48
Kolkata,Mid-range,Apartment,1165,2,2,6,5,Unfurnished,3,2.5,82.91
Delhi NCR,Suburban,Apartment,1080,2,2,29,0,Semi-furnished,2,4.2,78.87
Lucknow,Prime,Apartment,1432,3,3,24,6,Unfurnished,2,22.6,83.0
Ahmedabad,Mid-range,Apartment,681,1,1,3,20,Furnished,1,4.1,44.72
Coimbatore,Prime,Apartment,1070,2,2,14,9,Semi-furnished,2,9.1,77.74
Hyderabad,Suburban,Apartment,1958,4,3,26,14,Semi-furnished,1,2.8,80.56
Bengaluru,Mid-range,Apartment,1433,3,4,8,3,Unfurnished,2,6.7,137.65
Chennai,Mid-range,Builder Floor,1089,2,2,15,1,Semi-furnished,1,1.2,79.05
Bengaluru,Mid-range,Apartment,1489,3,4,22,7,Unfurnished,1,4.9,113.87
Kolkata,Prime,Apartment,1532,3,4,2,25,Semi-furnished,1,5.1,177.99
Bengaluru,Suburban,Apartment,1041,2,3,12,25,Semi-furnished,0,0.6,63.9
Bengaluru,Suburban,Apartment,695,1,1,26,9,Furnished,2,8.2,41.31
Pune,Mid-range,Apartment,969,2,1,30,8,Unfurnished,0,3.4,55.94
Delhi NCR,Suburban,Builder Floor,1958,4,5,20,0,Semi-furnished,0,4.2,120.18
Lucknow,Suburban,Apartment,1058,2,2,13,6,Unfurnished,0,0.2,29.45
Bengaluru,Suburban,Apartment,1111,2,1,13,0,Furnished,2,1.6,74.23
Lucknow,Suburban,Apartment,633,1,1,17,1,Semi-furnished,1,2.1,23.44
Ahmedabad,Prime,Builder Floor,921,2,1,14,2,Semi-furnished,1,1.9,68.47
Mumbai,Mid-range,Apartment,554,1,2,9,3,Semi-furnished,0,5.3,124.56
Kolkata,Mid-range,Villa,1257,2,2,29,0,Unfurnished,1,3.7,75.52
Ahmedabad,Mid-range,Apartment,1524,3,3,27,11,Semi-furnished,1,2.2,70.51
Pune,Suburban,Builder Floor,727,1,1,2,1,Semi-furnished,1,1.4,44.37
Coimbatore,Mid-range,Independent House,1750,3,2,20,0,Furnished,1,1.8,97.08
Kolkata,Suburban,Apartment,1041,2,2,20,1,Furnished,0,1.9,39.93
Delhi NCR,Mid-range,Apartment,1313,3,4,5,23,Furnished,0,3.7,181.56
Mumbai,Suburban,Apartment,639,1,2,30,7,Semi-furnished,2,8.2,69.33
Kochi,Mid-range,Independent House,1432,2,1,3,1,Semi-furnished,0,4.4,102.63
Delhi NCR,Suburban,Apartment,1542,3,3,6,19,Unfurnished,0,1.1,123.28
Pune,Mid-range,Apartment,1353,3,2,10,18,Unfurnished,3,1.5,120.35
Kochi,Suburban,Apartment,623,1,1,19,4,Furnished,0,1.9,24.86
Pune,Suburban,Apartment,908,2,1,14,10,Furnished,1,1.5,51.72
Chennai,Mid-range,Independent House,2132,4,4,7,1,Unfurnished,2,1.1,180.66
Kolkata,Suburban,Apartment,1820,4,3,18,24,Unfurnished,3,1.3,83.04
Bengaluru,Mid-range,Apartment,1597,3,3,3,25,Semi-furnished,1,3.7,161.66
Kolkata,Mid-range,Builder Floor,1506,3,2,24,2,Semi-furnished,0,3.1,74.98
Delhi NCR,Suburban,Apartment,1096,2,2,30,9,Semi-furnished,0,3.3,69.63
Mumbai,Mid-range,Apartment,2152,5,6,15,0,Semi-furnished,1,0.2,443.48
Pune,Mid-range,Apartment,1194,2,3,11,24,Unfurnished,0,0.7,90.23
Kochi,Prime,Apartment,987,2,2,26,11,Unfurnished,2,0.2,95.41
Ahmedabad,Mid-range,Builder Floor,1866,4,5,17,1,Semi-furnished,1,6.4,86.22
Ahmedabad,Suburban,Independent House,1754,3,3,19,0,Furnished,1,0.3,74.16
Kochi,Suburban,Independent House,2195,4,3,24,2,Semi-furnished,1,5.0,73.65
Delhi NCR,Suburban,Builder Floor,2015,4,4,14,1,Furnished,2,4.7,170.71
Kochi,Suburban,Independent House,751,1,2,13,0,Unfurnished,1,13.1,35.2
Mumbai,Mid-range,Apartment,1733,4,4,1,12,Semi-furnished,0,2.4,425.84
Lucknow,Prime,Apartment,1766,4,5,7,24,Unfurnished,2,10.2,126.93
Kolkata,Mid-range,Apartment,1669,3,3,21,6,Semi-furnished,1,0.2,92.71
Kochi,Suburban,Apartment,1073,2,3,26,12,Semi-furnished,1,1.0,43.6
Coimbatore,Mid-range,Apartment,1099,2,1,0,23,Semi-furnished,0,1.4,67.54
Bengaluru,Mid-range,Apartment,1887,4,5,23,3,Unfurnished,0,8.0,113.04
Coimbatore,Suburban,Villa,1255,2,1,27,2,Unfurnished,1,5.5,38.08
Jaipur,Suburban,Builder Floor,1600,3,4,13,2,Unfurnished,1,13.4,49.5
Lucknow,Mid-range,Apartment,1485,3,3,8,2,Semi-furnished,1,0.2,72.67
Bengaluru,Mid-range,Independent House,1736,3,3,26,0,Semi-furnished,0,0.7,119.31
Delhi NCR,Suburban,Villa,1319,2,3,26,0,Semi-furnished,2,0.5,103.75
Kochi,Suburban,Apartment,1509,3,3,8,25,Furnished,0,12.5,70.99
Lucknow,Mid-range,Apartment,1467,3,3,17,0,Unfurnished,1,5.7,59.52
Lucknow,Suburban,Builder Floor,1143,2,2,10,0,Unfurnished,3,0.7,46.27
Kochi,Suburban,Apartment,1901,4,3,12,18,Furnished,1,12.0,88.32
Delhi NCR,Prime,Apartment,1077,2,1,23,6,Unfurnished,1,0.4,167.23
Lucknow,Suburban,Apartment,1489,3,4,29,12,Semi-furnished,1,0.2,36.06
Delhi NCR,Mid-range,Apartment,792,1,1,11,0,Semi-furnished,1,3.8,86.23
Mumbai,Suburban,Independent House,1984,3,4,4,0,Semi-furnished,1,10.3,305.3
Ahmedabad,Mid-range,Apartment,1543,3,3,5,19,Furnished,0,2.5,91.0
Jaipur,Prime,Apartment,1136,2,3,3,10,Semi-furnished,1,3.4,89.04
Jaipur,Mid-range,Villa,1137,2,1,8,2,Semi-furnished,1,0.6,71.14
Delhi NCR,Prime,Apartment,1485,3,4,7,14,Unfurnished,1,1.3,262.96
Bengaluru,Prime,Apartment,1187,2,1,8,10,Furnished,1,2.6,172.73
Pune,Mid-range,Builder Floor,1833,4,4,29,1,Furnished,1,0.7,108.84
Coimbatore,Mid-range,Apartment,1337,3,4,5,3,Furnished,1,1.9,89.44
Hyderabad,Mid-range,Apartment,1550,3,3,25,3,Unfurnished,1,9.5,78.53
Mumbai,Mid-range,Builder Floor,1088,2,3,15,1,Unfurnished,1,2.1,203.61
Kochi,Prime,Apartment,1539,3,3,13,12,Unfurnished,2,4.8,137.66
Kolkata,Mid-range,Apartment,1554,3,2,9,9,Unfurnished,1,1.9,94.85
Kolkata,Suburban,Apartment,1404,3,2,12,8,Semi-furnished,1,1.8,63.74
Delhi NCR,Mid-range,Apartment,928,2,2,19,4,Furnished,1,0.8,105.17
Kochi,Suburban,Independent House,1528,2,2,12,1,Semi-furnished,3,2.6,79.78
Hyderabad,Mid-range,Apartment,951,2,1,17,2,Unfurnished,1,7.1,62.25
Kochi,Mid-range,Independent House,1312,2,1,3,1,Unfurnished,2,7.0,97.52
Chennai,Mid-range,Builder Floor,1034,2,1,19,2,Semi-furnished,1,3.2,68.46
Kolkata,Mid-range,Apartment,1231,2,1,25,20,Furnished,1,1.7,79.3
Lucknow,Mid-range,Builder Floor,915,2,2,16,1,Unfurnished,1,5.7,34.81
Coimbatore,Prime,Apartment,1435,3,2,20,25,Unfurnished,1,6.0,89.57
Ahmedabad,Mid-range,Builder Floor,901,2,2,27,1,Semi-furnished,2,1.4,46.3
Jaipur,Mid-range,Apartment,1025,2,2,3,24,Unfurnished,1,1.6,57.8
Chennai,Suburban,Independent House,1744,3,4,30,0,Unfurnished,1,0.5,67.95
Chennai,Mid-range,Apartment,1126,2,2,0,14,Furnished,1,1.3,106.64
Delhi NCR,Mid-range,Independent House,1828,3,4,25,1,Semi-furnished,1,5.2,200.19
Chennai,Prime,Builder Floor,1919,4,4,19,1,Furnished,0,0.8,195.28
Hyderabad,Suburban,Apartment,1427,3,4,23,7,Semi-furnished,2,0.2,66.48
Kolkata,Mid-range,Apartment,1042,2,1,12,18,Unfurnished,2,1.8,68.12
Coimbatore,Suburban,Apartment,1102,2,2,14,25,Semi-furnished,2,4.2,47.02
Chennai,Prime,Apartment,1503,3,3,21,1,Semi-furnished,0,1.5,136.13
Jaipur,Mid-range,Apartment,1536,3,3,17,1,Unfurnished,1,0.2,60.34
Mumbai,Prime,Apartment,518,1,1,11,8,Semi-furnished,1,0.9,177.57
Bengaluru,Suburban,Apartment,774,1,1,22,21,Semi-furnished,1,3.6,46.13
Delhi NCR,Suburban,Independent House,1354,2,1,17,2,Unfurnished,2,5.1,104.22
Mumbai,Suburban,Apartment,1532,3,3,16,7,Furnished,0,4.1,197.67
Bengaluru,Mid-range,Apartment,1254,3,3,6,4,Semi-furnished,0,5.2,102.44
Kochi,Mid-range,Apartment,1080,2,1,16,10,Unfurnished,1,6.9,61.41
Pune,Suburban,Apartment,770,1,1,13,4,Semi-furnished,1,3.8,40.7
Pune,Suburban,Villa,1765,3,4,17,2,Unfurnished,1,8.2,107.23
Pune,Mid-range,Independent House,1730,3,4,30,2,Furnished,0,0.8,100.73
Delhi NCR,Prime,Apartment,1009,2,2,18,17,Semi-furnished,2,3.6,165.08
Ahmedabad,Mid-range,Apartment,1114,2,2,18,14,Unfurnished,0,1.1,53.02
Coimbatore,Mid-range,Apartment,1061,2,1,21,22,Semi-furnished,1,1.9,55.16
Bengaluru,Suburban,Builder Floor,1529,3,4,11,0,Semi-furnished,1,3.3,94.36
Ahmedabad,Mid-range,Apartment,1379,3,3,7,18,Unfurnished,1,2.7,76.65
Chennai,Mid-range,Villa,1852,3,3,8,0,Semi-furnished,1,0.6,192.55
Coimbatore,Suburban,Independent House,1298,2,1,17,1,Semi-furnished,2,2.1,51.94
Kolkata,Prime,Apartment,1008,2,1,20,17,Semi-furnished,1,2.4,93.35
Hyderabad,Mid-range,Apartment,981,2,2,12,19,Unfurnished,1,2.8,72.18
Delhi NCR,Suburban,Apartment,1022,2,3,10,5,Semi-furnished,1,0.8,87.47
Kochi,Suburban,Builder Floor,700,1,1,7,1,Unfurnished,1,13.0,26.36
Kolkata,Mid-range,Apartment,1076,2,2,17,10,Furnished,2,0.2,80.8
Lucknow,Suburban,Apartment,618,1,1,19,16,Semi-furnished,1,0.8,20.82
Mumbai,Mid-range,Independent House,2271,4,4,3,0,Unfurnished,2,18.8,514.37
Lucknow,Prime,Apartment,1040,2,2,4,22,Semi-furnished,3,16.8,81.95
Mumbai,Suburban,Independent House,1452,2,2,18,0,Semi-furnished,3,1.3,224.9
Kochi,Mid-range,Apartment,1131,2,2,24,21,Semi-furnished,1,2.6,59.62
Ahmedabad,Suburban,Apartment,1023,2,3,7,6,Furnished,1,0.6,43.97
Lucknow,Prime,Builder Floor,601,1,1,15,0,Unfurnished,0,6.7,31.08
Kolkata,Mid-range,Independent House,931,1,1,2,0,Semi-furnished,1,0.2,81.49
Lucknow,Prime,Apartment,1238,2,2,29,11,Furnished,1,9.6,57.8
Lucknow,Suburban,Independent House,1275,2,2,1,2,Semi-furnished,0,9.0,46.35
Kochi,Mid-range,Apartment,1829,4,4,19,16,Semi-furnished,2,2.0,114.12
Kochi,Mid-range,Apartment,1983,4,3,0,24,Unfurnished,1,0.3,155.71
Pune,Suburban,Builder Floor,1001,2,2,18,1,Semi-furnished,1,0.2,52.0
Kochi,Suburban,Apartment,1182,2,2,23,5,Furnished,1,0.5,47.52
Kolkata,Prime,Builder Floor,1000,2,2,17,0,Unfurnished,2,4.5,85.47
Pune,Mid-range,Apartment,1243,2,1,6,14,Unfurnished,1,2.0,102.23
Chennai,Prime,Apartment,1380,3,4,23,8,Semi-furnished,0,7.5,117.9
Pune,Mid-range,Apartment,2248,5,5,28,23,Unfurnished,1,0.7,141.3
Jaipur,Prime,Apartment,1903,4,3,15,17,Semi-furnished,2,1.9,141.79
Coimbatore,Mid-range,Apartment,1226,3,4,5,19,Furnished,2,0.7,89.09
Bengaluru,Mid-range,Apartment,1211,2,2,24,19,Unfurnished,1,2.4,83.73
Lucknow,Suburban,Builder Floor,1887,4,4,0,2,Semi-furnished,0,8.2,59.78
Chennai,Suburban,Apartment,1509,3,3,12,7,Semi-furnished,1,2.4,73.85
Jaipur,Mid-range,Apartment,2111,5,5,23,17,Unfurnished,1,1.4,84.58
Kolkata,Suburban,Apartment,1608,3,3,1,20,Semi-furnished,3,3.3,84.09
Kolkata,Suburban,Independent House,2587,4,3,12,1,Semi-furnished,2,1.7,115.59
Lucknow,Mid-range,Apartment,1248,2,1,2,12,Furnished,1,4.6,73.31
Lucknow,Suburban,Apartment,1029,2,2,28,11,Semi-furnished,2,2.4,33.31
Lucknow,Mid-range,Independent House,1415,2,1,26,1,Unfurnished,0,0.5,45.51
Delhi NCR,Mid-range,Villa,1293,2,3,12,2,Unfurnished,1,6.6,194.83
Ahmedabad,Mid-range,Apartment,1216,2,3,17,0,Semi-furnished,0,2.1,55.95
Chennai,Suburban,Villa,1355,2,3,20,2,Furnished,1,2.9,80.66
Coimbatore,Mid-range,Apartment,1422,3,2,6,12,Unfurnished,1,4.8,72.96
Chennai,Mid-range,Apartment,1294,3,2,30,3,Semi-furnished,1,2.6,67.1
Kolkata,Prime,Villa,1963,3,3,8,0,Unfurnished,2,3.1,222.4
Jaipur,Mid-range,Apartment,1228,2,2,7,23,Furnished,2,16.1,65.56
Pune,Mid-range,Apartment,1101,2,1,8,4,Semi-furnished,1,7.9,86.33
Jaipur,Mid-range,Apartment,1613,3,3,14,10,Furnished,1,6.9,73.24
Hyderabad,Prime,Builder Floor,1128,2,2,30,2,Semi-furnished,2,5.1,91.6
Delhi NCR,Mid-range,Apartment,1895,4,4,27,16,Furnished,1,11.8,181.15
Lucknow,Mid-range,Builder Floor,1157,2,1,27,0,Semi-furnished,1,3.0,39.63
Coimbatore,Suburban,Builder Floor,1879,4,4,1,0,Furnished,2,6.5,73.78
Chennai,Mid-range,Apartment,1777,4,5,5,21,Furnished,3,0.5,160.41
Jaipur,Mid-range,Builder Floor,1012,2,1,16,2,Unfurnished,0,3.9,36.24
Bengaluru,Mid-range,Apartment,1082,2,2,2,16,Semi-furnished,1,0.5,109.4
Kolkata,Mid-range,Apartment,918,2,3,28,20,Furnished,2,1.0,59.17
Pune,Suburban,Apartment,1293,3,3,8,12,Unfurnished,1,11.0,67.05
Bengaluru,Mid-range,Builder Floor,1454,3,4,17,1,Semi-furnished,1,0.5,110.61
Mumbai,Mid-range,Independent House,1276,2,1,30,0,Semi-furnished,2,15.9,191.14
Jaipur,Suburban,Apartment,1907,4,3,29,16,Semi-furnished,1,3.7,52.97
Hyderabad,Mid-range,Apartment,1191,2,2,5,0,Furnished,2,3.4,104.42
Jaipur,Mid-range,Apartment,977,2,1,20,20,Semi-furnished,1,2.5,41.93
Mumbai,Mid-range,Independent House,1404,2,2,26,0,Semi-furnished,1,5.3,255.15
Jaipur,Mid-range,Apartment,695,1,1,26,9,Unfurnished,3,10.0,36.63
Lucknow,Mid-range,Apartment,1843,4,4,9,0,Semi-furnished,1,4.2,86.65
Chennai,Mid-range,Independent House,2335,4,3,23,2,Semi-furnished,2,5.7,160.34
Ahmedabad,Prime,Apartment,1047,2,1,21,3,Unfurnished,2,3.8,68.96
Bengaluru,Mid-range,Independent House,1889,3,4,13,1,Unfurnished,1,3.2,163.48
Delhi NCR,Mid-range,Independent House,1943,3,2,25,0,Furnished,1,0.3,224.05
Pune,Suburban,Builder Floor,1456,3,3,29,2,Unfurnished,1,2.3,59.68
Chennai,Suburban,Apartment,1496,3,2,20,24,Unfurnished,0,0.4,61.47
Jaipur,Mid-range,Apartment,1608,3,3,29,19,Semi-furnished,2,0.2,73.79
Mumbai,Suburban,Apartment,1673,3,4,1,3,Furnished,0,5.9,291.59
Kolkata,Suburban,Villa,1419,2,1,30,2,Semi-furnished,1,5.8,56.99
Pune,Mid-range,Villa,1777,3,3,15,1,Furnished,1,4.3,188.84
Lucknow,Prime,Apartment,1112,2,2,7,23,Semi-furnished,2,14.4,87.14
Kochi,Mid-range,Builder Floor,1465,3,3,5,2,Unfurnished,1,7.3,85.99
Delhi NCR,Suburban,Apartment,1485,3,3,1,25,Unfurnished,1,0.4,142.62
Ahmedabad,Mid-range,Independent House,1236,2,1,12,2,Semi-furnished,1,0.2,78.64
Pune,Suburban,Apartment,1864,4,5,13,17,Unfurnished,1,1.0,102.62
Pune,Mid-range,Builder Floor,1525,3,3,14,0,Unfurnished,1,2.1,105.47
Ahmedabad,Mid-range,Apartment,1419,3,2,26,23,Unfurnished,1,24.7,59.41
Ahmedabad,Mid-range,Builder Floor,1222,2,2,20,2,Semi-furnished,0,1.5,56.5
Pune,Mid-range,Apartment,948,2,2,15,3,Unfurnished,1,17.1,61.59
Kochi,Prime,Apartment,1879,4,5,8,4,Unfurnished,1,2.3,184.94
Hyderabad,Prime,Apartment,2266,5,5,22,1,Unfurnished,2,0.4,219.91
Bengaluru,Prime,Apartment,511,1,2,20,21,Semi-furnished,1,1.6,63.27
Kolkata,Mid-range,Apartment,1809,4,3,18,12,Unfurnished,0,2.6,105.01
Hyderabad,Mid-range,Apartment,1581,3,3,20,5,Unfurnished,1,5.0,92.33
Jaipur,Mid-range,Apartment,1413,3,2,10,15,Unfurnished,0,1.2,60.0
Bengaluru,Suburban,Apartment,1767,4,3,9,24,Semi-furnished,2,3.0,125.09
Delhi NCR,Suburban,Builder Floor,1059,2,3,7,1,Furnished,0,1.8,89.81
Coimbatore,Mid-range,Apartment,1539,3,3,30,14,Furnished,1,2.7,74.38
Jaipur,Suburban,Apartment,1497,3,4,0,6,Unfurnished,3,4.0,63.78
Pune,Mid-range,Apartment,1444,3,3,7,14,Unfurnished,1,0.4,129.62
Lucknow,Mid-range,Apartment,641,1,1,13,1,Unfurnished,2,4.8,33.02
Ahmedabad,Suburban,Apartment,1124,2,3,18,16,Unfurnished,1,6.9,37.47
Mumbai,Prime,Apartment,1024,2,2,21,23,Semi-furnished,0,2.5,293.66
Mumbai,Mid-range,Apartment,1458,3,2,13,1,Semi-furnished,0,0.2,327.53
Hyderabad,Suburban,Apartment,1059,2,2,14,22,Unfurnished,1,1.1,59.73
Jaipur,Mid-range,Apartment,871,1,1,9,20,Unfurnished,2,0.2,46.7
Jaipur,Suburban,Apartment,532,1,2,4,6,Semi-furnished,1,7.6,24.26
Delhi NCR,Mid-range,Villa,2414,4,4,7,1,Unfurnished,1,12.8,311.55
Ahmedabad,Suburban,Apartment,708,1,1,14,12,Semi-furnished,1,1.6,26.44
Mumbai,Mid-range,Apartment,1427,3,3,5,10,Semi-furnished,1,2.6,313.78
Bengaluru,Mid-range,Builder Floor,996,2,3,10,2,Unfurnished,2,2.3,82.01
Coimbatore,Prime,Apartment,1798,4,4,19,17,Semi-furnished,1,1.0,132.24
Delhi NCR,Mid-range,Builder Floor,1326,3,3,18,0,Semi-furnished,1,5.2,122.92
Delhi NCR,Mid-range,Apartment,1525,3,4,10,9,Unfurnished,3,1.7,179.6
Bengaluru,Suburban,Apartment,1166,2,2,13,0,Semi-furnished,3,2.7,84.0
Coimbatore,Prime,Apartment,1320,2,2,26,10,Unfurnished,2,2.7,84.93
Kochi,Mid-range,Apartment,639,1,2,24,11,Semi-furnished,1,2.4,33.9
Bengaluru,Prime,Villa,2188,4,4,5,0,Unfurnished,1,10.5,358.64
Kochi,Suburban,Builder Floor,1497,3,4,9,1,Semi-furnished,1,7.8,58.3
Coimbatore,Mid-range,Apartment,1019,2,3,28,25,Unfurnished,0,0.5,41.35
Pune,Suburban,Builder Floor,1582,3,4,7,2,Furnished,1,1.5,92.32
Mumbai,Mid-range,Apartment,1817,4,3,25,22,Unfurnished,2,0.7,293.66
Chennai,Suburban,Apartment,1164,2,3,21,1,Semi-furnished,1,1.7,54.36
Pune,Suburban,Apartment,2085,4,3,14,10,Semi-furnished,3,0.2,115.69
Pune,Mid-range,Apartment,1991,4,4,14,11,Furnished,1,4.2,149.96
Kochi,Suburban,Apartment,1043,2,2,20,8,Furnished,1,4.2,46.51
Hyderabad,Prime,Apartment,1118,2,2,7,14,Semi-furnished,1,2.2,144.4
Chennai,Suburban,Apartment,483,1,1,5,7,Semi-furnished,1,0.2,29.87
Jaipur,Suburban,Apartment,1830,4,4,0,5,Unfurnished,2,1.1,77.34
Kochi,Suburban,Apartment,1087,2,1,16,10,Semi-furnished,1,3.2,52.74
Hyderabad,Suburban,Builder Floor,1408,3,3,0,1,Unfurnished,1,6.4,74.37
Kochi,Mid-range,Apartment,1131,2,3,18,19,Furnished,2,0.7,76.41
Mumbai,Suburban,Apartment,1451,3,3,11,6,Semi-furnished,0,2.9,212.81
Mumbai,Mid-range,Apartment,1948,4,5,18,2,Unfurnished,1,5.7,379.68
Bengaluru,Mid-range,Apartment,1064,2,2,16,7,Semi-furnished,0,4.9,85.46
Kolkata,Mid-range,Independent House,2725,5,6,12,1,Semi-furnished,0,5.5,162.16
Hyderabad,Mid-range,Apartment,1030,2,3,4,5,Semi-furnished,0,7.5,83.8
Chennai,Suburban,Apartment,1358,3,3,25,3,Semi-furnished,1,2.6,64.01
Jaipur,Mid-range,Apartment,1811,4,4,7,23,Semi-furnished,1,1.5,96.56
Lucknow,Mid-range,Apartment,1354,3,3,9,14,Semi-furnished,0,0.6,64.29
Pune,Suburban,Builder Floor,1075,2,2,21,1,Unfurnished,2,1.2,51.98
Coimbatore,Prime,Builder Floor,1068,2,2,18,2,Semi-furnished,1,7.4,71.36
Ahmedabad,Mid-range,Apartment,1187,2,1,2,5,Unfurnished,0,1.4,69.98
Hyderabad,Suburban,Apartment,1472,3,2,3,10,Semi-furnished,1,11.7,70.36
Mumbai,Mid-range,Apartment,1564,3,4,2,9,Unfurnished,0,6.3,366.4
Chennai,Mid-range,Apartment,1377,3,3,5,7,Semi-furnished,1,2.4,113.56
Coimbatore,Suburban,Apartment,1542,3,4,8,14,Semi-furnished,2,1.3,66.8
Bengaluru,Mid-range,Apartment,1333,3,4,28,13,Furnished,1,0.7,101.16
Pune,Prime,Apartment,1436,3,4,28,3,Unfurnished,1,2.7,113.84
Lucknow,Mid-range,Apartment,1049,2,3,28,2,Semi-furnished,1,5.1,39.86
Kochi,Mid-range,Apartment,1415,3,4,22,11,Semi-furnished,1,0.6,78.12
Mumbai,Mid-range,Apartment,1450,3,3,2,20,Semi-furnished,0,5.4,358.03
Mumbai,Suburban,Apartment,1086,2,2,15,10,Unfurnished,1,3.3,154.63
Hyderabad,Mid-range,Apartment,943,2,2,4,23,Semi-furnished,2,3.3,86.01
Kochi,Mid-range,Builder Floor,2232,5,6,18,2,Semi-furnished,2,2.5,137.97
Coimbatore,Prime,Independent House,739,1,1,12,2,Semi-furnished,0,0.2,63.4
Lucknow,Mid-range,Builder Floor,1468,3,3,6,2,Semi-furnished,0,0.2,70.01
Kochi,Suburban,Apartment,1236,2,2,17,5,Unfurnished,1,5.3,52.26
Pune,Prime,Apartment,1072,2,2,18,6,Unfurnished,1,19.8,103.27
Coimbatore,Mid-range,Apartment,1386,3,4,24,2,Semi-furnished,1,6.0,59.44
Pune,Mid-range,Apartment,618,1,1,17,6,Unfurnished,2,4.2,50.39
Jaipur,Mid-range,Apartment,1134,2,1,9,5,Semi-furnished,2,4.2,57.46
Pune,Prime,Villa,1409,2,2,24,2,Furnished,1,0.2,186.19
Bengaluru,Suburban,Villa,1208,2,3,15,2,Furnished,2,0.2,105.11
Ahmedabad,Suburban,Apartment,1109,2,3,10,2,Semi-furnished,2,10.0,42.17
Ahmedabad,Mid-range,Apartment,1584,3,3,25,15,Furnished,0,7.6,70.01
Ahmedabad,Suburban,Apartment,1643,3,3,15,9,Semi-furnished,3,0.7,64.95
Ahmedabad,Prime,Independent House,1828,3,3,26,0,Semi-furnished,1,3.4,135.69
Jaipur,Suburban,Builder Floor,1553,3,2,30,0,Semi-furnished,1,7.9,41.73
Kochi,Mid-range,Apartment,1017,2,1,7,11,Semi-furnished,1,5.3,64.89
Bengaluru,Mid-range,Apartment,577,1,1,27,3,Furnished,1,0.2,47.11
Hyderabad,Mid-range,Apartment,1342,3,4,19,18,Unfurnished,3,10.6,98.87
Coimbatore,Mid-range,Apartment,1079,2,2,29,15,Unfurnished,1,0.3,43.66
Delhi NCR,Suburban,Independent House,1384,2,2,8,1,Semi-furnished,1,4.5,117.9
Chennai,Mid-range,Apartment,1509,3,3,26,1,Semi-furnished,0,2.1,91.06
Jaipur,Suburban,Builder Floor,1568,3,3,1,2,Unfurnished,1,2.3,59.45
Kolkata,Prime,Apartment,1017,2,1,18,21,Unfurnished,1,1.6,86.19
Hyderabad,Suburban,Apartment,757,1,1,14,6,Semi-furnished,0,3.9,34.82
Chennai,Prime,Independent House,1484,2,1,23,0,Semi-furnished,1,3.0,142.73
Jaipur,Prime,Apartment,1771,4,3,3,11,Furnished,2,2.8,151.75
Coimbatore,Mid-range,Builder Floor,944,2,2,0,0,Unfurnished,3,3.3,57.88
Kolkata,Prime,Apartment,1963,4,3,0,2,Semi-furnished,1,4.1,192.23
Jaipur,Prime,Apartment,689,1,1,7,14,Semi-furnished,2,3.0,57.54
Lucknow,Suburban,Apartment,867,2,2,18,11,Unfurnished,1,0.5,26.04
Chennai,Suburban,Apartment,721,1,1,0,16,Semi-furnished,3,2.7,51.98
Pune,Prime,Builder Floor,1386,3,4,11,0,Semi-furnished,1,0.4,168.88
Mumbai,Mid-range,Independent House,1403,2,2,11,0,Semi-furnished,1,9.2,287.32
Coimbatore,Prime,Apartment,1159,2,3,14,24,Semi-furnished,1,2.6,96.96
Lucknow,Suburban,Apartment,548,1,1,29,7,Unfurnished,1,2.8,15.67
Kolkata,Mid-range,Apartment,1375,3,2,12,10,Semi-furnished,0,0.3,87.23
Kochi,Mid-range,Apartment,1308,3,4,24,5,Semi-furnished,2,4.6,77.03
Kochi,Mid-range,Apartment,1532,3,2,30,10,Furnished,2,1.3,75.87
Chennai,Mid-range,Apartment,1848,4,4,29,16,Furnished,1,5.1,105.18
Chennai,Mid-range,Independent House,1465,2,2,25,2,Unfurnished,1,2.9,89.06
Kochi,Mid-range,Apartment,1517,3,4,9,2,Furnished,1,3.1,99.01
Delhi NCR,Mid-range,Apartment,1085,2,3,19,7,Semi-furnished,1,15.1,116.3
Bengaluru,Suburban,Apartment,1046,2,2,25,19,Furnished,0,1.8,50.56
Hyderabad,Suburban,Builder Floor,1844,4,5,18,2,Furnished,2,0.2,100.06
Mumbai,Suburban,Independent House,532,1,2,23,0,Unfurnished,1,6.4,66.36
Delhi NCR,Mid-range,Apartment,985,2,1,1,6,Semi-furnished,0,0.8,124.33
Chennai,Suburban,Independent House,1940,3,3,20,2,Semi-furnished,2,0.6,103.16
Coimbatore,Mid-range,Apartment,1099,2,2,17,14,Semi-furnished,1,2.1,52.75
Hyderabad,Suburban,Builder Floor,1027,2,2,6,2,Semi-furnished,1,12.0,50.95
Coimbatore,Mid-range,Apartment,1072,2,2,3,3,Semi-furnished,2,6.1,69.66
Jaipur,Suburban,Apartment,1073,2,1,4,21,Unfurnished,1,8.8,36.99
Coimbatore,Mid-range,Apartment,1193,2,1,29,14,Semi-furnished,2,0.2,54.75
Coimbatore,Mid-range,Independent House,2296,4,5,17,0,Unfurnished,3,3.5,122.25
Kolkata,Mid-range,Apartment,1441,3,3,14,8,Unfurnished,1,0.7,86.37
Kolkata,Prime,Apartment,1035,2,3,14,18,Semi-furnished,0,2.2,97.01
Mumbai,Suburban,Apartment,1156,2,2,27,2,Furnished,1,0.8,130.95
Delhi NCR,Suburban,Apartment,1119,2,2,15,5,Furnished,2,1.1,102.41
Chennai,Suburban,Builder Floor,674,1,2,6,1,Unfurnished,1,1.2,39.33
Kochi,Mid-range,Independent House,1327,2,2,13,0,Unfurnished,1,4.5,75.08
Hyderabad,Mid-range,Independent House,1129,2,1,28,0,Semi-furnished,1,0.3,72.22
Hyderabad,Prime,Apartment,1448,3,3,24,22,Furnished,2,7.0,138.05
Lucknow,Mid-range,Independent House,2153,4,4,21,0,Semi-furnished,1,2.8,96.55
Kochi,Suburban,Apartment,1388,3,3,18,0,Semi-furnished,2,3.3,54.07
Pune,Mid-range,Apartment,980,2,1,16,17,Semi-furnished,1,6.6,78.71
Kochi,Prime,Apartment,1511,3,3,7,8,Furnished,3,2.2,164.54
Kochi,Mid-range,Apartment,1446,3,3,14,25,Furnished,1,0.2,99.75
Ahmedabad,Mid-range,Apartment,1465,3,3,24,24,Unfurnished,1,18.9,57.06
Delhi NCR,Prime,Apartment,683,1,1,21,10,Semi-furnished,2,9.8,96.47
Mumbai,Mid-range,Apartment,1686,4,3,6,1,Unfurnished,1,0.6,373.2
Mumbai,Prime,Apartment,1200,2,3,17,6,Semi-furnished,2,13.7,341.29
Bengaluru,Mid-range,Independent House,1369,2,2,8,0,Furnished,2,0.5,149.23
Chennai,Prime,Apartment,852,1,1,9,15,Furnished,1,5.7,107.53
Jaipur,Suburban,Apartment,1446,3,2,13,8,Semi-furnished,3,0.4,60.68
Kochi,Mid-range,Independent House,1886,3,3,14,1,Unfurnished,1,1.6,121.85
Kolkata,Suburban,Independent House,1420,2,2,24,1,Unfurnished,1,0.3,55.98
Kolkata,Prime,Apartment,1817,4,4,17,23,Semi-furnished,1,4.0,172.18
Bengaluru,Suburban,Apartment,1390,3,3,19,9,Unfurnished,1,2.9,80.72
Jaipur,Mid-range,Independent House,1752,3,2,12,1,Unfurnished,1,0.5,86.67
Ahmedabad,Suburban,Independent House,1292,2,2,22,0,Semi-furnished,1,2.6,44.79
Kolkata,Prime,Villa,727,1,1,9,2,Furnished,0,0.6,98.82
Mumbai,Prime,Independent House,1777,3,3,2,2,Furnished,2,0.2,728.07
Hyderabad,Prime,Independent House,1817,3,3,2,1,Unfurnished,1,3.6,218.22
Pune,Suburban,Builder Floor,1780,4,4,28,1,Furnished,0,5.4,69.37
Delhi NCR,Suburban,Apartment,1087,2,2,0,24,Semi-furnished,1,2.4,100.61
Jaipur,Suburban,Apartment,952,2,2,25,8,Semi-furnished,2,0.2,32.38
Ahmedabad,Mid-range,Apartment,1415,3,3,6,16,Semi-furnished,1,2.9,81.66
Kochi,Prime,Builder Floor,1179,2,2,23,1,Semi-furnished,1,1.1,104.78
Pune,Mid-range,Apartment,1409,3,3,1,22,Unfurnished,1,1.3,132.82
Coimbatore,Mid-range,Apartment,1704,4,4,1,21,Unfurnished,1,4.5,112.68
Ahmedabad,Mid-range,Apartment,1155,2,2,25,8,Furnished,0,8.1,49.39
Ahmedabad,Suburban,Villa,1998,3,3,3,1,Semi-furnished,2,12.6,102.67
Pune,Suburban,Apartment,1196,2,1,3,9,Unfurnished,1,1.5,65.48
Ahmedabad,Mid-range,Apartment,771,1,1,29,5,Unfurnished,0,1.1,26.49
Kochi,Prime,Independent House,1366,2,2,1,1,Semi-furnished,1,10.6,152.5
Ahmedabad,Suburban,Apartment,1534,3,3,25,9,Unfurnished,1,0.2,46.17
Pune,Suburban,Apartment,1447,3,3,10,2,Unfurnished,2,1.5,81.72
Mumbai,Mid-range,Villa,579,1,1,26,2,Semi-furnished,0,1.9,117.53
Delhi NCR,Suburban,Independent House,1950,3,4,24,1,Unfurnished,1,2.5,119.0
Kolkata,Suburban,Builder Floor,1245,2,2,6,2,Semi-furnished,0,2.9,55.87
Kolkata,Suburban,Apartment,648,1,1,14,17,Unfurnished,2,0.9,36.68
Chennai,Suburban,Apartment,1188,2,1,30,12,Semi-furnished,1,8.6,47.14
Hyderabad,Suburban,Apartment,1144,2,2,19,2,Semi-furnished,1,4.3,49.91
Delhi NCR,Prime,Apartment,350,1,1,22,6,Furnished,3,5.4,61.29
Mumbai,Mid-range,Independent House,2991,5,5,7,0,Furnished,1,4.9,690.09
Jaipur,Mid-range,Villa,2204,4,5,5,1,Semi-furnished,1,1.0,140.34
Jaipur,Mid-range,Apartment,1427,3,3,1,19,Furnished,1,1.1,87.12
Mumbai,Prime,Apartment,1645,3,3,5,12,Semi-furnished,2,0.7,641.53
Mumbai,Mid-range,Apartment,2305,5,6,3,22,Furnished,0,0.4,620.45
Ahmedabad,Mid-range,Apartment,1924,4,4,3,11,Furnished,0,3.0,109.43
Coimbatore,Suburban,Apartment,1873,4,3,1,25,Furnished,1,5.4,79.97
Coimbatore,Mid-range,Apartment,2233,5,6,21,0,Semi-furnished,0,3.5,94.86
Mumbai,Prime,Apartment,1151,2,1,23,18,Unfurnished,1,0.8,374.6
Bengaluru,Suburban,Apartment,1886,4,5,12,7,Semi-furnished,1,16.4,97.99
Lucknow,Mid-range,Apartment,1090,2,2,16,7,Semi-furnished,1,0.8,44.95
Chennai,Prime,Apartment,1419,3,3,2,10,Unfurnished,0,1.0,165.57
Chennai,Mid-range,Apartment,1085,2,2,6,16,Unfurnished,0,16.3,81.03
Ahmedabad,Mid-range,Apartment,1791,4,4,23,24,Furnished,1,2.0,97.27
Chennai,Mid-range,Villa,1282,2,2,19,2,Unfurnished,1,2.8,98.65
Chennai,Prime,Builder Floor,955,2,2,0,1,Furnished,2,0.2,108.62
Coimbatore,Mid-range,Apartment,1460,3,3,14,5,Semi-furnished,1,9.3,62.6
Lucknow,Prime,Apartment,2324,5,5,8,5,Semi-furnished,1,0.5,177.35
Coimbatore,Mid-range,Independent House,2295,4,3,8,1,Semi-furnished,0,1.5,125.13
Coimbatore,Suburban,Apartment,1562,3,2,4,2,Semi-furnished,3,9.0,64.75
Pune,Suburban,Builder Floor,1316,3,2,21,2,Semi-furnished,1,11.4,54.09
Kochi,Prime,Apartment,1233,2,3,5,18,Semi-furnished,0,4.1,132.78
Kolkata,Suburban,Apartment,2231,5,5,8,17,Unfurnished,1,8.7,97.0
Jaipur,Suburban,Apartment,731,1,1,8,8,Unfurnished,2,0.3,33.99
Mumbai,Mid-range,Builder Floor,1236,2,1,18,1,Semi-furnished,2,1.0,213.99
Kolkata,Mid-range,Builder Floor,1440,3,3,1,1,Unfurnished,0,6.7,86.86
Pune,Suburban,Apartment,1623,3,3,9,9,Unfurnished,1,3.6,92.88
Lucknow,Suburban,Independent House,1689,3,3,5,1,Furnished,2,0.2,69.85
Delhi NCR,Suburban,Apartment,1105,2,1,30,19,Semi-furnished,1,10.2,60.82
Delhi NCR,Prime,Apartment,1179,2,2,8,6,Semi-furnished,1,8.8,198.03
Lucknow,Mid-range,Apartment,1023,2,2,3,9,Unfurnished,1,4.2,56.36
Mumbai,Prime,Apartment,1887,4,4,0,17,Semi-furnished,1,0.2,693.04
Coimbatore,Suburban,Independent House,1327,2,2,28,0,Semi-furnished,1,11.9,33.65
Ahmedabad,Mid-range,Apartment,1118,2,2,21,19,Furnished,1,9.2,54.26
Kolkata,Suburban,Apartment,724,1,2,29,10,Semi-furnished,1,2.6,30.64
Coimbatore,Suburban,Apartment,1420,3,3,6,3,Furnished,1,1.6,56.21
Jaipur,Mid-range,Apartment,1912,4,4,20,6,Unfurnished,0,0.2,80.8
Ahmedabad,Suburban,Apartment,1531,3,3,30,14,Unfurnished,2,4.8,47.5
Kochi,Suburban,Apartment,914,2,3,19,11,Semi-furnished,0,7.4,37.15
Kochi,Mid-range,Apartment,1428,3,4,22,24,Unfurnished,1,6.1,84.11
Pune,Suburban,Independent House,1841,3,4,8,0,Semi-furnished,1,0.8,118.68
Mumbai,Mid-range,Apartment,1080,2,3,21,21,Unfurnished,1,1.1,229.55
Chennai,Prime,Apartment,1819,4,5,28,7,Furnished,2,7.2,168.34
Kolkata,Prime,Builder Floor,1247,2,2,4,2,Furnished,1,0.3,139.84
Bengaluru,Suburban,Apartment,1218,2,3,15,19,Semi-furnished,0,0.2,74.37
Bengaluru,Prime,Apartment,685,1,1,4,15,Semi-furnished,1,18.7,100.78
Bengaluru,Mid-range,Apartment,1038,2,2,26,24,Unfurnished,0,4.6,73.65
Ahmedabad,Mid-range,Builder Floor,1464,3,3,7,0,Semi-furnished,1,7.9,69.41
Kolkata,Suburban,Apartment,1225,2,1,21,7,Unfurnished,1,11.8,48.56
Coimbatore,Prime,Apartment,1949,4,4,20,5,Semi-furnished,1,2.2,121.45
Kolkata,Suburban,Apartment,1285,3,3,8,1,Furnished,1,0.4,65.85
Mumbai,Prime,Apartment,1086,2,1,6,21,Furnished,0,0.9,413.35
Lucknow,Suburban,Apartment,1157,2,2,25,2,Furnished,3,2.5,47.48
Pune,Prime,Independent House,1515,2,2,14,2,Semi-furnished,1,5.5,176.44
Lucknow,Suburban,Apartment,500,1,1,28,15,Semi-furnished,1,0.5,17.79
Lucknow,Suburban,Apartment,1340,3,4,11,15,Unfurnished,0,7.3,39.05
Pune,Prime,Apartment,1875,4,4,17,13,Semi-furnished,0,1.9,188.98
Delhi NCR,Prime,Apartment,1496,3,4,27,3,Furnished,1,2.8,225.13
Jaipur,Suburban,Apartment,1367,3,3,30,4,Semi-furnished,1,12.3,36.19
Lucknow,Mid-range,Apartment,1110,2,3,10,15,Semi-furnished,1,2.4,57.85
Kolkata,Mid-range,Independent House,1363,2,3,8,2,Semi-furnished,1,5.1,91.68
Kochi,Mid-range,Independent House,1419,2,1,23,0,Semi-furnished,0,8.5,69.16
Jaipur,Suburban,Apartment,604,1,2,22,21,Furnished,2,0.3,26.34
Hyderabad,Mid-range,Apartment,1809,4,4,20,4,Unfurnished,1,9.1,108.59
Delhi NCR,Suburban,Builder Floor,1423,3,2,12,2,Semi-furnished,1,5.2,98.66
Jaipur,Suburban,Villa,647,1,1,29,1,Unfurnished,2,4.2,25.74
Pune,Suburban,Apartment,1359,3,3,30,5,Semi-furnished,1,1.3,63.03
Delhi NCR,Mid-range,Apartment,1122,2,2,5,1,Semi-furnished,2,1.7,148.93
Lucknow,Mid-range,Villa,1301,2,1,10,2,Unfurnished,1,3.8,74.52
Lucknow,Mid-range,Apartment,1411,3,4,4,7,Furnished,1,2.5,81.53
Ahmedabad,Suburban,Apartment,1355,2,1,0,1,Semi-furnished,0,1.2,51.82
Lucknow,Suburban,Apartment,579,1,1,18,4,Unfurnished,0,7.8,14.69
Bengaluru,Suburban,Builder Floor,1538,3,2,2,0,Semi-furnished,2,1.9,107.52
Hyderabad,Suburban,Villa,1463,2,1,20,2,Unfurnished,0,1.6,82.93
Jaipur,Prime,Apartment,1921,4,5,28,6,Furnished,0,2.7,116.61
Bengaluru,Mid-range,Apartment,1499,3,2,16,20,Semi-furnished,2,0.2,128.43
Pune,Suburban,Independent House,1490,2,2,7,1,Semi-furnished,2,4.7,87.03
Jaipur,Prime,Apartment,785,1,1,1,5,Semi-furnished,0,3.9,58.82
Kochi,Suburban,Apartment,1207,2,1,23,11,Semi-furnished,1,0.9,43.23
Lucknow,Mid-range,Apartment,1463,3,3,11,11,Semi-furnished,0,0.2,65.49
Chennai,Mid-range,Apartment,678,1,1,10,5,Furnished,1,4.9,50.67
Kochi,Mid-range,Villa,1749,3,3,21,0,Furnished,1,0.4,132.98
Bengaluru,Prime,Independent House,2473,4,5,4,1,Unfurnished,0,7.5,365.08
Jaipur,Mid-range,Villa,1798,3,4,17,1,Semi-furnished,1,1.8,107.41
Chennai,Mid-range,Apartment,1905,4,4,7,8,Semi-furnished,1,8.0,136.97
Hyderabad,Prime,Builder Floor,1109,2,2,8,1,Unfurnished,1,3.5,128.96
Delhi NCR,Mid-range,Apartment,1150,2,2,23,13,Furnished,3,2.1,129.04
Hyderabad,Suburban,Builder Floor,1000,2,2,12,1,Semi-furnished,1,2.9,52.05
Kolkata,Prime,Apartment,1390,3,4,10,25,Semi-furnished,1,9.8,139.81
Lucknow,Suburban,Apartment,484,1,1,17,6,Semi-furnished,2,1.3,20.51
Coimbatore,Suburban,Apartment,1513,3,4,3,12,Unfurnished,0,13.2,51.29
Ahmedabad,Prime,Apartment,1573,3,2,0,25,Furnished,1,2.8,187.15
Delhi NCR,Mid-range,Independent House,857,1,1,11,2,Semi-furnished,0,5.1,102.18
Ahmedabad,Suburban,Apartment,494,1,1,6,8,Semi-furnished,1,4.3,22.09
Jaipur,Mid-range,Apartment,1612,3,2,30,9,Semi-furnished,1,3.0,59.69
Lucknow,Mid-range,Villa,1827,3,3,30,0,Furnished,1,1.4,81.81
Jaipur,Suburban,Independent House,2907,5,5,2,2,Semi-furnished,1,3.5,104.68
Mumbai,Suburban,Apartment,1482,3,2,11,5,Furnished,1,1.6,228.58
Chennai,Prime,Builder Floor,1564,3,4,21,1,Furnished,1,1.1,161.02
Jaipur,Mid-range,Apartment,671,1,1,15,20,Semi-furnished,1,2.9,35.9
Chennai,Suburban,Independent House,2287,4,4,21,2,Unfurnished,1,1.6,106.58
Kochi,Suburban,Apartment,1489,3,3,15,15,Semi-furnished,1,1.5,62.57
Lucknow,Suburban,Apartment,1014,2,1,7,11,Furnished,1,5.6,36.31
Coimbatore,Mid-range,Apartment,1432,3,4,25,15,Unfurnished,1,1.1,58.77
Pune,Mid-range,Villa,1401,2,3,2,1,Unfurnished,2,1.5,163.62
Kochi,Suburban,Apartment,1432,3,3,9,12,Unfurnished,2,6.8,62.56
Pune,Mid-range,Builder Floor,1371,3,3,18,2,Semi-furnished,2,2.0,94.68
Jaipur,Mid-range,Apartment,515,1,2,0,9,Unfurnished,1,4.7,33.43
Hyderabad,Mid-range,Apartment,1485,3,2,9,8,Semi-furnished,1,1.0,118.21
Bengaluru,Mid-range,Independent House,1895,3,3,29,1,Semi-furnished,1,1.4,134.21
Pune,Mid-range,Apartment,1144,2,2,29,20,Semi-furnished,1,2.0,73.84
Kolkata,Suburban,Apartment,1506,3,4,27,24,Semi-furnished,0,3.3,51.79
Kochi,Mid-range,Apartment,1112,2,3,17,0,Furnished,2,1.6,77.84
Bengaluru,Suburban,Villa,1433,2,2,5,2,Semi-furnished,0,0.7,124.12
Bengaluru,Prime,Villa,1343,2,1,30,0,Semi-furnished,0,0.3,154.84
Pune,Mid-range,Apartment,1150,2,2,26,12,Unfurnished,0,1.5,78.46
Mumbai,Prime,Apartment,1401,3,4,0,1,Semi-furnished,1,1.0,560.71
Kochi,Suburban,Apartment,1369,3,4,9,17,Furnished,2,6.7,77.07
Jaipur,Prime,Apartment,1159,2,2,28,11,Unfurnished,0,2.0,60.85
Kochi,Mid-range,Apartment,929,2,2,20,9,Furnished,1,9.3,49.99
Ahmedabad,Mid-range,Apartment,1101,2,3,7,17,Unfurnished,2,7.8,72.74
Kolkata,Prime,Builder Floor,745,1,1,0,0,Furnished,2,0.2,85.06
Chennai,Prime,Apartment,1012,2,2,8,23,Semi-furnished,1,13.4,103.29
Hyderabad,Mid-range,Apartment,1561,3,3,2,5,Semi-furnished,2,5.3,135.46
Bengaluru,Mid-range,Apartment,1485,3,4,14,9,Furnished,0,4.7,136.48
Coimbatore,Suburban,Apartment,529,1,1,30,12,Semi-furnished,2,3.7,23.09
Hyderabad,Mid-range,Builder Floor,1283,3,4,23,1,Unfurnished,0,4.5,71.41
Jaipur,Suburban,Apartment,1063,2,2,18,10,Unfurnished,1,0.2,33.91
Mumbai,Suburban,Apartment,1463,3,3,24,22,Semi-furnished,3,4.8,191.97
Kolkata,Mid-range,Builder Floor,1451,3,2,15,0,Unfurnished,0,4.7,68.22
Coimbatore,Mid-range,Apartment,1863,4,3,9,16,Semi-furnished,1,0.2,94.62
Chennai,Mid-range,Apartment,1897,4,4,3,6,Unfurnished,1,1.7,144.96
Hyderabad,Prime,Builder Floor,1191,2,3,14,1,Furnished,1,7.8,130.34
Bengaluru,Mid-range,Apartment,1398,3,4,22,4,Semi-furnished,1,2.9,100.47
Mumbai,Suburban,Apartment,1080,2,3,23,12,Semi-furnished,1,2.1,135.16
Kochi,Mid-range,Builder Floor,1411,3,2,7,1,Semi-furnished,2,0.4,95.64
Jaipur,Prime,Apartment,669,1,1,25,18,Semi-furnished,1,1.8,42.01
Ahmedabad,Suburban,Independent House,2125,3,3,27,1,Semi-furnished,3,0.4,77.69
Bengaluru,Suburban,Apartment,1477,3,4,7,2,Semi-furnished,1,2.3,102.38
Ahmedabad,Mid-range,Apartment,1484,3,4,16,16,Unfurnished,0,0.4,74.56
Hyderabad,Mid-range,Independent House,1238,2,3,28,0,Semi-furnished,1,1.3,71.19
Pune,Mid-range,Villa,2300,4,4,22,0,Semi-furnished,2,2.9,198.9
Jaipur,Mid-range,Apartment,1376,3,4,18,1,Unfurnished,0,2.2,47.55
Delhi NCR,Mid-range,Apartment,1526,3,3,29,12,Furnished,1,18.0,139.05
Kolkata,Mid-range,Apartment,1969,4,4,13,14,Semi-furnished,2,1.8,133.3
Delhi NCR,Prime,Apartment,614,1,1,30,23,Furnished,1,2.8,93.84
Kolkata,Prime,Apartment,1167,2,3,28,16,Semi-furnished,3,10.4,96.74
Hyderabad,Suburban,Apartment,976,2,2,30,4,Unfurnished,1,11.5,32.48
Kolkata,Suburban,Independent House,1227,2,2,25,2,Semi-furnished,1,0.8,46.33
Bengaluru,Mid-range,Apartment,1513,3,3,14,25,Semi-furnished,3,0.5,141.12
Lucknow,Suburban,Apartment,1423,3,3,9,12,Unfurnished,1,8.3,47.69
Delhi NCR,Suburban,Apartment,1373,3,4,11,6,Unfurnished,1,1.0,99.99
Chennai,Prime,Apartment,1082,2,1,4,14,Unfurnished,1,25.0,120.28
Kochi,Mid-range,Apartment,1111,2,1,18,5,Semi-furnished,2,4.0,67.67
Coimbatore,Mid-range,Builder Floor,639,1,1,6,0,Unfurnished,1,2.6,32.92
Hyderabad,Suburban,Independent House,2823,5,5,10,2,Furnished,0,12.0,135.8
Kolkata,Prime,Builder Floor,1152,2,2,9,1,Semi-furnished,1,19.7,97.82
Delhi NCR,Suburban,Apartment,1134,2,2,6,4,Semi-furnished,0,7.7,86.76
Kolkata,Prime,Apartment,444,1,1,27,13,Unfurnished,2,0.5,37.97
Ahmedabad,Suburban,Apartment,1225,2,2,26,10,Semi-furnished,1,1.2,39.9
Delhi NCR,Mid-range,Apartment,1463,3,3,7,13,Unfurnished,1,1.1,169.78
Lucknow,Mid-range,Apartment,1455,3,2,0,15,Semi-furnished,1,11.7,69.74
Chennai,Mid-range,Apartment,546,1,1,12,21,Semi-furnished,2,6.4,43.04
Chennai,Mid-range,Independent House,936,1,1,15,0,Furnished,2,8.7,81.68
Jaipur,Suburban,Apartment,856,1,2,25,13,Semi-furnished,2,6.0,32.81
Lucknow,Mid-range,Apartment,1492,3,2,0,19,Unfurnished,1,9.6,71.3
Delhi NCR,Suburban,Apartment,1240,2,2,28,8,Furnished,2,3.6,84.28
Coimbatore,Suburban,Apartment,1239,2,2,25,1,Unfurnished,2,0.3,43.45
Delhi NCR,Prime,Independent House,702,1,2,8,0,Unfurnished,2,2.0,146.22
Kolkata,Suburban,Builder Floor,1445,3,2,15,2,Semi-furnished,1,3.3,60.11
Coimbatore,Mid-range,Apartment,940,2,3,22,19,Semi-furnished,2,0.2,52.14
Coimbatore,Suburban,Apartment,1332,3,4,10,2,Unfurnished,3,1.5,54.95
Pune,Mid-range,Apartment,1461,3,4,1,10,Unfurnished,2,3.6,131.77
Coimbatore,Suburban,Apartment,976,2,2,23,10,Furnished,1,1.6,37.34
Ahmedabad,Mid-range,Independent House,1412,2,1,14,1,Furnished,1,8.6,77.38
Delhi NCR,Mid-range,Apartment,1515,3,3,29,0,Semi-furnished,0,0.4,138.98
Chennai,Mid-range,Apartment,1874,4,4,29,19,Unfurnished,1,5.8,109.63
Hyderabad,Mid-range,Apartment,988,2,1,10,12,Furnished,0,1.8,73.88
Delhi NCR,Prime,Apartment,989,2,3,19,13,Furnished,1,3.9,167.04
Delhi NCR,Prime,Villa,2225,4,5,14,1,Semi-furnished,2,1.0,511.47
Chennai,Suburban,Independent House,1921,3,4,26,2,Semi-furnished,0,4.8,78.56
Pune,Mid-range,Villa,2047,3,3,0,1,Semi-furnished,2,1.8,229.26
Ahmedabad,Mid-range,Apartment,1387,3,4,29,4,Semi-furnished,2,0.7,63.97
Chennai,Prime,Apartment,1106,2,2,23,3,Unfurnished,1,7.0,104.49
Jaipur,Suburban,Apartment,1385,3,4,29,19,Semi-furnished,0,1.2,37.47
Mumbai,Suburban,Builder Floor,1057,2,3,3,2,Unfurnished,2,1.2,170.69
Coimbatore,Suburban,Villa,2251,4,3,4,0,Semi-furnished,1,5.6,96.48
Mumbai,Mid-range,Apartment,655,1,1,0,19,Semi-furnished,0,11.5,180.8
Kochi,Prime,Apartment,1285,3,3,24,5,Unfurnished,2,6.7,116.77
Kochi,Suburban,Builder Floor,1065,2,3,28,2,Unfurnished,0,3.8,33.13
Kolkata,Suburban,Builder Floor,1027,2,1,11,0,Semi-furnished,1,10.3,44.52
Coimbatore,Suburban,Apartment,645,1,1,29,1,Unfurnished,2,4.0,23.19
Pune,Prime,Apartment,697,1,1,12,16,Semi-furnished,1,0.2,89.49
Hyderabad,Mid-range,Independent House,1278,2,3,11,1,Semi-furnished,1,0.3,105.2
Pune,Suburban,Apartment,1265,2,1,21,6,Semi-furnished,0,2.1,56.94
Hyderabad,Prime,Apartment,1141,2,2,13,8,Semi-furnished,1,1.1,113.82
Pune,Suburban,Apartment,730,1,1,18,8,Unfurnished,1,0.5,40.48
Pune,Suburban,Builder Floor,1097,2,3,5,0,Unfurnished,1,1.3,67.25
Ahmedabad,Mid-range,Builder Floor,1440,3,4,16,2,Unfurnished,3,2.7,69.84
Delhi NCR,Prime,Apartment,986,2,3,2,6,Unfurnished,2,3.1,181.71
Coimbatore,Suburban,Apartment,1493,3,2,7,22,Unfurnished,1,0.5,57.52
Jaipur,Suburban,Builder Floor,1506,3,3,0,0,Semi-furnished,0,1.3,56.39
Lucknow,Suburban,Apartment,1081,2,2,12,21,Furnished,2,2.0,47.86
Pune,Prime,Apartment,664,1,1,27,21,Unfurnished,1,0.9,66.23
Jaipur,Mid-range,Apartment,1099,2,2,26,17,Furnished,0,4.8,45.21
Ahmedabad,Suburban,Apartment,728,1,1,10,17,Semi-furnished,1,8.8,29.73
Lucknow,Prime,Apartment,1020,2,1,25,19,Semi-furnished,1,3.1,63.29
Kolkata,Suburban,Builder Floor,1092,2,1,5,2,Semi-furnished,2,1.6,57.57
Chennai,Suburban,Apartment,966,2,1,7,9,Furnished,1,3.3,51.26
Pune,Mid-range,Apartment,765,1,2,12,21,Unfurnished,1,2.3,60.59
Lucknow,Mid-range,Apartment,1547,3,2,30,18,Furnished,1,7.9,59.0
Hyderabad,Mid-range,Apartment,2325,5,4,22,1,Semi-furnished,2,0.2,150.25
Kolkata,Suburban,Builder Floor,1057,2,3,25,1,Furnished,1,3.4,41.11
Ahmedabad,Prime,Independent House,1902,3,2,4,0,Unfurnished,2,7.7,163.95
Delhi NCR,Suburban,Independent House,1989,3,4,14,2,Unfurnished,1,3.9,149.05
Kochi,Mid-range,Builder Floor,1548,3,2,25,1,Furnished,1,10.5,74.53
Mumbai,Mid-range,Builder Floor,1461,3,3,17,2,Semi-furnished,1,10.7,242.19
Bengaluru,Mid-range,Apartment,1185,2,3,9,14,Semi-furnished,1,0.5,108.14
Mumbai,Mid-range,Independent House,790,1,1,10,0,Semi-furnished,1,2.6,206.42
Jaipur,Prime,Apartment,1539,3,3,16,0,Unfurnished,1,1.2,109.3
Ahmedabad,Mid-range,Apartment,557,1,1,20,20,Unfurnished,1,0.2,32.44
Coimbatore,Suburban,Apartment,1447,3,2,15,10,Semi-furnished,1,0.3,56.38
Delhi NCR,Mid-range,Independent House,1826,3,4,8,1,Semi-furnished,2,0.6,223.14
Hyderabad,Suburban,Independent House,763,1,1,5,2,Semi-furnished,1,0.5,43.23
Delhi NCR,Prime,Apartment,1224,2,1,28,23,Unfurnished,1,4.3,155.42
Delhi NCR,Mid-range,Apartment,1086,2,3,27,17,Semi-furnished,0,7.3,92.84
Hyderabad,Prime,Apartment,1137,2,2,8,4,Unfurnished,1,0.2,139.89
Delhi NCR,Suburban,Builder Floor,745,1,1,18,1,Furnished,2,0.2,63.09
Jaipur,Mid-range,Independent House,1269,2,2,17,0,Furnished,1,1.0,60.73
Mumbai,Suburban,Apartment,1809,4,4,10,23,Unfurnished,0,5.5,248.72
Hyderabad,Mid-range,Apartment,656,1,1,11,17,Semi-furnished,1,0.2,58.57
Bengaluru,Prime,Apartment,637,1,2,15,5,Furnished,2,2.4,93.48
Bengaluru,Mid-range,Builder Floor,1946,4,3,14,2,Semi-furnished,1,0.3,148.17
Bengaluru,Mid-range,Independent House,720,1,2,6,0,Unfurnished,1,1.8,79.01
Coimbatore,Mid-range,Builder Floor,1780,4,4,4,1,Unfurnished,3,13.1,93.07
Coimbatore,Suburban,Apartment,1049,2,2,21,2,Unfurnished,2,0.7,38.38
Kolkata,Mid-range,Independent House,2011,3,3,16,0,Semi-furnished,2,6.1,112.73
Delhi NCR,Mid-range,Apartment,1085,2,1,28,20,Unfurnished,2,7.4,95.87
Delhi NCR,Mid-range,Apartment,712,1,1,24,8,Semi-furnished,0,0.9,69.47
Pune,Mid-range,Independent House,1455,2,1,5,1,Furnished,1,1.1,136.19
Ahmedabad,Mid-range,Apartment,1414,3,3,4,7,Semi-furnished,1,2.4,82.91
Jaipur,Mid-range,Builder Floor,1112,2,2,21,2,Unfurnished,1,11.4,40.97
Delhi NCR,Suburban,Independent House,1885,3,3,11,2,Semi-furnished,1,0.7,168.91
Bengaluru,Suburban,Independent House,1398,2,2,18,2,Furnished,1,3.9,91.36
Coimbatore,Mid-range,Apartment,1814,4,4,10,1,Semi-furnished,1,2.3,89.48
Lucknow,Suburban,Villa,1315,2,1,15,1,Furnished,1,6.8,49.11
Ahmedabad,Suburban,Builder Floor,1104,2,3,5,0,Semi-furnished,0,6.5,41.15
Kolkata,Mid-range,Builder Floor,1141,2,2,5,0,Unfurnished,1,0.6,71.06
Chennai,Prime,Builder Floor,1698,4,3,15,2,Unfurnished,1,3.3,171.45
Ahmedabad,Mid-range,Builder Floor,1078,2,2,22,0,Unfurnished,2,1.9,58.18
Mumbai,Mid-range,Builder Floor,1268,2,2,3,2,Unfurnished,1,3.6,258.34
Lucknow,Mid-range,Independent House,1697,3,4,0,1,Furnished,1,0.2,112.15
Kochi,Mid-range,Apartment,1341,3,3,8,10,Semi-furnished,1,0.9,83.05
Kolkata,Suburban,Builder Floor,1494,3,2,1,0,Semi-furnished,0,2.4,65.04
Lucknow,Prime,Builder Floor,1079,2,2,8,0,Unfurnished,3,1.2,81.71
Bengaluru,Suburban,Villa,1662,3,4,2,1,Semi-furnished,0,19.6,126.92
Ahmedabad,Prime,Apartment,980,2,2,18,20,Unfurnished,0,0.2,69.76
Delhi NCR,Prime,Apartment,1159,2,3,14,7,Semi-furnished,1,10.8,177.72
Mumbai,Suburban,Apartment,621,1,1,14,14,Unfurnished,1,10.7,82.85
Lucknow,Suburban,Apartment,1916,4,4,24,18,Furnished,0,9.7,47.04
Jaipur,Mid-range,Apartment,1483,3,2,26,14,Unfurnished,1,1.2,61.43
Hyderabad,Suburban,Builder Floor,1354,3,3,18,0,Semi-furnished,1,10.5,55.21
Hyderabad,Mid-range,Apartment,1517,3,3,8,17,Furnished,1,1.9,125.77
Hyderabad,Suburban,Apartment,1116,2,1,0,18,Furnished,2,6.3,73.28
Pune,Mid-range,Apartment,1141,2,3,17,13,Unfurnished,0,1.2,83.07
Lucknow,Suburban,Apartment,574,1,1,28,21,Furnished,1,18.5,17.23
Ahmedabad,Mid-range,Apartment,999,2,1,30,3,Semi-furnished,1,1.8,45.73
Bengaluru,Mid-range,Apartment,1896,4,5,17,22,Semi-furnished,2,3.1,159.5
Ahmedabad,Prime,Independent House,1453,2,1,3,1,Unfurnished,2,4.2,138.7
Kolkata,Prime,Apartment,1863,4,3,17,13,Furnished,1,2.9,179.01
Lucknow,Mid-range,Builder Floor,715,1,1,15,1,Semi-furnished,1,3.2,33.64
Lucknow,Suburban,Apartment,1120,2,3,14,3,Unfurnished,1,6.0,39.61
Mumbai,Prime,Villa,2401,4,3,2,0,Furnished,0,2.0,1341.18
Bengaluru,Mid-range,Apartment,1894,4,5,13,20,Unfurnished,1,5.8,150.43
Hyderabad,Mid-range,Apartment,547,1,1,14,5,Semi-furnished,1,2.9,41.67
Pune,Prime,Independent House,1248,2,2,26,0,Semi-furnished,0,9.4,110.71
Jaipur,Mid-range,Independent House,1411,2,2,22,2,Semi-furnished,2,3.0,63.18
Chennai,Mid-range,Independent House,805,1,1,6,0,Semi-furnished,2,5.2,75.72
Coimbatore,Mid-range,Builder Floor,1886,4,4,29,1,Semi-furnished,0,7.9,64.79
Lucknow,Mid-range,Apartment,1618,3,3,5,23,Semi-furnished,0,3.5,80.68
Jaipur,Mid-range,Builder Floor,1548,3,3,22,0,Furnished,1,10.4,58.39
Kochi,Suburban,Apartment,1508,3,2,13,6,Semi-furnished,2,6.8,64.88
Coimbatore,Prime,Independent House,800,1,1,14,0,Furnished,1,0.5,64.19
Hyderabad,Prime,Apartment,1235,2,2,4,5,Unfurnished,2,0.5,163.56
Delhi NCR,Mid-range,Apartment,1479,3,3,16,2,Unfurnished,0,9.9,129.53
Coimbatore,Suburban,Independent House,2002,3,4,10,2,Unfurnished,3,0.2,86.36
Kochi,Suburban,Apartment,671,1,1,20,11,Unfurnished,1,2.5,31.85
Bengaluru,Mid-range,Apartment,1699,3,3,9,14,Semi-furnished,1,8.4,145.25
Coimbatore,Suburban,Apartment,1420,3,2,11,25,Unfurnished,2,0.2,56.8
Coimbatore,Mid-range,Apartment,728,1,2,1,22,Semi-furnished,1,1.6,50.63
Kolkata,Suburban,Independent House,1852,3,3,7,2,Unfurnished,0,8.6,73.28
Ahmedabad,Mid-range,Apartment,1053,2,2,29,21,Semi-furnished,1,7.5,44.86
Pune,Mid-range,Apartment,1142,2,3,16,0,Semi-furnished,2,3.4,84.74
Hyderabad,Suburban,Independent House,2267,4,4,12,1,Semi-furnished,1,1.0,135.67
Delhi NCR,Suburban,Apartment,1190,2,2,15,18,Unfurnished,0,0.2,88.74
Ahmedabad,Mid-range,Apartment,1248,2,2,2,0,Semi-furnished,2,1.1,77.85
Lucknow,Suburban,Builder Floor,1036,2,1,25,0,Unfurnished,1,5.1,25.95
Pune,Prime,Apartment,1789,4,3,10,11,Semi-furnished,1,2.5,198.17
Bengaluru,Mid-range,Apartment,688,1,1,5,10,Semi-furnished,3,2.2,79.7
Bengaluru,Suburban,Apartment,1028,2,1,6,1,Semi-furnished,0,1.3,68.03
Ahmedabad,Mid-range,Apartment,1726,4,5,16,8,Furnished,1,6.2,95.15
Kochi,Mid-range,Apartment,1504,3,3,13,1,Semi-furnished,1,3.0,97.18
Pune,Mid-range,Builder Floor,1083,2,1,4,0,Unfurnished,1,9.3,88.64
Ahmedabad,Mid-range,Independent House,1425,2,2,27,1,Furnished,1,0.4,70.04
Jaipur,Suburban,Apartment,1838,4,4,4,11,Unfurnished,1,2.3,74.33
Delhi NCR,Prime,Independent House,700,1,1,1,2,Furnished,3,7.5,162.44
Kochi,Suburban,Apartment,742,1,1,10,17,Unfurnished,1,0.7,39.56
Chennai,Mid-range,Villa,1278,2,1,2,0,Semi-furnished,1,0.2,143.38
Bengaluru,Mid-range,Independent House,1860,3,3,11,0,Unfurnished,0,6.4,155.83
Mumbai,Mid-range,Apartment,1438,3,3,9,16,Semi-furnished,3,1.2,359.6
Ahmedabad,Suburban,Apartment,1032,2,2,20,4,Unfurnished,0,1.0,32.35
Ahmedabad,Mid-range,Villa,1864,3,3,13,2,Furnished,1,1.2,124.92
Bengaluru,Prime,Independent House,1954,3,2,17,2,Semi-furnished,1,2.6,264.88
Mumbai,Mid-range,Apartment,1909,4,4,8,21,Furnished,0,2.2,445.0
Coimbatore,Mid-range,Apartment,1067,2,3,15,1,Semi-furnished,2,0.2,55.14
Jaipur,Prime,Apartment,1405,3,3,19,4,Semi-furnished,0,4.1,89.69
Mumbai,Mid-range,Builder Floor,1339,3,2,14,1,Unfurnished,1,2.0,230.05
Ahmedabad,Suburban,Villa,2072,3,3,28,2,Unfurnished,2,2.3,75.26
Coimbatore,Suburban,Apartment,1595,3,2,13,25,Furnished,0,7.2,52.16
Kochi,Prime,Apartment,998,2,1,9,25,Semi-furnished,1,1.8,114.34
Pune,Mid-range,Builder Floor,1942,4,4,16,1,Semi-furnished,1,4.5,146.49
Jaipur,Mid-range,Apartment,1438,3,4,15,24,Semi-furnished,1,5.1,69.64
Bengaluru,Suburban,Builder Floor,1572,3,4,29,1,Semi-furnished,3,2.2,71.32
Kolkata,Suburban,Independent House,1357,2,2,15,1,Unfurnished,0,2.3,52.14
Mumbai,Suburban,Apartment,1663,3,4,4,22,Furnished,0,11.3,277.39
Mumbai,Suburban,Apartment,1089,2,2,28,20,Semi-furnished,1,5.0,123.17
Mumbai,Suburban,Builder Floor,1426,3,3,30,1,Furnished,1,1.5,155.93
Mumbai,Mid-range,Apartment,1722,4,5,17,18,Semi-furnished,0,8.5,335.12
Lucknow,Suburban,Builder Floor,720,1,2,26,2,Unfurnished,1,0.8,22.44
Ahmedabad,Suburban,Independent House,1408,2,2,22,0,Furnished,1,0.2,53.32
Hyderabad,Mid-range,Apartment,1127,2,2,3,13,Semi-furnished,2,7.5,90.79
Ahmedabad,Mid-range,Apartment,1003,2,2,16,20,Furnished,1,0.4,58.33
Kolkata,Mid-range,Apartment,1553,3,3,25,17,Semi-furnished,0,6.7,73.17
Ahmedabad,Mid-range,Independent House,2294,4,3,9,1,Semi-furnished,2,1.8,142.84
Chennai,Mid-range,Independent House,688,1,2,11,0,Unfurnished,1,4.1,54.98
Delhi NCR,Prime,Apartment,1466,3,4,8,20,Semi-furnished,0,7.3,250.61
Hyderabad,Mid-range,Apartment,1049,2,2,9,21,Unfurnished,3,1.5,93.3
Delhi NCR,Prime,Apartment,1506,3,3,14,1,Unfurnished,1,1.2,235.65
Lucknow,Prime,Independent House,775,1,1,16,1,Semi-furnished,1,2.0,59.7
Kochi,Mid-range,Apartment,651,1,2,8,18,Semi-furnished,3,0.4,57.83
Coimbatore,Prime,Builder Floor,1466,3,4,27,0,Furnished,1,1.6,94.01
Jaipur,Suburban,Apartment,950,2,3,10,5,Furnished,0,2.1,33.38
Kolkata,Mid-range,Independent House,1165,2,2,22,0,Furnished,2,0.7,77.99
Ahmedabad,Suburban,Apartment,1280,3,4,9,12,Semi-furnished,2,7.2,55.43
Pune,Mid-range,Builder Floor,1860,4,5,27,2,Unfurnished,1,4.6,117.73
Kolkata,Prime,Apartment,1219,2,3,18,3,Unfurnished,2,5.6,102.01
Ahmedabad,Mid-range,Apartment,1432,3,4,27,21,Unfurnished,0,5.5,57.64
Hyderabad,Mid-range,Apartment,646,1,2,12,17,Unfurnished,2,1.1,48.34
Pune,Mid-range,Apartment,1075,2,3,16,11,Semi-furnished,1,9.2,79.25
Chennai,Mid-range,Apartment,1895,4,3,21,16,Unfurnished,1,0.2,133.67
Bengaluru,Suburban,Apartment,1128,2,1,3,8,Unfurnished,1,10.3,71.35
Lucknow,Suburban,Apartment,1382,3,4,13,17,Semi-furnished,2,2.5,54.4
Hyderabad,Prime,Apartment,635,1,2,22,12,Unfurnished,0,1.9,63.91
Mumbai,Mid-range,Apartment,1139,2,3,20,0,Unfurnished,0,7.9,174.71
Mumbai,Mid-range,Apartment,1729,4,4,20,1,Furnished,0,3.5,324.83
Delhi NCR,Mid-range,Apartment,1842,4,5,2,5,Semi-furnished,1,2.4,228.72
Jaipur,Prime,Independent House,1367,2,2,21,1,Semi-furnished,1,12.6,81.36
Pune,Suburban,Apartment,1485,3,3,25,0,Unfurnished,2,4.3,64.87
Pune,Mid-range,Apartment,655,1,2,4,5,Semi-furnished,1,1.2,58.18
Ahmedabad,Mid-range,Apartment,1124,2,3,27,3,Semi-furnished,0,0.3,48.56
Hyderabad,Suburban,Apartment,1119,2,2,10,11,Semi-furnished,2,6.7,55.75
Kochi,Suburban,Apartment,1904,4,5,12,4,Furnished,1,5.3,84.27
Chennai,Suburban,Apartment,1502,3,3,8,11,Furnished,0,16.6,72.32
Chennai,Mid-range,Apartment,1159,2,2,6,3,Semi-furnished,0,11.1,83.77
Jaipur,Mid-range,Independent House,1339,2,3,7,2,Furnished,1,8.7,77.72
Coimbatore,Suburban,Apartment,1367,3,4,6,5,Furnished,1,3.1,61.25
Kolkata,Mid-range,Apartment,1074,2,1,9,18,Semi-furnished,3,0.2,90.33
Mumbai,Suburban,Apartment,1293,3,3,28,8,Unfurnished,1,2.6,145.73
Bengaluru,Prime,Apartment,572,1,1,9,5,Unfurnished,1,23.1,73.66
Kochi,Mid-range,Apartment,1432,3,2,29,12,Semi-furnished,1,2.2,77.35
Delhi NCR,Suburban,Villa,1819,3,2,18,0,Unfurnished,1,1.0,138.13
Mumbai,Mid-range,Apartment,653,1,1,16,2,Semi-furnished,1,1.2,128.23
Delhi NCR,Mid-range,Apartment,1069,2,2,4,1,Furnished,0,2.9,124.81
Kochi,Mid-range,Independent House,2357,4,3,5,0,Unfurnished,1,3.2,158.33
Coimbatore,Mid-range,Apartment,1080,2,2,10,4,Semi-furnished,1,5.5,49.86
Ahmedabad,Mid-range,Apartment,1008,2,1,6,14,Semi-furnished,0,3.4,59.33
Pune,Suburban,Apartment,1772,4,4,26,5,Furnished,1,2.2,76.81
Bengaluru,Suburban,Builder Floor,1745,4,4,16,0,Semi-furnished,2,3.4,100.76
Kolkata,Prime,Apartment,876,1,2,12,17,Semi-furnished,1,7.8,90.64
Coimbatore,Mid-range,Independent House,806,1,2,6,1,Semi-furnished,2,1.3,48.63
Chennai,Mid-range,Apartment,1165,2,2,14,10,Semi-furnished,1,5.7,92.09
Jaipur,Mid-range,Builder Floor,1542,3,3,19,1,Unfurnished,1,0.8,60.73
Jaipur,Prime,Independent House,1797,3,2,10,0,Semi-furnished,1,4.8,128.84
Bengaluru,Prime,Apartment,1014,2,2,21,9,Semi-furnished,1,0.3,124.92
Kolkata,Suburban,Builder Floor,1768,4,5,0,2,Unfurnished,1,2.4,79.84
Bengaluru,Suburban,Apartment,689,1,1,3,12,Semi-furnished,1,5.8,45.08
Coimbatore,Prime,Builder Floor,1552,3,4,25,2,Furnished,2,0.3,94.17
Coimbatore,Suburban,Apartment,1829,4,3,27,22,Furnished,0,0.2,58.02
Delhi NCR,Suburban,Builder Floor,1457,3,4,25,0,Unfurnished,2,0.6,87.96
Lucknow,Mid-range,Independent House,1306,2,2,29,2,Unfurnished,2,3.6,49.29
Lucknow,Mid-range,Builder Floor,1541,3,2,20,1,Semi-furnished,1,3.6,59.22
Hyderabad,Suburban,Apartment,1010,2,1,10,25,Unfurnished,1,1.3,51.9
Kochi,Suburban,Apartment,1855,4,3,14,14,Semi-furnished,1,0.5,86.83
Delhi NCR,Mid-range,Builder Floor,1457,3,4,25,2,Furnished,1,1.9,133.62
Coimbatore,Suburban,Apartment,1246,2,3,12,20,Semi-furnished,2,2.4,52.55
Mumbai,Suburban,Apartment,1503,3,2,3,2,Unfurnished,1,1.5,225.84
Lucknow,Mid-range,Independent House,1841,3,3,3,1,Unfurnished,1,0.7,95.26
Pune,Mid-range,Apartment,1228,2,2,15,24,Semi-furnished,2,2.6,103.96
Kochi,Mid-range,Apartment,1556,3,3,20,17,Unfurnished,1,5.7,90.83
Coimbatore,Mid-range,Independent House,1835,3,2,5,2,Unfurnished,0,2.0,101.51
Pune,Prime,Apartment,1066,2,1,13,21,Semi-furnished,0,9.1,109.91
Jaipur,Suburban,Builder Floor,1523,3,2,6,1,Semi-furnished,2,6.6,57.2
Delhi NCR,Suburban,Apartment,1136,2,1,18,17,Semi-furnished,2,3.3,95.35
Bengaluru,Suburban,Independent House,2239,4,4,21,0,Unfurnished,0,1.8,109.24
Kochi,Prime,Apartment,1625,3,4,21,18,Semi-furnished,2,1.0,151.39
Lucknow,Suburban,Independent House,1356,2,2,25,0,Unfurnished,0,1.4,34.21
Kolkata,Suburban,Apartment,1116,2,2,2,3,Furnished,1,9.0,52.74
Mumbai,Mid-range,Builder Floor,1201,2,2,12,1,Semi-furnished,1,0.7,262.93
Hyderabad,Mid-range,Apartment,1133,2,2,20,14,Semi-furnished,2,0.2,82.08
Jaipur,Mid-range,Apartment,1094,2,1,9,20,Unfurnished,1,9.6,47.65
Delhi NCR,Mid-range,Apartment,568,1,1,25,4,Unfurnished,2,2.0,54.18
Pune,Mid-range,Apartment,1074,2,2,20,7,Unfurnished,1,5.8,70.86
Chennai,Suburban,Independent House,1388,2,1,0,0,Unfurnished,1,14.0,75.09
Ahmedabad,Mid-range,Villa,738,1,1,0,1,Unfurnished,1,0.9,55.16
Mumbai,Prime,Apartment,583,1,1,6,13,Furnished,0,4.5,216.97
Coimbatore,Prime,Apartment,1551,3,2,2,22,Semi-furnished,1,1.6,142.17
Delhi NCR,Suburban,Independent House,819,1,1,18,2,Semi-furnished,0,1.5,56.11
Chennai,Mid-range,Apartment,1853,4,3,8,6,Unfurnished,1,5.3,123.19
Pune,Mid-range,Villa,1933,3,2,5,2,Semi-furnished,1,4.9,205.34
Coimbatore,Mid-range,Apartment,1199,2,2,9,13,Furnished,1,1.0,74.62
Jaipur,Suburban,Villa,1851,3,2,20,1,Unfurnished,1,3.7,62.32
Lucknow,Mid-range,Apartment,1415,3,2,2,20,Unfurnished,1,0.2,76.0
Bengaluru,Mid-range,Apartment,1036,2,3,28,23,Semi-furnished,1,0.9,80.12
Kolkata,Suburban,Apartment,749,1,1,16,6,Semi-furnished,0,10.5,27.44
Ahmedabad,Suburban,Apartment,772,1,1,29,1,Furnished,1,8.6,22.62
Bengaluru,Mid-range,Villa,1356,2,1,19,1,Semi-furnished,1,7.3,124.25
Chennai,Prime,Independent House,2281,4,3,4,1,Semi-furnished,2,5.2,303.15
Delhi NCR,Mid-range,Builder Floor,1523,3,4,20,0,Semi-furnished,1,6.2,148.65
Kolkata,Prime,Villa,844,1,1,10,0,Semi-furnished,2,2.7,104.51
Lucknow,Suburban,Apartment,1570,3,3,25,9,Semi-furnished,0,1.1,39.99
Chennai,Prime,Builder Floor,1022,2,3,30,1,Semi-furnished,3,2.9,91.4
Kolkata,Mid-range,Apartment,744,1,1,3,10,Unfurnished,1,0.3,51.67
Hyderabad,Suburban,Apartment,1115,2,2,1,8,Semi-furnished,1,5.6,68.69
Chennai,Mid-range,Apartment,1489,3,3,26,1,Furnished,1,7.3,88.55
Jaipur,Mid-range,Apartment,1509,3,3,3,22,Semi-furnished,2,3.3,91.61
Ahmedabad,Suburban,Builder Floor,651,1,1,1,0,Unfurnished,1,7.6,26.73
Delhi NCR,Mid-range,Builder Floor,1094,2,2,3,0,Semi-furnished,1,2.9,127.79
Chennai,Mid-range,Apartment,2224,5,5,8,2,Unfurnished,1,11.3,147.28
Pune,Mid-range,Apartment,1637,3,2,20,9,Unfurnished,2,7.0,110.76
Hyderabad,Mid-range,Apartment,1020,2,3,23,7,Semi-furnished,2,7.8,58.02
Mumbai,Mid-range,Apartment,1299,3,4,7,8,Semi-furnished,0,1.5,291.13
Hyderabad,Mid-range,Apartment,1419,3,3,18,14,Unfurnished,0,4.2,88.87
Kochi,Mid-range,Apartment,1058,2,3,4,2,Unfurnished,1,0.8,82.31
Jaipur,Suburban,Apartment,1475,3,3,27,19,Semi-furnished,1,4.1,41.11
Hyderabad,Suburban,Apartment,1761,4,5,12,4,Semi-furnished,2,3.4,96.26
Kochi,Prime,Independent House,1715,3,3,2,0,Semi-furnished,1,4.9,169.66
Chennai,Suburban,Villa,1343,2,1,19,1,Semi-furnished,1,1.7,77.22
Kolkata,Suburban,Builder Floor,579,1,1,6,2,Semi-furnished,2,7.3,31.27
Kochi,Mid-range,Apartment,1408,3,3,3,2,Furnished,1,0.9,98.07
Coimbatore,Prime,Apartment,1041,2,2,5,4,Semi-furnished,0,9.3,80.19
Pune,Mid-range,Apartment,1014,2,2,15,4,Semi-furnished,1,1.0,79.24
Ahmedabad,Suburban,Apartment,969,2,3,21,5,Semi-furnished,2,5.9,41.95
Kolkata,Mid-range,Builder Floor,1488,3,2,9,2,Unfurnished,2,0.3,93.6
Kolkata,Suburban,Builder Floor,1063,2,2,22,1,Semi-furnished,0,2.6,34.73
Jaipur,Prime,Apartment,1494,3,2,27,2,Semi-furnished,1,0.6,84.41
Bengaluru,Prime,Apartment,1053,2,1,4,25,Semi-furnished,1,2.7,172.7
Ahmedabad,Mid-range,Apartment,1002,2,2,20,9,Unfurnished,1,8.5,43.84
Hyderabad,Mid-range,Apartment,1511,3,2,14,9,Unfurnished,1,9.3,100.75
Hyderabad,Suburban,Apartment,826,1,2,4,5,Semi-furnished,1,8.8,45.91
Pune,Suburban,Builder Floor,768,1,2,14,1,Semi-furnished,2,23.2,42.37
Lucknow,Mid-range,Independent House,1520,2,2,24,1,Unfurnished,1,9.2,57.68
Mumbai,Mid-range,Apartment,1003,2,2,25,0,Semi-furnished,1,4.8,170.29
Kochi,Suburban,Independent House,1293,2,3,16,2,Semi-furnished,1,6.3,52.91
Jaipur,Prime,Independent House,1893,3,2,5,1,Unfurnished,2,2.7,155.35
Bengaluru,Mid-range,Apartment,425,1,1,30,11,Semi-furnished,0,1.8,27.4
Kolkata,Mid-range,Apartment,1283,3,3,21,20,Semi-furnished,1,6.0,75.1
Hyderabad,Suburban,Apartment,1499,3,3,18,7,Semi-furnished,3,6.6,77.97
Delhi NCR,Suburban,Apartment,1354,3,2,20,5,Furnished,0,7.4,89.74
Hyderabad,Prime,Builder Floor,1043,2,1,21,0,Semi-furnished,2,5.5,106.34
Coimbatore,Suburban,Independent House,1673,3,3,4,1,Semi-furnished,1,9.9,66.34
Kochi,Suburban,Apartment,1191,2,3,20,11,Unfurnished,1,0.3,51.41
Lucknow,Prime,Apartment,1440,3,2,9,22,Semi-furnished,1,1.9,111.77
Kochi,Suburban,Apartment,748,1,1,0,9,Furnished,2,3.2,46.35
Chennai,Mid-range,Apartment,1459,3,2,26,7,Furnished,2,0.8,89.54
Bengaluru,Suburban,Independent House,1650,3,3,18,2,Unfurnished,2,2.4,99.33
Mumbai,Mid-range,Apartment,585,1,1,27,12,Unfurnished,1,3.7,100.08
Jaipur,Prime,Apartment,595,1,1,29,2,Unfurnished,2,1.4,37.5
Kochi,Mid-range,Independent House,1650,2,2,25,2,Semi-furnished,1,0.6,97.78
Chennai,Suburban,Apartment,893,2,1,10,18,Unfurnished,1,0.2,49.47
Ahmedabad,Suburban,Apartment,1856,4,4,19,5,Unfurnished,1,3.5,58.55
Chennai,Mid-range,Apartment,1892,4,4,0,9,Unfurnished,3,0.2,167.26
Hyderabad,Suburban,Apartment,1094,2,2,14,23,Unfurnished,0,1.1,51.2
Hyderabad,Suburban,Independent House,1778,3,3,26,1,Unfurnished,2,0.9,85.29
Kolkata,Suburban,Apartment,1089,2,2,19,25,Unfurnished,1,7.1,40.29
Pune,Mid-range,Independent House,1802,3,3,18,0,Semi-furnished,2,1.2,146.65
Mumbai,Mid-range,Apartment,634,1,1,2,15,Unfurnished,2,9.7,143.49
Kolkata,Mid-range,Apartment,1421,3,4,25,21,Semi-furnished,1,13.8,77.19
Bengaluru,Mid-range,Independent House,1379,2,2,4,0,Furnished,2,0.5,153.51
Hyderabad,Mid-range,Apartment,1060,2,3,5,17,Semi-furnished,1,2.3,97.09
Jaipur,Suburban,Apartment,1573,3,4,23,18,Unfurnished,1,0.2,46.35
Coimbatore,Mid-range,Apartment,1393,3,3,23,24,Semi-furnished,1,2.0,72.11
Mumbai,Suburban,Apartment,1511,3,2,20,13,Furnished,1,7.2,197.94
Bengaluru,Suburban,Apartment,649,1,2,14,1,Unfurnished,2,4.7,42.11
Coimbatore,Mid-range,Independent House,982,1,1,9,2,Furnished,1,2.3,61.76
Hyderabad,Suburban,Apartment,1165,2,2,15,2,Unfurnished,2,6.2,58.6
Jaipur,Mid-range,Apartment,1123,2,2,24,1,Semi-furnished,0,1.6,46.48
Kolkata,Mid-range,Independent House,1492,2,1,3,2,Semi-furnished,1,0.3,109.09
Mumbai,Mid-range,Builder Floor,1548,3,3,30,0,Furnished,2,2.4,257.57
Kolkata,Suburban,Independent House,1220,2,3,5,2,Unfurnished,0,2.4,60.17
Ahmedabad,Suburban,Independent House,1356,2,2,26,1,Semi-furnished,0,0.4,43.73
Coimbatore,Mid-range,Apartment,1438,3,3,10,22,Semi-furnished,1,0.3,77.5
Kochi,Suburban,Apartment,1180,2,3,19,25,Furnished,3,0.2,64.4
Jaipur,Mid-range,Builder Floor,1251,2,3,27,2,Semi-furnished,3,3.0,48.36
Kochi,Prime,Builder Floor,1042,2,2,30,0,Semi-furnished,1,2.9,67.7
Jaipur,Mid-range,Apartment,1446,3,2,16,24,Furnished,0,5.0,68.78
Chennai,Prime,Apartment,1289,2,2,6,25,Semi-furnished,1,0.6,168.95
Coimbatore,Prime,Builder Floor,877,2,1,30,0,Furnished,0,1.2,48.18
Ahmedabad,Suburban,Apartment,1369,3,4,8,14,Semi-furnished,1,0.7,59.0
Mumbai,Suburban,Apartment,1663,3,2,15,1,Semi-furnished,1,0.6,215.12
Pune,Suburban,Apartment,1149,2,2,9,21,Semi-furnished,3,5.0,80.88
Ahmedabad,Mid-range,Apartment,860,1,1,19,24,Unfurnished,0,0.4,37.8
Ahmedabad,Mid-range,Builder Floor,830,2,3,2,1,Furnished,2,7.7,51.79
Jaipur,Mid-range,Builder Floor,627,1,1,25,1,Semi-furnished,2,3.8,29.4
Coimbatore,Suburban,Apartment,616,1,1,27,13,Unfurnished,1,7.6,19.24
Mumbai,Mid-range,Apartment,1331,3,4,27,0,Unfurnished,1,8.3,210.22
Hyderabad,Prime,Apartment,1594,3,2,1,17,Semi-furnished,0,18.0,205.3
Bengaluru,Suburban,Apartment,1277,2,2,20,17,Furnished,1,0.6,67.47
Delhi NCR,Mid-range,Apartment,1825,4,4,16,6,Unfurnished,1,0.8,195.16
Delhi NCR,Mid-range,Apartment,1446,3,4,19,4,Semi-furnished,2,1.7,145.16
Jaipur,Mid-range,Apartment,1050,2,2,20,16,Unfurnished,2,8.8,44.31
Ahmedabad,Mid-range,Apartment,1031,2,1,14,9,Unfurnished,2,0.5,59.34
Hyderabad,Mid-range,Apartment,1851,4,3,1,13,Semi-furnished,1,2.6,166.47
Mumbai,Prime,Builder Floor,2071,5,5,16,2,Semi-furnished,1,3.4,606.49
Mumbai,Prime,Apartment,1264,2,2,6,18,Semi-furnished,1,6.6,439.87
Ahmedabad,Mid-range,Apartment,1746,4,4,25,20,Semi-furnished,0,3.9,77.02
Coimbatore,Mid-range,Apartment,1807,4,3,12,13,Semi-furnished,1,1.5,101.17
Chennai,Mid-range,Apartment,1613,3,4,27,20,Semi-furnished,1,2.1,108.54
Jaipur,Suburban,Independent House,766,1,2,29,2,Unfurnished,1,2.3,25.15
Kochi,Suburban,Apartment,1370,3,3,2,17,Unfurnished,1,0.2,74.04
Ahmedabad,Mid-range,Apartment,1511,3,4,7,7,Semi-furnished,1,2.9,85.22
Jaipur,Mid-range,Builder Floor,1441,3,2,0,2,Furnished,2,3.8,83.03
Lucknow,Prime,Apartment,1624,3,4,21,11,Semi-furnished,2,1.8,114.27
Kolkata,Suburban,Apartment,1046,2,2,5,23,Semi-furnished,1,5.3,53.09
Ahmedabad,Mid-range,Apartment,689,1,1,23,8,Furnished,2,0.9,40.76
Kolkata,Mid-range,Independent House,1441,2,2,19,2,Furnished,1,1.6,97.5
Kochi,Suburban,Apartment,1969,4,4,28,11,Unfurnished,3,8.5,69.36
Ahmedabad,Prime,Apartment,1068,2,2,27,25,Unfurnished,1,0.2,72.8
Coimbatore,Suburban,Independent House,1981,3,3,10,2,Semi-furnished,3,1.3,82.19
Coimbatore,Prime,Apartment,1004,2,3,14,4,Semi-furnished,1,11.9,68.49
Kolkata,Prime,Apartment,1180,2,2,19,22,Furnished,1,0.3,104.5
Bengaluru,Prime,Apartment,1794,4,3,29,12,Semi-furnished,2,5.0,197.64
Delhi NCR,Mid-range,Apartment,1787,4,4,21,3,Semi-furnished,1,3.6,166.5
Mumbai,Mid-range,Villa,1874,3,2,20,2,Semi-furnished,1,1.6,477.25
Kolkata,Mid-range,Builder Floor,896,2,2,22,1,Unfurnished,1,0.2,51.49
Chennai,Suburban,Apartment,715,1,1,29,7,Furnished,1,5.2,31.56
Kolkata,Mid-range,Apartment,657,1,2,29,2,Unfurnished,1,4.0,35.46
Chennai,Mid-range,Apartment,520,1,1,4,3,Furnished,2,0.3,47.89
Ahmedabad,Mid-range,Apartment,1637,3,3,23,1,Furnished,1,1.7,65.36
Kochi,Mid-range,Apartment,969,2,1,24,17,Semi-furnished,2,4.6,54.81
Hyderabad,Suburban,Apartment,1146,2,2,26,20,Semi-furnished,2,6.5,52.12
Pune,Mid-range,Apartment,1185,2,2,26,5,Furnished,0,1.7,79.45
Jaipur,Mid-range,Villa,1403,2,2,17,1,Unfurnished,1,0.2,71.4
Chennai,Suburban,Apartment,1536,3,3,6,25,Semi-furnished,1,1.9,86.61
Delhi NCR,Suburban,Apartment,1422,3,4,20,25,Semi-furnished,1,7.3,100.33
Delhi NCR,Prime,Villa,1333,2,1,2,2,Unfurnished,1,5.0,329.12
Ahmedabad,Prime,Apartment,1833,4,4,8,14,Semi-furnished,0,0.7,152.95
Mumbai,Mid-range,Villa,1775,3,3,24,0,Semi-furnished,1,9.5,345.77
Chennai,Suburban,Apartment,1090,2,3,15,20,Unfurnished,1,5.1,54.48
Mumbai,Prime,Apartment,1028,2,3,3,9,Unfurnished,1,0.6,379.17
Chennai,Mid-range,Apartment,2169,5,6,9,11,Semi-furnished,1,0.7,180.2
Ahmedabad,Suburban,Independent House,1918,3,2,5,0,Semi-furnished,2,1.1,79.6
Hyderabad,Mid-range,Builder Floor,2210,5,4,28,1,Unfurnished,1,1.0,113.51
Delhi NCR,Prime,Apartment,1363,3,2,22,18,Semi-furnished,2,7.3,219.96
Chennai,Suburban,Villa,1905,3,4,21,0,Semi-furnished,1,0.7,102.65
Chennai,Prime,Apartment,1405,3,3,18,17,Semi-furnished,1,1.0,149.58
Kolkata,Prime,Apartment,1019,2,2,21,24,Semi-furnished,0,0.6,87.77
Hyderabad,Suburban,Apartment,1723,4,5,30,13,Furnished,2,6.8,70.35
Chennai,Mid-range,Builder Floor,1853,4,4,26,2,Semi-furnished,2,7.9,101.04
Coimbatore,Mid-range,Independent House,814,1,1,20,1,Unfurnished,1,1.6,36.31
Chennai,Suburban,Apartment,1472,3,4,24,17,Semi-furnished,0,5.5,57.83
Ahmedabad,Suburban,Apartment,1517,3,3,26,6,Furnished,2,15.5,48.98
Kolkata,Mid-range,Apartment,1423,3,2,25,4,Semi-furnished,2,10.9,69.44
Kochi,Prime,Apartment,1374,3,3,0,1,Unfurnished,0,1.8,153.78
Hyderabad,Suburban,Independent House,1832,3,3,29,1,Unfurnished,1,3.6,74.27
Chennai,Mid-range,Independent House,1753,3,2,23,0,Semi-furnished,2,3.4,114.93
Kolkata,Suburban,Apartment,1006,2,1,17,22,Unfurnished,2,0.2,45.33
Kolkata,Prime,Apartment,1521,3,2,7,20,Semi-furnished,1,3.9,170.6
Jaipur,Mid-range,Builder Floor,1132,2,3,18,0,Semi-furnished,1,0.5,51.81
Hyderabad,Mid-range,Apartment,1910,4,4,4,7,Semi-furnished,2,6.7,163.18
Lucknow,Prime,Apartment,949,2,2,15,17,Semi-furnished,1,4.9,63.64
Bengaluru,Mid-range,Independent House,1479,2,1,17,2,Unfurnished,2,2.7,122.79
Coimbatore,Prime,Independent House,1497,2,2,25,2,Unfurnished,2,12.3,85.57
Coimbatore,Suburban,Apartment,1203,2,1,4,3,Semi-furnished,1,8.1,47.05
Bengaluru,Mid-range,Builder Floor,763,1,1,0,2,Unfurnished,3,2.0,78.81
Hyderabad,Mid-range,Builder Floor,627,1,1,27,0,Semi-furnished,2,6.3,39.41
Bengaluru,Mid-range,Apartment,1447,3,3,24,10,Semi-furnished,2,2.9,101.23
Mumbai,Prime,Apartment,1150,2,2,3,8,Unfurnished,0,0.2,427.89
Bengaluru,Mid-range,Builder Floor,1300,3,4,23,2,Unfurnished,1,8.2,83.69
Mumbai,Mid-range,Apartment,1586,3,4,24,2,Semi-furnished,1,7.0,263.07
Lucknow,Suburban,Builder Floor,1990,4,4,15,0,Semi-furnished,2,25.0,60.3
Delhi NCR,Mid-range,Apartment,969,2,3,11,7,Unfurnished,1,4.6,106.99
Pune,Mid-range,Apartment,1620,3,4,14,4,Semi-furnished,0,10.8,102.27
Delhi NCR,Suburban,Villa,1767,3,3,6,2,Furnished,0,5.5,203.88
Hyderabad,Suburban,Builder Floor,1462,3,3,26,1,Unfurnished,2,3.2,57.11
Chennai,Mid-range,Apartment,695,1,1,2,6,Furnished,1,4.5,55.08
Lucknow,Suburban,Apartment,1436,3,4,16,7,Semi-furnished,2,7.0,50.47
Chennai,Prime,Builder Floor,980,2,2,24,0,Unfurnished,1,0.2,85.12
Lucknow,Suburban,Apartment,1469,3,3,17,0,Unfurnished,2,0.5,48.76
Mumbai,Mid-range,Apartment,1092,2,2,9,12,Furnished,0,2.5,246.76
Bengaluru,Mid-range,Villa,2244,4,4,28,0,Furnished,1,0.8,212.51
Bengaluru,Mid-range,Independent House,1793,3,2,4,1,Furnished,3,0.2,208.62
Hyderabad,Mid-range,Villa,1962,3,3,28,2,Semi-furnished,1,4.2,142.67
Kolkata,Suburban,Builder Floor,1662,3,2,4,0,Semi-furnished,0,8.7,61.43
Delhi NCR,Suburban,Apartment,1858,4,3,14,4,Semi-furnished,1,0.7,151.79
Kochi,Prime,Apartment,1420,3,4,28,1,Furnished,3,11.4,105.36
Kolkata,Suburban,Apartment,1555,3,3,3,17,Unfurnished,0,5.2,73.95
Delhi NCR,Prime,Independent House,2359,4,3,30,0,Semi-furnished,2,5.0,342.98
Lucknow,Mid-range,Apartment,1128,2,2,0,10,Semi-furnished,1,4.0,59.81
Delhi NCR,Prime,Apartment,1078,2,1,3,10,Semi-furnished,1,19.9,204.79
Delhi NCR,Mid-range,Independent House,733,1,1,28,0,Semi-furnished,2,9.4,64.62
Bengaluru,Mid-range,Apartment,1414,3,3,10,25,Semi-furnished,1,3.0,129.85
Delhi NCR,Suburban,Apartment,992,2,1,12,7,Unfurnished,0,2.9,67.42
Pune,Prime,Builder Floor,1192,2,2,23,0,Semi-furnished,0,10.4,110.21
Coimbatore,Mid-range,Villa,1421,2,2,25,2,Unfurnished,1,2.7,68.23
Lucknow,Suburban,Apartment,990,2,1,6,18,Semi-furnished,2,1.5,39.51
Pune,Mid-range,Apartment,1466,3,2,15,14,Unfurnished,0,1.1,103.29
Lucknow,Suburban,Apartment,1548,3,3,17,8,Semi-furnished,3,1.5,59.87
Bengaluru,Suburban,Builder Floor,1590,4,3,16,0,Furnished,1,1.3,93.21
Mumbai,Suburban,Apartment,962,2,2,17,0,Furnished,2,3.4,134.08
Pune,Mid-range,Apartment,1309,3,3,15,19,Furnished,1,2.1,120.52
Mumbai,Suburban,Apartment,1057,2,1,8,18,Semi-furnished,1,5.9,172.05
Hyderabad,Mid-range,Apartment,1379,3,4,19,1,Furnished,0,0.2,89.74
Hyderabad,Mid-range,Apartment,1898,4,3,3,18,Unfurnished,1,0.2,145.54
Coimbatore,Suburban,Apartment,1147,2,2,1,15,Unfurnished,2,0.7,53.88
Lucknow,Suburban,Apartment,1364,3,3,5,24,Semi-furnished,0,1.0,50.42
Hyderabad,Mid-range,Apartment,1650,3,4,14,12,Furnished,0,0.4,128.04
Delhi NCR,Mid-range,Apartment,917,2,1,27,9,Unfurnished,2,5.1,86.99
Mumbai,Prime,Apartment,1412,3,3,24,20,Semi-furnished,1,9.6,364.29
Pune,Mid-range,Apartment,1944,4,4,26,21,Unfurnished,1,2.4,128.46
Ahmedabad,Suburban,Apartment,1523,3,4,17,11,Unfurnished,0,2.6,47.59
Coimbatore,Prime,Villa,2804,5,5,22,1,Semi-furnished,1,3.7,226.36
Lucknow,Mid-range,Builder Floor,1694,4,3,27,2,Furnished,1,12.1,58.07
Coimbatore,Mid-range,Apartment,1038,2,2,15,5,Furnished,2,0.2,60.94
Coimbatore,Mid-range,Villa,1233,2,2,18,2,Furnished,2,4.9,78.83
Kolkata,Mid-range,Builder Floor,1007,2,1,15,1,Unfurnished,1,4.7,53.81
Kochi,Mid-range,Independent House,1844,3,2,30,2,Semi-furnished,1,0.2,93.1
Delhi NCR,Prime,Apartment,1531,3,2,18,3,Unfurnished,0,12.7,203.63
Kolkata,Prime,Apartment,976,2,3,29,9,Semi-furnished,1,0.2,71.03
Coimbatore,Mid-range,Builder Floor,1282,2,2,28,0,Furnished,2,1.1,57.39
Delhi NCR,Mid-range,Apartment,1509,3,3,14,23,Unfurnished,0,1.9,166.34
Delhi NCR,Suburban,Builder Floor,1213,2,1,13,1,Unfurnished,2,1.3,93.47
Lucknow,Suburban,Builder Floor,1319,3,3,12,1,Unfurnished,1,4.6,42.89
Hyderabad,Mid-range,Independent House,1694,3,3,26,0,Unfurnished,2,2.4,111.53
Pune,Mid-range,Villa,1079,2,2,13,2,Unfurnished,2,0.9,103.62
Kochi,Suburban,Independent House,1445,2,3,18,0,Furnished,3,0.2,77.26
Jaipur,Mid-range,Independent House,1184,2,2,28,0,Semi-furnished,0,0.8,44.8
Kochi,Mid-range,Independent House,1235,2,2,30,0,Semi-furnished,0,4.0,58.53
Chennai,Prime,Builder Floor,1452,3,3,13,2,Unfurnished,0,0.2,127.55
Jaipur,Prime,Apartment,741,1,1,11,2,Semi-furnished,0,2.7,52.5
Ahmedabad,Mid-range,Builder Floor,672,1,1,22,2,Furnished,0,9.2,28.58
Hyderabad,Suburban,Independent House,1286,2,2,24,2,Semi-furnished,0,1.0,55.38
Ahmedabad,Prime,Builder Floor,584,1,1,20,0,Furnished,1,0.2,45.87
Pune,Suburban,Apartment,1239,2,2,3,6,Unfurnished,2,3.6,79.95
Mumbai,Mid-range,Apartment,1506,3,3,24,7,Furnished,1,6.8,271.42
Bengaluru,Prime,Apartment,1407,3,2,29,17,Semi-furnished,2,4.8,140.56
Mumbai,Mid-range,Apartment,1053,2,1,20,9,Semi-furnished,0,0.6,190.56
Bengaluru,Mid-range,Apartment,1467,3,2,6,9,Unfurnished,1,2.4,144.87
Kochi,Suburban,Apartment,1491,3,2,19,2,Semi-furnished,2,8.9,59.71
Pune,Suburban,Apartment,979,2,3,2,18,Semi-furnished,0,2.0,62.65
Pune,Suburban,Apartment,1651,3,3,6,10,Unfurnished,1,7.0,104.71
Jaipur,Prime,Builder Floor,1125,2,3,24,0,Semi-furnished,0,3.1,64.69
Kochi,Mid-range,Builder Floor,1082,2,3,21,0,Semi-furnished,0,2.2,56.22
Kolkata,Mid-range,Independent House,1368,2,1,6,0,Furnished,1,3.2,103.06
Kochi,Prime,Independent House,1224,2,1,2,2,Semi-furnished,1,1.0,152.26
Kochi,Mid-range,Independent House,1486,2,3,7,0,Semi-furnished,1,1.5,100.29
Pune,Suburban,Apartment,1129,2,3,22,9,Furnished,0,0.2,53.84
Coimbatore,Suburban,Villa,1233,2,1,27,2,Furnished,0,7.6,41.73
Ahmedabad,Suburban,Apartment,1060,2,2,21,1,Unfurnished,2,6.8,39.39
Delhi NCR,Prime,Apartment,1532,3,3,21,6,Furnished,1,2.9,244.78
Chennai,Mid-range,Apartment,1696,4,5,30,5,Semi-furnished,2,0.9,97.72
Hyderabad,Suburban,Apartment,1104,2,2,24,12,Semi-furnished,0,0.4,46.99
Coimbatore,Suburban,Apartment,674,1,1,19,10,Unfurnished,3,3.3,31.33
Delhi NCR,Prime,Apartment,949,2,3,9,23,Unfurnished,1,7.7,178.9
Kolkata,Suburban,Apartment,1142,2,1,10,16,Semi-furnished,1,5.9,50.21
Lucknow,Suburban,Apartment,986,2,2,5,24,Semi-furnished,1,4.6,37.03
Kolkata,Suburban,Independent House,1542,2,3,3,0,Furnished,1,2.8,88.86
Hyderabad,Prime,Apartment,1129,2,2,9,2,Semi-furnished,2,0.9,139.05
Chennai,Suburban,Apartment,1480,3,2,4,8,Semi-furnished,0,3.9,81.48
Kolkata,Mid-range,Independent House,1721,3,4,12,1,Unfurnished,2,1.0,114.01
Ahmedabad,Suburban,Villa,1474,2,2,11,2,Unfurnished,1,5.0,63.74
Pune,Mid-range,Apartment,1521,3,4,17,25,Furnished,0,9.1,113.7
Jaipur,Mid-range,Apartment,597,1,2,4,22,Semi-furnished,1,0.4,38.36
Chennai,Mid-range,Apartment,1005,2,2,30,1,Semi-furnished,1,1.8,54.61
Kolkata,Prime,Apartment,927,2,3,5,4,Furnished,2,9.4,96.31
Jaipur,Mid-range,Apartment,891,1,2,6,9,Semi-furnished,1,8.7,48.02
Kochi,Mid-range,Builder Floor,1232,2,2,17,0,Unfurnished,1,1.0,71.87
Ahmedabad,Prime,Builder Floor,1524,3,3,15,1,Furnished,1,1.0,117.85
Coimbatore,Suburban,Apartment,1094,2,2,7,12,Semi-furnished,1,6.4,47.12
Bengaluru,Suburban,Apartment,2055,4,3,25,8,Unfurnished,2,5.6,102.82
Jaipur,Mid-range,Apartment,1605,3,3,9,19,Furnished,1,2.0,86.21
Jaipur,Mid-range,Independent House,1882,3,3,22,2,Semi-furnished,1,3.3,78.54
Chennai,Prime,Builder Floor,1047,2,1,2,2,Semi-furnished,1,2.6,136.47
Pune,Mid-range,Apartment,1437,3,3,11,2,Furnished,1,7.9,113.7
Bengaluru,Mid-range,Apartment,1545,3,3,26,4,Furnished,1,10.6,110.07
Kolkata,Suburban,Apartment,1105,2,2,23,2,Furnished,1,5.2,43.97
Mumbai,Mid-range,Independent House,1286,2,2,29,0,Semi-furnished,0,1.7,203.49
Bengaluru,Mid-range,Apartment,1187,2,2,27,6,Furnished,0,1.7,86.94
Pune,Prime,Apartment,1435,3,3,0,25,Semi-furnished,0,8.4,187.19
Lucknow,Mid-range,Independent House,1747,3,4,13,2,Unfurnished,2,1.8,86.41
Pune,Prime,Apartment,1332,3,3,28,15,Furnished,2,5.5,124.7
Bengaluru,Suburban,Villa,2006,3,3,28,1,Semi-furnished,1,2.8,116.75
Delhi NCR,Mid-range,Apartment,1118,2,3,26,18,Furnished,1,4.1,105.54
Kolkata,Suburban,Apartment,659,1,1,9,22,Semi-furnished,1,10.8,32.05
Bengaluru,Mid-range,Builder Floor,1562,3,3,11,1,Semi-furnished,2,4.7,123.66
Hyderabad,Suburban,Apartment,1394,3,3,20,22,Furnished,1,0.8,72.36
Kochi,Suburban,Apartment,1433,3,2,6,23,Semi-furnished,1,0.7,79.36
Jaipur,Suburban,Independent House,2374,4,4,24,2,Unfurnished,2,7.1,66.83
Pune,Mid-range,Apartment,1569,4,5,1,13,Semi-furnished,1,2.3,137.72
Coimbatore,Mid-range,Apartment,947,2,1,6,10,Unfurnished,0,4.4,45.08
Coimbatore,Mid-range,Apartment,510,1,1,25,3,Semi-furnished,1,8.5,23.46
Bengaluru,Mid-range,Apartment,1944,4,4,21,5,Furnished,1,2.6,141.44
Kochi,Prime,Apartment,1311,3,3,6,4,Furnished,1,5.4,135.98
Jaipur,Mid-range,Apartment,595,1,1,3,19,Semi-furnished,0,11.5,27.65
Coimbatore,Suburban,Apartment,715,1,1,21,16,Unfurnished,0,2.1,21.86
Delhi NCR,Mid-range,Apartment,1995,4,3,0,0,Semi-furnished,0,2.9,253.01
Kochi,Suburban,Builder Floor,555,1,1,1,0,Unfurnished,0,3.9,25.88
Ahmedabad,Prime,Villa,1480,2,3,11,1,Unfurnished,1,0.9,134.44
Ahmedabad,Mid-range,Apartment,1795,4,4,30,13,Unfurnished,0,2.8,65.02
Coimbatore,Mid-range,Apartment,1520,3,3,3,25,Unfurnished,2,1.3,98.32
Bengaluru,Mid-range,Apartment,1044,2,1,6,5,Unfurnished,1,5.0,83.13
Chennai,Suburban,Independent House,1353,2,2,6,0,Furnished,1,0.8,81.73
Mumbai,Suburban,Apartment,967,2,3,27,16,Unfurnished,1,1.0,122.02
Kochi,Suburban,Builder Floor,1054,2,1,16,0,Furnished,1,24.5,42.41
Pune,Mid-range,Apartment,1194,2,3,28,0,Semi-furnished,2,25.0,75.41
Kochi,Mid-range,Apartment,882,1,2,8,19,Unfurnished,1,1.4,63.23
Coimbatore,Prime,Apartment,595,1,1,4,12,Semi-furnished,2,1.2,64.19
Ahmedabad,Suburban,Apartment,1294,3,4,14,17,Semi-furnished,1,2.1,50.81
Jaipur,Suburban,Builder Floor,1074,2,1,30,2,Unfurnished,0,3.3,22.45
Kolkata,Prime,Builder Floor,1523,3,2,26,2,Unfurnished,2,6.1,105.23
Pune,Prime,Apartment,1470,3,3,7,23,Semi-furnished,1,2.7,200.59
Delhi NCR,Suburban,Apartment,685,1,1,28,10,Semi-furnished,1,0.7,46.46
Hyderabad,Mid-range,Apartment,1146,2,1,24,25,Unfurnished,3,0.2,79.69
Bengaluru,Mid-range,Independent House,1504,2,2,4,2,Unfurnished,0,3.6,152.15
Hyderabad,Mid-range,Apartment,1039,2,2,22,20,Unfurnished,2,4.2,69.8
Ahmedabad,Suburban,Independent House,1712,3,2,22,1,Unfurnished,2,3.2,60.24
Jaipur,Mid-range,Apartment,1959,4,5,26,0,Unfurnished,2,0.8,80.22
Kochi,Mid-range,Builder Floor,2322,5,5,20,1,Unfurnished,1,7.0,106.58
Pune,Suburban,Independent House,2503,4,4,11,1,Semi-furnished,0,2.4,136.85
Pune,Prime,Apartment,1582,3,3,2,21,Furnished,1,1.8,259.48
Hyderabad,Suburban,Apartment,1885,4,3,27,5,Semi-furnished,1,25.0,73.26
Jaipur,Mid-range,Apartment,1441,3,3,25,12,Semi-furnished,0,0.8,58.88
Kolkata,Mid-range,Independent House,715,1,2,3,1,Furnished,2,1.1,62.89
Ahmedabad,Prime,Apartment,1713,4,5,10,23,Semi-furnished,3,5.3,169.46
Jaipur,Suburban,Villa,911,1,2,1,0,Furnished,2,7.5,46.81
Mumbai,Mid-range,Apartment,1410,3,4,7,14,Unfurnished,0,11.6,324.52
Mumbai,Mid-range,Apartment,721,1,1,23,12,Furnished,1,0.3,132.64
Jaipur,Prime,Independent House,2495,4,4,2,1,Unfurnished,1,3.5,190.46
Chennai,Prime,Independent House,1911,3,2,14,0,Unfurnished,1,8.7,186.66
Bengaluru,Mid-range,Builder Floor,1242,2,3,11,2,Unfurnished,0,3.7,98.52
Ahmedabad,Mid-range,Apartment,1488,3,3,7,15,Unfurnished,1,8.3,79.86
Pune,Suburban,Apartment,1208,2,1,3,3,Semi-furnished,1,3.4,66.08
Chennai,Prime,Apartment,566,1,1,30,14,Unfurnished,2,4.7,53.79
Bengaluru,Mid-range,Builder Floor,1199,2,2,5,2,Unfurnished,2,5.6,116.36
Delhi NCR,Mid-range,Apartment,1128,2,2,1,5,Unfurnished,1,1.4,147.68
Ahmedabad,Suburban,Apartment,1243,2,1,30,13,Unfurnished,1,5.7,36.55
Ahmedabad,Suburban,Apartment,1023,2,3,1,16,Furnished,2,8.7,53.06
Bengaluru,Prime,Apartment,1274,3,2,0,12,Semi-furnished,1,3.0,219.16
Hyderabad,Mid-range,Apartment,1085,2,2,18,1,Semi-furnished,1,2.1,77.27
Ahmedabad,Suburban,Independent House,2428,4,4,7,1,Unfurnished,2,1.2,111.79
Ahmedabad,Mid-range,Independent House,1676,3,3,29,2,Unfurnished,2,1.1,74.03
Pune,Suburban,Independent House,1933,3,2,20,2,Unfurnished,0,1.9,95.8
Hyderabad,Suburban,Apartment,1915,4,4,27,23,Semi-furnished,2,0.7,89.52
Mumbai,Mid-range,Builder Floor,1504,3,2,2,1,Unfurnished,0,0.3,324.5
Bengaluru,Suburban,Apartment,661,1,1,26,15,Unfurnished,1,0.4,33.79
Kolkata,Prime,Apartment,1359,3,3,6,8,Semi-furnished,1,1.6,134.62
Jaipur,Mid-range,Apartment,1216,2,1,5,2,Semi-furnished,1,0.3,66.7
Lucknow,Suburban,Apartment,1461,3,4,11,13,Furnished,2,12.7,57.03
Chennai,Prime,Villa,1335,2,2,10,1,Semi-furnished,1,3.4,190.79
Kochi,Suburban,Apartment,1026,2,3,26,22,Furnished,1,1.6,44.73
Pune,Prime,Independent House,1855,3,4,22,1,Semi-furnished,2,0.5,223.58
Delhi NCR,Suburban,Builder Floor,1405,3,2,29,0,Semi-furnished,0,4.9,79.73
Pune,Mid-range,Apartment,673,1,1,8,24,Semi-furnished,0,1.0,59.2
Kolkata,Mid-range,Apartment,1442,3,2,21,25,Furnished,2,3.8,85.97
Mumbai,Suburban,Apartment,1862,4,3,11,25,Furnished,0,3.2,314.85
Chennai,Mid-range,Apartment,1207,2,2,18,3,Furnished,1,0.4,87.7
Mumbai,Mid-range,Apartment,1059,2,1,27,21,Semi-furnished,3,5.2,176.4
Delhi NCR,Mid-range,Independent House,1909,3,4,13,1,Semi-furnished,1,11.4,192.62
Kochi,Suburban,Apartment,2165,5,5,19,7,Unfurnished,2,4.8,90.44
Pune,Mid-range,Apartment,1824,4,3,23,12,Unfurnished,1,2.0,116.12
Chennai,Suburban,Builder Floor,1432,3,3,1,0,Semi-furnished,0,0.2,71.39
Kochi,Mid-range,Builder Floor,1163,2,2,7,0,Furnished,1,2.5,76.51
Delhi NCR,Mid-range,Builder Floor,1356,3,3,23,2,Unfurnished,0,3.9,114.8
Chennai,Suburban,Apartment,1034,2,3,29,7,Semi-furnished,2,0.2,44.43
Kolkata,Mid-range,Apartment,1527,3,2,18,9,Unfurnished,2,15.6,78.28
Ahmedabad,Mid-range,Apartment,910,2,2,9,9,Unfurnished,2,1.0,54.01
Chennai,Mid-range,Builder Floor,1493,3,3,17,0,Furnished,0,5.4,103.98
Hyderabad,Suburban,Apartment,1868,4,3,6,1,Furnished,1,0.3,107.03
Mumbai,Prime,Independent House,1321,2,1,1,1,Semi-furnished,1,8.5,504.33
Jaipur,Mid-range,Apartment,1479,3,2,21,19,Unfurnished,2,1.9,76.05
Kochi,Mid-range,Apartment,1436,3,3,9,19,Semi-furnished,1,4.0,103.2
Mumbai,Suburban,Builder Floor,1014,2,2,18,2,Semi-furnished,0,8.1,116.83
Coimbatore,Mid-range,Apartment,533,1,1,11,4,Furnished,1,9.5,29.51
Delhi NCR,Mid-range,Apartment,693,1,2,18,14,Unfurnished,2,2.5,83.67
Jaipur,Suburban,Apartment,1356,3,3,7,15,Semi-furnished,1,5.9,49.41
Jaipur,Suburban,Builder Floor,1633,3,4,2,0,Semi-furnished,1,0.2,58.79
Lucknow,Suburban,Apartment,982,2,1,7,8,Furnished,1,0.2,35.23
Lucknow,Prime,Villa,1328,2,2,5,2,Unfurnished,2,5.7,106.07
Jaipur,Suburban,Apartment,1907,4,3,10,13,Semi-furnished,0,0.5,65.43
Coimbatore,Mid-range,Apartment,1249,2,2,0,20,Furnished,1,5.6,77.19
Hyderabad,Suburban,Villa,1398,2,3,15,2,Semi-furnished,1,1.1,89.8
Coimbatore,Mid-range,Villa,1273,2,1,8,0,Semi-furnished,1,6.0,80.16
Jaipur,Mid-range,Apartment,1037,2,1,29,17,Semi-furnished,2,10.2,43.54
Mumbai,Suburban,Builder Floor,909,2,1,3,1,Unfurnished,3,2.3,148.39
Delhi NCR,Mid-range,Apartment,754,1,2,10,5,Furnished,0,3.6,88.77
Hyderabad,Mid-range,Builder Floor,967,2,3,4,2,Unfurnished,1,1.0,69.63
Lucknow,Prime,Apartment,1111,2,1,8,8,Semi-furnished,0,2.6,72.8
Ahmedabad,Mid-range,Independent House,1982,3,4,0,2,Semi-furnished,1,8.2,111.05
Coimbatore,Mid-range,Apartment,1594,3,4,10,15,Furnished,1,0.8,96.34
Pune,Prime,Builder Floor,1066,2,2,14,0,Unfurnished,0,8.8,106.28
Mumbai,Mid-range,Apartment,1503,3,3,28,1,Furnished,1,0.2,243.44
Lucknow,Suburban,Independent House,738,1,1,5,0,Unfurnished,0,5.5,23.71
Ahmedabad,Mid-range,Apartment,451,1,1,4,19,Unfurnished,1,5.9,31.9
Coimbatore,Prime,Apartment,1573,3,3,20,21,Semi-furnished,3,1.9,119.18
Bengaluru,Suburban,Apartment,1027,2,2,18,25,Unfurnished,1,3.8,64.36
Kochi,Mid-range,Apartment,687,1,1,5,24,Furnished,1,1.9,52.38
Bengaluru,Prime,Apartment,725,1,1,8,14,Semi-furnished,1,4.9,101.18
Jaipur,Mid-range,Builder Floor,1510,3,3,25,0,Semi-furnished,1,0.9,59.53
Hyderabad,Mid-range,Apartment,1120,2,1,23,24,Semi-furnished,1,8.1,77.95
Bengaluru,Mid-range,Apartment,1874,4,5,12,0,Furnished,2,7.6,158.39
Pune,Mid-range,Apartment,1032,2,2,5,24,Semi-furnished,0,0.6,81.09
Kochi,Suburban,Builder Floor,1412,3,2,0,2,Unfurnished,1,1.5,66.38
Mumbai,Mid-range,Independent House,1322,2,2,9,1,Semi-furnished,2,1.2,300.28
Kolkata,Suburban,Independent House,2393,4,3,20,2,Semi-furnished,1,3.1,93.57
Ahmedabad,Prime,Apartment,1341,3,2,12,9,Unfurnished,1,0.2,108.86
Pune,Suburban,Builder Floor,1765,4,4,18,0,Semi-furnished,0,3.6,87.84
Pune,Suburban,Independent House,1997,3,3,28,0,Furnished,0,0.2,98.53
Chennai,Suburban,Builder Floor,791,1,1,26,1,Semi-furnished,2,5.6,37.39
Bengaluru,Suburban,Apartment,822,1,1,28,7,Unfurnished,2,4.3,40.61
Mumbai,Mid-range,Apartment,1275,3,2,26,3,Semi-furnished,2,2.9,190.65
Hyderabad,Mid-range,Apartment,1466,3,2,17,7,Unfurnished,2,7.1,101.42
Mumbai,Suburban,Apartment,1755,4,4,14,19,Furnished,1,4.3,236.66
Delhi NCR,Mid-range,Independent House,1316,2,2,21,1,Semi-furnished,0,5.8,135.88
Bengaluru,Mid-range,Apartment,1765,4,5,11,11,Semi-furnished,2,3.2,164.77
Kochi,Prime,Independent House,1235,2,1,16,0,Furnished,1,5.6,120.29
Hyderabad,Prime,Builder Floor,1918,4,5,1,2,Unfurnished,2,4.6,243.53
Chennai,Mid-range,Apartment,1121,2,1,24,22,Unfurnished,0,1.2,71.12
Pune,Suburban,Apartment,1141,2,2,30,23,Semi-furnished,1,2.6,48.11
Kochi,Suburban,Apartment,652,1,1,12,8,Unfurnished,1,2.2,30.65
Jaipur,Prime,Apartment,1490,3,3,10,18,Semi-furnished,3,8.9,99.45
Kochi,Suburban,Apartment,976,2,2,13,4,Unfurnished,2,0.3,56.41
Delhi NCR,Prime,Apartment,1406,3,2,9,19,Unfurnished,1,2.1,259.87
Mumbai,Mid-range,Apartment,1064,2,3,29,21,Unfurnished,1,3.0,197.15
Hyderabad,Mid-range,Apartment,1409,3,3,18,7,Semi-furnished,0,7.7,85.32
Coimbatore,Mid-range,Apartment,943,2,3,28,16,Unfurnished,2,0.2,48.76
Hyderabad,Suburban,Apartment,1385,3,3,30,18,Semi-furnished,2,3.8,61.52
Ahmedabad,Mid-range,Independent House,1418,2,2,0,2,Unfurnished,2,7.8,82.99
Kolkata,Mid-range,Apartment,1164,2,1,25,3,Semi-furnished,2,3.5,59.51
Ahmedabad,Mid-range,Apartment,1498,3,3,16,23,Furnished,1,9.5,77.53
Bengaluru,Suburban,Apartment,1465,3,4,14,1,Unfurnished,2,2.1,84.33
Coimbatore,Suburban,Builder Floor,1265,3,3,4,2,Unfurnished,0,12.5,39.48
Jaipur,Mid-range,Apartment,1934,4,4,16,9,Furnished,2,2.1,93.49
Delhi NCR,Mid-range,Apartment,2053,5,6,29,25,Semi-furnished,2,8.1,170.12
Kochi,Mid-range,Villa,2873,5,6,27,0,Semi-furnished,1,8.1,171.19
Coimbatore,Suburban,Independent House,2296,4,4,17,1,Semi-furnished,2,2.2,86.4
Hyderabad,Mid-range,Builder Floor,2163,5,4,15,2,Furnished,2,7.2,139.3
Coimbatore,Mid-range,Apartment,1492,3,3,9,1,Unfurnished,1,5.9,70.82
Jaipur,Mid-range,Apartment,1043,2,3,3,13,Furnished,1,4.4,63.36
Delhi NCR,Mid-range,Apartment,747,1,2,12,19,Unfurnished,3,0.7,107.98
Kolkata,Prime,Builder Floor,1050,2,3,7,2,Unfurnished,1,2.1,113.4
Delhi NCR,Suburban,Apartment,1003,2,3,16,4,Semi-furnished,1,2.6,69.09
Coimbatore,Mid-range,Apartment,1474,3,3,1,11,Furnished,2,9.5,97.23
Kolkata,Suburban,Apartment,1704,4,4,7,20,Semi-furnished,0,3.8,87.36
Bengaluru,Suburban,Apartment,1707,4,5,27,19,Unfurnished,2,1.3,85.03
Chennai,Mid-range,Apartment,1084,2,3,22,8,Semi-furnished,1,1.6,68.16
Coimbatore,Mid-range,Apartment,1629,3,2,6,24,Furnished,2,2.4,98.39
Lucknow,Mid-range,Independent House,1739,3,3,5,1,Semi-furnished,2,0.6,92.6
Kochi,Prime,Independent House,1214,2,1,24,0,Semi-furnished,2,0.7,115.44
Jaipur,Suburban,Builder Floor,1354,3,4,8,1,Unfurnished,1,4.0,52.83
Coimbatore,Suburban,Independent House,1776,3,4,2,0,Semi-furnished,2,0.9,84.4
Ahmedabad,Suburban,Apartment,1884,4,3,26,2,Semi-furnished,1,6.1,49.55
Delhi NCR,Suburban,Independent House,1016,1,1,12,1,Unfurnished,1,1.3,84.84
Kochi,Prime,Apartment,641,1,2,6,25,Semi-furnished,1,0.6,73.32
Chennai,Mid-range,Apartment,977,2,1,10,16,Unfurnished,1,3.6,75.32
Kochi,Suburban,Apartment,1513,3,3,9,7,Semi-furnished,2,1.2,76.92
Kolkata,Mid-range,Apartment,1441,3,3,0,23,Semi-furnished,0,1.5,109.0
Mumbai,Suburban,Independent House,2364,4,3,18,1,Unfurnished,1,1.2,321.48
Hyderabad,Suburban,Apartment,1353,3,3,22,3,Furnished,1,8.2,64.03
Ahmedabad,Mid-range,Apartment,1046,2,2,1,3,Furnished,2,5.0,69.17
Ahmedabad,Suburban,Apartment,451,1,2,30,1,Furnished,1,0.6,16.89
Ahmedabad,Suburban,Apartment,1830,4,5,29,10,Semi-furnished,0,3.3,52.23
Kolkata,Mid-range,Builder Floor,1246,2,3,4,0,Unfurnished,1,1.4,78.2
Lucknow,Mid-range,Villa,2928,5,5,0,1,Furnished,2,12.6,180.04
Mumbai,Suburban,Apartment,1038,2,2,14,24,Furnished,0,1.8,168.25
Bengaluru,Mid-range,Apartment,1366,2,2,17,24,Semi-furnished,1,3.5,115.78
Chennai,Mid-range,Apartment,1480,3,3,11,23,Furnished,0,2.8,109.23
Pune,Mid-range,Builder Floor,1109,2,3,6,2,Furnished,3,5.4,114.04
Mumbai,Suburban,Apartment,1475,3,4,29,20,Unfurnished,2,0.9,163.03
Mumbai,Suburban,Apartment,1027,2,2,27,19,Furnished,1,0.7,132.76
Mumbai,Prime,Apartment,1518,3,2,21,16,Semi-furnished,1,0.9,485.85
Bengaluru,Suburban,Builder Floor,1093,2,3,28,1,Furnished,0,2.0,50.4
Mumbai,Mid-range,Apartment,1420,3,4,12,1,Unfurnished,1,3.3,278.88
Pune,Mid-range,Apartment,1041,2,3,12,23,Unfurnished,1,1.5,83.44
Kochi,Mid-range,Independent House,750,1,2,29,2,Unfurnished,1,0.5,41.64
Lucknow,Suburban,Villa,1250,2,2,11,0,Unfurnished,2,6.2,47.85
Ahmedabad,Mid-range,Independent House,1463,2,2,28,0,Furnished,1,4.1,61.55
Jaipur,Mid-range,Apartment,1507,3,3,6,9,Unfurnished,3,5.6,74.43
Jaipur,Suburban,Apartment,1768,4,3,18,23,Semi-furnished,3,5.3,62.94
Chennai,Suburban,Apartment,1566,3,4,15,6,Semi-furnished,0,6.5,69.62
Mumbai,Suburban,Independent House,1536,2,3,2,1,Unfurnished,1,4.5,246.81
Kolkata,Prime,Builder Floor,1107,2,1,17,0,Semi-furnished,1,2.7,95.0
Delhi NCR,Mid-range,Apartment,1348,3,3,27,13,Unfurnished,1,1.8,128.32
Delhi NCR,Suburban,Independent House,1429,2,3,4,0,Semi-furnished,0,11.8,116.67
Hyderabad,Suburban,Apartment,1144,2,2,8,2,Unfurnished,3,2.2,62.98
Chennai,Prime,Apartment,985,2,2,22,24,Semi-furnished,1,0.5,108.46
Kolkata,Prime,Builder Floor,1517,3,2,15,1,Unfurnished,1,10.4,110.79
Lucknow,Mid-range,Apartment,607,1,1,20,12,Furnished,1,2.0,33.75
Kochi,Prime,Apartment,688,1,1,30,2,Unfurnished,0,0.8,45.9
Bengaluru,Mid-range,Apartment,1139,2,3,13,16,Furnished,1,1.7,107.64
Bengaluru,Suburban,Apartment,1531,3,2,9,16,Semi-furnished,0,1.5,100.55
Jaipur,Prime,Independent House,1823,3,2,27,2,Semi-furnished,0,2.2,108.63
Kochi,Mid-range,Apartment,1147,2,2,13,24,Unfurnished,1,2.0,75.77
Lucknow,Mid-range,Apartment,2264,5,4,30,4,Semi-furnished,1,3.7,72.55
Kolkata,Suburban,Builder Floor,695,1,1,30,2,Semi-furnished,2,0.2,31.43
Mumbai,Prime,Apartment,1870,4,3,29,5,Unfurnished,1,9.4,425.01
Jaipur,Mid-range,Builder Floor,1489,3,3,8,1,Unfurnished,1,2.1,64.21
Bengaluru,Mid-range,Independent House,1425,2,1,21,1,Semi-furnished,1,4.5,113.55
Chennai,Suburban,Apartment,598,1,2,28,6,Semi-furnished,3,2.3,33.88
Kochi,Mid-range,Independent House,1820,3,3,29,1,Unfurnished,2,2.3,101.96
Mumbai,Mid-range,Builder Floor,1495,3,3,17,0,Semi-furnished,1,3.2,268.29
Bengaluru,Suburban,Independent House,1212,2,2,20,0,Semi-furnished,2,7.4,63.25
Bengaluru,Mid-range,Apartment,1459,3,3,11,24,Unfurnished,2,17.4,118.08
Bengaluru,Mid-range,Apartment,1170,2,3,16,5,Unfurnished,1,2.2,91.56
Jaipur,Suburban,Independent House,1811,3,3,17,2,Unfurnished,2,0.2,58.65
Ahmedabad,Prime,Apartment,587,1,1,27,16,Furnished,1,1.3,50.34
Bengaluru,Suburban,Apartment,492,1,1,27,1,Unfurnished,0,9.9,18.83
Jaipur,Prime,Independent House,1219,2,3,7,0,Semi-furnished,1,1.0,90.93
Mumbai,Suburban,Apartment,1465,3,2,6,4,Semi-furnished,1,9.1,203.12
Coimbatore,Suburban,Apartment,1551,3,3,24,14,Unfurnished,1,2.5,45.37
Kochi,Prime,Apartment,1674,4,3,5,1,Unfurnished,3,2.0,167.32
Hyderabad,Mid-range,Independent House,2404,4,4,23,1,Semi-furnished,1,1.3,169.29
Hyderabad,Mid-range,Apartment,784,1,1,29,12,Unfurnished,1,8.9,43.51
Hyderabad,Suburban,Builder Floor,1517,3,4,13,0,Semi-furnished,2,3.4,77.06
Ahmedabad,Prime,Apartment,1002,2,1,26,24,Unfurnished,1,2.4,68.58
Delhi NCR,Prime,Independent House,2014,3,2,10,1,Semi-furnished,0,0.6,400.15
Delhi NCR,Mid-range,Independent House,1863,3,2,7,2,Semi-furnished,2,3.5,243.36
Bengaluru,Prime,Apartment,997,2,1,15,7,Semi-furnished,1,1.7,122.83
Pune,Mid-range,Apartment,1066,2,2,8,11,Unfurnished,1,0.8,88.39
Jaipur,Suburban,Apartment,1066,2,2,11,11,Semi-furnished,3,7.1,43.52
Bengaluru,Suburban,Independent House,1590,2,1,21,2,Unfurnished,1,0.2,84.9
Kolkata,Prime,Builder Floor,1077,2,2,24,2,Furnished,2,16.6,84.99
Lucknow,Suburban,Apartment,1588,3,4,19,8,Furnished,2,4.0,59.33
Pune,Prime,Builder Floor,939,2,3,27,0,Semi-furnished,2,5.4,96.74
Hyderabad,Suburban,Builder Floor,1129,2,2,27,2,Semi-furnished,0,1.4,40.81
Kochi,Mid-range,Apartment,1511,3,3,20,18,Semi-furnished,1,3.8,88.61
Mumbai,Suburban,Apartment,1153,2,1,15,15,Semi-furnished,0,3.2,155.95
Lucknow,Mid-range,Builder Floor,1517,3,2,3,0,Unfurnished,1,2.0,67.89
Lucknow,Mid-range,Apartment,1013,2,2,0,13,Unfurnished,1,1.2,54.31
Pune,Prime,Apartment,1158,2,2,29,8,Furnished,2,3.4,109.77
Bengaluru,Mid-range,Independent House,2431,4,5,29,2,Unfurnished,0,4.6,158.36
Hyderabad,Mid-range,Builder Floor,606,1,1,29,1,Furnished,2,7.5,42.18
Hyderabad,Mid-range,Villa,3027,5,4,20,1,Unfurnished,3,1.5,251.05
Kochi,Suburban,Builder Floor,1171,2,1,0,2,Unfurnished,0,4.1,52.08
Coimbatore,Prime,Apartment,1504,3,2,4,20,Semi-furnished,1,0.2,154.44
Hyderabad,Suburban,Apartment,1064,2,2,23,8,Unfurnished,0,0.2,42.48
Bengaluru,Mid-range,Apartment,1469,3,3,28,24,Unfurnished,3,6.9,108.43
Hyderabad,Mid-range,Independent House,1321,2,2,20,2,Unfurnished,1,3.4,92.62
Pune,Mid-range,Independent House,1613,3,3,25,1,Semi-furnished,1,3.1,122.4
Lucknow,Mid-range,Villa,1754,3,3,18,1,Semi-furnished,0,10.8,77.87
Kochi,Suburban,Independent House,1820,3,2,25,2,Semi-furnished,0,5.7,59.0
Bengaluru,Prime,Apartment,1413,3,4,15,21,Semi-furnished,0,0.9,183.45
Chennai,Mid-range,Apartment,1023,2,2,20,21,Unfurnished,1,0.5,72.92
Chennai,Prime,Apartment,1433,3,4,5,19,Semi-furnished,0,10.2,157.26
Jaipur,Mid-range,Apartment,655,1,2,5,25,Unfurnished,1,6.8,36.03
Chennai,Prime,Independent House,813,1,2,6,1,Furnished,1,7.0,112.36
Kolkata,Mid-range,Apartment,1594,3,2,17,24,Furnished,0,0.5,94.64
Mumbai,Suburban,Independent House,1750,3,4,4,1,Semi-furnished,1,0.7,287.35
Kolkata,Prime,Apartment,965,2,3,7,7,Semi-furnished,1,0.4,101.53
Kolkata,Mid-range,Builder Floor,1768,4,4,28,2,Unfurnished,1,0.2,83.19
Pune,Mid-range,Villa,2297,4,5,17,1,Unfurnished,1,0.8,231.37
Lucknow,Suburban,Apartment,1539,3,2,19,19,Semi-furnished,1,0.2,51.85
Hyderabad,Mid-range,Apartment,1733,4,3,13,11,Semi-furnished,1,1.7,123.62
Lucknow,Suburban,Apartment,1519,3,2,1,8,Semi-furnished,2,5.0,61.73
Delhi NCR,Prime,Builder Floor,1577,3,3,1,2,Furnished,2,0.7,371.66
Hyderabad,Prime,Apartment,582,1,1,6,5,Unfurnished,1,0.3,72.36
Chennai,Mid-range,Apartment,1164,2,3,30,8,Semi-furnished,1,3.8,71.17
Lucknow,Mid-range,Apartment,1056,2,2,20,4,Furnished,1,1.0,47.22
Lucknow,Suburban,Apartment,1242,2,2,30,0,Unfurnished,1,1.2,28.88
Bengaluru,Suburban,Apartment,2179,5,5,11,1,Unfurnished,1,0.8,108.56
Delhi NCR,Prime,Apartment,1146,2,2,4,1,Semi-furnished,3,4.4,204.03
Chennai,Mid-range,Apartment,1251,2,2,10,5,Semi-furnished,1,12.5,95.38
Hyderabad,Suburban,Independent House,964,1,1,24,0,Unfurnished,2,2.0,46.52
Bengaluru,Prime,Builder Floor,1022,2,2,17,2,Semi-furnished,1,1.6,108.46
Kolkata,Prime,Builder Floor,1496,3,3,9,0,Furnished,1,14.8,143.33
Hyderabad,Suburban,Builder Floor,994,2,2,8,0,Semi-furnished,2,2.7,59.95
Pune,Suburban,Builder Floor,1106,2,2,15,2,Semi-furnished,1,1.9,54.03
Coimbatore,Mid-range,Builder Floor,1213,2,2,20,0,Unfurnished,3,0.9,62.03
Chennai,Suburban,Apartment,554,1,1,19,5,Unfurnished,0,0.2,23.61
Hyderabad,Suburban,Builder Floor,656,1,1,11,2,Semi-furnished,2,2.8,38.11
Hyderabad,Suburban,Apartment,727,1,2,13,5,Semi-furnished,1,2.7,37.7
Coimbatore,Suburban,Apartment,1183,2,1,14,12,Unfurnished,1,6.1,44.45
Kolkata,Prime,Apartment,620,1,1,8,10,Unfurnished,1,5.0,61.21
Mumbai,Prime,Apartment,1135,2,2,2,10,Unfurnished,1,3.4,410.71
Kochi,Suburban,Apartment,606,1,2,15,23,Semi-furnished,1,0.6,30.2
Coimbatore,Mid-range,Builder Floor,1024,2,1,14,1,Unfurnished,1,1.1,48.09
Coimbatore,Prime,Apartment,1182,2,2,29,5,Unfurnished,1,0.3,73.92
Kolkata,Mid-range,Independent House,1853,3,3,20,0,Unfurnished,1,0.7,102.96
Delhi NCR,Mid-range,Apartment,596,1,1,11,4,Unfurnished,0,0.2,71.13
Delhi NCR,Suburban,Builder Floor,535,1,1,22,0,Semi-furnished,0,8.2,30.01
Bengaluru,Mid-range,Apartment,519,1,2,10,11,Semi-furnished,2,1.6,56.25
Coimbatore,Mid-range,Apartment,1027,2,2,1,5,Semi-furnished,2,0.2,60.14
Delhi NCR,Mid-range,Apartment,1078,2,1,26,6,Semi-furnished,1,6.6,89.12
Delhi NCR,Suburban,Apartment,1437,3,3,5,25,Semi-furnished,2,4.4,145.2
Bengaluru,Suburban,Villa,1514,3,2,3,2,Semi-furnished,1,0.2,134.59
Hyderabad,Mid-range,Villa,1204,2,1,4,1,Semi-furnished,1,14.0,102.36
Pune,Mid-range,Apartment,1021,2,2,14,0,Semi-furnished,1,5.0,72.32
Coimbatore,Prime,Villa,2845,5,6,9,1,Unfurnished,1,10.3,279.48
Jaipur,Mid-range,Apartment,1534,3,2,4,16,Semi-furnished,1,2.7,86.99
Pune,Suburban,Independent House,1791,3,2,17,1,Unfurnished,1,3.6,88.34
Coimbatore,Mid-range,Apartment,2182,5,4,20,0,Unfurnished,1,2.7,97.32
Bengaluru,Suburban,Builder Floor,1487,3,4,18,2,Semi-furnished,3,1.9,87.27
Kochi,Mid-range,Builder Floor,1049,2,2,22,1,Semi-furnished,1,4.4,54.37
Kolkata,Suburban,Apartment,1740,4,4,27,22,Semi-furnished,1,3.4,69.25
Pune,Mid-range,Builder Floor,1101,2,3,6,2,Semi-furnished,0,2.2,86.28
Chennai,Mid-range,Builder Floor,594,1,1,23,0,Semi-furnished,2,9.3,37.3
Pune,Prime,Apartment,1105,2,1,15,10,Unfurnished,1,2.7,125.95
Bengaluru,Mid-range,Apartment,563,1,1,23,21,Semi-furnished,1,0.8,48.82
Jaipur,Prime,Apartment,1106,2,3,3,1,Unfurnished,2,5.2,85.97
Kochi,Mid-range,Builder Floor,569,1,1,3,1,Unfurnished,2,0.2,45.44
Chennai,Suburban,Apartment,1435,3,2,17,15,Unfurnished,2,0.2,72.16
Mumbai,Mid-range,Apartment,1082,2,2,26,12,Unfurnished,2,3.6,206.53
Kolkata,Suburban,Independent House,1200,2,1,30,2,Semi-furnished,1,8.6,39.57
Chennai,Mid-range,Independent House,1403,2,2,16,0,Semi-furnished,1,0.8,107.71
Pune,Mid-range,Independent House,2419,4,3,2,0,Semi-furnished,3,4.4,228.42
Mumbai,Prime,Apartment,1460,3,4,2,14,Unfurnished,1,0.5,544.22
Lucknow,Prime,Builder Floor,1455,3,3,9,2,Semi-furnished,2,3.6,108.65
Ahmedabad,Mid-range,Apartment,1063,2,2,6,14,Semi-furnished,1,1.1,65.21
Chennai,Suburban,Apartment,1469,3,3,21,3,Unfurnished,1,2.6,67.62
Kochi,Suburban,Apartment,1403,3,2,3,14,Semi-furnished,1,4.1,62.56
Bengaluru,Mid-range,Apartment,569,1,1,3,6,Semi-furnished,2,6.5,63.86
Ahmedabad,Mid-range,Apartment,2189,5,5,6,3,Semi-furnished,1,3.0,120.52
Chennai,Suburban,Builder Floor,1407,3,4,6,1,Unfurnished,1,3.9,74.11
Kolkata,Mid-range,Villa,1177,2,1,29,1,Semi-furnished,1,2.0,70.93
Pune,Prime,Independent House,1725,3,3,14,1,Furnished,1,3.2,229.95
Kochi,Mid-range,Apartment,1548,3,3,0,14,Semi-furnished,1,25.0,114.07
Ahmedabad,Mid-range,Apartment,1491,3,3,7,7,Unfurnished,2,5.5,83.93
Jaipur,Suburban,Villa,2364,4,3,10,2,Unfurnished,2,3.7,101.63
Pune,Suburban,Apartment,1110,2,2,30,6,Furnished,3,1.1,60.2
Ahmedabad,Suburban,Apartment,1517,3,3,30,8,Unfurnished,1,0.2,44.08
Kochi,Mid-range,Independent House,1317,2,3,1,2,Unfurnished,2,4.6,108.75
Pune,Mid-range,Apartment,1057,2,1,28,17,Unfurnished,0,3.4,60.93
Kolkata,Mid-range,Villa,866,1,2,17,2,Semi-furnished,2,8.4,59.17
Coimbatore,Mid-range,Builder Floor,1176,2,1,11,2,Furnished,2,4.4,58.61
Kolkata,Mid-range,Independent House,2182,4,3,28,2,Unfurnished,1,0.3,110.15
Bengaluru,Mid-range,Villa,1454,2,3,22,1,Semi-furnished,1,1.8,142.27
Lucknow,Mid-range,Apartment,2142,5,5,27,8,Furnished,2,2.3,82.04
Kolkata,Mid-range,Apartment,1008,2,2,9,14,Furnished,0,1.3,62.82
Mumbai,Mid-range,Apartment,1101,2,3,1,19,Unfurnished,2,1.0,265.3
Lucknow,Prime,Apartment,1502,3,3,7,19,Unfurnished,1,1.2,100.98
Chennai,Suburban,Apartment,1084,2,2,30,13,Semi-furnished,2,3.9,50.93
Lucknow,Mid-range,Independent House,1706,3,4,19,0,Semi-furnished,2,4.8,73.4
Jaipur,Suburban,Apartment,1093,2,3,14,12,Unfurnished,2,7.3,37.88
Jaipur,Suburban,Independent House,1385,2,1,5,2,Unfurnished,1,2.4,58.6
Ahmedabad,Mid-range,Apartment,691,1,1,22,10,Furnished,1,5.0,38.95
Kochi,Mid-range,Apartment,1076,2,3,27,7,Semi-furnished,1,0.2,54.25
Mumbai,Mid-range,Apartment,1142,2,1,15,23,Semi-furnished,0,3.6,220.43
Kochi,Mid-range,Builder Floor,1924,4,3,11,2,Unfurnished,3,1.7,128.29
Jaipur,Mid-range,Apartment,1006,2,3,4,18,Semi-furnished,1,1.7,53.27
Kochi,Prime,Builder Floor,1110,2,1,26,0,Unfurnished,1,8.1,80.43
Chennai,Suburban,Apartment,1169,2,2,26,18,Semi-furnished,1,5.1,49.53
Kochi,Mid-range,Apartment,1938,4,3,7,3,Semi-furnished,2,5.3,121.28
Mumbai,Suburban,Apartment,1031,2,1,3,6,Furnished,1,5.6,186.62
Jaipur,Suburban,Builder Floor,1112,2,2,4,0,Semi-furnished,0,6.5,33.04
Ahmedabad,Suburban,Apartment,988,2,2,2,24,Unfurnished,1,5.1,44.19
Delhi NCR,Mid-range,Apartment,1176,2,2,29,14,Semi-furnished,0,0.2,107.13
Coimbatore,Prime,Builder Floor,1066,2,2,14,2,Unfurnished,0,3.8,76.65
Hyderabad,Mid-range,Apartment,742,1,1,28,9,Semi-furnished,2,4.5,46.33
Hyderabad,Suburban,Villa,837,1,1,25,1,Semi-furnished,2,2.0,49.31
Kolkata,Mid-range,Apartment,660,1,1,6,15,Semi-furnished,3,1.7,53.03
Kolkata,Mid-range,Apartment,1002,2,2,7,0,Semi-furnished,0,6.2,56.87
Hyderabad,Suburban,Independent House,2857,5,4,26,2,Semi-furnished,1,0.2,130.62
Delhi NCR,Mid-range,Apartment,1476,3,4,20,2,Semi-furnished,1,8.1,156.49
Hyderabad,Prime,Apartment,1057,2,1,13,14,Semi-furnished,2,2.5,137.1
Bengaluru,Mid-range,Apartment,2223,5,4,5,24,Unfurnished,1,3.2,226.22
Ahmedabad,Suburban,Apartment,1222,2,1,2,21,Unfurnished,1,3.9,54.33
Kochi,Suburban,Independent House,2290,4,4,3,0,Unfurnished,0,5.8,111.27
Ahmedabad,Suburban,Apartment,1304,3,4,15,2,Semi-furnished,2,9.4,50.7
Coimbatore,Suburban,Apartment,1332,3,3,15,1,Furnished,3,0.9,51.51
Kochi,Mid-range,Apartment,1655,3,4,1,7,Unfurnished,2,2.9,118.24
Chennai,Prime,Villa,918,1,1,5,1,Semi-furnished,2,1.9,140.7
Hyderabad,Prime,Villa,2348,4,5,14,2,Semi-furnished,2,17.4,316.48
Jaipur,Mid-range,Independent House,922,1,1,16,2,Furnished,2,0.7,52.05
Ahmedabad,Prime,Apartment,1380,3,3,23,5,Unfurnished,2,0.3,88.3
Ahmedabad,Mid-range,Builder Floor,668,1,1,19,1,Semi-furnished,1,12.5,31.82
Coimbatore,Suburban,Villa,1371,2,2,22,2,Unfurnished,1,0.4,50.6
Kochi,Suburban,Apartment,2215,5,5,25,24,Furnished,2,1.0,96.19
Delhi NCR,Mid-range,Independent House,1869,3,3,22,0,Furnished,1,0.6,213.43
Ahmedabad,Prime,Builder Floor,589,1,2,9,0,Unfurnished,1,1.2,48.72
Bengaluru,Mid-range,Apartment,967,2,2,6,20,Unfurnished,1,3.7,101.2
Pune,Prime,Apartment,1875,4,3,7,11,Semi-furnished,2,4.0,240.98
Kochi,Mid-range,Apartment,943,2,2,30,3,Unfurnished,1,3.8,46.73
Coimbatore,Suburban,Builder Floor,1107,2,2,12,2,Semi-furnished,2,0.2,44.77
Pune,Suburban,Apartment,949,2,2,7,23,Furnished,1,0.6,62.45
Jaipur,Prime,Apartment,1734,4,4,17,6,Semi-furnished,1,1.3,120.49
Pune,Mid-range,Independent House,1768,3,3,18,1,Semi-furnished,0,0.5,132.29
Mumbai,Mid-range,Apartment,1405,3,4,4,21,Semi-furnished,1,4.9,364.64
Lucknow,Prime,Villa,1257,2,1,19,2,Semi-furnished,0,5.5,95.05
Delhi NCR,Prime,Apartment,1250,2,2,4,24,Semi-furnished,1,2.7,262.24
Jaipur,Mid-range,Independent House,1511,2,2,6,0,Unfurnished,1,3.0,73.37
Mumbai,Prime,Apartment,1039,2,2,12,3,Unfurnished,1,2.4,305.26
Mumbai,Mid-range,Apartment,639,1,1,5,3,Furnished,2,2.3,170.84
Bengaluru,Suburban,Apartment,1089,2,3,11,3,Unfurnished,1,1.5,81.34
Jaipur,Mid-range,Villa,1355,2,2,22,2,Semi-furnished,2,8.2,71.55
Hyderabad,Prime,Apartment,1451,3,2,6,11,Unfurnished,2,1.5,172.29
Kolkata,Mid-range,Independent House,1256,2,2,5,1,Semi-furnished,0,0.2,92.81
Delhi NCR,Prime,Apartment,1143,2,2,19,21,Furnished,3,1.1,195.59
Kochi,Mid-range,Builder Floor,1429,3,3,28,1,Semi-furnished,2,3.9,74.71
Kochi,Mid-range,Independent House,1740,3,3,27,1,Semi-furnished,1,4.0,94.85
Coimbatore,Mid-range,Independent House,1649,2,2,26,2,Furnished,2,1.9,83.38
Coimbatore,Mid-range,Apartment,1956,4,5,15,12,Semi-furnished,1,2.7,104.97
Pune,Suburban,Villa,1874,3,3,26,2,Unfurnished,1,0.7,101.78
Pune,Prime,Apartment,1191,2,3,7,16,Furnished,1,5.4,157.5
Coimbatore,Mid-range,Builder Floor,740,1,1,22,2,Unfurnished,2,7.6,33.64
Kochi,Suburban,Apartment,998,2,1,24,19,Semi-furnished,1,3.2,37.54
Delhi NCR,Suburban,Apartment,946,2,3,25,18,Furnished,0,0.5,69.97
Delhi NCR,Prime,Apartment,606,1,2,8,10,Unfurnished,1,3.2,112.84
Pune,Mid-range,Villa,1573,3,2,28,2,Unfurnished,1,4.5,107.14
Ahmedabad,Mid-range,Apartment,1279,2,2,28,21,Semi-furnished,2,0.2,61.8
Delhi NCR,Suburban,Builder Floor,1098,2,3,1,0,Semi-furnished,0,1.8,91.56
Pune,Prime,Independent House,1295,2,1,14,2,Semi-furnished,1,0.2,172.9
Chennai,Prime,Apartment,971,2,2,27,13,Unfurnished,0,7.3,75.32
Chennai,Suburban,Apartment,1676,3,3,2,19,Semi-furnished,0,4.2,95.41
Ahmedabad,Mid-range,Apartment,1401,3,3,7,5,Furnished,1,1.3,85.69
Chennai,Suburban,Apartment,1349,3,2,29,6,Unfurnished,3,3.1,65.41
Coimbatore,Suburban,Apartment,712,1,1,16,18,Unfurnished,0,1.9,21.44
Lucknow,Mid-range,Independent House,1499,2,3,3,0,Unfurnished,1,10.3,68.36
Lucknow,Mid-range,Builder Floor,948,2,3,10,0,Semi-furnished,0,0.9,43.9
Ahmedabad,Prime,Apartment,1917,4,5,8,18,Semi-furnished,2,2.1,164.71
Ahmedabad,Mid-range,Builder Floor,1051,2,2,23,1,Unfurnished,2,1.7,50.88
Mumbai,Suburban,Apartment,1551,3,2,13,25,Furnished,1,0.3,282.49
Bengaluru,Mid-range,Apartment,497,1,1,4,8,Semi-furnished,1,15.1,43.54
Mumbai,Mid-range,Apartment,1453,3,3,16,16,Furnished,0,3.6,297.55
Ahmedabad,Suburban,Apartment,1824,4,3,1,24,Semi-furnished,2,0.9,90.34
Bengaluru,Suburban,Independent House,2323,4,3,1,1,Semi-furnished,1,0.2,171.34
Chennai,Suburban,Builder Floor,2199,5,6,29,2,Unfurnished,1,0.4,90.16
Ahmedabad,Mid-range,Apartment,1135,2,3,2,16,Semi-furnished,2,1.6,76.87
Coimbatore,Suburban,Apartment,1113,2,3,4,2,Semi-furnished,1,3.9,47.58
Ahmedabad,Mid-range,Builder Floor,1252,2,3,24,1,Semi-furnished,0,3.1,48.43
Coimbatore,Suburban,Apartment,1153,2,2,16,16,Furnished,1,3.4,47.37
Delhi NCR,Mid-range,Apartment,950,2,2,12,25,Semi-furnished,1,6.2,124.5
Lucknow,Mid-range,Builder Floor,1482,3,4,28,2,Unfurnished,0,1.4,43.49
Pune,Mid-range,Builder Floor,1099,2,2,22,1,Unfurnished,1,1.6,67.73
Kolkata,Prime,Apartment,671,1,2,6,20,Semi-furnished,0,1.4,76.99
Chennai,Suburban,Independent House,1332,2,2,21,0,Unfurnished,1,8.1,57.96
Kolkata,Mid-range,Independent House,1413,2,3,16,1,Unfurnished,1,4.6,78.83
Kochi,Suburban,Apartment,1462,3,4,2,2,Semi-furnished,1,0.3,77.71
Delhi NCR,Mid-range,Apartment,1131,2,2,20,13,Furnished,1,0.6,129.96
Delhi NCR,Prime,Apartment,1501,3,3,29,8,Unfurnished,1,0.3,200.9
Pune,Mid-range,Apartment,576,1,1,17,3,Unfurnished,2,1.9,48.15
Delhi NCR,Prime,Villa,2333,4,3,14,0,Unfurnished,1,1.4,455.06
Bengaluru,Mid-range,Independent House,2913,5,5,3,2,Semi-furnished,0,1.1,285.52
Pune,Suburban,Apartment,1558,3,4,30,10,Unfurnished,3,4.3,68.66
Ahmedabad,Mid-range,Apartment,1638,4,4,6,19,Semi-furnished,1,7.5,97.75
Mumbai,Mid-range,Builder Floor,1556,3,3,7,2,Semi-furnished,1,4.9,356.8
Mumbai,Mid-range,Apartment,1129,2,3,13,23,Semi-furnished,1,9.3,220.37
Kochi,Mid-range,Apartment,1065,2,2,25,21,Unfurnished,0,0.7,53.41
Delhi NCR,Suburban,Apartment,1172,2,2,5,8,Semi-furnished,1,0.6,99.98
Ahmedabad,Mid-range,Apartment,1309,3,2,10,5,Unfurnished,1,3.3,73.19
Lucknow,Suburban,Independent House,2304,4,4,21,0,Semi-furnished,2,2.1,68.44
Bengaluru,Mid-range,Apartment,1445,3,3,10,13,Unfurnished,1,0.4,117.02
Kolkata,Prime,Apartment,1807,4,4,6,8,Semi-furnished,1,3.2,196.5
Chennai,Prime,Builder Floor,1072,2,1,8,2,Furnished,2,2.4,131.41
Kochi,Mid-range,Independent House,1438,2,1,27,1,Unfurnished,1,1.0,76.57
Ahmedabad,Mid-range,Apartment,739,1,1,21,4,Furnished,1,5.0,35.99
Pune,Prime,Apartment,1950,4,5,11,24,Semi-furnished,0,12.3,215.13
Pune,Suburban,Villa,1922,3,3,27,2,Semi-furnished,2,2.9,110.25
Pune,Suburban,Builder Floor,1112,2,2,29,0,Furnished,2,0.2,51.39
Jaipur,Suburban,Apartment,1493,3,2,28,8,Semi-furnished,1,3.4,40.28
Mumbai,Suburban,Apartment,1185,2,3,23,23,Semi-furnished,2,1.3,158.82
Coimbatore,Mid-range,Apartment,1368,3,4,27,6,Semi-furnished,1,1.1,65.3
Mumbai,Mid-range,Apartment,1835,4,4,19,1,Semi-furnished,1,5.3,358.74
Ahmedabad,Suburban,Independent House,905,1,1,29,0,Semi-furnished,1,0.2,27.97
Pune,Mid-range,Apartment,1028,2,2,5,0,Semi-furnished,0,2.3,86.62
Kolkata,Prime,Independent House,2844,5,4,12,0,Furnished,3,0.6,336.95
Lucknow,Mid-range,Apartment,942,2,3,10,2,Semi-furnished,1,4.1,52.48
Kochi,Mid-range,Apartment,1634,3,3,15,17,Unfurnished,1,7.8,100.66
Ahmedabad,Suburban,Villa,1881,3,3,26,1,Semi-furnished,2,6.1,76.84
Ahmedabad,Suburban,Apartment,904,2,3,23,24,Unfurnished,0,0.5,29.63
Mumbai,Suburban,Builder Floor,2075,5,6,23,2,Semi-furnished,1,1.3,250.6
Kochi,Suburban,Villa,2523,5,4,17,2,Unfurnished,1,9.8,113.16
Pune,Prime,Builder Floor,553,1,1,8,2,Unfurnished,0,7.7,58.54
Jaipur,Mid-range,Apartment,633,1,1,25,0,Semi-furnished,0,3.2,20.52
Hyderabad,Suburban,Builder Floor,1429,3,4,26,0,Semi-furnished,1,1.5,61.15
Delhi NCR,Suburban,Independent House,1790,3,3,20,0,Furnished,1,3.4,126.37
Chennai,Mid-range,Apartment,589,1,1,14,5,Semi-furnished,1,0.6,47.49
Lucknow,Suburban,Apartment,1057,2,1,12,6,Unfurnished,0,1.6,30.0
Delhi NCR,Mid-range,Builder Floor,1493,3,4,7,1,Furnished,1,0.2,204.18
Kochi,Mid-range,Builder Floor,1052,2,2,21,1,Furnished,3,6.9,61.96
Kolkata,Suburban,Independent House,1786,3,2,21,2,Unfurnished,1,9.4,64.9
Chennai,Suburban,Apartment,1104,2,1,17,10,Semi-furnished,1,5.0,56.08
Jaipur,Mid-range,Independent House,1372,2,2,22,2,Semi-furnished,1,3.0,61.35
Delhi NCR,Suburban,Apartment,1546,3,4,18,5,Unfurnished,1,1.1,103.92
Ahmedabad,Prime,Apartment,2191,5,5,8,7,Unfurnished,1,3.7,162.56
Ahmedabad,Mid-range,Independent House,2810,5,5,24,1,Furnished,2,2.7,138.15
Kochi,Mid-range,Apartment,1881,4,4,7,2,Unfurnished,2,1.9,143.65
Chennai,Suburban,Apartment,1393,3,2,15,22,Semi-furnished,2,1.9,82.13
Kochi,Suburban,Apartment,1553,3,2,12,14,Unfurnished,1,7.5,65.41
Jaipur,Suburban,Independent House,1394,2,2,4,1,Semi-furnished,1,2.5,52.1
Pune,Prime,Villa,944,1,1,28,0,Unfurnished,1,8.9,102.55
Jaipur,Mid-range,Apartment,1516,3,3,11,21,Unfurnished,1,0.5,75.44
Ahmedabad,Prime,Apartment,1484,3,3,6,5,Semi-furnished,1,4.5,126.11
Jaipur,Mid-range,Apartment,1049,2,2,6,8,Unfurnished,1,7.6,51.23
Kochi,Mid-range,Apartment,565,1,1,1,14,Unfurnished,1,6.7,40.87
Chennai,Prime,Independent House,685,1,1,6,2,Semi-furnished,1,5.5,83.23
Mumbai,Mid-range,Apartment,1489,3,3,13,5,Unfurnished,2,1.0,302.4
Ahmedabad,Prime,Independent House,1327,2,3,5,2,Furnished,2,6.2,134.02
Mumbai,Prime,Builder Floor,1360,3,4,19,0,Unfurnished,1,7.5,340.8
Kolkata,Prime,Builder Floor,1478,3,4,20,1,Unfurnished,2,0.2,116.08
Mumbai,Suburban,Apartment,535,1,2,16,17,Semi-furnished,2,1.8,71.48
Lucknow,Suburban,Independent House,1769,3,3,25,2,Semi-furnished,1,5.5,53.61
Coimbatore,Mid-range,Apartment,1060,2,2,8,22,Furnished,2,2.1,64.69
Lucknow,Mid-range,Apartment,1195,2,1,4,3,Unfurnished,1,4.6,57.08
Ahmedabad,Prime,Apartment,1902,4,4,18,14,Semi-furnished,2,1.6,156.59
Mumbai,Prime,Apartment,1358,2,1,16,4,Semi-furnished,1,15.0,395.99
Kochi,Prime,Villa,1893,3,2,9,1,Furnished,1,5.2,215.15
Hyderabad,Suburban,Apartment,1298,2,3,30,0,Semi-furnished,2,7.8,48.66
Lucknow,Suburban,Builder Floor,1485,3,2,1,1,Unfurnished,1,6.7,44.71
Bengaluru,Suburban,Apartment,1209,2,3,28,4,Unfurnished,1,0.3,61.26
Chennai,Mid-range,Apartment,1517,3,3,11,18,Semi-furnished,1,0.5,126.42
Chennai,Prime,Apartment,1392,3,3,3,20,Semi-furnished,2,5.1,205.13
Mumbai,Mid-range,Independent House,1464,2,2,11,0,Furnished,2,1.7,355.64
Kochi,Prime,Apartment,1505,3,4,21,7,Semi-furnished,3,2.8,137.48
Delhi NCR,Mid-range,Apartment,986,2,2,16,16,Semi-furnished,1,2.0,111.92
Ahmedabad,Suburban,Apartment,1755,4,3,12,3,Unfurnished,0,3.1,59.24
Jaipur,Mid-range,Apartment,581,1,2,29,18,Semi-furnished,1,4.6,27.48
Mumbai,Prime,Apartment,647,1,2,17,23,Unfurnished,1,3.1,200.46
Kolkata,Mid-range,Apartment,1579,3,3,14,5,Furnished,3,1.7,99.92
Coimbatore,Mid-range,Builder Floor,1129,2,1,29,0,Semi-furnished,1,1.6,46.19
Coimbatore,Mid-range,Apartment,1505,3,4,23,12,Furnished,1,2.5,78.32
Kochi,Suburban,Apartment,1560,3,2,11,11,Furnished,0,1.5,72.61
Pune,Mid-range,Builder Floor,1802,4,4,26,2,Unfurnished,0,4.8,98.13
Jaipur,Mid-range,Builder Floor,1543,3,2,25,0,Semi-furnished,1,8.2,52.53
Bengaluru,Prime,Apartment,1632,3,4,9,19,Furnished,1,0.4,243.81
Pune,Prime,Apartment,1031,2,3,7,15,Semi-furnished,1,6.9,133.41
Kolkata,Mid-range,Builder Floor,2242,5,5,19,0,Furnished,2,1.2,124.37
Kochi,Mid-range,Apartment,1036,2,2,21,11,Unfurnished,1,3.9,63.42
Coimbatore,Suburban,Apartment,1051,2,1,8,18,Unfurnished,1,5.8,40.98
Bengaluru,Prime,Independent House,1461,2,2,7,1,Unfurnished,1,2.1,204.2
Coimbatore,Suburban,Apartment,1067,2,2,23,20,Semi-furnished,2,1.2,39.2
Pune,Mid-range,Apartment,1074,2,3,25,3,Semi-furnished,1,6.3,69.02
Ahmedabad,Mid-range,Independent House,1341,2,1,2,0,Unfurnished,1,5.9,77.07
Chennai,Mid-range,Apartment,1525,3,3,11,24,Unfurnished,0,4.5,101.8
Ahmedabad,Prime,Apartment,1118,2,3,8,6,Unfurnished,3,1.7,92.45
Mumbai,Prime,Apartment,1861,4,4,21,17,Unfurnished,1,0.8,511.29
Pune,Suburban,Apartment,715,1,1,12,14,Semi-furnished,1,0.4,46.03
Kolkata,Mid-range,Apartment,1078,2,2,5,3,Unfurnished,1,0.9,72.24
Kolkata,Mid-range,Apartment,774,1,2,12,6,Unfurnished,1,4.4,47.41
Bengaluru,Mid-range,Independent House,1829,3,4,27,1,Furnished,1,2.7,136.64
Lucknow,Mid-range,Builder Floor,1376,3,2,3,0,Unfurnished,1,1.3,63.86
Lucknow,Suburban,Apartment,1165,2,3,6,5,Unfurnished,1,0.9,44.28
Kolkata,Mid-range,Builder Floor,1239,3,3,27,0,Semi-furnished,2,8.5,61.17
Chennai,Mid-range,Builder Floor,1129,2,2,4,1,Furnished,0,1.0,88.46
Kolkata,Prime,Apartment,1480,3,4,14,11,Unfurnished,1,6.9,115.96
Kolkata,Mid-range,Independent House,1388,2,1,4,2,Semi-furnished,3,0.2,122.45
Kochi,Suburban,Independent House,2345,4,3,17,2,Semi-furnished,2,5.2,107.75
Kolkata,Prime,Independent House,2030,3,3,8,0,Furnished,2,1.3,249.78
Jaipur,Mid-range,Independent House,2320,4,4,9,2,Unfurnished,1,3.4,109.32
Coimbatore,Suburban,Villa,1632,2,2,27,2,Unfurnished,0,3.4,50.9
Chennai,Suburban,Independent House,1318,2,1,23,1,Unfurnished,0,0.6,52.07
Chennai,Suburban,Builder Floor,1053,2,1,0,0,Semi-furnished,2,6.1,61.27
Kolkata,Suburban,Builder Floor,1398,3,4,3,0,Unfurnished,0,0.3,59.71
Bengaluru,Mid-range,Apartment,1237,2,3,17,23,Unfurnished,2,0.4,96.92
Chennai,Prime,Apartment,1119,2,3,17,15,Semi-furnished,2,9.3,133.3
Jaipur,Suburban,Apartment,1313,3,4,11,6,Unfurnished,3,1.5,56.03
Bengaluru,Mid-range,Apartment,1530,3,3,25,5,Semi-furnished,1,1.5,95.28
Mumbai,Prime,Builder Floor,2207,5,6,27,2,Unfurnished,0,0.5,541.36
Lucknow,Prime,Apartment,1238,2,3,24,13,Furnished,1,4.0,81.05
Pune,Mid-range,Apartment,561,1,2,20,17,Semi-furnished,1,8.2,43.23
Kochi,Mid-range,Apartment,2243,5,5,16,20,Furnished,1,0.4,140.45
Kochi,Mid-range,Builder Floor,1366,3,3,20,0,Unfurnished,2,1.0,79.19
Mumbai,Suburban,Villa,2019,4,4,29,1,Semi-furnished,1,3.4,278.6
Mumbai,Mid-range,Independent House,723,1,1,30,0,Unfurnished,1,2.7,125.99
Kolkata,Suburban,Villa,1250,2,3,18,1,Semi-furnished,1,1.3,67.5
Hyderabad,Mid-range,Builder Floor,1033,2,2,0,2,Semi-furnished,2,7.1,82.01
Pune,Suburban,Independent House,1904,3,3,10,2,Furnished,0,2.8,113.73
Ahmedabad,Prime,Apartment,1766,4,4,29,16,Unfurnished,1,10.7,104.18
Mumbai,Prime,Apartment,1152,2,3,1,23,Semi-furnished,2,13.5,415.29
Kochi,Mid-range,Independent House,590,1,1,10,2,Semi-furnished,1,8.1,39.06
Delhi NCR,Prime,Independent House,1477,2,2,8,1,Unfurnished,2,12.6,254.51
Lucknow,Suburban,Apartment,1232,2,1,16,2,Furnished,2,6.7,45.54
Chennai,Suburban,Independent House,1258,2,2,8,2,Unfurnished,1,7.3,66.15
Coimbatore,Suburban,Independent House,829,1,2,7,1,Semi-furnished,1,0.2,34.07
Chennai,Mid-range,Apartment,1353,3,3,20,11,Unfurnished,0,1.2,87.94
Lucknow,Mid-range,Builder Floor,1445,3,4,0,0,Semi-furnished,2,1.1,72.89
Kochi,Suburban,Apartment,1576,3,2,21,11,Semi-furnished,2,1.9,68.43
Hyderabad,Suburban,Builder Floor,1466,3,3,20,0,Unfurnished,1,6.7,69.66
Pune,Mid-range,Builder Floor,1481,3,2,16,2,Unfurnished,1,0.2,97.78
Pune,Suburban,Apartment,1504,3,3,11,24,Semi-furnished,1,3.1,84.38
Mumbai,Suburban,Builder Floor,713,1,1,20,0,Semi-furnished,2,3.5,88.01
Hyderabad,Prime,Villa,668,1,1,4,2,Semi-furnished,2,1.2,118.51
Kochi,Mid-range,Apartment,1111,2,2,5,12,Semi-furnished,1,0.7,88.15
Lucknow,Suburban,Apartment,1232,2,3,16,6,Unfurnished,1,7.6,35.96
Hyderabad,Mid-range,Apartment,1579,3,2,21,13,Furnished,1,2.5,108.21
Pune,Suburban,Apartment,1489,3,3,0,0,Furnished,1,12.4,87.09
Pune,Mid-range,Apartment,1378,3,3,15,6,Semi-furnished,1,4.1,113.71
Jaipur,Suburban,Apartment,1412,3,3,30,8,Unfurnished,2,6.6,36.32
Delhi NCR,Prime,Apartment,1152,2,3,6,15,Semi-furnished,1,1.1,256.28
Kochi,Suburban,Apartment,1187,2,2,20,1,Semi-furnished,1,5.2,50.59
Jaipur,Mid-range,Apartment,1159,2,2,5,18,Furnished,1,0.8,79.56
Mumbai,Mid-range,Apartment,2252,5,6,21,11,Unfurnished,1,5.5,393.4
Coimbatore,Mid-range,Apartment,1012,2,1,6,2,Furnished,0,8.3,56.19
Coimbatore,Mid-range,Apartment,1053,2,2,1,3,Unfurnished,1,3.8,58.16
Delhi NCR,Prime,Apartment,1926,4,3,18,14,Semi-furnished,1,2.7,307.61
Mumbai,Mid-range,Apartment,1423,3,2,13,23,Unfurnished,1,8.7,290.29
Lucknow,Mid-range,Independent House,1172,2,2,1,1,Unfurnished,1,0.7,60.24
Bengaluru,Prime,Apartment,1090,2,1,0,4,Semi-furnished,1,0.2,172.78
Ahmedabad,Suburban,Apartment,1134,2,3,10,23,Semi-furnished,1,0.5,47.64
Kolkata,Suburban,Independent House,1199,2,1,15,0,Furnished,3,3.0,65.43
Kolkata,Suburban,Apartment,989,2,1,10,20,Unfurnished,1,1.7,44.03
Lucknow,Mid-range,Apartment,570,1,1,27,14,Furnished,1,4.9,24.62
Delhi NCR,Prime,Apartment,1755,4,4,0,5,Semi-furnished,1,14.9,343.31
Coimbatore,Mid-range,Apartment,675,1,2,14,4,Semi-furnished,1,2.2,33.59
Chennai,Mid-range,Apartment,1380,3,4,7,0,Semi-furnished,1,0.7,118.85
Mumbai,Suburban,Builder Floor,1079,2,1,29,0,Unfurnished,1,0.2,106.52
Delhi NCR,Prime,Independent House,1883,3,2,0,2,Unfurnished,1,0.2,378.01
Lucknow,Prime,Builder Floor,1468,3,3,16,2,Semi-furnished,0,1.0,88.56
Bengaluru,Mid-range,Apartment,1081,2,2,21,15,Unfurnished,2,4.9,87.45
Kolkata,Suburban,Apartment,1948,4,5,14,0,Furnished,1,0.2,91.19
Lucknow,Mid-range,Apartment,1005,2,2,24,13,Furnished,2,3.0,48.4
Bengaluru,Suburban,Independent House,1212,2,2,21,1,Unfurnished,1,5.0,61.42
Bengaluru,Suburban,Apartment,1860,4,4,25,0,Unfurnished,1,0.5,100.96
Coimbatore,Mid-range,Independent House,1297,2,2,3,1,Semi-furnished,3,2.7,85.29
Jaipur,Mid-range,Apartment,2129,5,4,22,17,Semi-furnished,0,13.7,78.89
Pune,Prime,Apartment,1173,2,1,18,19,Semi-furnished,1,0.4,126.73
Mumbai,Suburban,Apartment,1543,3,3,7,5,Unfurnished,1,2.6,233.18
Lucknow,Prime,Independent House,1921,3,3,20,2,Semi-furnished,2,0.9,123.56
Bengaluru,Mid-range,Builder Floor,1510,3,3,4,0,Furnished,2,5.7,131.1
Kochi,Suburban,Apartment,1449,3,3,19,5,Furnished,0,10.1,55.63
Coimbatore,Suburban,Apartment,1107,2,2,25,1,Unfurnished,1,4.6,34.3
Bengaluru,Suburban,Builder Floor,1093,2,2,9,1,Furnished,1,2.1,67.07
Delhi NCR,Mid-range,Apartment,1428,3,2,28,0,Semi-furnished,1,0.9,132.51
Kochi,Mid-range,Apartment,660,1,2,28,12,Furnished,1,6.8,36.49
Hyderabad,Suburban,Apartment,999,2,2,12,22,Furnished,0,1.5,58.72
Pune,Mid-range,Apartment,1456,3,3,22,3,Unfurnished,1,0.7,97.96
Kolkata,Suburban,Apartment,1349,3,4,5,6,Semi-furnished,1,2.9,65.02
Mumbai,Suburban,Builder Floor,1037,2,1,15,0,Furnished,1,0.5,171.35
Pune,Mid-range,Apartment,1468,3,3,9,7,Semi-furnished,2,2.2,137.0
Hyderabad,Suburban,Independent House,1345,2,1,27,0,Semi-furnished,0,3.2,48.33
Lucknow,Mid-range,Independent House,1832,3,4,10,2,Furnished,3,4.3,92.1
Jaipur,Mid-range,Independent House,1742,3,4,16,1,Unfurnished,2,9.8,75.83
Mumbai,Mid-range,Apartment,723,1,1,26,14,Semi-furnished,1,2.4,123.01
Mumbai,Prime,Apartment,1548,3,2,28,12,Semi-furnished,0,0.2,394.83
Delhi NCR,Mid-range,Apartment,1118,2,1,4,12,Semi-furnished,0,2.8,146.18
Jaipur,Suburban,Independent House,1330,2,2,24,1,Furnished,0,6.0,39.52
Kochi,Mid-range,Apartment,2265,5,4,4,25,Unfurnished,1,0.7,162.38
Hyderabad,Mid-range,Apartment,1467,3,3,10,4,Unfurnished,1,0.3,107.38
Chennai,Mid-range,Villa,1963,3,2,1,2,Unfurnished,1,1.8,197.22
Lucknow,Suburban,Independent House,1946,3,4,20,0,Semi-furnished,0,1.8,63.02
Jaipur,Suburban,Independent House,1881,3,3,27,1,Semi-furnished,2,6.6,60.04
Coimbatore,Mid-range,Apartment,1898,4,3,22,18,Semi-furnished,1,1.6,90.14
Coimbatore,Mid-range,Apartment,830,1,2,17,21,Semi-furnished,1,0.4,45.5
Bengaluru,Mid-range,Apartment,1957,4,4,30,4,Furnished,1,4.6,124.69
Ahmedabad,Suburban,Apartment,1074,2,1,18,7,Furnished,0,4.2,39.32
Pune,Mid-range,Villa,1401,2,3,10,2,Unfurnished,2,7.3,128.48
Ahmedabad,Suburban,Villa,787,1,1,7,0,Semi-furnished,1,0.4,41.97
Kochi,Mid-range,Apartment,1069,2,2,23,8,Unfurnished,2,9.7,55.99
Lucknow,Mid-range,Builder Floor,1250,2,2,14,0,Unfurnished,2,11.3,49.66
Pune,Mid-range,Apartment,722,1,1,3,0,Unfurnished,3,0.6,71.48
Delhi NCR,Mid-range,Apartment,1600,3,3,4,0,Semi-furnished,1,4.5,212.83
Bengaluru,Mid-range,Apartment,1071,2,2,3,11,Furnished,1,4.5,97.58
Bengaluru,Mid-range,Apartment,1141,2,1,30,23,Semi-furnished,1,1.6,83.11
Lucknow,Mid-range,Apartment,1246,2,1,14,15,Furnished,1,4.9,61.31
Chennai,Suburban,Apartment,1132,2,2,15,12,Unfurnished,0,3.6,54.76
Hyderabad,Mid-range,Apartment,2266,5,4,19,11,Furnished,1,0.2,162.18
Chennai,Suburban,Apartment,1473,3,3,19,5,Unfurnished,2,1.3,74.79
Kolkata,Suburban,Builder Floor,2333,5,5,4,0,Semi-furnished,1,1.7,103.94
Kolkata,Suburban,Apartment,556,1,1,30,1,Furnished,1,2.1,22.05
Ahmedabad,Prime,Apartment,726,1,1,11,4,Furnished,0,1.3,59.94
Kochi,Suburban,Builder Floor,1912,4,3,7,1,Unfurnished,1,1.8,77.87
Kolkata,Mid-range,Builder Floor,1485,3,4,6,0,Furnished,1,2.5,105.81
Ahmedabad,Mid-range,Apartment,1430,3,2,27,24,Furnished,0,4.5,56.03
Ahmedabad,Mid-range,Apartment,1604,3,2,25,14,Unfurnished,1,1.5,71.04
Kochi,Suburban,Apartment,1068,2,3,2,0,Unfurnished,2,3.7,56.57
Pune,Mid-range,Apartment,996,2,2,25,7,Semi-furnished,1,2.8,58.42
Kolkata,Suburban,Apartment,918,2,1,1,19,Furnished,0,2.6,43.2
Kochi,Mid-range,Builder Floor,1497,3,3,5,2,Furnished,2,0.5,116.53
Kolkata,Mid-range,Apartment,1412,3,3,19,3,Semi-furnished,0,7.4,68.44
Pune,Suburban,Apartment,765,1,1,22,19,Unfurnished,1,4.1,39.83
Hyderabad,Mid-range,Apartment,1415,3,3,9,16,Unfurnished,1,0.2,95.04
Hyderabad,Prime,Apartment,515,1,1,9,17,Unfurnished,3,1.3,70.91
Lucknow,Prime,Builder Floor,2284,5,6,24,2,Semi-furnished,1,0.7,127.05
Pune,Suburban,Apartment,1093,2,2,5,21,Semi-furnished,0,12.0,54.21
Lucknow,Prime,Independent House,1435,2,2,28,1,Unfurnished,1,0.8,85.47
Chennai,Mid-range,Independent House,1306,2,2,28,2,Unfurnished,1,6.9,72.24
Ahmedabad,Prime,Villa,1844,3,3,25,2,Furnished,0,3.5,152.13
Ahmedabad,Mid-range,Apartment,1540,3,3,4,0,Unfurnished,2,1.2,97.81
Lucknow,Suburban,Apartment,646,1,1,2,9,Semi-furnished,2,8.6,29.83
Bengaluru,Suburban,Apartment,1135,2,3,16,22,Unfurnished,1,0.9,72.21
Delhi NCR,Suburban,Independent House,1131,2,2,3,0,Furnished,0,0.2,109.9
Bengaluru,Mid-range,Apartment,1063,2,2,16,12,Semi-furnished,1,0.8,86.95
Jaipur,Mid-range,Apartment,1498,3,2,28,5,Furnished,0,0.8,58.72
Delhi NCR,Mid-range,Apartment,1579,3,3,30,22,Semi-furnished,2,2.1,144.24
Ahmedabad,Mid-range,Apartment,700,1,2,18,22,Unfurnished,1,4.6,33.75
Chennai,Mid-range,Apartment,1153,2,2,7,14,Furnished,0,3.7,90.37
Delhi NCR,Suburban,Apartment,1019,2,2,11,4,Semi-furnished,3,4.3,88.08
Coimbatore,Suburban,Apartment,1123,2,3,9,12,Semi-furnished,3,2.3,54.77
Mumbai,Mid-range,Independent House,682,1,1,10,2,Semi-furnished,0,5.4,144.92
Coimbatore,Mid-range,Independent House,2310,4,5,5,1,Furnished,1,2.8,142.78
Kolkata,Mid-range,Apartment,1918,4,4,27,20,Semi-furnished,2,1.6,110.1
Coimbatore,Suburban,Apartment,1506,3,3,6,23,Semi-furnished,0,1.4,61.69
Mumbai,Mid-range,Apartment,1482,3,4,19,16,Semi-furnished,0,1.7,296.69
Delhi NCR,Mid-range,Apartment,1397,3,3,10,19,Unfurnished,2,0.6,171.56
Chennai,Mid-range,Independent House,1837,3,2,5,1,Semi-furnished,3,1.3,177.94
Mumbai,Mid-range,Apartment,1405,3,4,23,24,Unfurnished,1,0.4,265.11
Ahmedabad,Suburban,Builder Floor,1057,2,3,9,2,Unfurnished,1,5.3,37.81
Kochi,Suburban,Apartment,1216,2,2,4,7,Semi-furnished,0,1.0,56.92
Pune,Mid-range,Villa,909,1,2,9,2,Furnished,2,4.3,95.94
Chennai,Suburban,Apartment,2071,4,4,28,9,Semi-furnished,0,8.1,82.02
Pune,Suburban,Builder Floor,1872,4,4,26,0,Unfurnished,2,1.2,77.52
Coimbatore,Mid-range,Independent House,592,1,1,12,1,Semi-furnished,3,1.6,38.84
Lucknow,Mid-range,Apartment,1224,2,3,4,8,Semi-furnished,2,9.5,64.9
Kolkata,Mid-range,Villa,1433,2,3,19,0,Furnished,1,2.8,115.67
Mumbai,Prime,Apartment,1479,3,4,4,11,Unfurnished,1,2.9,504.66
Lucknow,Prime,Apartment,1047,2,1,8,11,Semi-furnished,0,0.2,76.52
Kolkata,Suburban,Apartment,1931,4,4,7,17,Semi-furnished,2,2.0,98.32
Pune,Mid-range,Builder Floor,1112,2,3,23,2,Furnished,2,8.4,71.6
Bengaluru,Mid-range,Apartment,675,1,1,15,14,Unfurnished,1,10.3,51.07
Coimbatore,Prime,Villa,770,1,1,14,1,Furnished,2,4.0,78.77
Hyderabad,Mid-range,Apartment,1510,3,3,5,5,Unfurnished,1,2.5,117.09
Delhi NCR,Mid-range,Villa,1275,2,2,19,1,Semi-furnished,0,3.1,147.77
Chennai,Suburban,Independent House,1353,2,2,9,1,Unfurnished,2,2.3,87.65
Lucknow,Mid-range,Apartment,1063,2,3,24,24,Semi-furnished,2,0.7,51.25
Delhi NCR,Suburban,Apartment,1531,3,3,21,25,Semi-furnished,2,4.3,113.09
Hyderabad,Suburban,Apartment,665,1,1,18,4,Semi-furnished,1,3.9,30.4
Bengaluru,Prime,Apartment,1592,3,3,16,0,Furnished,3,0.7,233.92
Lucknow,Prime,Apartment,1186,2,2,22,10,Furnished,1,2.4,81.37
Hyderabad,Suburban,Apartment,1175,2,3,27,5,Semi-furnished,0,2.6,48.02
Lucknow,Prime,Builder Floor,557,1,1,17,2,Unfurnished,1,6.2,32.45
Kolkata,Suburban,Apartment,1557,3,3,4,18,Semi-furnished,2,1.6,86.15
Chennai,Prime,Builder Floor,1036,2,2,11,2,Unfurnished,2,0.4,118.09
Delhi NCR,Mid-range,Villa,862,1,1,1,2,Semi-furnished,1,7.7,127.81
Chennai,Mid-range,Apartment,1892,4,5,19,6,Unfurnished,0,0.9,112.07
Ahmedabad,Suburban,Independent House,1192,2,2,25,0,Semi-furnished,1,3.7,39.79
Kolkata,Suburban,Apartment,1032,2,1,0,0,Unfurnished,0,13.5,44.25
Delhi NCR,Mid-range,Apartment,1450,3,3,8,23,Furnished,1,1.4,185.65
Mumbai,Suburban,Apartment,540,1,1,14,14,Semi-furnished,1,3.4,77.66
Coimbatore,Suburban,Apartment,1149,2,2,21,24,Semi-furnished,2,7.5,45.16
Chennai,Suburban,Builder Floor,1076,2,3,22,0,Furnished,1,1.1,44.98
Mumbai,Prime,Independent House,2917,5,5,8,1,Semi-furnished,1,0.2,1078.31
Delhi NCR,Mid-range,Apartment,1451,3,4,19,13,Furnished,1,9.1,147.71
Hyderabad,Mid-range,Apartment,995,2,3,7,15,Semi-furnished,0,1.1,71.92
Mumbai,Mid-range,Apartment,1072,2,3,11,15,Semi-furnished,0,6.4,237.19
Kolkata,Suburban,Independent House,950,1,1,6,1,Unfurnished,0,17.3,38.2
Hyderabad,Prime,Independent House,1941,3,3,20,0,Unfurnished,0,1.7,171.44
Lucknow,Mid-range,Apartment,1552,3,3,4,1,Unfurnished,1,2.0,73.66
Pune,Suburban,Apartment,609,1,1,9,8,Semi-furnished,1,1.5,36.26
Bengaluru,Mid-range,Apartment,1372,3,3,2,5,Unfurnished,1,0.4,140.54
Bengaluru,Mid-range,Apartment,1632,4,5,10,12,Unfurnished,1,11.7,144.27
Kolkata,Prime,Apartment,1007,2,3,12,4,Unfurnished,0,1.8,85.85
Kochi,Prime,Apartment,1468,3,3,30,22,Semi-furnished,1,1.9,119.3
Bengaluru,Mid-range,Apartment,1472,3,2,23,7,Semi-furnished,1,11.3,92.46
Kolkata,Suburban,Apartment,1087,2,3,21,17,Semi-furnished,2,0.3,50.68
Delhi NCR,Mid-range,Apartment,1627,3,4,19,12,Semi-furnished,2,2.1,189.34
Coimbatore,Suburban,Builder Floor,1746,4,4,5,1,Unfurnished,2,1.4,74.73
Kochi,Prime,Independent House,903,1,1,20,0,Unfurnished,0,0.9,82.83
Jaipur,Mid-range,Apartment,2165,5,5,5,11,Unfurnished,1,3.3,110.29
Mumbai,Mid-range,Apartment,1408,3,4,7,8,Semi-furnished,1,7.6,294.4
Hyderabad,Mid-range,Apartment,1173,2,2,15,19,Semi-furnished,1,4.2,81.61
Jaipur,Prime,Builder Floor,1639,3,3,29,1,Semi-furnished,1,3.4,85.7
Kolkata,Mid-range,Apartment,1521,3,4,26,18,Unfurnished,0,1.1,75.85
Hyderabad,Suburban,Apartment,1522,3,4,6,1,Furnished,1,1.6,87.75
Lucknow,Prime,Apartment,1294,2,3,14,12,Unfurnished,0,12.5,73.48
Mumbai,Prime,Apartment,1359,3,3,22,18,Semi-furnished,1,0.9,457.8
Ahmedabad,Mid-range,Independent House,1111,1,2,2,1,Unfurnished,1,2.0,71.07
Ahmedabad,Prime,Apartment,1104,2,3,4,15,Unfurnished,0,3.0,89.68
Coimbatore,Suburban,Independent House,925,1,1,17,0,Furnished,1,1.0,36.28
Delhi NCR,Mid-range,Apartment,1624,3,2,23,15,Unfurnished,1,2.3,169.92
Lucknow,Mid-range,Apartment,1592,3,4,8,9,Unfurnished,1,0.3,71.6
Pune,Suburban,Apartment,1243,2,3,29,13,Unfurnished,1,2.5,47.24
Kochi,Mid-range,Apartment,1446,3,4,2,3,Furnished,1,11.3,107.79
Bengaluru,Mid-range,Builder Floor,965,2,1,9,1,Unfurnished,2,8.3,78.49
Kochi,Prime,Apartment,1602,3,4,30,0,Furnished,1,0.7,125.7
Bengaluru,Prime,Apartment,1491,3,2,30,25,Unfurnished,2,1.7,138.94
Ahmedabad,Mid-range,Apartment,1893,4,5,23,2,Unfurnished,0,5.5,68.4
Mumbai,Mid-range,Apartment,1110,2,2,4,2,Semi-furnished,1,7.3,228.72
Mumbai,Mid-range,Independent House,1472,2,2,5,2,Furnished,0,2.6,375.32
Mumbai,Suburban,Independent House,1932,3,3,27,0,Unfurnished,1,3.0,236.26
Mumbai,Suburban,Apartment,1069,2,3,4,5,Furnished,0,5.2,174.02
Kochi,Mid-range,Apartment,1445,3,3,27,19,Unfurnished,1,7.4,63.43
Kolkata,Prime,Apartment,598,1,2,17,19,Unfurnished,1,0.2,57.55
Ahmedabad,Mid-range,Apartment,1873,4,3,26,17,Furnished,2,8.8,85.52
Jaipur,Suburban,Apartment,1051,2,3,6,15,Semi-furnished,2,0.2,46.47
Mumbai,Suburban,Apartment,1140,2,2,7,25,Unfurnished,2,0.5,172.7
Chennai,Prime,Apartment,1118,2,2,13,0,Semi-furnished,1,8.6,108.1
Jaipur,Mid-range,Independent House,1836,3,3,16,1,Furnished,1,3.2,85.16
Jaipur,Mid-range,Apartment,1165,2,2,9,5,Semi-furnished,1,1.9,56.56
Lucknow,Suburban,Independent House,917,1,1,18,1,Furnished,0,4.5,26.79
Coimbatore,Mid-range,Apartment,1148,2,1,20,4,Unfurnished,3,15.7,57.24
Ahmedabad,Suburban,Apartment,1376,3,3,30,8,Unfurnished,1,3.8,40.68
Bengaluru,Mid-range,Independent House,2018,4,4,15,2,Unfurnished,2,1.0,177.48
Delhi NCR,Mid-range,Apartment,1815,4,4,30,12,Unfurnished,2,4.9,150.28
Jaipur,Prime,Apartment,819,1,1,20,16,Semi-furnished,0,9.7,44.61
Mumbai,Suburban,Apartment,1525,3,3,12,19,Unfurnished,2,6.2,220.84
Lucknow,Prime,Independent House,1530,2,2,0,0,Semi-furnished,1,11.4,122.67
Chennai,Mid-range,Apartment,680,1,1,20,5,Semi-furnished,2,5.4,48.54
Coimbatore,Mid-range,Independent House,552,1,2,1,1,Unfurnished,0,0.3,35.38
Kochi,Mid-range,Villa,1849,3,2,27,0,Semi-furnished,1,0.6,115.32
Kochi,Mid-range,Apartment,1024,2,2,10,18,Semi-furnished,0,2.6,68.95
Bengaluru,Mid-range,Apartment,901,2,2,29,5,Semi-furnished,2,2.8,65.51
Kolkata,Prime,Builder Floor,1240,2,2,22,0,Semi-furnished,1,17.7,90.5
Mumbai,Prime,Independent House,1475,2,1,9,2,Unfurnished,2,9.7,480.07
Jaipur,Mid-range,Independent House,1519,2,3,14,2,Unfurnished,1,4.6,66.33
Chennai,Mid-range,Apartment,1552,3,2,1,12,Furnished,0,0.5,134.04
Hyderabad,Suburban,Apartment,702,1,1,1,1,Semi-furnished,3,2.5,50.07
Pune,Suburban,Independent House,1780,3,2,15,1,Unfurnished,1,3.9,83.71
Delhi NCR,Mid-range,Independent House,1321,2,2,18,1,Unfurnished,1,2.9,139.62
Chennai,Mid-range,Apartment,1396,3,4,16,8,Unfurnished,1,2.6,96.85
Lucknow,Mid-range,Villa,1878,3,2,27,0,Unfurnished,2,5.5,74.8
Kochi,Prime,Builder Floor,1501,3,3,6,0,Unfurnished,1,1.9,150.99
Jaipur,Mid-range,Villa,2328,4,3,27,0,Unfurnished,2,3.3,112.72
Kolkata,Mid-range,Apartment,1073,2,2,8,19,Semi-furnished,1,2.4,82.42
Kochi,Mid-range,Villa,1464,2,3,13,2,Furnished,2,0.7,111.51
Lucknow,Prime,Apartment,1758,4,4,5,21,Unfurnished,2,7.1,140.37
Hyderabad,Mid-range,Apartment,662,1,1,7,23,Furnished,0,4.4,53.41
Chennai,Suburban,Apartment,1404,3,4,30,2,Semi-furnished,1,5.1,52.22
Chennai,Suburban,Independent House,1996,3,3,29,2,Unfurnished,0,1.3,85.26
Lucknow,Prime,Apartment,1311,3,3,15,13,Semi-furnished,1,0.4,91.72
Chennai,Mid-range,Apartment,602,1,1,29,25,Furnished,1,2.3,39.48
Coimbatore,Prime,Apartment,1477,3,3,17,14,Semi-furnished,1,9.2,103.51
Chennai,Suburban,Apartment,686,1,1,20,14,Semi-furnished,1,1.0,38.89
Hyderabad,Mid-range,Independent House,890,1,2,16,1,Semi-furnished,1,3.0,67.67
Bengaluru,Mid-range,Builder Floor,1078,2,2,23,1,Unfurnished,1,4.8,80.2
Mumbai,Mid-range,Apartment,1026,2,3,20,5,Furnished,1,0.7,221.95
Kochi,Mid-range,Apartment,587,1,1,8,18,Furnished,1,1.4,51.68
Delhi NCR,Mid-range,Independent House,1740,3,3,10,2,Unfurnished,0,4.5,179.17
Ahmedabad,Suburban,Apartment,1557,3,2,23,13,Semi-furnished,0,3.7,51.63
Mumbai,Suburban,Builder Floor,681,1,1,6,2,Furnished,2,0.5,123.47
Chennai,Prime,Apartment,782,1,1,13,6,Semi-furnished,1,13.9,80.75
Lucknow,Mid-range,Villa,1721,3,3,1,1,Unfurnished,1,1.5,123.4
Chennai,Suburban,Apartment,1089,2,1,30,7,Semi-furnished,1,6.9,40.72
Coimbatore,Mid-range,Apartment,1486,3,3,19,10,Unfurnished,0,5.6,63.46
Delhi NCR,Suburban,Apartment,1529,3,2,21,17,Unfurnished,1,9.4,103.96
Delhi NCR,Suburban,Builder Floor,1478,3,3,1,2,Unfurnished,0,0.5,119.76
Ahmedabad,Mid-range,Apartment,1240,3,3,19,15,Semi-furnished,2,11.0,59.98
Lucknow,Suburban,Villa,2388,4,3,21,1,Unfurnished,1,5.2,80.92
Bengaluru,Prime,Apartment,1480,3,3,20,19,Semi-furnished,0,0.3,185.95
Jaipur,Prime,Builder Floor,994,2,2,8,0,Unfurnished,1,4.5,70.41
Pune,Suburban,Independent House,1706,3,3,8,1,Unfurnished,0,0.4,91.72
Ahmedabad,Mid-range,Independent House,2582,5,6,11,1,Unfurnished,0,2.5,130.96
Lucknow,Suburban,Apartment,1575,3,3,20,9,Furnished,0,0.2,47.23
Ahmedabad,Mid-range,Apartment,1116,2,1,25,12,Unfurnished,1,3.6,52.96
Ahmedabad,Mid-range,Builder Floor,1757,4,3,30,2,Unfurnished,1,7.1,58.6
Delhi NCR,Suburban,Apartment,1005,2,1,25,1,Furnished,0,7.6,62.13
Mumbai,Mid-range,Apartment,926,2,2,10,23,Furnished,2,1.6,222.14
Kolkata,Suburban,Apartment,1916,4,3,24,8,Furnished,0,10.0,60.58
Delhi NCR,Prime,Villa,1632,3,4,19,1,Semi-furnished,2,5.1,320.71
Delhi NCR,Mid-range,Apartment,640,1,1,2,0,Furnished,0,1.5,84.94
Ahmedabad,Suburban,Apartment,1183,2,3,24,7,Semi-furnished,1,0.2,42.34
Kochi,Suburban,Apartment,641,1,1,17,23,Unfurnished,0,2.6,24.35
Jaipur,Mid-range,Apartment,1055,2,3,8,21,Furnished,0,5.4,61.25
Lucknow,Mid-range,Builder Floor,1076,2,2,11,0,Semi-furnished,1,13.8,45.75
Jaipur,Suburban,Independent House,1901,3,3,8,1,Semi-furnished,2,3.5,63.49
Mumbai,Suburban,Independent House,1979,3,3,30,2,Unfurnished,2,5.8,228.17
Mumbai,Mid-range,Builder Floor,1041,2,2,8,1,Semi-furnished,0,0.2,239.35
Kochi,Prime,Apartment,1319,3,2,16,9,Unfurnished,2,0.7,126.27
Kochi,Mid-range,Apartment,948,2,3,23,24,Semi-furnished,1,6.3,58.7
Coimbatore,Suburban,Apartment,500,1,1,26,25,Semi-furnished,1,6.7,15.81
Pune,Mid-range,Apartment,1543,3,2,11,9,Semi-furnished,2,0.8,122.92
Bengaluru,Prime,Apartment,1572,3,4,1,0,Furnished,1,0.4,258.21
Pune,Mid-range,Builder Floor,1401,3,3,10,2,Semi-furnished,0,3.2,99.68
Ahmedabad,Prime,Apartment,1157,2,1,5,0,Semi-furnished,1,2.2,101.83
Jaipur,Suburban,Villa,2312,4,5,4,1,Unfurnished,2,15.0,114.87
Chennai,Mid-range,Villa,1438,2,1,11,1,Furnished,1,4.0,123.85
Lucknow,Prime,Independent House,1439,2,3,14,2,Unfurnished,1,0.7,87.72
Jaipur,Prime,Builder Floor,1234,2,3,22,2,Semi-furnished,1,7.1,68.26
Bengaluru,Mid-range,Builder Floor,2407,5,6,0,1,Semi-furnished,2,4.6,218.99
Hyderabad,Suburban,Apartment,1190,2,1,27,12,Semi-furnished,1,0.7,47.4
Mumbai,Suburban,Apartment,624,1,1,23,10,Unfurnished,1,5.1,74.77
Bengaluru,Mid-range,Apartment,1473,3,2,28,2,Unfurnished,1,3.9,97.41
Mumbai,Suburban,Builder Floor,1444,3,3,21,1,Semi-furnished,0,4.8,162.29
Kochi,Prime,Apartment,1411,3,3,11,4,Furnished,1,0.9,141.41
Chennai,Suburban,Builder Floor,487,1,2,6,1,Semi-furnished,2,3.9,33.83
Coimbatore,Prime,Apartment,1487,3,4,21,1,Semi-furnished,1,0.9,102.85
Mumbai,Mid-range,Apartment,1484,3,3,15,13,Furnished,0,4.6,319.63
Coimbatore,Mid-range,Apartment,623,1,1,25,16,Furnished,2,0.2,38.44
Hyderabad,Mid-range,Apartment,988,2,2,18,10,Semi-furnished,2,2.3,73.65
Delhi NCR,Suburban,Builder Floor,613,1,1,9,2,Furnished,0,4.8,45.64
Ahmedabad,Mid-range,Apartment,893,2,2,8,21,Semi-furnished,1,2.5,56.61
Mumbai,Mid-range,Apartment,960,2,2,22,4,Semi-furnished,2,3.9,179.89
Mumbai,Mid-range,Builder Floor,1357,3,3,2,1,Semi-furnished,1,1.5,307.51
Kolkata,Mid-range,Apartment,1025,2,2,13,3,Furnished,1,0.7,63.51
Bengaluru,Mid-range,Apartment,1491,3,3,17,18,Semi-furnished,1,4.0,115.77
Ahmedabad,Suburban,Apartment,965,2,3,3,16,Unfurnished,1,2.7,42.32
Jaipur,Prime,Apartment,1526,3,3,26,21,Semi-furnished,1,7.8,84.75
Kochi,Mid-range,Apartment,1109,2,1,27,23,Semi-furnished,2,4.3,61.18
Chennai,Mid-range,Apartment,1911,4,4,7,13,Unfurnished,0,0.9,147.88
Delhi NCR,Mid-range,Builder Floor,1081,2,2,11,0,Semi-furnished,2,1.0,116.62
Coimbatore,Mid-range,Apartment,1092,2,2,2,10,Semi-furnished,2,3.3,69.67
Lucknow,Suburban,Apartment,1608,3,3,4,6,Semi-furnished,3,1.6,63.34
Jaipur,Prime,Apartment,598,1,1,4,20,Furnished,1,0.6,50.09
Delhi NCR,Suburban,Independent House,1305,2,3,15,1,Semi-furnished,2,6.7,105.21
Ahmedabad,Mid-range,Builder Floor,1138,2,2,0,0,Furnished,1,1.1,74.46
Lucknow,Suburban,Apartment,749,1,2,27,23,Furnished,0,0.6,20.69
Ahmedabad,Mid-range,Apartment,1129,2,2,13,6,Furnished,2,0.3,72.21
Kolkata,Prime,Independent House,1190,2,3,22,1,Unfurnished,0,0.9,87.51
Hyderabad,Suburban,Independent House,1551,2,2,27,1,Semi-furnished,1,1.0,72.88
Kolkata,Suburban,Apartment,1677,4,4,5,20,Unfurnished,0,6.1,80.15
Lucknow,Suburban,Villa,1381,2,1,18,2,Furnished,1,17.2,47.42
Ahmedabad,Mid-range,Apartment,1367,3,4,10,25,Furnished,0,4.2,73.08
Ahmedabad,Suburban,Independent House,1556,2,2,28,2,Semi-furnished,1,13.9,50.49
Ahmedabad,Suburban,Apartment,537,1,2,22,11,Semi-furnished,1,0.9,20.98
Mumbai,Mid-range,Builder Floor,600,1,2,18,0,Unfurnished,1,6.1,103.04
Mumbai,Suburban,Apartment,1580,3,4,0,8,Semi-furnished,2,0.4,272.39
Lucknow,Mid-range,Independent House,1014,1,1,17,1,Unfurnished,1,1.9,45.97
Bengaluru,Prime,Apartment,1811,4,5,11,5,Semi-furnished,2,2.5,254.08
Bengaluru,Mid-range,Builder Floor,1006,2,3,1,0,Unfurnished,0,9.0,78.81
Jaipur,Mid-range,Apartment,1462,3,4,10,8,Semi-furnished,2,3.4,70.36
Bengaluru,Mid-range,Apartment,1491,3,4,18,4,Semi-furnished,1,3.1,119.88
Jaipur,Suburban,Apartment,1442,3,4,3,18,Semi-furnished,0,1.2,52.34
Delhi NCR,Mid-range,Apartment,1472,3,4,16,21,Unfurnished,1,0.7,164.11
Kolkata,Mid-range,Apartment,1390,3,3,17,1,Semi-furnished,1,0.9,72.21
Delhi NCR,Mid-range,Apartment,1347,3,3,25,0,Furnished,2,4.5,138.86
Jaipur,Suburban,Independent House,2578,4,4,10,1,Unfurnished,2,3.8,88.5
Kochi,Prime,Apartment,521,1,1,10,16,Semi-furnished,0,0.4,54.42
Kochi,Prime,Builder Floor,1188,2,2,15,1,Semi-furnished,2,2.5,114.99
Ahmedabad,Mid-range,Apartment,1482,3,2,25,17,Semi-furnished,1,0.2,72.13
Hyderabad,Suburban,Apartment,1432,3,2,25,23,Furnished,1,4.1,65.73
Jaipur,Mid-range,Apartment,1501,3,3,18,14,Semi-furnished,2,0.5,72.71
Kolkata,Mid-range,Apartment,1905,4,4,13,20,Furnished,1,2.6,127.93
Pune,Suburban,Independent House,2031,4,5,11,1,Unfurnished,1,1.0,124.16
Hyderabad,Mid-range,Apartment,1133,2,2,11,6,Unfurnished,0,0.2,83.17
Chennai,Prime,Apartment,1418,3,4,2,8,Unfurnished,0,0.9,158.87
Ahmedabad,Mid-range,Independent House,1208,2,3,9,1,Unfurnished,1,9.6,68.45
Coimbatore,Mid-range,Builder Floor,1008,2,2,1,2,Semi-furnished,2,2.2,61.01
Bengaluru,Mid-range,Apartment,1505,3,4,14,25,Furnished,3,11.9,153.68
Chennai,Suburban,Apartment,1134,2,1,6,3,Semi-furnished,0,16.3,50.82
Jaipur,Suburban,Apartment,1356,3,3,0,2,Unfurnished,1,13.3,47.9
Chennai,Mid-range,Apartment,1925,4,4,24,20,Furnished,1,1.5,125.0
Lucknow,Mid-range,Apartment,1370,3,2,26,23,Unfurnished,0,4.1,46.31
Lucknow,Mid-range,Builder Floor,1989,4,5,27,0,Semi-furnished,2,2.9,89.16
Mumbai,Mid-range,Apartment,1460,3,3,0,19,Semi-furnished,2,7.9,383.95
Hyderabad,Suburban,Apartment,618,1,1,14,15,Semi-furnished,0,6.6,29.6
Bengaluru,Prime,Independent House,1424,2,3,5,0,Unfurnished,3,9.9,201.23
Kolkata,Mid-range,Apartment,1908,4,4,8,14,Semi-furnished,1,2.2,123.16
Coimbatore,Suburban,Independent House,1339,2,1,27,0,Unfurnished,0,2.9,34.72
Lucknow,Mid-range,Apartment,1621,3,3,28,8,Semi-furnished,1,6.6,57.62
Delhi NCR,Mid-range,Apartment,1470,3,3,13,20,Semi-furnished,2,6.1,160.3
Chennai,Suburban,Apartment,1316,3,3,21,16,Semi-furnished,2,3.6,67.36
Bengaluru,Mid-range,Apartment,1250,2,2,19,1,Semi-furnished,1,4.1,100.45
Kochi,Mid-range,Apartment,1002,2,2,28,21,Unfurnished,0,0.9,48.73
Jaipur,Suburban,Apartment,2123,5,5,22,23,Unfurnished,2,2.1,72.01
Bengaluru,Suburban,Independent House,915,1,1,30,2,Semi-furnished,2,6.4,48.33
Delhi NCR,Suburban,Apartment,1182,2,2,27,0,Semi-furnished,2,3.9,83.55
Hyderabad,Suburban,Apartment,552,1,1,3,18,Unfurnished,0,2.2,32.93
Kochi,Suburban,Apartment,676,1,1,21,24,Unfurnished,2,1.9,37.26
Pune,Mid-range,Apartment,1270,2,2,24,13,Unfurnished,1,3.2,87.77
Lucknow,Mid-range,Builder Floor,1434,3,4,12,1,Semi-furnished,0,0.9,60.95
Pune,Mid-range,Apartment,1074,2,2,3,3,Unfurnished,0,3.1,87.17
Hyderabad,Suburban,Builder Floor,1291,2,1,22,2,Unfurnished,1,9.4,46.63
Jaipur,Suburban,Apartment,1551,3,3,18,18,Unfurnished,1,5.5,48.08
Delhi NCR,Mid-range,Builder Floor,622,1,2,0,1,Semi-furnished,1,1.3,80.63
Coimbatore,Suburban,Independent House,2502,4,4,13,2,Furnished,1,2.9,99.78
Coimbatore,Suburban,Apartment,1414,3,3,5,13,Semi-furnished,1,7.5,48.68
Hyderabad,Suburban,Apartment,2146,5,5,3,25,Semi-furnished,1,2.2,136.75
Hyderabad,Suburban,Builder Floor,1149,2,2,22,1,Semi-furnished,0,10.3,38.81
Lucknow,Suburban,Apartment,726,1,1,17,3,Furnished,2,1.2,33.91
Pune,Mid-range,Apartment,1096,2,2,1,18,Semi-furnished,0,3.6,95.09
Bengaluru,Suburban,Apartment,1165,2,1,5,9,Semi-furnished,2,0.6,77.06
Pune,Mid-range,Independent House,1419,2,2,11,2,Semi-furnished,1,1.7,108.61
Coimbatore,Mid-range,Independent House,1060,2,3,21,1,Semi-furnished,1,2.9,57.84
Chennai,Prime,Apartment,1111,2,2,20,23,Unfurnished,1,1.6,115.7
Bengaluru,Mid-range,Builder Floor,1093,2,2,2,2,Unfurnished,2,2.6,103.48
Coimbatore,Mid-range,Apartment,1572,3,2,12,15,Semi-furnished,1,2.5,78.98
Bengaluru,Mid-range,Apartment,1081,2,1,20,0,Unfurnished,0,5.5,74.5
Mumbai,Mid-range,Independent House,987,1,1,24,2,Unfurnished,1,8.8,161.55
Coimbatore,Prime,Apartment,1796,4,5,8,16,Unfurnished,1,3.4,146.61
Jaipur,Prime,Apartment,1042,2,3,7,20,Unfurnished,3,0.5,97.79
Bengaluru,Mid-range,Apartment,861,1,1,28,16,Semi-furnished,0,1.6,54.62
Lucknow,Mid-range,Independent House,1951,3,3,13,2,Unfurnished,0,0.8,82.48
Jaipur,Suburban,Villa,1944,3,3,15,0,Semi-furnished,1,1.6,81.7
Chennai,Prime,Apartment,1193,2,3,8,3,Unfurnished,1,1.7,134.87
Delhi NCR,Prime,Apartment,1748,4,4,21,0,Semi-furnished,1,1.9,265.39
Coimbatore,Suburban,Apartment,1822,4,4,29,5,Semi-furnished,2,1.6,52.18
Hyderabad,Suburban,Builder Floor,1738,4,3,20,2,Unfurnished,0,2.4,64.31
Mumbai,Suburban,Independent House,1273,2,1,5,1,Unfurnished,1,5.8,200.87
Bengaluru,Mid-range,Independent House,1850,3,2,15,0,Furnished,1,10.3,159.87
Delhi NCR,Suburban,Apartment,1545,3,3,19,7,Semi-furnished,2,9.1,106.38
Mumbai,Mid-range,Apartment,1463,3,4,2,3,Semi-furnished,0,5.8,364.56
Mumbai,Suburban,Apartment,741,1,1,7,18,Semi-furnished,1,0.2,118.29
Jaipur,Mid-range,Apartment,1954,4,3,15,19,Unfurnished,1,5.6,86.22
Hyderabad,Suburban,Apartment,1071,2,3,11,11,Unfurnished,1,11.2,51.06
Coimbatore,Suburban,Apartment,1104,2,3,10,18,Semi-furnished,1,7.6,44.22
Hyderabad,Mid-range,Villa,1329,2,1,1,2,Semi-furnished,1,5.5,129.24
Pune,Mid-range,Apartment,1675,3,3,6,9,Semi-furnished,1,4.1,141.09
Chennai,Suburban,Apartment,1553,3,3,6,24,Furnished,2,7.0,86.52
Chennai,Suburban,Apartment,1468,3,3,22,7,Semi-furnished,0,0.7,63.1
Delhi NCR,Mid-range,Independent House,1887,3,2,17,1,Semi-furnished,3,0.3,243.95
Mumbai,Mid-range,Apartment,1302,3,4,15,24,Semi-furnished,1,2.3,274.0
Kochi,Prime,Apartment,1027,2,1,11,21,Semi-furnished,2,11.3,99.39
Jaipur,Suburban,Apartment,622,1,2,12,3,Unfurnished,3,23.6,27.36
Lucknow,Prime,Apartment,1051,2,3,19,1,Semi-furnished,1,2.4,64.22
Mumbai,Mid-range,Apartment,501,1,2,6,23,Semi-furnished,0,0.4,125.71
Kolkata,Suburban,Apartment,1087,2,2,13,8,Furnished,0,0.2,45.55
Kolkata,Prime,Independent House,983,1,1,29,2,Semi-furnished,2,2.6,80.87
Pune,Suburban,Independent House,2012,3,3,15,0,Unfurnished,0,1.0,90.29
Pune,Mid-range,Apartment,1729,4,4,22,3,Semi-furnished,1,16.1,104.86
Pune,Suburban,Apartment,1342,3,4,3,25,Unfurnished,2,2.5,88.58
Mumbai,Mid-range,Apartment,1109,2,3,14,10,Unfurnished,1,1.8,252.46
Bengaluru,Mid-range,Independent House,1306,2,1,1,2,Unfurnished,1,4.0,130.69
Lucknow,Mid-range,Apartment,1011,2,1,5,2,Semi-furnished,2,1.8,57.28
Jaipur,Suburban,Apartment,2137,5,5,18,9,Semi-furnished,1,2.7,66.32
Pune,Suburban,Apartment,684,1,2,20,3,Unfurnished,0,1.1,33.58
Jaipur,Prime,Independent House,1492,2,2,9,0,Unfurnished,2,3.3,125.85
Kochi,Mid-range,Apartment,1096,2,1,27,12,Unfurnished,2,3.5,58.28
Hyderabad,Prime,Apartment,1537,3,2,18,4,Furnished,2,10.5,153.29
Delhi NCR,Mid-range,Builder Floor,1949,4,5,14,0,Furnished,1,6.5,213.07
Jaipur,Mid-range,Apartment,1070,2,3,16,25,Semi-furnished,0,1.9,45.92
Kochi,Mid-range,Independent House,1403,2,2,17,0,Unfurnished,1,17.5,75.3
Lucknow,Suburban,Apartment,1673,3,2,24,19,Unfurnished,2,3.5,41.96
Kolkata,Suburban,Apartment,1970,4,4,12,7,Semi-furnished,1,2.5,88.07
Kochi,Mid-range,Builder Floor,1547,3,3,20,1,Unfurnished,3,3.0,93.69
Pune,Mid-range,Villa,1406,2,2,11,0,Semi-furnished,2,6.0,138.83
Pune,Mid-range,Apartment,1453,3,4,20,5,Furnished,2,2.2,105.47
Jaipur,Mid-range,Apartment,894,2,2,21,21,Furnished,1,1.8,46.83
Mumbai,Mid-range,Apartment,1162,2,3,4,1,Unfurnished,0,3.0,249.31
Jaipur,Suburban,Apartment,540,1,1,13,3,Semi-furnished,2,0.5,22.28
Jaipur,Prime,Apartment,688,1,1,9,20,Unfurnished,1,1.0,53.69
Chennai,Mid-range,Apartment,1476,3,4,13,1,Unfurnished,0,3.4,104.18
Delhi NCR,Prime,Apartment,1195,2,2,10,6,Semi-furnished,2,4.0,218.11
Hyderabad,Mid-range,Builder Floor,1491,3,3,25,0,Semi-furnished,0,2.6,85.5
Mumbai,Suburban,Independent House,2039,3,2,17,0,Unfurnished,1,0.6,291.49
Lucknow,Suburban,Builder Floor,1407,3,2,27,1,Semi-furnished,0,5.1,30.74
Delhi NCR,Suburban,Apartment,635,1,2,0,15,Furnished,1,4.6,64.75
Chennai,Suburban,Apartment,1504,3,3,30,6,Semi-furnished,1,0.2,61.43
Lucknow,Mid-range,Apartment,1219,2,1,24,24,Unfurnished,2,10.6,50.71
Ahmedabad,Mid-range,Apartment,1607,4,4,5,12,Unfurnished,1,6.6,87.35
Hyderabad,Suburban,Apartment,1090,2,2,27,22,Furnished,1,25.0,49.33
Ahmedabad,Prime,Independent House,2026,3,2,12,2,Unfurnished,3,2.4,172.24
Mumbai,Prime,Apartment,1504,3,3,13,10,Unfurnished,1,8.7,464.28
Lucknow,Prime,Apartment,1136,2,2,16,22,Semi-furnished,1,2.9,71.83
Ahmedabad,Prime,Apartment,461,1,1,4,11,Unfurnished,2,2.2,46.88
Chennai,Suburban,Apartment,1778,4,5,24,8,Unfurnished,2,10.2,68.81
Mumbai,Suburban,Independent House,2767,5,5,8,0,Semi-furnished,1,1.0,431.66
Kolkata,Suburban,Independent House,1922,3,3,11,2,Unfurnished,2,0.8,91.27
Mumbai,Suburban,Apartment,1178,2,3,6,19,Unfurnished,1,5.0,207.25
Mumbai,Mid-range,Builder Floor,672,1,1,20,2,Semi-furnished,0,0.3,126.2
Coimbatore,Mid-range,Builder Floor,1067,2,3,2,1,Semi-furnished,1,13.1,60.83
Delhi NCR,Mid-range,Apartment,704,1,1,14,22,Unfurnished,1,7.8,81.18
Lucknow,Suburban,Apartment,1117,2,3,27,15,Unfurnished,1,1.8,33.13
Hyderabad,Mid-range,Apartment,1198,2,1,15,13,Semi-furnished,1,0.9,90.63
Mumbai,Mid-range,Builder Floor,1790,4,3,15,1,Semi-furnished,1,1.5,352.91
Jaipur,Suburban,Apartment,1059,2,2,0,6,Unfurnished,1,0.5,37.95
Kolkata,Suburban,Apartment,1859,4,4,2,14,Unfurnished,0,0.9,96.26
Kochi,Suburban,Builder Floor,1195,2,3,2,2,Semi-furnished,1,5.5,56.62
Jaipur,Suburban,Apartment,1472,3,4,28,1,Semi-furnished,1,0.9,41.71
Bengaluru,Suburban,Apartment,1398,3,3,17,0,Unfurnished,0,5.1,63.82
Kochi,Suburban,Apartment,952,2,2,2,19,Semi-furnished,1,2.1,51.43
Chennai,Prime,Builder Floor,1275,2,2,26,1,Semi-furnished,1,3.6,107.85
Delhi NCR,Mid-range,Independent House,1966,3,3,11,1,Unfurnished,2,0.4,219.57
Chennai,Suburban,Apartment,998,2,3,22,3,Semi-furnished,1,8.1,41.82
Ahmedabad,Prime,Builder Floor,1375,3,3,23,0,Semi-furnished,2,11.2,83.2
Kolkata,Mid-range,Builder Floor,1429,3,4,11,2,Furnished,0,7.1,81.04
Mumbai,Mid-range,Independent House,2843,5,5,27,1,Unfurnished,0,10.1,435.3
Mumbai,Mid-range,Apartment,1341,3,3,0,2,Semi-furnished,2,10.0,292.92
Coimbatore,Suburban,Apartment,1283,2,3,5,6,Semi-furnished,1,3.1,51.98
Bengaluru,Mid-range,Apartment,1132,2,2,10,21,Semi-furnished,3,4.1,112.33
Ahmedabad,Prime,Apartment,1077,2,1,23,23,Semi-furnished,2,4.8,76.07
Hyderabad,Mid-range,Apartment,1179,2,2,8,16,Semi-furnished,1,15.4,91.49
Ahmedabad,Mid-range,Independent House,1657,3,4,16,0,Unfurnished,1,6.8,83.62
Delhi NCR,Prime,Villa,1047,2,3,15,2,Unfurnished,1,5.4,183.78
Jaipur,Prime,Independent House,2812,5,6,14,0,Furnished,2,2.7,204.0
Pune,Prime,Independent House,2699,5,4,8,1,Semi-furnished,1,1.0,375.55
Chennai,Mid-range,Independent House,1254,2,3,24,1,Unfurnished,1,3.7,85.42
Kolkata,Prime,Independent House,1850,3,3,15,0,Semi-furnished,1,0.2,177.29
Kochi,Mid-range,Villa,1150,2,3,8,2,Unfurnished,0,1.2,97.63
Jaipur,Prime,Apartment,1559,3,2,24,15,Furnished,1,1.5,112.1
Lucknow,Mid-range,Independent House,1976,3,3,3,2,Unfurnished,1,5.1,94.37
Kochi,Prime,Apartment,443,1,1,27,22,Unfurnished,0,2.9,33.8
Delhi NCR,Suburban,Independent House,1450,2,2,26,1,Semi-furnished,0,1.8,90.04
Coimbatore,Mid-range,Apartment,1073,2,3,1,20,Furnished,1,3.6,67.71
Bengaluru,Prime,Apartment,1442,3,2,10,16,Semi-furnished,2,9.3,179.02
Bengaluru,Prime,Apartment,1421,3,4,11,14,Semi-furnished,2,0.5,206.21
Kochi,Prime,Apartment,1010,2,2,25,4,Unfurnished,1,7.7,70.97
Hyderabad,Prime,Apartment,1453,3,3,17,6,Semi-furnished,1,3.8,141.17
Pune,Suburban,Apartment,1192,2,2,7,7,Semi-furnished,0,1.1,67.57
Delhi NCR,Mid-range,Apartment,1108,2,1,28,18,Semi-furnished,0,0.8,98.2
Hyderabad,Mid-range,Apartment,626,1,1,22,17,Semi-furnished,0,3.5,35.53
Kolkata,Suburban,Apartment,1058,2,3,26,12,Semi-furnished,2,1.6,43.4
Kolkata,Mid-range,Independent House,2425,4,4,16,2,Unfurnished,2,7.3,147.41
Mumbai,Prime,Apartment,820,1,1,6,13,Semi-furnished,0,8.3,289.0
Mumbai,Mid-range,Apartment,1984,4,3,24,19,Unfurnished,2,8.1,303.03
Chennai,Mid-range,Apartment,1335,3,4,24,22,Furnished,1,5.6,96.61
Chennai,Suburban,Independent House,1269,2,1,29,2,Unfurnished,1,16.4,44.8
Coimbatore,Mid-range,Apartment,1054,2,1,24,4,Semi-furnished,2,3.0,51.96
Ahmedabad,Mid-range,Independent House,1889,3,3,14,1,Unfurnished,2,3.9,87.51
Pune,Suburban,Apartment,1420,3,3,18,0,Unfurnished,1,4.7,68.61
Kolkata,Mid-range,Villa,1564,2,2,30,0,Semi-furnished,1,2.8,89.16
Bengaluru,Suburban,Apartment,1162,2,1,1,12,Semi-furnished,0,3.7,69.27
Ahmedabad,Mid-range,Apartment,1034,2,3,14,3,Unfurnished,1,6.0,48.0
Ahmedabad,Mid-range,Builder Floor,1154,2,3,5,1,Unfurnished,1,0.4,68.19
Ahmedabad,Prime,Apartment,1162,2,2,27,12,Unfurnished,2,5.5,79.75
Coimbatore,Suburban,Independent House,1317,2,1,12,0,Unfurnished,1,1.9,45.21
Ahmedabad,Suburban,Apartment,447,1,2,0,22,Furnished,0,4.4,21.91
Mumbai,Prime,Apartment,1468,3,4,6,9,Unfurnished,0,5.1,493.52
Kolkata,Mid-range,Apartment,1042,2,2,19,11,Semi-furnished,0,0.5,63.97
Mumbai,Prime,Apartment,588,1,2,14,8,Furnished,2,2.3,201.12
Mumbai,Suburban,Independent House,1352,2,3,20,0,Semi-furnished,1,4.7,169.14
Mumbai,Mid-range,Apartment,2345,5,6,20,10,Furnished,2,0.5,478.34
Delhi NCR,Suburban,Apartment,1152,2,3,22,25,Semi-furnished,3,7.4,84.33
Hyderabad,Suburban,Independent House,1671,3,3,3,2,Furnished,1,0.3,106.75
Kolkata,Suburban,Apartment,1168,2,3,28,18,Semi-furnished,2,0.2,51.99
Coimbatore,Mid-range,Villa,1428,2,3,22,2,Unfurnished,1,0.9,84.79
Delhi NCR,Mid-range,Independent House,1923,3,2,27,1,Furnished,1,0.4,189.88
Pune,Mid-range,Apartment,1195,2,2,23,0,Semi-furnished,1,2.9,82.88
Lucknow,Mid-range,Builder Floor,621,1,2,1,2,Unfurnished,2,1.7,40.07
Delhi NCR,Mid-range,Apartment,1202,2,2,3,24,Semi-furnished,1,0.2,165.05
Mumbai,Suburban,Independent House,1832,3,4,2,0,Furnished,0,3.5,307.04
Lucknow,Prime,Builder Floor,1191,2,2,12,0,Semi-furnished,1,7.7,71.93
Kolkata,Suburban,Apartment,1977,4,4,2,6,Unfurnished,1,9.4,76.08
Chennai,Mid-range,Builder Floor,2207,5,6,8,0,Unfurnished,0,8.6,148.99
Kochi,Suburban,Builder Floor,1660,3,3,30,0,Furnished,1,6.9,57.22
Jaipur,Suburban,Apartment,1472,3,3,7,4,Furnished,1,1.2,57.04
Kolkata,Mid-range,Apartment,763,1,2,22,12,Unfurnished,0,12.2,35.85
Hyderabad,Prime,Independent House,1601,3,4,16,2,Furnished,1,3.1,178.6
Bengaluru,Prime,Apartment,1365,3,4,18,22,Semi-furnished,0,0.8,199.01
Jaipur,Mid-range,Apartment,1950,4,4,29,2,Semi-furnished,1,7.4,64.77
Coimbatore,Mid-range,Apartment,804,1,1,7,1,Unfurnished,2,2.7,49.46
Mumbai,Suburban,Apartment,1929,4,4,3,4,Furnished,2,2.7,316.56
Lucknow,Suburban,Apartment,1120,2,2,25,21,Unfurnished,2,2.8,38.06
Kolkata,Suburban,Apartment,1171,2,1,30,8,Unfurnished,1,0.7,39.68
Hyderabad,Prime,Apartment,1125,2,3,1,25,Furnished,2,0.9,175.93
Hyderabad,Suburban,Apartment,1497,3,3,0,15,Furnished,1,0.2,100.4
Chennai,Prime,Apartment,1069,2,1,14,13,Unfurnished,2,2.2,98.9
Hyderabad,Suburban,Apartment,1427,3,3,12,19,Furnished,0,8.4,69.57
Delhi NCR,Suburban,Villa,1450,2,2,1,2,Semi-furnished,2,5.3,154.06
Pune,Mid-range,Builder Floor,1303,3,2,25,1,Unfurnished,2,5.0,86.43
Pune,Mid-range,Apartment,779,1,1,17,8,Furnished,0,9.5,53.17
Bengaluru,Mid-range,Apartment,1142,2,1,0,6,Semi-furnished,1,2.5,119.66
Jaipur,Prime,Apartment,1291,3,2,16,13,Semi-furnished,2,0.5,91.14
Hyderabad,Mid-range,Apartment,973,2,2,20,0,Unfurnished,1,6.9,57.94
Lucknow,Suburban,Apartment,1429,3,3,15,5,Unfurnished,0,0.4,40.11
Jaipur,Mid-range,Apartment,687,1,1,9,14,Semi-furnished,2,15.2,37.93
Hyderabad,Mid-range,Apartment,732,1,2,4,14,Semi-furnished,2,1.0,68.53
Chennai,Prime,Independent House,2243,4,3,3,2,Semi-furnished,2,1.7,300.41
Ahmedabad,Mid-range,Apartment,2059,5,5,9,25,Unfurnished,2,0.5,131.52
Chennai,Mid-range,Apartment,1002,2,2,22,9,Semi-furnished,0,2.1,62.56
Kolkata,Suburban,Apartment,1714,3,3,27,23,Unfurnished,2,7.4,66.19
Hyderabad,Suburban,Independent House,569,1,2,30,0,Semi-furnished,1,11.8,27.12
Kolkata,Mid-range,Apartment,1160,2,1,19,13,Semi-furnished,2,1.7,73.86
Ahmedabad,Prime,Apartment,695,1,1,6,18,Furnished,0,7.0,61.13
Hyderabad,Mid-range,Independent House,1682,3,3,5,2,Semi-furnished,1,5.0,149.74
Mumbai,Mid-range,Apartment,1030,2,3,10,25,Semi-furnished,3,18.9,233.82
Lucknow,Suburban,Independent House,650,1,1,19,1,Unfurnished,1,9.1,19.4
Lucknow,Prime,Apartment,1786,4,3,21,17,Semi-furnished,3,1.5,125.9
Kochi,Suburban,Apartment,1239,2,2,27,5,Unfurnished,1,0.5,47.68
Kolkata,Suburban,Apartment,1946,4,4,0,21,Furnished,0,5.0,100.14
Jaipur,Suburban,Builder Floor,583,1,1,8,2,Unfurnished,1,1.1,20.12
Mumbai,Prime,Independent House,2237,4,5,3,2,Semi-furnished,2,7.2,914.09
Mumbai,Mid-range,Builder Floor,658,1,2,15,2,Unfurnished,3,4.1,134.05
Jaipur,Mid-range,Independent House,1732,3,3,10,0,Furnished,1,4.3,84.94
Jaipur,Suburban,Apartment,1120,2,3,15,19,Semi-furnished,0,5.6,36.15
Lucknow,Prime,Apartment,1566,3,4,16,12,Furnished,0,7.5,104.82
Hyderabad,Mid-range,Apartment,2019,4,4,0,18,Furnished,2,4.4,184.32
Jaipur,Suburban,Apartment,1083,2,2,0,23,Semi-furnished,2,4.3,45.57
Kochi,Mid-range,Apartment,1130,2,3,18,12,Semi-furnished,1,1.8,73.33
Jaipur,Mid-range,Apartment,1528,3,3,14,12,Unfurnished,2,4.3,70.98
Lucknow,Suburban,Independent House,1786,3,4,23,2,Semi-furnished,1,1.4,53.32
Kolkata,Prime,Independent House,1434,2,2,7,0,Furnished,3,0.8,170.99
Coimbatore,Suburban,Independent House,1370,2,2,12,0,Furnished,0,4.1,51.03
Kolkata,Prime,Apartment,1447,3,4,1,18,Semi-furnished,1,2.2,158.41
Ahmedabad,Prime,Apartment,1424,3,3,5,24,Semi-furnished,1,1.6,143.65
Lucknow,Mid-range,Villa,1284,2,2,3,0,Unfurnished,1,4.4,82.29
Delhi NCR,Suburban,Apartment,1550,3,2,20,21,Unfurnished,1,6.6,102.33
Delhi NCR,Suburban,Builder Floor,1487,3,4,20,2,Furnished,2,2.0,112.28
Kochi,Mid-range,Independent House,1412,2,2,21,1,Semi-furnished,0,4.4,78.68
Delhi NCR,Prime,Villa,1322,2,3,10,1,Semi-furnished,2,6.0,292.5
Chennai,Mid-range,Villa,2241,4,4,19,2,Furnished,0,10.6,181.99
Ahmedabad,Suburban,Apartment,1717,4,4,27,5,Unfurnished,1,4.3,48.46
Chennai,Mid-range,Builder Floor,1032,2,2,10,1,Furnished,1,0.2,74.76
Coimbatore,Prime,Builder Floor,943,2,2,30,0,Furnished,1,0.9,57.97
Pune,Mid-range,Builder Floor,1051,2,2,27,0,Unfurnished,1,0.9,64.33
Bengaluru,Mid-range,Apartment,1012,2,2,9,4,Semi-furnished,0,4.3,84.11
Mumbai,Mid-range,Apartment,1408,3,2,18,19,Unfurnished,1,3.5,279.06
Kolkata,Mid-range,Apartment,2281,5,5,3,13,Unfurnished,0,0.9,160.38
Bengaluru,Suburban,Apartment,1452,3,3,23,11,Semi-furnished,1,18.6,68.17
Mumbai,Mid-range,Apartment,1039,2,2,7,6,Semi-furnished,1,1.3,246.93
Kochi,Mid-range,Apartment,1131,2,1,10,20,Unfurnished,2,0.4,77.59
Hyderabad,Mid-range,Independent House,924,1,1,12,0,Semi-furnished,1,3.3,72.52
Lucknow,Prime,Apartment,1548,3,4,28,9,Unfurnished,1,0.8,81.91
Chennai,Prime,Apartment,1062,2,1,21,11,Semi-furnished,1,0.7,110.74
Lucknow,Suburban,Apartment,722,1,2,4,21,Semi-furnished,1,3.9,30.28
Lucknow,Prime,Builder Floor,796,1,2,18,2,Unfurnished,2,0.8,56.2
Ahmedabad,Suburban,Apartment,1866,4,5,29,6,Semi-furnished,2,2.2,60.29
Jaipur,Suburban,Builder Floor,1331,3,4,19,0,Semi-furnished,1,6.5,45.47
Jaipur,Mid-range,Apartment,1388,3,4,14,4,Unfurnished,1,5.8,59.51
Kolkata,Mid-range,Apartment,1208,2,1,16,16,Semi-furnished,1,0.2,67.41
Lucknow,Prime,Apartment,669,1,1,14,8,Furnished,1,5.1,46.51
Lucknow,Mid-range,Independent House,1830,3,3,17,0,Furnished,2,0.6,84.03
Jaipur,Mid-range,Apartment,1193,2,2,7,2,Semi-furnished,0,0.9,53.29
Kolkata,Suburban,Builder Floor,1373,3,3,2,2,Semi-furnished,3,3.4,64.95
Delhi NCR,Mid-range,Builder Floor,1571,3,3,1,0,Semi-furnished,0,2.2,181.17
Kolkata,Mid-range,Apartment,1005,2,3,13,24,Semi-furnished,1,0.4,73.35
Coimbatore,Suburban,Independent House,2185,4,4,16,0,Semi-furnished,1,5.9,80.88
Kochi,Prime,Apartment,1144,2,2,29,19,Unfurnished,2,1.8,103.96
Pune,Mid-range,Independent House,1304,2,1,27,2,Semi-furnished,1,9.2,72.31
Pune,Mid-range,Apartment,1328,3,3,17,6,Semi-furnished,1,4.0,109.95
Chennai,Suburban,Apartment,1060,2,3,17,3,Furnished,1,1.4,52.86
Bengaluru,Mid-range,Independent House,1341,2,2,14,1,Semi-furnished,1,10.6,109.65
Ahmedabad,Prime,Apartment,558,1,1,22,19,Furnished,0,8.0,37.95
Chennai,Suburban,Apartment,1408,3,4,21,19,Furnished,1,0.3,64.02
Ahmedabad,Mid-range,Apartment,1067,2,3,12,13,Semi-furnished,2,0.6,60.84
Lucknow,Prime,Villa,1927,3,3,20,1,Unfurnished,1,4.9,143.83
Hyderabad,Mid-range,Apartment,1912,4,5,17,19,Unfurnished,1,2.7,138.67
Lucknow,Mid-range,Builder Floor,2446,5,5,19,0,Semi-furnished,1,5.0,96.54
Bengaluru,Suburban,Builder Floor,976,2,3,25,1,Semi-furnished,2,1.4,50.16
Delhi NCR,Mid-range,Apartment,1555,3,3,20,8,Furnished,1,23.9,143.28
Kolkata,Suburban,Builder Floor,1160,2,1,10,1,Semi-furnished,2,3.2,49.76
Coimbatore,Mid-range,Apartment,1868,4,3,2,13,Unfurnished,2,1.9,107.76
Jaipur,Mid-range,Independent House,813,1,1,8,1,Semi-furnished,1,9.4,42.86
Bengaluru,Mid-range,Apartment,1185,2,2,0,21,Unfurnished,1,6.3,107.76
Coimbatore,Mid-range,Apartment,1139,2,2,12,6,Unfurnished,2,1.3,61.12
Mumbai,Suburban,Builder Floor,1132,2,2,16,1,Semi-furnished,0,7.2,128.22
Lucknow,Prime,Independent House,1355,2,1,7,1,Semi-furnished,1,7.7,95.38
Bengaluru,Mid-range,Apartment,1382,3,3,27,22,Unfurnished,2,1.3,108.29
Delhi NCR,Prime,Apartment,1024,2,2,24,19,Unfurnished,1,0.2,176.42
Bengaluru,Mid-range,Independent House,816,1,1,6,0,Unfurnished,0,4.1,73.66
Coimbatore,Mid-range,Builder Floor,1472,3,2,8,2,Furnished,0,0.3,78.03
Kochi,Suburban,Apartment,1364,3,3,27,19,Furnished,1,1.0,52.54
Kochi,Mid-range,Builder Floor,1156,2,1,12,0,Furnished,1,5.8,77.68
Delhi NCR,Mid-range,Independent House,1812,3,2,16,1,Semi-furnished,2,1.0,213.62
Kolkata,Suburban,Independent House,1346,2,2,4,2,Semi-furnished,0,3.0,66.41
Pune,Suburban,Apartment,667,1,1,21,14,Furnished,0,9.7,28.06
Jaipur,Suburban,Independent House,1886,3,3,13,0,Furnished,1,2.6,71.02
Jaipur,Suburban,Apartment,1581,3,4,9,13,Semi-furnished,2,0.4,62.54
Kolkata,Suburban,Builder Floor,1048,2,1,11,0,Furnished,2,2.6,49.24
Chennai,Suburban,Apartment,993,2,1,18,3,Semi-furnished,1,2.3,44.77
Ahmedabad,Prime,Apartment,1445,3,3,11,22,Semi-furnished,0,12.0,118.81
Jaipur,Mid-range,Independent House,2319,4,4,7,1,Furnished,2,2.1,134.8
Bengaluru,Mid-range,Apartment,767,1,1,1,4,Semi-furnished,1,1.7,76.1
Pune,Prime,Builder Floor,642,1,1,8,2,Furnished,0,1.2,80.21
Lucknow,Mid-range,Apartment,1212,2,1,28,0,Furnished,1,13.7,48.89
Delhi NCR,Prime,Builder Floor,942,2,1,20,0,Semi-furnished,1,2.8,133.9
Mumbai,Suburban,Builder Floor,1759,4,5,15,1,Semi-furnished,0,2.1,262.77
Kochi,Mid-range,Apartment,687,1,1,26,16,Semi-furnished,2,2.0,46.66
Coimbatore,Mid-range,Independent House,1789,3,4,30,2,Furnished,0,4.1,70.64
Kolkata,Mid-range,Apartment,925,2,1,0,6,Unfurnished,1,7.0,69.21
Pune,Suburban,Apartment,1562,3,3,18,18,Semi-furnished,1,3.9,80.73
Kolkata,Mid-range,Apartment,1132,2,2,16,5,Furnished,0,10.2,62.94
Delhi NCR,Prime,Apartment,604,1,1,11,2,Semi-furnished,1,2.3,115.32
Hyderabad,Suburban,Apartment,1766,4,4,27,3,Semi-furnished,2,4.6,70.73
Bengaluru,Mid-range,Apartment,423,1,1,1,13,Semi-furnished,1,2.9,42.84
Hyderabad,Suburban,Builder Floor,1498,3,3,8,1,Unfurnished,1,1.4,77.5
Pune,Mid-range,Apartment,1672,4,4,16,5,Furnished,2,6.5,134.4
Mumbai,Suburban,Independent House,862,1,1,2,2,Semi-furnished,2,3.1,167.21
Coimbatore,Prime,Builder Floor,1556,3,2,25,1,Semi-furnished,1,0.9,94.39
Bengaluru,Mid-range,Apartment,1933,4,5,9,22,Unfurnished,0,2.1,185.78
Delhi NCR,Mid-range,Independent House,1397,2,2,5,1,Semi-furnished,1,0.2,177.84
Coimbatore,Mid-range,Builder Floor,1562,3,3,7,1,Semi-furnished,1,3.6,84.89
Delhi NCR,Mid-range,Apartment,987,2,1,9,25,Semi-furnished,1,1.5,113.93
Chennai,Prime,Independent House,2069,3,2,6,0,Semi-furnished,0,1.2,239.12
Jaipur,Suburban,Apartment,1855,4,4,5,19,Unfurnished,1,3.5,68.81
Coimbatore,Suburban,Builder Floor,612,1,1,17,0,Unfurnished,1,7.6,18.88
Kochi,Suburban,Builder Floor,1687,4,4,7,1,Unfurnished,0,1.8,69.85
Lucknow,Mid-range,Apartment,2278,5,5,26,24,Furnished,1,0.9,97.43
Ahmedabad,Suburban,Apartment,1594,3,3,1,6,Semi-furnished,0,12.8,61.47
Mumbai,Mid-range,Builder Floor,991,2,2,19,2,Furnished,1,9.4,178.38
Delhi NCR,Mid-range,Independent House,1491,2,2,20,0,Unfurnished,0,2.3,144.86
Chennai,Suburban,Apartment,1607,3,3,12,22,Unfurnished,2,0.7,84.36
Mumbai,Mid-range,Builder Floor,1278,2,2,0,2,Semi-furnished,0,2.2,284.06
Coimbatore,Mid-range,Apartment,1918,4,4,19,3,Semi-furnished,1,1.3,79.88
Mumbai,Mid-range,Apartment,1045,2,2,28,19,Furnished,2,5.1,186.32
Delhi NCR,Suburban,Apartment,1071,2,3,10,11,Semi-furnished,2,0.2,83.13
Delhi NCR,Mid-range,Independent House,814,1,1,10,2,Furnished,0,0.7,98.72
Bengaluru,Mid-range,Apartment,1326,3,3,4,19,Semi-furnished,3,8.0,124.59
Delhi NCR,Mid-range,Independent House,670,1,1,7,1,Unfurnished,1,0.5,84.71
Mumbai,Mid-range,Apartment,1191,2,2,16,11,Unfurnished,0,2.2,223.57
Mumbai,Prime,Builder Floor,1021,2,2,22,2,Semi-furnished,0,7.8,250.89
Pune,Mid-range,Apartment,1116,2,3,24,6,Unfurnished,1,1.6,73.4
Chennai,Suburban,Apartment,1460,3,3,14,3,Unfurnished,0,3.9,65.5
Kolkata,Mid-range,Builder Floor,615,1,1,28,2,Unfurnished,2,0.2,31.68
Lucknow,Suburban,Independent House,1855,3,3,13,1,Semi-furnished,1,1.0,56.36
Kochi,Mid-range,Apartment,1593,3,2,11,7,Semi-furnished,1,2.8,105.94
Mumbai,Suburban,Apartment,638,1,2,6,18,Furnished,1,5.2,104.06
Lucknow,Mid-range,Builder Floor,526,1,2,8,2,Unfurnished,0,5.1,22.12
Lucknow,Mid-range,Apartment,974,2,2,14,22,Semi-furnished,2,1.4,57.18
Hyderabad,Suburban,Apartment,1485,3,3,11,18,Semi-furnished,1,1.4,86.51
Chennai,Mid-range,Apartment,1684,3,3,14,10,Furnished,1,2.5,126.94
Delhi NCR,Prime,Builder Floor,2021,4,4,22,2,Semi-furnished,1,0.8,321.27
Jaipur,Prime,Apartment,566,1,1,18,22,Semi-furnished,2,7.1,42.44
Pune,Suburban,Apartment,1061,2,2,28,8,Semi-furnished,1,0.6,51.13
Hyderabad,Suburban,Independent House,1387,2,2,24,2,Unfurnished,1,1.4,63.33
Jaipur,Mid-range,Apartment,1387,3,3,18,12,Furnished,1,1.1,69.97
Ahmedabad,Mid-range,Apartment,2394,5,4,26,15,Semi-furnished,0,0.9,92.87
Kochi,Suburban,Apartment,1483,3,4,0,6,Semi-furnished,0,0.5,74.69
Bengaluru,Suburban,Independent House,2292,4,4,21,0,Unfurnished,1,2.3,125.51
Bengaluru,Mid-range,Villa,2227,4,4,16,0,Semi-furnished,1,6.2,237.66
Pune,Mid-range,Apartment,1014,2,1,5,22,Semi-furnished,3,3.6,106.58
Lucknow,Mid-range,Independent House,2230,4,5,26,0,Unfurnished,2,0.6,87.78
Kolkata,Suburban,Independent House,1383,2,3,25,0,Unfurnished,0,11.3,43.25
Chennai,Suburban,Independent House,814,1,1,29,0,Unfurnished,1,15.1,31.28
Lucknow,Mid-range,Apartment,619,1,1,27,22,Furnished,1,0.9,27.74
Delhi NCR,Suburban,Builder Floor,639,1,2,2,2,Semi-furnished,2,1.7,61.44
Ahmedabad,Mid-range,Apartment,1060,2,3,6,18,Unfurnished,1,0.9,66.15
Mumbai,Prime,Apartment,1421,3,4,4,8,Unfurnished,3,0.4,497.28
Jaipur,Suburban,Apartment,1066,2,2,19,12,Semi-furnished,2,2.5,41.6
Chennai,Mid-range,Builder Floor,1833,4,5,8,1,Unfurnished,2,0.3,129.86
Ahmedabad,Mid-range,Apartment,1572,3,3,0,20,Unfurnished,3,3.1,114.92
Lucknow,Prime,Apartment,1436,3,3,11,5,Unfurnished,2,0.2,106.17
Mumbai,Prime,Builder Floor,1384,3,4,23,0,Unfurnished,1,3.4,338.98
Ahmedabad,Suburban,Independent House,2375,4,4,9,1,Furnished,1,1.5,99.85
Pune,Mid-range,Independent House,1403,2,1,28,0,Unfurnished,1,2.0,88.87
Chennai,Mid-range,Independent House,791,1,1,18,0,Furnished,0,0.2,61.43
Kolkata,Mid-range,Apartment,1154,2,2,17,20,Semi-furnished,0,0.2,66.08
Bengaluru,Mid-range,Apartment,1551,3,2,23,12,Semi-furnished,2,3.9,115.1
Hyderabad,Mid-range,Independent House,1881,3,3,11,0,Semi-furnished,1,0.2,146.74
Jaipur,Suburban,Apartment,1520,3,4,21,11,Semi-furnished,1,2.8,44.69
Kolkata,Suburban,Villa,1193,2,3,20,0,Unfurnished,1,7.0,54.26
Pune,Suburban,Builder Floor,1437,3,3,19,1,Unfurnished,2,6.4,62.57
Jaipur,Suburban,Apartment,1058,2,3,4,9,Unfurnished,1,1.4,45.55
Kochi,Mid-range,Builder Floor,1086,2,2,12,0,Furnished,0,0.5,68.07
Delhi NCR,Prime,Apartment,1271,2,2,17,12,Semi-furnished,2,0.2,207.82
Mumbai,Suburban,Builder Floor,1528,3,2,23,0,Semi-furnished,0,3.9,182.08
Chennai,Prime,Apartment,1112,2,3,29,17,Furnished,1,9.1,103.18
Lucknow,Suburban,Independent House,639,1,2,10,2,Unfurnished,0,12.3,19.43
Kolkata,Prime,Apartment,982,2,1,24,25,Furnished,1,8.3,76.99
Delhi NCR,Mid-range,Independent House,1924,3,4,16,1,Unfurnished,2,4.2,221.15
Ahmedabad,Mid-range,Builder Floor,1952,4,5,30,0,Semi-furnished,2,0.2,72.01
Ahmedabad,Suburban,Independent House,1990,3,3,1,0,Unfurnished,0,15.2,75.66
Jaipur,Suburban,Apartment,1187,2,2,28,7,Semi-furnished,1,2.4,36.39
Lucknow,Prime,Apartment,962,2,3,26,21,Unfurnished,0,7.9,51.84
Kochi,Mid-range,Independent House,1664,2,2,0,0,Unfurnished,3,4.5,126.81
Pune,Suburban,Builder Floor,1134,2,1,29,2,Semi-furnished,2,1.1,53.95
Delhi NCR,Mid-range,Builder Floor,582,1,2,30,1,Semi-furnished,1,0.6,47.08
Hyderabad,Suburban,Apartment,1919,4,4,5,5,Semi-furnished,1,7.4,109.59
Jaipur,Suburban,Independent House,1935,3,4,7,1,Unfurnished,1,0.2,67.59
Ahmedabad,Mid-range,Apartment,1346,3,3,22,23,Furnished,1,7.6,62.04
Kolkata,Mid-range,Villa,1870,3,3,16,1,Unfurnished,2,0.5,141.3
Kochi,Prime,Independent House,2301,4,5,19,2,Semi-furnished,3,0.2,216.62
Kochi,Mid-range,Apartment,1889,4,4,18,6,Unfurnished,1,13.1,94.72
Kochi,Mid-range,Independent House,1348,2,2,24,2,Unfurnished,0,4.0,71.1
Coimbatore,Mid-range,Apartment,1022,2,2,15,4,Unfurnished,1,7.3,46.56
Kolkata,Prime,Apartment,1040,2,2,22,19,Semi-furnished,2,0.2,94.64
Delhi NCR,Prime,Apartment,1956,4,4,18,2,Furnished,1,0.2,319.55
Lucknow,Suburban,Independent House,1577,2,3,22,1,Semi-furnished,0,4.3,42.33
Kochi,Prime,Independent House,2001,3,2,12,0,Furnished,1,5.5,209.62
Jaipur,Prime,Independent House,1465,2,3,22,0,Furnished,2,0.2,104.39
Bengaluru,Mid-range,Apartment,996,2,1,17,24,Semi-furnished,1,0.8,90.51
Kochi,Prime,Apartment,2167,5,4,19,2,Furnished,2,1.7,209.18
Kochi,Mid-range,Villa,1824,3,4,26,0,Unfurnished,0,1.2,107.34
Hyderabad,Mid-range,Apartment,1183,2,1,0,20,Furnished,1,9.3,91.09
Ahmedabad,Suburban,Builder Floor,1433,3,3,20,2,Semi-furnished,1,6.1,46.51
Hyderabad,Mid-range,Apartment,726,1,1,0,6,Furnished,2,0.5,71.65
Mumbai,Mid-range,Apartment,1403,3,3,29,13,Furnished,2,2.7,259.01
Jaipur,Mid-range,Apartment,1494,3,3,28,22,Semi-furnished,1,10.7,58.2
Chennai,Prime,Villa,1279,2,2,9,2,Semi-furnished,1,0.2,203.97
Kochi,Suburban,Villa,1386,2,2,7,2,Unfurnished,2,5.5,82.44
Kochi,Mid-range,Apartment,722,1,1,27,16,Unfurnished,1,20.8,35.04
Bengaluru,Mid-range,Apartment,425,1,2,22,1,Semi-furnished,3,2.6,47.41
Coimbatore,Mid-range,Apartment,1442,3,4,10,7,Semi-furnished,2,9.2,69.83
Kochi,Mid-range,Apartment,1288,3,2,12,25,Semi-furnished,3,2.7,94.55
Bengaluru,Mid-range,Apartment,964,2,2,0,21,Unfurnished,0,0.2,103.73
Hyderabad,Prime,Independent House,732,1,1,5,1,Semi-furnished,3,9.4,104.37
Bengaluru,Prime,Apartment,989,2,1,28,11,Semi-furnished,1,11.4,85.09
Pune,Suburban,Independent House,1331,2,1,20,1,Unfurnished,2,11.4,59.79
Pune,Mid-range,Independent House,933,1,1,25,2,Semi-furnished,1,1.5,64.55
Delhi NCR,Prime,Apartment,1344,3,4,25,21,Unfurnished,1,0.2,213.34
Kolkata,Mid-range,Apartment,1436,3,3,27,17,Semi-furnished,2,5.7,67.23
Hyderabad,Mid-range,Apartment,1727,4,4,2,16,Semi-furnished,2,3.7,151.32
Delhi NCR,Prime,Independent House,2021,4,4,28,0,Furnished,0,2.0,288.01
Lucknow,Suburban,Builder Floor,2314,5,6,15,0,Unfurnished,2,0.2,72.27
Jaipur,Mid-range,Apartment,1864,4,3,12,11,Unfurnished,1,2.3,90.43
Kochi,Suburban,Apartment,1047,2,3,2,18,Unfurnished,1,5.7,46.92
Lucknow,Prime,Apartment,1482,3,3,4,18,Furnished,1,11.9,113.5
Lucknow,Mid-range,Apartment,711,1,2,23,18,Unfurnished,1,4.9,28.14
Jaipur,Mid-range,Builder Floor,1068,2,2,20,0,Unfurnished,1,0.5,42.5
Bengaluru,Suburban,Apartment,744,1,2,13,5,Furnished,2,7.0,51.74
Kolkata,Suburban,Independent House,1600,3,4,5,1,Unfurnished,2,4.9,89.49
Pune,Mid-range,Independent House,1344,2,3,12,0,Unfurnished,1,0.3,107.32
Pune,Mid-range,Apartment,1243,2,1,30,9,Furnished,2,0.4,86.95
Chennai,Mid-range,Apartment,1496,3,3,8,8,Unfurnished,2,1.2,116.27
Kochi,Prime,Builder Floor,704,1,1,23,1,Unfurnished,0,3.5,53.63
Bengaluru,Suburban,Apartment,906,2,3,19,3,Furnished,1,0.3,62.06
Pune,Prime,Apartment,1883,4,3,28,9,Semi-furnished,1,0.8,206.46
Coimbatore,Suburban,Villa,2438,4,4,10,1,Unfurnished,1,1.3,107.44
Coimbatore,Prime,Apartment,1044,2,2,2,7,Semi-furnished,1,5.0,82.25
Jaipur,Mid-range,Independent House,933,1,2,16,1,Semi-furnished,0,0.2,44.81
Lucknow,Suburban,Apartment,1487,3,3,23,22,Furnished,2,0.2,49.68
Kolkata,Suburban,Apartment,697,1,1,28,2,Semi-furnished,0,0.3,20.81
Lucknow,Suburban,Builder Floor,1488,3,2,27,2,Furnished,1,8.8,38.85
Bengaluru,Suburban,Apartment,680,1,1,30,24,Semi-furnished,1,5.9,32.39
Kolkata,Prime,Apartment,1022,2,3,20,7,Furnished,2,9.7,95.65
Ahmedabad,Prime,Apartment,1909,4,4,29,21,Furnished,0,1.0,129.42
Mumbai,Prime,Apartment,904,2,2,10,3,Semi-furnished,1,6.2,270.83
Delhi NCR,Suburban,Apartment,1299,3,4,20,13,Unfurnished,1,7.8,88.54
Kochi,Mid-range,Apartment,1032,2,1,19,19,Semi-furnished,1,5.8,63.66
Ahmedabad,Suburban,Apartment,1107,2,3,22,21,Semi-furnished,2,0.7,45.58
Coimbatore,Mid-range,Villa,1844,3,4,30,0,Semi-furnished,1,1.9,91.5
Ahmedabad,Prime,Apartment,963,2,2,28,18,Semi-furnished,0,8.5,50.99
Hyderabad,Prime,Apartment,911,2,2,4,25,Unfurnished,1,0.2,115.91
Lucknow,Mid-range,Villa,1325,2,1,14,1,Unfurnished,0,5.5,66.57
Kolkata,Suburban,Apartment,1133,2,3,15,23,Semi-furnished,1,3.2,53.16
Chennai,Mid-range,Apartment,936,2,1,3,0,Unfurnished,2,0.8,78.35
Mumbai,Mid-range,Apartment,1466,3,3,18,11,Furnished,0,1.2,312.32
Delhi NCR,Suburban,Independent House,1773,3,3,0,1,Semi-furnished,2,6.5,162.87
Bengaluru,Suburban,Apartment,1505,3,3,20,13,Semi-furnished,0,2.8,79.32
Ahmedabad,Mid-range,Independent House,1383,2,1,18,1,Semi-furnished,3,2.4,78.98
Lucknow,Mid-range,Apartment,1094,2,2,17,23,Semi-furnished,2,2.9,49.23
Jaipur,Prime,Builder Floor,1098,2,2,6,2,Unfurnished,2,7.6,77.42
Chennai,Suburban,Apartment,1347,3,4,11,15,Unfurnished,0,11.0,59.74
Ahmedabad,Suburban,Villa,1197,2,3,1,1,Furnished,2,25.0,62.02
Mumbai,Mid-range,Builder Floor,1024,2,2,22,2,Semi-furnished,1,6.9,160.9
Chennai,Mid-range,Independent House,1325,2,1,15,2,Furnished,0,0.2,97.0
Chennai,Suburban,Apartment,1763,4,3,28,13,Semi-furnished,1,2.6,70.72
Delhi NCR,Mid-range,Builder Floor,1103,2,2,5,0,Unfurnished,1,6.0,128.42
Coimbatore,Suburban,Apartment,1606,3,2,7,10,Semi-furnished,2,1.4,61.78
Delhi NCR,Mid-range,Apartment,874,2,3,15,12,Unfurnished,2,4.3,97.79
Mumbai,Mid-range,Apartment,1534,3,3,7,24,Semi-furnished,1,1.7,385.8
Delhi NCR,Mid-range,Builder Floor,1426,3,2,25,1,Furnished,0,0.4,135.87
Coimbatore,Suburban,Apartment,1529,3,3,18,2,Furnished,2,2.3,58.37
Bengaluru,Mid-range,Apartment,1136,2,2,6,3,Unfurnished,1,4.3,102.23
Mumbai,Suburban,Apartment,750,1,2,18,24,Furnished,1,0.2,112.59
Kolkata,Mid-range,Apartment,1852,4,4,22,7,Semi-furnished,1,8.0,94.45
Ahmedabad,Suburban,Apartment,1617,4,4,6,19,Furnished,2,3.0,76.71
Lucknow,Mid-range,Apartment,1702,4,4,15,20,Unfurnished,1,4.0,76.23
Jaipur,Suburban,Apartment,1125,2,3,29,20,Unfurnished,0,0.4,32.32
Mumbai,Prime,Independent House,1393,2,1,21,0,Semi-furnished,1,0.2,436.95
Lucknow,Suburban,Apartment,1032,2,2,20,13,Semi-furnished,0,2.6,28.13
Bengaluru,Suburban,Apartment,2230,5,6,30,7,Unfurnished,1,6.2,85.3
Kochi,Mid-range,Apartment,1519,3,3,5,12,Semi-furnished,2,1.2,118.34
Hyderabad,Suburban,Apartment,2109,5,4,8,15,Semi-furnished,1,10.5,94.56
Kolkata,Suburban,Independent House,1850,3,3,26,1,Semi-furnished,0,0.5,67.94
Kolkata,Mid-range,Apartment,1588,3,2,17,23,Unfurnished,2,2.0,97.41
Kochi,Mid-range,Apartment,1227,2,2,1,14,Semi-furnished,2,17.4,84.01
Jaipur,Suburban,Villa,692,1,1,30,0,Semi-furnished,2,2.9,28.24
Mumbai,Mid-range,Villa,660,1,1,24,2,Unfurnished,2,0.3,161.83
Chennai,Prime,Apartment,1528,3,4,2,15,Semi-furnished,0,3.7,192.73
Chennai,Mid-range,Apartment,1965,4,3,24,6,Semi-furnished,0,1.8,133.35
Bengaluru,Mid-range,Apartment,1675,3,4,24,6,Unfurnished,1,5.7,108.01
Jaipur,Prime,Apartment,1017,2,2,8,3,Unfurnished,3,3.1,89.84
Lucknow,Suburban,Builder Floor,1095,2,1,16,2,Semi-furnished,2,12.3,33.17
Hyderabad,Mid-range,Apartment,1092,2,2,4,9,Unfurnished,1,7.4,82.96
Pune,Prime,Villa,1243,2,2,8,0,Unfurnished,2,2.2,199.22
Bengaluru,Mid-range,Apartment,1503,3,4,21,19,Semi-furnished,1,8.7,112.88
Pune,Mid-range,Villa,793,1,1,12,0,Furnished,1,3.2,82.8
Pune,Suburban,Independent House,1196,2,2,7,1,Semi-furnished,1,0.8,72.39
Ahmedabad,Suburban,Apartment,1438,3,2,19,12,Furnished,1,18.6,58.91
Chennai,Suburban,Apartment,1433,3,3,25,13,Unfurnished,2,3.7,64.88
Bengaluru,Mid-range,Villa,1979,3,4,17,1,Unfurnished,1,5.6,173.09
Jaipur,Mid-range,Villa,1816,3,2,6,1,Semi-furnished,2,3.4,124.22
Delhi NCR,Mid-range,Villa,1745,3,3,12,2,Furnished,1,7.6,248.88
Kochi,Mid-range,Apartment,442,1,1,20,16,Semi-furnished,2,4.3,30.46
Jaipur,Mid-range,Builder Floor,486,1,1,2,0,Semi-furnished,1,1.7,25.7
Kolkata,Prime,Apartment,1035,2,3,12,15,Unfurnished,1,0.5,95.58
Delhi NCR,Prime,Apartment,919,2,3,9,12,Semi-furnished,1,2.0,165.42
Kochi,Suburban,Apartment,1028,2,2,1,19,Unfurnished,1,1.9,57.68
Pune,Suburban,Independent House,1931,3,2,2,1,Semi-furnished,1,13.9,114.3
Jaipur,Suburban,Apartment,1407,3,3,5,18,Unfurnished,3,0.2,61.57
Ahmedabad,Suburban,Apartment,1720,4,4,0,19,Semi-furnished,1,4.6,74.27
Mumbai,Mid-range,Independent House,1931,3,2,15,0,Unfurnished,1,8.3,374.88
Pune,Prime,Villa,1652,3,3,1,1,Unfurnished,1,10.2,255.27
