age,gender,tobacco_chewing,smoking,alcohol,bmi,family_history,fried_processed_food,physical_activity,area,air_pollution,high_risk
65,Male,Daily,Occasional,No,27.6,No,Medium,Low,Rural,Low,1
43,Male,No,Never,Regular,30.2,No,Low,Low,Urban,Low,0
85,Male,Daily,Occasional,Occasional,27.9,Yes,Medium,Moderate,Rural,Moderate,1
41,Female,No,Never,Occasional,28.2,No,Low,Moderate,Urban,High,0
75,Female,Daily,Never,No,30.7,No,High,High,Urban,High,1
32,Female,Daily,Daily (cigarette/bidi),Occasional,27.9,No,Low,Low,Urban,High,1
41,Female,Daily,Daily (cigarette/bidi),Occasional,21.1,No,Medium,Low,Urban,Moderate,1
60,Female,No,Never,No,24.7,No,Medium,High,Urban,High,0
26,Female,Daily,Never,No,25.1,No,Medium,Moderate,Urban,Moderate,0
57,Male,No,Never,Occasional,21.3,No,Low,Moderate,Rural,High,0
66,Male,No,Daily (cigarette/bidi),No,26.1,No,Medium,Moderate,Rural,High,0
25,Female,Occasionally,Never,Occasional,23.0,No,High,Low,Rural,Low,0
62,Female,Daily,Never,No,26.8,No,Medium,Low,Rural,Low,1
18,Male,No,Never,No,27.7,No,Low,Low,Urban,Low,0
73,Male,Daily,Occasional,Regular,26.5,No,High,Moderate,Urban,Moderate,1
24,Female,No,Never,No,21.4,Yes,Medium,Low,Urban,Moderate,0
37,Male,Occasionally,Never,No,22.5,No,Low,High,Rural,High,0
78,Male,No,Never,Occasional,23.2,No,Medium,Low,Rural,Moderate,1
62,Male,Daily,Never,Regular,15.8,No,Medium,Low,Urban,Low,1
81,Male,No,Daily (cigarette/bidi),Occasional,34.7,No,Medium,Moderate,Urban,High,1
74,Male,No,Never,No,28.0,Yes,High,Moderate,Rural,High,1
42,Male,No,Never,No,19.8,No,Medium,Low,Rural,Low,0
73,Female,No,Occasional,No,15.5,Yes,Low,Moderate,Urban,High,1
71,Male,Occasionally,Never,No,24.9,No,Medium,Low,Rural,Moderate,1
79,Male,No,Never,Occasional,31.4,No,Medium,High,Urban,High,0
82,Female,Daily,Daily (cigarette/bidi),No,29.8,No,Medium,Low,Rural,Moderate,1
52,Female,Daily,Occasional,No,25.7,No,Low,Low,Rural,High,1
74,Male,No,Never,Regular,31.1,No,High,Low,Rural,Moderate,1
56,Female,No,Never,No,16.8,No,Low,Moderate,Rural,Low,0
22,Male,Occasionally,Never,No,31.6,Yes,Low,High,Rural,Low,0
27,Male,Daily,Daily (cigarette/bidi),No,27.7,No,Low,High,Rural,High,0
85,Female,Daily,Never,Regular,29.2,No,Low,High,Urban,Moderate,1
66,Female,No,Daily (cigarette/bidi),No,22.3,No,Low,Low,Urban,Low,0
19,Female,No,Never,Occasional,33.5,No,Low,Moderate,Urban,High,0
82,Male,No,Never,No,29.5,No,High,Low,Rural,Moderate,1
34,Male,Daily,Occasional,No,18.1,Yes,Low,Moderate,Urban,Moderate,0
49,Male,No,Never,Regular,27.8,No,Medium,High,Rural,High,0
62,Male,No,Never,No,27.1,Yes,Medium,Low,Urban,Low,0
41,Male,No,Never,Occasional,19.4,No,Low,High,Rural,Moderate,0
28,Female,Occasionally,Never,No,29.8,No,Medium,High,Rural,Low,0
53,Female,Daily,Occasional,No,27.4,No,Medium,Low,Urban,High,1
82,Male,Daily,Never,No,24.5,No,Medium,High,Urban,Low,0
79,Female,No,Never,No,29.6,No,High,Low,Urban,Moderate,0
25,Female,No,Never,No,27.3,Yes,High,Low,Urban,High,0
41,Male,No,Never,No,17.5,No,Medium,Low,Urban,High,0
39,Female,No,Daily (cigarette/bidi),No,21.3,No,High,High,Rural,High,0
53,Male,Daily,Occasional,Regular,28.6,No,High,Low,Urban,High,1
85,Female,No,Occasional,No,15.2,No,High,Low,Urban,High,1
37,Male,Daily,Daily (cigarette/bidi),No,15.0,Yes,High,Moderate,Urban,Moderate,1
45,Female,No,Occasional,No,25.7,No,High,Low,Rural,Low,0
22,Female,No,Never,Occasional,21.1,No,Low,Low,Rural,High,0
37,Female,Occasionally,Occasional,No,22.4,No,High,Low,Rural,High,0
51,Male,No,Never,Regular,24.0,No,High,High,Urban,Low,0
48,Female,No,Daily (cigarette/bidi),No,30.7,No,Low,High,Urban,High,0
75,Female,No,Never,No,23.0,No,Low,High,Rural,Low,0
49,Male,Occasionally,Daily (cigarette/bidi),No,26.6,No,Medium,Low,Rural,Moderate,1
20,Female,No,Never,No,28.2,No,Medium,High,Urban,Low,0
68,Female,No,Never,No,30.2,No,Low,Low,Urban,High,0
36,Female,No,Never,No,23.5,No,High,Low,Rural,Low,0
39,Male,No,Never,Regular,22.1,No,Low,Moderate,Rural,High,0
85,Male,Daily,Never,Occasional,33.8,No,High,Moderate,Urban,High,1
76,Female,No,Never,No,21.7,No,Medium,Low,Rural,Low,0
65,Male,Daily,Never,Regular,17.0,Yes,Low,Moderate,Rural,Moderate,1
34,Female,Daily,Never,Occasional,26.8,No,Medium,Low,Rural,Low,0
30,Female,No,Never,Occasional,25.0,No,Medium,Low,Urban,Low,0
27,Male,No,Never,No,15.0,No,High,Moderate,Urban,High,0
85,Female,No,Never,Occasional,27.6,No,Low,Low,Urban,High,0
32,Female,Daily,Never,No,15.2,Yes,Low,Moderate,Urban,High,0
38,Male,Occasionally,Never,Regular,22.9,No,Low,Low,Rural,High,0
71,Female,Occasionally,Occasional,No,28.8,No,Low,Moderate,Urban,High,1
33,Female,Daily,Never,No,22.9,No,Low,High,Urban,Low,0
77,Female,No,Never,Regular,31.7,No,Low,Moderate,Urban,High,0
53,Male,No,Daily (cigarette/bidi),No,30.6,No,High,High,Urban,Low,0
66,Male,No,Never,No,27.8,No,High,Low,Urban,Low,0
22,Male,Daily,Daily (cigarette/bidi),Occasional,28.4,No,Medium,Low,Rural,Moderate,0
61,Male,No,Never,No,30.1,No,Medium,Low,Urban,Moderate,0
72,Female,Occasionally,Never,Occasional,20.3,No,High,Low,Rural,Low,0
61,Male,No,Occasional,Occasional,25.8,No,Medium,Moderate,Rural,High,0
68,Female,No,Never,Regular,21.6,Yes,High,High,Rural,High,1
57,Female,No,Never,No,19.4,No,Medium,Moderate,Rural,Low,0
21,Female,Daily,Daily (cigarette/bidi),Regular,17.0,No,Medium,Moderate,Urban,High,1
47,Male,No,Never,No,26.4,No,Medium,Moderate,Rural,High,0
30,Female,Occasionally,Never,No,29.9,No,Low,Moderate,Urban,Low,0
47,Male,Occasionally,Occasional,No,28.5,No,Medium,Low,Urban,Moderate,0
26,Male,No,Never,No,28.4,No,Medium,Low,Urban,Moderate,0
72,Female,No,Daily (cigarette/bidi),No,26.1,No,Medium,Low,Urban,Moderate,1
56,Male,No,Never,No,30.1,No,Medium,High,Urban,Moderate,0
39,Male,Daily,Occasional,Occasional,23.1,No,High,Moderate,Urban,High,0
62,Female,Daily,Never,Occasional,18.7,No,Medium,High,Urban,Low,0
25,Female,No,Never,No,29.4,No,Medium,High,Urban,High,0
70,Male,Daily,Daily (cigarette/bidi),No,16.1,No,Low,Low,Urban,High,1
59,Male,Daily,Never,No,28.1,Yes,Medium,Low,Urban,Moderate,1
47,Male,Daily,Daily (cigarette/bidi),No,23.2,No,High,Moderate,Rural,High,1
44,Female,No,Never,Regular,23.0,No,Low,Low,Urban,Low,0
82,Male,No,Daily (cigarette/bidi),No,28.4,Yes,Medium,High,Rural,Moderate,1
80,Male,No,Daily (cigarette/bidi),No,23.5,No,Medium,Moderate,Urban,High,1
30,Female,No,Occasional,No,25.1,No,Medium,Low,Rural,High,0
24,Female,Daily,Never,Regular,22.1,No,Medium,Moderate,Urban,Moderate,0
52,Male,No,Never,No,17.1,No,Low,Moderate,Urban,High,0
77,Male,Daily,Daily (cigarette/bidi),No,26.0,Yes,High,Moderate,Urban,Moderate,1
35,Male,No,Daily (cigarette/bidi),No,24.8,No,Medium,Low,Rural,High,0
23,Male,No,Never,Occasional,16.7,Yes,High,Moderate,Rural,Moderate,0
67,Male,No,Daily (cigarette/bidi),No,28.6,Yes,High,Moderate,Urban,Moderate,1
72,Female,No,Occasional,No,24.2,No,Low,Low,Urban,High,0
72,Male,Occasionally,Occasional,Occasional,21.9,No,Low,Moderate,Rural,Moderate,0
65,Male,Occasionally,Never,No,19.9,No,High,Low,Urban,High,1
55,Male,No,Never,Occasional,27.5,No,Medium,High,Urban,Moderate,0
39,Male,No,Never,No,25.2,No,Medium,Low,Urban,Moderate,0
22,Female,No,Daily (cigarette/bidi),No,15.5,No,Low,Low,Rural,Moderate,0
24,Female,Daily,Daily (cigarette/bidi),No,32.3,No,Low,Moderate,Urban,Low,1
48,Female,Occasionally,Daily (cigarette/bidi),No,28.6,Yes,High,Moderate,Rural,High,1
74,Male,Occasionally,Daily (cigarette/bidi),No,27.6,No,Low,Low,Urban,Low,1
69,Male,Occasionally,Occasional,Occasional,24.3,No,Low,Moderate,Rural,Moderate,0
73,Female,No,Daily (cigarette/bidi),Occasional,24.1,No,Medium,Moderate,Urban,High,1
30,Female,No,Never,No,24.1,No,Low,Moderate,Urban,Low,0
54,Female,No,Never,No,24.3,No,Medium,High,Rural,Low,0
76,Female,Occasionally,Daily (cigarette/bidi),Regular,27.2,No,High,High,Urban,Low,1
59,Female,No,Never,No,27.2,No,Medium,High,Urban,Moderate,0
33,Male,No,Daily (cigarette/bidi),No,20.1,No,Low,High,Urban,High,0
61,Male,Occasionally,Never,No,25.8,No,Low,High,Urban,High,0
77,Male,Daily,Never,No,22.7,No,Low,Low,Rural,High,1
81,Female,No,Never,Occasional,28.4,No,Low,Moderate,Urban,Low,0
46,Female,No,Occasional,No,22.0,No,High,Low,Urban,Moderate,0
34,Female,No,Never,Occasional,25.2,No,Medium,High,Urban,Moderate,0
23,Female,No,Daily (cigarette/bidi),No,23.4,No,Medium,Moderate,Rural,Moderate,0
53,Female,No,Daily (cigarette/bidi),No,27.5,No,Medium,Moderate,Rural,Moderate,0
50,Female,Daily,Never,No,15.9,No,Medium,Low,Urban,Low,0
51,Female,Occasionally,Daily (cigarette/bidi),No,26.4,No,High,Moderate,Rural,High,1
63,Male,No,Occasional,Occasional,15.5,No,High,Moderate,Rural,Moderate,0
58,Female,No,Daily (cigarette/bidi),No,24.5,No,Medium,Moderate,Urban,Moderate,0
32,Female,Occasionally,Never,No,26.2,Yes,Low,High,Rural,High,0
63,Male,Daily,Daily (cigarette/bidi),No,25.3,No,High,Moderate,Urban,Moderate,1
60,Male,No,Never,No,23.9,No,Low,Low,Urban,Low,0
52,Male,No,Never,Regular,28.6,No,Low,Moderate,Urban,Moderate,0
73,Female,Daily,Never,No,22.1,No,Low,Moderate,Urban,High,1
36,Female,Daily,Occasional,Occasional,31.6,No,Low,High,Urban,Low,0
27,Female,Occasionally,Occasional,No,37.2,No,Medium,Low,Rural,High,0
31,Female,Daily,Never,Regular,26.3,No,Medium,Low,Urban,Moderate,1
61,Female,No,Never,No,15.2,Yes,Medium,Moderate,Rural,Moderate,0
19,Male,Occasionally,Occasional,No,19.2,No,Low,Moderate,Rural,High,0
49,Male,No,Never,No,29.8,No,Low,Low,Urban,Moderate,0
32,Female,No,Never,Occasional,24.9,No,Low,Moderate,Urban,Moderate,0
66,Male,Occasionally,Never,Occasional,29.9,No,High,Low,Rural,Moderate,1
43,Male,Occasionally,Never,No,27.6,No,Medium,Low,Urban,Low,0
51,Male,Occasionally,Daily (cigarette/bidi),Occasional,24.7,No,Medium,Moderate,Urban,Moderate,1
82,Male,No,Occasional,No,34.9,No,Medium,Low,Urban,High,0
76,Female,No,Occasional,Regular,32.8,No,Low,Low,Rural,Moderate,1
28,Male,No,Daily (cigarette/bidi),No,25.5,Yes,Medium,Low,Rural,High,0
70,Male,Daily,Daily (cigarette/bidi),No,26.3,No,Medium,High,Urban,Low,1
45,Female,No,Daily (cigarette/bidi),No,25.9,No,Medium,Moderate,Urban,Moderate,0
46,Male,No,Never,No,18.7,No,Medium,Low,Rural,High,0
26,Female,No,Never,No,22.7,No,Medium,Moderate,Rural,High,0
62,Female,No,Never,No,30.8,No,Medium,Moderate,Rural,Moderate,0
69,Female,Daily,Daily (cigarette/bidi),Occasional,21.4,No,High,Low,Urban,Moderate,1
72,Female,Daily,Never,No,32.1,Yes,Medium,Moderate,Urban,Moderate,1
60,Female,Daily,Never,No,28.6,No,Low,Low,Rural,Low,1
25,Male,No,Daily (cigarette/bidi),Occasional,23.9,Yes,High,Moderate,Rural,Moderate,0
33,Male,Occasionally,Daily (cigarette/bidi),Occasional,23.5,No,Medium,High,Rural,Low,0
18,Male,No,Never,No,23.2,No,Medium,Moderate,Rural,Moderate,0
66,Female,No,Never,No,30.7,No,Medium,Low,Rural,Moderate,0
82,Male,No,Never,No,29.4,No,High,High,Rural,Low,0
62,Female,Occasionally,Never,No,24.3,No,High,Low,Urban,High,1
27,Female,Occasionally,Never,Regular,23.8,No,Medium,Low,Rural,High,0
64,Male,Daily,Never,No,24.3,No,Medium,Low,Rural,Moderate,1
74,Female,No,Never,No,27.6,No,Low,Moderate,Rural,High,0
66,Male,Occasionally,Never,Occasional,16.6,No,Medium,High,Urban,Low,0
61,Male,No,Never,Regular,18.0,No,High,Low,Rural,Low,0
23,Female,Occasionally,Never,No,25.4,No,Medium,Moderate,Rural,Low,0
39,Male,Occasionally,Never,No,26.6,No,Medium,Moderate,Rural,Moderate,0
34,Male,No,Daily (cigarette/bidi),Occasional,28.5,No,Medium,Moderate,Urban,Moderate,0
29,Male,No,Never,No,25.4,No,High,Low,Urban,High,0
50,Female,Daily,Daily (cigarette/bidi),Occasional,33.5,No,Medium,Low,Urban,High,1
58,Female,No,Daily (cigarette/bidi),No,31.2,No,High,Low,Rural,High,1
54,Female,No,Never,No,18.9,No,Medium,Moderate,Urban,Moderate,0
46,Male,No,Never,No,30.0,Yes,Low,Low,Rural,High,0
67,Female,Occasionally,Never,No,23.9,Yes,High,Low,Urban,High,1
79,Male,No,Never,Occasional,20.9,No,Medium,Low,Urban,Low,0
70,Male,Daily,Daily (cigarette/bidi),No,33.0,No,Medium,Low,Rural,Low,1
25,Male,No,Occasional,No,24.4,No,High,Low,Urban,Moderate,0
76,Male,Daily,Never,Regular,22.0,Yes,Low,Low,Rural,High,1
68,Female,Occasionally,Daily (cigarette/bidi),No,26.4,No,Low,Low,Urban,High,1
66,Female,No,Occasional,No,15.9,No,Low,High,Rural,Moderate,0
65,Male,No,Occasional,No,20.9,No,Medium,Low,Urban,Moderate,0
80,Male,No,Never,Regular,25.9,No,Low,High,Urban,High,1
42,Male,Daily,Never,No,23.8,No,Medium,Low,Rural,Moderate,1
85,Female,Occasionally,Never,Occasional,23.6,No,Medium,Low,Rural,Moderate,1
25,Male,Daily,Never,Regular,28.6,No,Low,Moderate,Rural,Moderate,1
67,Female,No,Never,Regular,18.1,No,Medium,Moderate,Urban,High,0
50,Female,Daily,Never,Occasional,16.2,No,Medium,Low,Rural,Low,1
51,Male,No,Never,No,28.2,No,Low,Moderate,Urban,Moderate,0
79,Male,No,Occasional,No,21.7,No,Low,High,Urban,Low,0
61,Female,No,Never,No,21.3,No,Low,Moderate,Rural,Low,0
34,Male,No,Never,No,26.1,No,High,Low,Rural,Low,0
44,Male,Daily,Daily (cigarette/bidi),No,22.7,No,Low,Low,Rural,High,1
26,Male,No,Never,No,19.1,No,Medium,Low,Rural,Moderate,0
70,Female,No,Occasional,No,19.8,Yes,Medium,Moderate,Rural,Moderate,1
40,Male,No,Never,Regular,21.5,Yes,Low,Moderate,Rural,Low,0
74,Female,Occasionally,Never,No,28.6,No,Medium,Moderate,Urban,Low,0
71,Male,Daily,Occasional,No,22.8,No,Medium,Moderate,Rural,Low,1
52,Male,Daily,Never,Regular,27.1,Yes,Medium,Moderate,Urban,High,1
30,Male,Occasionally,Occasional,No,27.4,No,Medium,High,Urban,Moderate,0
22,Male,No,Occasional,No,20.8,No,High,Low,Urban,Moderate,0
62,Male,Daily,Never,No,31.4,No,High,Moderate,Rural,High,1
73,Female,Daily,Never,No,15.0,No,Medium,Low,Rural,Moderate,1
38,Female,No,Occasional,No,19.8,No,Low,High,Rural,Moderate,0
61,Male,No,Occasional,No,20.1,No,Medium,Low,Urban,Low,0
67,Female,Daily,Never,No,29.7,No,Medium,High,Rural,High,1
36,Female,No,Never,Occasional,26.6,No,Medium,High,Rural,Moderate,0
74,Male,Daily,Never,No,29.5,No,Low,Low,Rural,Low,1
39,Female,No,Daily (cigarette/bidi),Occasional,22.1,No,Medium,Low,Rural,Moderate,0
68,Male,No,Never,Occasional,23.2,No,Low,Moderate,Urban,High,0
40,Female,No,Daily (cigarette/bidi),Regular,21.6,No,Medium,Moderate,Urban,Low,0
36,Female,No,Never,Regular,28.0,No,Low,Moderate,Rural,Moderate,0
23,Male,No,Occasional,No,18.9,No,Medium,Moderate,Rural,High,0
23,Male,No,Never,No,35.7,No,Low,Moderate,Rural,High,0
47,Female,No,Daily (cigarette/bidi),No,19.9,No,High,High,Urban,Low,0
34,Male,Daily,Never,Occasional,18.3,No,Medium,Low,Rural,Moderate,0
60,Male,Daily,Never,No,21.3,Yes,Medium,Moderate,Urban,Low,1
64,Female,No,Daily (cigarette/bidi),Occasional,26.3,No,High,High,Rural,Moderate,1
84,Female,Daily,Never,Occasional,21.3,No,High,Low,Urban,High,1
30,Female,Daily,Never,No,23.3,No,Low,Low,Urban,High,0
72,Male,No,Never,No,27.0,No,Medium,Low,Rural,High,0
73,Female,Occasionally,Never,Regular,30.0,No,High,Low,Urban,High,1
34,Male,No,Daily (cigarette/bidi),No,21.6,No,High,Low,Urban,Moderate,0
23,Male,Occasionally,Daily (cigarette/bidi),No,27.9,No,Medium,Moderate,Rural,Moderate,0
62,Female,No,Never,No,23.3,No,High,Low,Urban,Moderate,0
73,Male,Daily,Never,No,27.8,No,Low,Low,Rural,High,1
57,Male,No,Daily (cigarette/bidi),No,15.0,No,Low,High,Urban,High,0
80,Male,No,Never,No,15.7,No,Low,Low,Urban,Low,0
20,Female,Daily,Never,Occasional,23.2,No,Medium,Moderate,Rural,Low,0
55,Female,Daily,Never,Regular,23.2,No,Low,Low,Rural,Low,1
64,Female,Daily,Never,Occasional,29.7,Yes,Low,Low,Rural,High,1
27,Female,No,Never,Occasional,27.5,No,Medium,Moderate,Urban,High,0
53,Female,No,Daily (cigarette/bidi),No,15.0,No,Medium,Low,Urban,Moderate,0
33,Male,Daily,Daily (cigarette/bidi),No,22.9,No,Low,Moderate,Urban,High,0
38,Male,No,Daily (cigarette/bidi),No,22.7,No,Medium,High,Urban,Low,0
50,Male,Occasionally,Never,No,15.2,No,Medium,High,Rural,Low,0
39,Male,Daily,Never,No,30.8,No,Medium,Low,Urban,Low,0
18,Male,No,Never,No,22.8,No,High,High,Urban,Moderate,0
51,Male,Occasionally,Never,No,23.1,No,Low,High,Urban,Low,0
39,Female,No,Never,Regular,34.0,No,Low,Low,Urban,Low,0
84,Male,Occasionally,Daily (cigarette/bidi),No,22.0,No,Medium,Moderate,Urban,High,1
29,Male,Daily,Never,No,30.0,No,Medium,High,Urban,Moderate,0
65,Female,No,Never,Occasional,24.7,No,Low,Moderate,Urban,Low,0
29,Male,Occasionally,Never,Occasional,22.1,No,Low,Moderate,Urban,High,0
54,Male,No,Never,No,23.9,No,High,High,Rural,Moderate,0
61,Male,No,Never,Regular,29.4,No,Medium,Low,Urban,Low,0
71,Male,No,Occasional,No,25.2,No,Medium,Moderate,Rural,High,1
25,Female,No,Never,No,26.5,No,Medium,High,Rural,Low,0
39,Male,No,Never,No,25.9,Yes,Medium,Low,Urban,Moderate,0
37,Male,Occasionally,Occasional,Regular,25.2,No,Medium,Low,Rural,Low,0
63,Male,No,Never,No,26.3,No,Low,Moderate,Rural,Low,0
68,Female,No,Never,No,22.5,No,Low,Low,Urban,Moderate,0
51,Male,Daily,Daily (cigarette/bidi),No,25.3,No,Medium,Low,Rural,Moderate,1
26,Male,Daily,Occasional,No,22.1,No,Medium,Moderate,Urban,High,0
36,Female,Occasionally,Occasional,No,31.0,No,Medium,Moderate,Urban,High,0
77,Male,No,Never,No,27.3,No,Medium,High,Rural,Moderate,0
18,Female,No,Never,Regular,27.2,No,Medium,Moderate,Rural,High,0
31,Male,No,Never,No,27.4,No,High,Low,Urban,High,0
42,Female,No,Never,No,16.6,No,Medium,Moderate,Rural,Moderate,0
30,Male,Daily,Never,No,29.4,No,Low,Moderate,Urban,High,0
67,Male,No,Occasional,No,20.2,Yes,High,Moderate,Rural,Moderate,0
85,Male,No,Never,Occasional,23.5,No,High,Moderate,Urban,High,1
19,Female,No,Never,Occasional,28.8,No,Medium,Moderate,Urban,High,0
55,Male,Occasionally,Never,Occasional,28.2,No,Medium,Moderate,Urban,Low,0
55,Male,Daily,Never,No,15.8,No,Low,Moderate,Urban,Low,0
72,Male,Occasionally,Never,No,18.4,No,Low,Moderate,Rural,Low,0
61,Female,Daily,Never,No,19.1,No,High,Low,Urban,Low,1
68,Male,Daily,Never,Occasional,24.8,No,Medium,Low,Urban,Moderate,1
84,Male,No,Daily (cigarette/bidi),No,24.2,No,High,Moderate,Urban,High,1
26,Female,No,Never,No,20.2,No,High,High,Urban,Low,0
80,Male,Occasionally,Never,No,26.7,No,High,Low,Rural,High,1
75,Female,No,Occasional,Occasional,23.6,No,Medium,High,Rural,High,0
66,Female,No,Never,No,22.4,Yes,Low,High,Urban,Moderate,0
50,Male,No,Never,No,31.4,No,Low,Moderate,Urban,High,0
84,Male,Daily,Never,No,21.9,No,Medium,Low,Rural,Moderate,1
40,Female,No,Daily (cigarette/bidi),No,18.3,No,Low,Moderate,Urban,Moderate,0
85,Male,No,Never,Regular,26.2,No,Medium,Low,Urban,Low,0
59,Female,No,Never,No,20.3,No,Low,Moderate,Urban,Low,0
46,Female,Daily,Daily (cigarette/bidi),No,22.5,No,High,Moderate,Urban,Moderate,1
71,Female,No,Daily (cigarette/bidi),Regular,25.2,Yes,Low,Low,Urban,Low,1
63,Female,No,Never,No,28.0,No,High,Low,Rural,Low,0
59,Female,Occasionally,Never,Occasional,15.6,No,High,Low,Rural,Moderate,0
54,Female,No,Daily (cigarette/bidi),No,27.5,No,Low,Low,Urban,Low,0
58,Female,No,Never,No,17.0,No,Medium,Low,Rural,Low,0
30,Male,Daily,Never,No,21.3,No,Low,Moderate,Urban,Moderate,0
54,Male,No,Never,Occasional,21.7,No,Medium,Moderate,Urban,Low,0
77,Male,No,Daily (cigarette/bidi),Occasional,19.4,No,Low,Moderate,Rural,Moderate,1
21,Female,No,Never,Occasional,25.0,No,High,Moderate,Rural,Moderate,0
55,Female,No,Never,No,25.9,No,Medium,Moderate,Urban,Moderate,0
64,Female,No,Never,No,26.0,No,Medium,Moderate,Urban,Low,0
32,Female,Occasionally,Never,No,29.3,No,Medium,High,Rural,High,0
37,Male,Daily,Never,No,25.7,No,Medium,Low,Rural,Moderate,0
68,Male,No,Daily (cigarette/bidi),No,17.5,No,Medium,Low,Urban,Moderate,1
55,Female,Daily,Occasional,No,26.6,No,High,Low,Urban,High,1
75,Female,No,Never,No,22.6,No,Medium,Moderate,Urban,Moderate,0
29,Female,Daily,Never,No,25.2,No,Medium,Moderate,Urban,Low,0
44,Male,Daily,Daily (cigarette/bidi),No,28.9,No,High,Low,Rural,Low,1
52,Male,Occasionally,Occasional,Regular,25.8,No,Medium,Moderate,Rural,High,1
59,Male,Occasionally,Daily (cigarette/bidi),No,19.5,No,High,Moderate,Urban,Low,0
52,Female,No,Occasional,Occasional,23.3,Yes,Medium,Moderate,Rural,High,0
81,Male,No,Daily (cigarette/bidi),Occasional,21.7,No,Medium,High,Rural,Low,1
85,Female,No,Never,No,24.8,No,Medium,Moderate,Rural,High,0
22,Female,No,Never,No,31.1,No,Low,Low,Urban,Moderate,0
25,Female,Daily,Never,Occasional,32.6,No,Medium,Low,Urban,Moderate,0
76,Male,No,Occasional,No,23.0,No,Medium,High,Urban,Low,0
20,Female,No,Occasional,No,24.4,Yes,Medium,Moderate,Urban,High,0
57,Female,Occasionally,Never,No,21.6,No,Medium,Low,Rural,Moderate,0
74,Male,No,Never,No,19.9,No,Low,Low,Rural,High,0
22,Male,Daily,Never,No,25.1,No,High,High,Rural,Low,0
18,Male,No,Never,No,31.6,No,High,Moderate,Rural,Low,0
70,Female,Occasionally,Never,No,24.9,Yes,High,Moderate,Urban,High,1
38,Female,Occasionally,Never,No,32.2,No,High,Low,Rural,Moderate,0
49,Female,Daily,Daily (cigarette/bidi),No,26.6,No,Medium,Moderate,Urban,Low,1
67,Female,Occasionally,Occasional,Occasional,20.2,No,Medium,Moderate,Urban,Low,0
40,Male,Daily,Never,No,18.7,No,Medium,Low,Urban,High,0
48,Female,No,Never,No,27.0,No,Medium,Moderate,Urban,Moderate,0
82,Male,Occasionally,Never,Regular,28.6,No,Medium,High,Rural,Moderate,1
52,Male,No,Never,No,26.9,No,High,Moderate,Rural,Moderate,0
38,Male,No,Never,No,21.5,No,Medium,Moderate,Rural,Moderate,0
35,Female,No,Never,No,22.1,No,High,Low,Rural,Moderate,0
28,Male,No,Never,Occasional,29.6,No,High,High,Urban,Low,0
18,Male,No,Never,No,24.0,No,Low,Low,Urban,Low,0
18,Female,Occasionally,Never,Occasional,24.4,No,High,Low,Urban,Moderate,0
53,Male,No,Daily (cigarette/bidi),No,30.8,No,Low,Moderate,Rural,Moderate,0
46,Male,Occasionally,Daily (cigarette/bidi),Occasional,26.0,No,High,Moderate,Urban,High,1
59,Male,No,Daily (cigarette/bidi),No,24.9,No,Low,Moderate,Urban,Moderate,0
53,Male,No,Never,No,27.7,No,Medium,Low,Rural,High,0
63,Female,Occasionally,Never,No,22.7,No,Low,Moderate,Urban,High,0
78,Female,No,Never,No,17.5,No,High,Low,Rural,Low,0
29,Male,Daily,Never,No,28.1,Yes,Low,Low,Rural,Low,0
29,Female,Daily,Never,No,27.4,No,Medium,Low,Rural,Low,0
40,Female,No,Daily (cigarette/bidi),No,25.5,No,High,Low,Rural,Low,0
46,Female,No,Never,No,16.3,No,Low,Low,Urban,High,0
54,Male,No,Never,No,23.5,No,Low,Low,Rural,High,0
84,Female,No,Never,No,26.5,No,High,High,Urban,Low,0
72,Male,No,Daily (cigarette/bidi),No,23.7,No,Low,High,Rural,High,0
60,Female,Daily,Never,No,25.0,No,Low,High,Rural,High,0
26,Male,Daily,Daily (cigarette/bidi),Occasional,29.1,No,Low,Low,Urban,Moderate,0
56,Male,No,Daily (cigarette/bidi),No,15.0,No,High,High,Rural,Moderate,0
35,Male,Occasionally,Never,No,24.2,No,High,Low,Urban,Low,0
34,Female,Occasionally,Never,No,26.3,No,Low,Low,Rural,Moderate,0
74,Female,No,Never,Regular,29.3,No,Medium,Low,Rural,High,1
22,Male,Occasionally,Daily (cigarette/bidi),No,28.4,No,Medium,High,Urban,Low,0
64,Female,No,Occasional,No,27.1,No,Low,Low,Rural,High,0
85,Female,No,Never,No,28.2,No,Medium,Moderate,Urban,Moderate,0
64,Female,No,Occasional,No,32.8,No,Low,High,Rural,Low,0
46,Female,No,Never,No,31.5,No,High,Moderate,Urban,Low,0
62,Female,Daily,Never,No,20.3,No,High,Moderate,Urban,Moderate,1
54,Male,No,Never,No,21.7,No,Medium,Moderate,Rural,Moderate,0
49,Male,No,Never,No,19.0,Yes,Low,Moderate,Urban,Low,0
66,Male,No,Never,No,24.8,Yes,Low,Low,Rural,Low,0
58,Female,No,Never,No,30.2,No,Medium,Moderate,Urban,High,0
39,Male,Daily,Never,No,19.2,No,Low,High,Urban,Low,0
77,Female,Occasionally,Never,Occasional,21.0,No,Medium,Moderate,Rural,Low,0
82,Male,No,Occasional,No,26.4,No,Medium,High,Urban,Low,0
46,Male,No,Never,No,25.0,No,Medium,Moderate,Urban,High,0
25,Male,Daily,Never,No,24.6,No,Medium,Moderate,Urban,High,0
61,Male,Daily,Never,Regular,17.9,No,Medium,High,Urban,High,1
23,Female,No,Never,No,21.5,No,Medium,High,Rural,Low,0
83,Male,Occasionally,Never,No,24.3,No,High,Low,Rural,High,1
70,Male,Occasionally,Never,No,26.0,No,Medium,Low,Rural,Moderate,0
39,Male,No,Daily (cigarette/bidi),No,23.1,No,Low,High,Rural,Low,0
55,Male,No,Daily (cigarette/bidi),No,16.1,No,High,Moderate,Urban,Low,0
43,Male,No,Never,No,20.7,No,Medium,High,Urban,Low,0
47,Male,No,Never,No,19.2,No,Medium,Moderate,Rural,High,0
40,Male,No,Daily (cigarette/bidi),No,32.4,No,Medium,High,Rural,Moderate,0
50,Male,No,Occasional,No,25.8,No,Low,High,Rural,Low,0
81,Male,No,Daily (cigarette/bidi),No,30.7,No,Medium,Low,Urban,Moderate,1
28,Male,No,Never,No,15.8,No,Low,Low,Rural,Low,0
53,Female,No,Never,No,16.6,No,Medium,Low,Urban,High,0
51,Male,No,Never,No,23.0,No,Low,Moderate,Urban,High,0
56,Male,No,Daily (cigarette/bidi),No,33.0,No,Low,Low,Urban,High,1
41,Male,Occasionally,Daily (cigarette/bidi),No,20.8,No,Medium,Moderate,Rural,Low,0
18,Male,Daily,Occasional,Regular,28.0,No,Medium,Moderate,Urban,Low,0
24,Female,Daily,Occasional,Regular,26.3,No,Low,Low,Urban,Low,0
35,Female,No,Never,Regular,27.5,Yes,Medium,Moderate,Rural,High,0
20,Male,Daily,Never,Regular,22.0,No,Medium,Moderate,Urban,Moderate,0
32,Female,No,Never,Occasional,27.9,No,Medium,Low,Urban,High,0
64,Female,No,Never,Occasional,32.0,Yes,High,Moderate,Urban,Low,1
84,Female,No,Never,No,21.0,No,Medium,Moderate,Urban,Moderate,0
49,Female,No,Daily (cigarette/bidi),Occasional,26.2,No,Medium,Moderate,Urban,Moderate,1
26,Female,No,Never,No,19.3,No,Medium,Low,Rural,Moderate,0
59,Female,No,Occasional,Regular,28.2,No,Medium,Moderate,Urban,Moderate,0
44,Female,No,Never,No,21.0,No,Medium,Moderate,Urban,Moderate,0
36,Male,Occasionally,Daily (cigarette/bidi),No,33.6,No,High,High,Urban,Low,0
41,Male,No,Never,No,18.8,No,Medium,Low,Rural,High,0
73,Female,No,Never,No,19.9,No,Low,Moderate,Rural,Low,0
46,Male,No,Never,No,21.1,No,High,Moderate,Rural,Low,0
63,Female,Daily,Never,No,26.1,No,Medium,Low,Urban,Low,1
82,Female,Occasionally,Never,No,26.7,No,High,Moderate,Rural,High,1
19,Female,No,Never,No,16.9,Yes,Medium,Moderate,Urban,Moderate,0
42,Female,Occasionally,Daily (cigarette/bidi),Regular,19.0,No,High,Moderate,Urban,High,1
76,Female,No,Never,No,20.9,No,Medium,Moderate,Rural,High,0
54,Female,No,Never,Regular,32.4,No,Low,Moderate,Urban,Low,0
60,Female,No,Never,No,24.9,No,High,Low,Rural,Moderate,0
65,Female,Daily,Never,No,18.0,No,Medium,High,Urban,Moderate,0
61,Male,Daily,Daily (cigarette/bidi),Occasional,27.5,No,Low,Moderate,Rural,Low,1
19,Female,Daily,Daily (cigarette/bidi),Occasional,25.7,No,High,Moderate,Rural,Low,0
64,Male,Occasionally,Daily (cigarette/bidi),No,22.8,No,Medium,Moderate,Rural,High,1
69,Male,No,Never,No,32.8,No,Medium,High,Rural,Moderate,0
45,Female,No,Never,No,25.4,No,Medium,Low,Urban,Low,0
53,Male,No,Never,No,24.9,No,High,High,Urban,High,0
40,Female,No,Daily (cigarette/bidi),Occasional,18.2,No,High,Low,Rural,Low,0
79,Male,No,Daily (cigarette/bidi),No,15.0,No,Low,High,Rural,High,1
73,Female,No,Never,Occasional,22.2,No,Medium,Moderate,Urban,Low,0
43,Female,No,Occasional,No,25.2,No,Low,Low,Urban,High,0
48,Male,No,Daily (cigarette/bidi),No,21.4,Yes,Low,High,Urban,Moderate,0
75,Female,Daily,Never,No,25.1,No,Medium,Moderate,Urban,Moderate,0
64,Female,No,Never,Occasional,18.9,No,Medium,Moderate,Urban,High,0
77,Male,No,Never,Occasional,17.8,Yes,High,High,Urban,Moderate,1
45,Male,Occasionally,Never,Occasional,32.8,No,High,Moderate,Urban,Low,0
20,Female,No,Never,No,24.0,No,Low,High,Rural,Moderate,0
68,Female,Daily,Occasional,No,23.7,No,Low,High,Rural,Moderate,1
36,Male,No,Occasional,No,28.8,No,High,High,Urban,Low,0
35,Male,Occasionally,Never,No,23.8,No,High,Low,Rural,Moderate,0
70,Female,No,Never,No,23.0,No,Low,Moderate,Urban,Moderate,0
22,Female,Daily,Occasional,No,22.4,No,High,Moderate,Urban,High,0
76,Female,No,Occasional,No,24.4,No,Medium,High,Rural,Low,0
21,Female,No,Daily (cigarette/bidi),No,27.0,No,High,Moderate,Urban,High,0
48,Female,No,Daily (cigarette/bidi),No,16.4,Yes,Medium,High,Urban,Low,0
80,Female,No,Never,No,25.4,No,Medium,High,Rural,Moderate,0
18,Female,No,Never,No,29.1,No,High,Low,Rural,Moderate,0
78,Female,No,Never,No,21.0,No,Low,High,Rural,Moderate,0
62,Female,No,Never,No,22.8,No,High,High,Urban,Moderate,0
31,Male,Daily,Never,No,15.8,No,High,Low,Rural,Moderate,0
73,Male,No,Daily (cigarette/bidi),No,24.4,No,Medium,Low,Rural,Moderate,1
72,Male,Occasionally,Never,No,25.8,No,Low,Moderate,Rural,High,1
83,Male,No,Never,Regular,30.1,No,High,Moderate,Urban,Moderate,1
24,Male,Occasionally,Never,No,17.6,No,Medium,Moderate,Rural,Low,0
66,Female,Daily,Never,No,21.1,Yes,High,Moderate,Rural,Low,1
21,Male,No,Never,No,24.4,Yes,High,High,Rural,Low,0
56,Female,No,Never,No,24.9,No,Medium,Moderate,Rural,Moderate,0
73,Male,No,Never,No,27.1,No,High,Low,Rural,High,1
22,Male,No,Never,No,31.8,No,Medium,Low,Urban,Low,0
48,Male,Daily,Never,No,24.5,No,Medium,High,Rural,High,0
44,Female,Occasionally,Never,Occasional,28.2,Yes,Medium,Low,Rural,Low,0
64,Female,No,Never,No,20.4,Yes,Medium,Low,Rural,Moderate,1
73,Male,No,Occasional,No,27.2,No,Low,Moderate,Urban,High,0
59,Male,No,Never,No,35.8,No,Medium,Low,Urban,Moderate,0
72,Female,No,Never,No,25.1,No,Medium,Moderate,Urban,High,0
44,Female,No,Never,Occasional,21.9,No,Low,Low,Urban,Moderate,0
81,Female,Occasionally,Never,No,27.1,No,Medium,Moderate,Rural,High,1
84,Male,No,Never,Occasional,19.4,No,Low,Moderate,Rural,High,1
39,Male,No,Never,Occasional,35.7,No,Medium,High,Urban,High,0
55,Male,Daily,Never,No,24.3,No,High,Low,Rural,Moderate,1
62,Female,No,Never,Regular,19.9,No,High,High,Urban,High,0
67,Male,No,Daily (cigarette/bidi),No,27.9,No,Medium,Moderate,Urban,Moderate,1
63,Female,No,Never,No,19.7,Yes,High,Moderate,Rural,Low,1
73,Male,Occasionally,Never,No,22.1,No,High,Moderate,Rural,High,1
35,Female,No,Never,No,29.4,Yes,High,Low,Rural,Moderate,0
80,Male,No,Occasional,No,21.3,Yes,Low,High,Rural,High,0
65,Male,No,Never,Occasional,31.4,No,High,High,Rural,Moderate,0
40,Female,No,Occasional,No,16.9,No,Medium,Low,Urban,Moderate,0
58,Male,Occasionally,Never,Regular,21.2,No,Low,Low,Urban,Moderate,1
69,Female,Daily,Daily (cigarette/bidi),Regular,19.1,No,High,High,Urban,Moderate,1
83,Female,Occasionally,Daily (cigarette/bidi),No,27.2,No,Medium,Low,Urban,Moderate,1
63,Male,No,Never,No,27.7,No,Low,Moderate,Urban,Low,0
71,Female,No,Never,No,24.1,No,Low,Moderate,Urban,Moderate,0
50,Male,Occasionally,Never,Occasional,31.4,No,Medium,Moderate,Urban,Low,0
70,Female,Daily,Daily (cigarette/bidi),No,19.7,No,High,Moderate,Rural,Moderate,1
22,Male,No,Never,Occasional,25.6,Yes,Medium,Moderate,Rural,Moderate,0
47,Female,Daily,Daily (cigarette/bidi),No,21.1,No,High,Low,Rural,Low,1
18,Female,No,Occasional,No,18.1,No,Medium,Moderate,Rural,High,0
20,Female,No,Never,No,19.4,No,Medium,Low,Urban,Moderate,0
65,Male,No,Never,No,30.0,No,Medium,Low,Urban,High,0
40,Female,No,Daily (cigarette/bidi),Regular,28.6,No,High,Low,Urban,High,1
71,Male,No,Daily (cigarette/bidi),No,23.9,No,Low,High,Urban,High,0
61,Female,No,Never,Occasional,27.1,No,Medium,High,Urban,High,0
70,Male,Occasionally,Never,Occasional,28.7,Yes,Medium,Moderate,Rural,Moderate,1
28,Female,No,Never,No,29.6,No,Low,Moderate,Rural,Low,0
26,Male,Occasionally,Daily (cigarette/bidi),No,21.5,No,Low,Moderate,Urban,High,0
57,Male,No,Never,No,23.1,No,High,Moderate,Urban,Low,0
74,Male,Occasionally,Occasional,Occasional,15.0,No,Medium,Moderate,Rural,Moderate,1
85,Female,Occasionally,Never,No,21.6,No,Medium,Moderate,Urban,Moderate,0
34,Male,No,Daily (cigarette/bidi),Occasional,27.2,No,Low,High,Urban,Moderate,0
25,Female,Occasionally,Never,No,23.5,Yes,Medium,Low,Urban,High,0
34,Female,No,Never,No,26.6,No,High,Low,Rural,Low,0
20,Male,No,Never,No,31.9,No,Medium,Moderate,Urban,High,0
22,Female,Daily,Daily (cigarette/bidi),No,22.4,Yes,High,High,Urban,Low,1
84,Female,Daily,Daily (cigarette/bidi),No,28.8,No,Medium,Low,Rural,High,1
47,Male,No,Never,No,30.7,No,High,Low,Urban,Moderate,0
81,Male,No,Never,No,23.9,No,Medium,Low,Rural,High,0
42,Male,No,Never,Occasional,31.0,No,Medium,High,Urban,Low,0
82,Female,No,Occasional,No,29.4,No,Low,High,Rural,Low,0
22,Female,No,Never,No,30.1,No,Low,Low,Urban,Low,0
39,Female,Occasionally,Occasional,Occasional,29.3,No,Medium,Low,Urban,High,0
45,Male,No,Never,No,33.0,No,High,Low,Urban,Moderate,0
62,Male,No,Daily (cigarette/bidi),No,25.2,No,Medium,Low,Urban,Moderate,1
45,Male,No,Occasional,No,20.8,No,Low,Low,Urban,Low,0
82,Male,No,Never,No,25.1,No,Low,Low,Rural,Moderate,0
43,Female,No,Never,No,27.6,No,Low,Moderate,Urban,Low,0
85,Male,Daily,Occasional,No,31.8,No,Low,Low,Urban,Moderate,1
23,Male,No,Daily (cigarette/bidi),No,26.7,Yes,Low,Moderate,Urban,Moderate,0
18,Male,No,Never,No,38.1,No,Low,Moderate,Urban,Moderate,0
63,Male,Daily,Never,Occasional,23.0,Yes,High,Low,Urban,Low,1
35,Female,No,Never,Occasional,15.9,No,Low,Low,Urban,High,0
57,Female,Daily,Occasional,No,23.8,No,High,Moderate,Rural,High,1
41,Female,No,Never,No,23.5,No,Medium,Moderate,Rural,Moderate,0
84,Male,Occasionally,Occasional,No,28.9,No,Low,Moderate,Urban,High,1
70,Male,No,Occasional,No,24.5,No,Low,Moderate,Rural,Moderate,0
42,Female,No,Daily (cigarette/bidi),Occasional,26.6,No,Low,High,Urban,Low,0
20,Female,No,Daily (cigarette/bidi),Occasional,26.5,No,Medium,Low,Rural,High,0
68,Male,No,Never,No,27.0,No,Low,Low,Rural,Moderate,0
78,Male,No,Never,No,20.0,Yes,Low,Moderate,Urban,Moderate,0
53,Male,Occasionally,Daily (cigarette/bidi),No,19.4,No,Medium,Low,Rural,Low,1
43,Female,No,Daily (cigarette/bidi),Regular,26.1,No,Medium,Moderate,Urban,Low,0
59,Female,No,Never,Regular,24.8,No,Medium,Low,Rural,High,1
76,Female,Occasionally,Never,No,27.0,No,Low,High,Rural,High,0
69,Female,No,Daily (cigarette/bidi),Occasional,28.0,No,Low,Low,Urban,High,1
23,Male,No,Daily (cigarette/bidi),Occasional,23.0,No,Medium,Moderate,Rural,High,0
72,Female,No,Never,No,29.8,No,High,Low,Urban,Low,0
53,Male,No,Never,No,24.7,No,High,High,Rural,High,0
58,Male,No,Never,No,26.4,No,Low,Moderate,Urban,Moderate,0
22,Male,No,Never,Occasional,23.6,No,Low,High,Rural,Low,0
45,Female,No,Never,Occasional,24.8,No,Low,Low,Urban,Moderate,0
26,Male,No,Never,No,24.8,No,High,Low,Urban,Low,0
83,Female,No,Never,Occasional,32.0,No,High,Low,Rural,High,1
38,Male,No,Daily (cigarette/bidi),No,29.7,No,High,High,Rural,High,0
20,Male,Occasionally,Occasional,Occasional,19.3,No,Medium,Moderate,Rural,Moderate,0
64,Male,No,Never,Regular,24.2,No,Medium,Low,Rural,Moderate,0
26,Male,No,Daily (cigarette/bidi),No,26.1,No,High,Moderate,Urban,Moderate,0
39,Male,Daily,Never,No,22.9,No,High,Low,Urban,Moderate,0
29,Female,No,Never,Occasional,26.7,Yes,Medium,Low,Urban,Low,0
82,Female,Occasionally,Never,Regular,30.1,No,Medium,High,Urban,Moderate,1
28,Female,No,Never,No,22.7,No,Low,Low,Urban,High,0
51,Female,No,Never,No,22.2,No,Medium,Moderate,Urban,Moderate,0
45,Male,Daily,Never,Regular,25.1,No,Medium,Moderate,Urban,Low,0
49,Male,No,Never,Occasional,20.2,No,High,High,Urban,Moderate,0
29,Female,Daily,Daily (cigarette/bidi),No,24.4,No,Medium,High,Urban,Moderate,1
49,Male,No,Never,Regular,24.7,No,Medium,Moderate,Rural,Low,0
51,Female,No,Never,No,23.5,No,Low,Moderate,Rural,Low,0
27,Female,No,Occasional,No,24.5,No,High,Moderate,Urban,High,0
84,Female,Daily,Never,No,19.4,No,High,Moderate,Urban,High,1
83,Male,Daily,Occasional,Regular,23.6,No,Medium,Low,Urban,Moderate,1
81,Male,Occasionally,Daily (cigarette/bidi),No,18.6,No,Low,Low,Urban,Moderate,1
23,Male,No,Never,Occasional,31.0,No,High,High,Rural,Low,0
77,Female,Daily,Never,No,20.5,No,High,Low,Urban,High,1
56,Female,No,Daily (cigarette/bidi),Occasional,17.5,No,Medium,Low,Rural,Low,0
68,Female,Occasionally,Daily (cigarette/bidi),No,22.7,No,Low,Moderate,Rural,Moderate,1
32,Female,Daily,Never,No,32.5,No,High,Moderate,Urban,Low,0
34,Male,No,Never,Regular,27.3,No,Medium,Moderate,Rural,Moderate,0
23,Male,No,Never,No,28.1,No,High,Moderate,Urban,Moderate,0
57,Male,Occasionally,Never,Occasional,24.0,No,Medium,Moderate,Urban,High,0
20,Female,No,Never,No,20.6,No,Medium,Low,Urban,Low,0
40,Male,Daily,Never,Regular,20.6,No,Low,High,Urban,Low,0
22,Female,Daily,Never,No,32.5,No,Medium,Moderate,Urban,Moderate,0
69,Male,No,Never,No,29.4,No,Low,Low,Urban,Moderate,0
67,Female,Occasionally,Never,No,34.5,No,Low,Moderate,Urban,Low,0
72,Female,Occasionally,Daily (cigarette/bidi),No,15.0,No,Medium,Moderate,Urban,High,1
28,Female,Occasionally,Never,Occasional,15.0,No,Low,Low,Rural,Low,0
34,Female,No,Never,No,22.7,No,High,Moderate,Rural,High,0
59,Female,Occasionally,Never,No,17.5,Yes,Medium,Moderate,Urban,Moderate,0
61,Male,No,Daily (cigarette/bidi),No,25.0,Yes,Low,Moderate,Rural,High,1
76,Female,Daily,Never,No,25.3,No,Medium,Moderate,Urban,Moderate,1
37,Male,Occasionally,Never,Occasional,22.4,No,Low,Moderate,Urban,Moderate,0
36,Male,No,Never,No,30.4,No,Medium,Moderate,Urban,Moderate,0
62,Male,No,Daily (cigarette/bidi),Occasional,24.1,No,Medium,Moderate,Rural,Low,0
75,Female,No,Never,No,27.8,No,Medium,Low,Urban,Low,0
18,Male,No,Never,No,25.1,No,High,Moderate,Rural,High,0
30,Male,No,Daily (cigarette/bidi),No,18.3,No,High,Moderate,Urban,High,0
63,Male,No,Never,No,27.9,No,Medium,Moderate,Urban,Low,0
39,Female,No,Never,Occasional,16.7,No,Low,Moderate,Rural,Low,0
34,Male,No,Never,Regular,22.2,No,Medium,Moderate,Urban,Moderate,0
64,Male,No,Never,Regular,26.1,No,Medium,Low,Urban,Moderate,0
78,Male,No,Occasional,No,28.7,No,High,Low,Urban,High,1
33,Female,Occasionally,Never,No,28.7,No,Medium,High,Rural,Moderate,0
37,Female,No,Never,No,27.7,No,Medium,Moderate,Urban,Low,0
62,Male,No,Daily (cigarette/bidi),No,15.0,No,High,Moderate,Rural,Low,0
82,Male,No,Never,No,27.5,No,Low,Low,Rural,High,0
50,Female,No,Never,Occasional,24.4,No,High,Low,Rural,Moderate,0
57,Female,Occasionally,Never,No,26.6,No,Medium,Low,Rural,High,0
66,Female,No,Never,No,20.6,No,Low,Moderate,Urban,High,0
55,Male,Daily,Daily (cigarette/bidi),No,25.4,Yes,High,Moderate,Urban,Low,1
57,Male,No,Never,No,26.7,No,Medium,Low,Rural,Low,0
32,Female,No,Occasional,No,24.0,No,Medium,Moderate,Rural,Moderate,0
45,Female,No,Daily (cigarette/bidi),No,29.8,No,Medium,Low,Urban,High,1
69,Male,Daily,Occasional,Regular,18.6,No,Medium,Moderate,Urban,Moderate,1
20,Male,Daily,Daily (cigarette/bidi),Occasional,24.9,No,Medium,Moderate,Rural,Low,0
74,Female,No,Never,No,25.9,No,Medium,Moderate,Urban,High,0
19,Female,No,Daily (cigarette/bidi),Regular,32.3,No,Low,Moderate,Urban,Low,0
84,Female,No,Never,Regular,18.0,No,Low,Low,Urban,Moderate,1
48,Male,No,Daily (cigarette/bidi),No,24.3,No,Medium,High,Rural,Moderate,0
63,Male,Daily,Never,Occasional,23.1,No,Medium,Low,Rural,Low,0
62,Female,Daily,Never,Occasional,21.6,No,Low,High,Rural,Moderate,0
48,Female,Occasionally,Never,Regular,24.6,No,Medium,Moderate,Urban,High,0
70,Male,Occasionally,Never,No,21.0,No,Low,Low,Rural,Moderate,0
57,Female,Occasionally,Never,Regular,27.6,No,Medium,High,Urban,Moderate,0
83,Female,Occasionally,Never,Occasional,29.1,No,Low,Moderate,Urban,Moderate,1
65,Female,Daily,Never,No,31.8,No,High,High,Urban,Low,1
57,Female,Occasionally,Never,Occasional,23.8,No,Medium,High,Rural,Low,0
29,Female,No,Daily (cigarette/bidi),No,19.3,No,Medium,High,Urban,Low,0
55,Male,No,Occasional,No,20.7,No,Medium,Low,Rural,High,0
72,Female,Occasionally,Never,No,21.8,No,High,Moderate,Rural,Low,0
44,Female,Daily,Never,Regular,22.3,No,Low,High,Rural,Low,0
50,Male,No,Never,No,22.5,Yes,Medium,High,Urban,High,0
56,Female,Daily,Never,No,26.3,No,Medium,Low,Rural,High,1
69,Female,No,Occasional,No,25.4,No,Medium,Low,Urban,Moderate,0
19,Male,No,Daily (cigarette/bidi),No,22.3,No,High,Low,Rural,High,0
62,Female,Daily,Never,Regular,25.4,No,High,Low,Urban,High,1
66,Male,Daily,Never,Occasional,24.7,No,Medium,High,Urban,High,0
20,Female,No,Never,No,23.4,No,Medium,Moderate,Urban,Low,0
49,Female,No,Daily (cigarette/bidi),No,24.0,No,Low,Moderate,Urban,Moderate,0
49,Female,No,Never,No,29.8,No,Medium,Low,Urban,Moderate,0
67,Female,No,Never,Occasional,21.0,No,High,High,Rural,Moderate,0
33,Male,Daily,Occasional,No,24.4,No,Low,Moderate,Urban,Moderate,0
63,Female,No,Never,Occasional,27.8,No,High,Moderate,Rural,High,0
24,Female,Occasionally,Never,Occasional,19.9,Yes,Medium,High,Urban,Moderate,0
40,Male,No,Never,No,25.3,No,High,High,Rural,Moderate,0
26,Male,No,Never,No,19.0,No,Medium,High,Rural,High,0
35,Female,Daily,Occasional,Regular,25.2,No,Medium,Low,Rural,High,1
49,Male,Occasionally,Never,No,19.5,No,High,High,Urban,Low,0
60,Female,Daily,Never,Regular,25.8,No,Low,Moderate,Urban,Moderate,1
49,Male,Daily,Never,No,24.8,Yes,Medium,Low,Rural,Low,1
76,Male,No,Never,No,30.9,No,High,High,Urban,Moderate,0
56,Female,Daily,Never,No,24.9,Yes,Low,Low,Urban,High,1
67,Female,No,Never,No,19.9,No,Low,Low,Urban,Low,0
18,Male,No,Never,No,22.6,No,High,Low,Rural,Low,0
49,Male,No,Never,No,22.9,No,Low,Moderate,Urban,High,0
41,Male,Occasionally,Never,No,22.4,Yes,Medium,Low,Rural,Low,0
25,Female,No,Daily (cigarette/bidi),No,25.2,Yes,Medium,Low,Rural,Moderate,0
18,Female,No,Never,No,22.1,No,Low,Low,Rural,High,0
77,Male,No,Never,Regular,24.4,No,Medium,High,Rural,Moderate,0
48,Female,No,Never,No,22.9,No,Low,High,Rural,Moderate,0
66,Male,No,Never,No,16.7,No,High,Moderate,Urban,Moderate,0
38,Male,Daily,Daily (cigarette/bidi),No,18.4,No,Medium,Moderate,Urban,Moderate,1
82,Female,No,Never,No,25.6,No,Medium,High,Urban,Moderate,0
77,Female,Daily,Daily (cigarette/bidi),No,19.8,No,Medium,Low,Urban,Moderate,1
20,Male,No,Never,No,28.7,No,Low,High,Rural,Moderate,0
52,Female,No,Never,No,15.8,No,Medium,Low,Rural,High,0
67,Male,No,Never,No,24.2,No,Medium,High,Rural,Moderate,0
46,Male,Daily,Never,No,30.5,No,Medium,Moderate,Rural,Low,1
22,Female,No,Never,No,22.2,No,Medium,Low,Rural,High,0
80,Female,Daily,Never,No,28.0,Yes,Medium,Moderate,Rural,Moderate,1
65,Female,No,Never,No,22.0,No,High,High,Urban,Low,0
38,Female,No,Never,No,15.0,No,Low,Moderate,Urban,Moderate,0
35,Female,Daily,Never,Occasional,24.0,No,Medium,High,Urban,Low,0
57,Female,No,Never,Occasional,26.3,No,Low,Low,Rural,Moderate,0
32,Male,No,Occasional,Regular,23.4,No,Low,Low,Rural,Moderate,0
34,Male,Daily,Never,No,26.7,No,Low,Moderate,Rural,Moderate,0
35,Female,Daily,Daily (cigarette/bidi),No,20.7,No,High,Moderate,Rural,Moderate,1
25,Female,No,Never,Occasional,24.9,No,Low,High,Rural,Moderate,0
79,Female,Occasionally,Never,Occasional,22.6,No,Medium,Low,Rural,Moderate,0
53,Female,No,Never,No,25.6,No,Low,Moderate,Rural,High,0
82,Female,Daily,Daily (cigarette/bidi),No,24.6,No,Medium,Moderate,Urban,Moderate,1
39,Female,No,Never,Occasional,19.3,No,Low,Moderate,Urban,Low,0
48,Male,No,Occasional,No,22.1,No,Low,Moderate,Rural,High,0
75,Male,No,Never,No,27.0,No,Medium,Low,Rural,High,0
63,Male,Daily,Never,No,27.3,No,Low,High,Urban,Moderate,0
74,Male,Daily,Never,Occasional,18.7,No,Low,Low,Urban,Low,0
27,Male,No,Never,No,26.7,Yes,Low,Moderate,Rural,Moderate,0
19,Female,Daily,Never,No,21.9,No,Low,Moderate,Rural,High,0
38,Male,No,Never,Occasional,27.0,No,Medium,Moderate,Urban,High,0
34,Female,No,Occasional,No,21.8,No,Medium,Moderate,Rural,Moderate,0
33,Female,Daily,Never,Occasional,20.8,Yes,High,Moderate,Rural,High,1
53,Male,No,Never,Regular,27.3,No,Medium,Low,Urban,High,0
84,Female,Occasionally,Never,No,22.6,No,Medium,Low,Rural,Low,0
37,Female,Occasionally,Never,Regular,25.6,Yes,High,High,Urban,Low,0
84,Male,No,Never,Occasional,20.9,No,Medium,High,Urban,Moderate,0
56,Male,No,Never,No,24.4,No,High,Low,Rural,Moderate,0
49,Male,Daily,Never,No,25.8,No,Medium,High,Rural,Moderate,0
29,Female,Occasionally,Daily (cigarette/bidi),Regular,28.8,No,Medium,High,Rural,Low,0
81,Male,Occasionally,Daily (cigarette/bidi),No,27.7,No,Medium,Moderate,Urban,High,1
82,Female,No,Never,No,15.0,No,Medium,Moderate,Urban,Moderate,0
39,Male,No,Never,No,24.6,No,Medium,Low,Urban,Low,0
61,Female,No,Never,No,18.9,No,Medium,Moderate,Urban,Low,0
19,Male,No,Never,No,32.9,No,Low,Low,Urban,High,0
32,Male,No,Never,No,27.8,Yes,Low,Moderate,Urban,High,0
73,Male,Occasionally,Never,No,23.9,No,Medium,Moderate,Urban,High,0
53,Male,No,Never,No,22.3,No,High,Moderate,Rural,Moderate,0
28,Male,Occasionally,Never,No,20.1,No,Low,Low,Rural,High,0
67,Female,No,Never,No,20.4,No,Low,High,Urban,High,0
24,Female,No,Never,No,21.7,No,Medium,High,Urban,Low,0
28,Male,No,Never,Occasional,25.6,No,Medium,Low,Rural,Low,0
64,Female,Daily,Occasional,Occasional,26.0,Yes,Medium,High,Urban,Low,1
75,Male,Occasionally,Occasional,No,25.9,No,Low,Moderate,Urban,Moderate,0
44,Male,No,Never,Occasional,27.5,No,Low,Low,Rural,High,0
32,Female,No,Occasional,No,16.9,Yes,High,Low,Rural,Moderate,0
25,Female,Occasionally,Daily (cigarette/bidi),Occasional,25.7,No,Low,Moderate,Rural,High,0
81,Male,Daily,Never,No,30.0,No,High,Moderate,Urban,Moderate,1
48,Female,Daily,Never,No,30.0,Yes,Low,Moderate,Rural,High,1
63,Male,No,Never,No,25.5,No,High,Moderate,Rural,Low,0
62,Female,No,Never,Occasional,24.2,No,Medium,Low,Rural,High,0
74,Male,No,Never,Regular,24.3,No,High,Low,Rural,Low,0
49,Male,No,Never,Occasional,24.4,No,Low,Moderate,Rural,Moderate,0
59,Male,No,Occasional,No,25.9,No,Low,High,Rural,Low,0
75,Female,No,Never,Regular,17.6,No,High,Moderate,Urban,Low,1
28,Female,Occasionally,Never,No,23.1,No,Medium,Moderate,Urban,High,0
51,Male,Daily,Never,Occasional,20.4,No,Low,Moderate,Urban,Moderate,0
66,Male,Daily,Daily (cigarette/bidi),No,24.1,No,Medium,Low,Urban,High,1
62,Female,Occasionally,Never,No,25.4,No,High,High,Urban,Moderate,0
67,Male,Occasionally,Never,Occasional,30.4,No,Medium,Low,Rural,Moderate,1
47,Male,No,Never,Occasional,25.1,No,Low,Moderate,Rural,Moderate,0
49,Female,Occasionally,Occasional,Occasional,28.2,Yes,Medium,Moderate,Urban,Moderate,0
26,Female,Daily,Occasional,No,30.1,No,Low,Moderate,Urban,High,0
54,Male,No,Never,No,31.6,Yes,High,Moderate,Rural,Moderate,0
70,Male,No,Never,No,18.9,No,Medium,Low,Urban,High,0
80,Female,Daily,Never,Regular,22.1,No,Medium,Moderate,Urban,High,1
34,Male,No,Never,No,26.7,No,Low,High,Rural,Moderate,0
23,Female,No,Occasional,No,17.0,No,Low,Low,Urban,High,0
60,Male,Occasionally,Never,No,24.0,No,Low,Low,Rural,High,0
85,Female,Daily,Daily (cigarette/bidi),Regular,27.3,No,Medium,Low,Rural,High,1
67,Male,No,Never,No,27.1,No,High,Moderate,Urban,High,0
79,Female,No,Never,No,20.2,No,Low,Moderate,Urban,High,0
71,Female,No,Never,Occasional,23.6,Yes,Low,Low,Rural,Moderate,1
52,Female,No,Occasional,Occasional,18.7,No,Low,Low,Urban,Moderate,0
53,Male,Occasionally,Never,Occasional,21.6,No,Medium,Low,Rural,High,0
44,Female,No,Never,No,25.2,No,Low,High,Rural,Moderate,0
63,Male,No,Never,No,24.2,No,Medium,Moderate,Urban,Moderate,0
35,Male,No,Never,No,20.6,No,Low,High,Rural,High,0
69,Male,No,Never,No,25.1,No,Medium,High,Rural,Moderate,0
58,Male,Occasionally,Daily (cigarette/bidi),No,27.0,Yes,Low,Moderate,Rural,High,1
21,Male,No,Never,No,21.6,No,High,Moderate,Urban,High,0
81,Male,No,Never,No,26.4,No,Medium,Low,Rural,Moderate,0
21,Male,Daily,Occasional,No,26.0,No,High,Low,Urban,Moderate,0
67,Male,No,Daily (cigarette/bidi),Regular,26.7,Yes,Low,Moderate,Urban,Moderate,1
24,Female,No,Never,Occasional,23.8,No,Medium,Moderate,Urban,Moderate,0
73,Female,Daily,Never,No,15.0,Yes,High,Low,Urban,High,1
83,Female,Daily,Never,No,32.1,No,Low,Low,Urban,High,1
71,Female,No,Occasional,No,28.7,No,Low,Low,Rural,High,1
75,Female,No,Never,No,33.3,No,High,High,Urban,Low,0
54,Female,No,Daily (cigarette/bidi),No,22.9,No,High,Low,Urban,Low,0
81,Male,No,Daily (cigarette/bidi),No,29.8,No,Low,High,Rural,High,1
78,Male,No,Never,No,26.9,No,Medium,Moderate,Urban,Low,0
44,Female,No,Never,No,28.7,No,High,Moderate,Rural,Low,0
21,Female,No,Occasional,Occasional,18.7,No,High,Low,Urban,Moderate,0
43,Male,No,Never,No,21.4,No,Medium,High,Rural,Low,0
20,Male,No,Daily (cigarette/bidi),No,15.2,No,Low,Low,Rural,Low,0
51,Female,Occasionally,Never,No,32.3,No,Medium,Low,Urban,Moderate,0
81,Male,No,Never,No,31.0,Yes,Low,Moderate,Rural,Moderate,0
43,Male,No,Never,No,21.8,No,Low,Low,Urban,Moderate,0
59,Female,Daily,Occasional,No,20.8,No,Medium,Moderate,Rural,Moderate,1
25,Female,No,Occasional,No,30.5,No,High,Low,Rural,High,0
42,Male,No,Daily (cigarette/bidi),Occasional,20.5,No,Medium,Moderate,Rural,Low,0
79,Female,Occasionally,Never,No,23.5,No,Medium,High,Urban,Low,0
76,Female,No,Never,Occasional,27.0,No,Medium,High,Urban,High,0
49,Male,Daily,Occasional,Occasional,31.6,No,High,Low,Urban,High,1
43,Female,No,Never,Occasional,29.2,No,High,Low,Urban,Low,0
54,Female,No,Never,Occasional,26.3,No,Low,Moderate,Urban,Low,0
73,Male,No,Never,No,31.3,No,Medium,Low,Rural,High,1
46,Female,No,Never,No,19.1,No,High,Low,Urban,High,0
54,Female,Daily,Daily (cigarette/bidi),Regular,17.8,No,Low,Moderate,Urban,Moderate,1
33,Male,Daily,Never,No,16.8,No,Low,Low,Rural,Moderate,0
63,Female,No,Never,No,17.2,No,Medium,Moderate,Rural,High,0
39,Male,No,Never,Occasional,33.9,Yes,Low,Moderate,Rural,Moderate,0
20,Female,No,Occasional,Occasional,29.1,No,Low,Moderate,Urban,Moderate,0
39,Male,No,Occasional,No,32.2,No,Medium,Low,Urban,Moderate,0
47,Female,No,Daily (cigarette/bidi),No,16.2,No,High,Moderate,Rural,Moderate,0
22,Male,No,Occasional,No,30.1,Yes,Low,Low,Rural,Low,0
39,Female,No,Never,No,24.0,Yes,Low,Moderate,Urban,High,0
78,Female,No,Daily (cigarette/bidi),Regular,15.0,Yes,High,Moderate,Urban,High,1
63,Male,Occasionally,Daily (cigarette/bidi),Regular,19.5,No,Low,Low,Urban,Moderate,1
67,Female,Occasionally,Never,No,26.2,No,High,Moderate,Rural,Low,0
38,Female,No,Daily (cigarette/bidi),Regular,21.1,No,High,Low,Rural,Moderate,1
38,Female,No,Daily (cigarette/bidi),No,25.9,No,High,Low,Rural,Moderate,0
84,Female,No,Never,Regular,21.8,No,Low,Moderate,Urban,Moderate,0
65,Female,Daily,Never,Regular,21.7,No,Medium,Moderate,Rural,High,1
26,Male,No,Daily (cigarette/bidi),No,19.8,No,Medium,Moderate,Rural,High,0
40,Male,No,Never,No,23.7,Yes,Medium,Moderate,Rural,High,0
56,Female,No,Never,No,19.3,No,Medium,High,Rural,High,0
31,Male,No,Never,Regular,25.1,No,High,Low,Urban,High,0
31,Male,Daily,Daily (cigarette/bidi),No,28.8,No,Low,Moderate,Urban,Low,0
42,Male,Daily,Occasional,No,23.2,No,High,High,Urban,High,1
32,Female,No,Daily (cigarette/bidi),Regular,28.5,No,High,Low,Rural,High,1
24,Male,No,Occasional,No,19.4,No,High,Moderate,Urban,Moderate,0
46,Male,Daily,Never,No,17.2,No,High,Moderate,Urban,High,1
68,Male,No,Never,No,29.9,No,High,Moderate,Urban,Low,0
56,Female,No,Never,Regular,23.6,Yes,High,Moderate,Rural,Low,1
80,Female,No,Never,No,24.8,No,High,Low,Urban,Moderate,0
22,Male,Daily,Never,No,25.0,No,Medium,Moderate,Urban,High,0
65,Female,No,Never,Occasional,15.4,No,Low,Moderate,Urban,Moderate,0
74,Female,No,Occasional,No,23.8,No,Medium,Moderate,Rural,Low,0
60,Male,No,Never,Occasional,18.7,No,Low,Moderate,Rural,Moderate,0
85,Male,No,Never,No,31.9,No,Medium,Low,Urban,Low,0
54,Male,No,Never,No,23.4,No,Medium,Low,Urban,Moderate,0
81,Male,Occasionally,Daily (cigarette/bidi),Regular,17.6,No,High,Low,Rural,Moderate,1
34,Male,No,Occasional,No,30.8,No,Medium,Low,Urban,Moderate,0
84,Female,No,Never,Occasional,23.7,No,High,Low,Rural,Moderate,1
26,Male,No,Daily (cigarette/bidi),No,23.0,No,High,Moderate,Rural,High,0
58,Female,Occasionally,Never,Occasional,22.0,No,High,High,Rural,Low,0
20,Female,Daily,Never,No,29.7,No,Low,High,Urban,Moderate,0
61,Male,Daily,Daily (cigarette/bidi),No,15.0,No,Medium,Low,Urban,Moderate,1
49,Female,No,Never,Regular,35.3,No,High,Moderate,Urban,Moderate,0
57,Male,No,Never,No,23.2,No,High,Moderate,Rural,Moderate,0
37,Male,No,Never,No,32.6,Yes,High,Moderate,Urban,High,0
42,Female,No,Occasional,Occasional,15.0,No,High,Low,Urban,High,0
61,Male,Daily,Daily (cigarette/bidi),Occasional,28.2,No,Low,Low,Rural,High,1
78,Male,Daily,Never,Occasional,25.7,Yes,High,Low,Urban,High,1
66,Male,No,Never,Regular,23.6,No,High,Low,Rural,Moderate,1
70,Male,No,Daily (cigarette/bidi),No,27.3,No,Low,High,Rural,High,0
51,Female,Daily,Never,No,20.2,Yes,Medium,Low,Urban,Moderate,1
28,Female,No,Never,No,23.9,No,Medium,Low,Rural,Moderate,0
80,Female,No,Never,No,27.0,No,Medium,Moderate,Urban,Moderate,0
76,Male,No,Never,No,23.8,No,High,Low,Rural,High,0
37,Female,No,Never,Occasional,17.4,No,Medium,High,Urban,High,0
39,Female,No,Never,No,15.0,No,Medium,Moderate,Rural,Moderate,0
41,Male,No,Never,No,23.7,No,Low,High,Urban,High,0
21,Male,No,Daily (cigarette/bidi),No,19.6,No,Medium,Low,Urban,Moderate,0
44,Female,No,Never,Regular,28.7,No,Medium,High,Urban,High,0
40,Female,Occasionally,Never,No,23.3,No,Low,Moderate,Urban,Moderate,0
44,Male,No,Never,Occasional,26.3,No,Medium,Moderate,Rural,Moderate,0
84,Male,No,Occasional,Occasional,26.5,No,Low,Low,Rural,High,0
80,Female,No,Daily (cigarette/bidi),Occasional,29.4,No,Low,High,Urban,Moderate,1
36,Male,No,Never,No,30.9,Yes,High,Low,Rural,High,0
49,Female,Daily,Never,No,34.1,No,Medium,Moderate,Rural,Moderate,1
54,Female,No,Never,No,23.4,No,High,Low,Rural,High,0
48,Female,Occasionally,Never,No,20.9,No,High,High,Rural,Moderate,0
33,Female,No,Never,Occasional,30.0,No,Low,Low,Urban,Low,0
33,Male,No,Never,Regular,24.7,No,Medium,Moderate,Urban,Moderate,0
29,Female,No,Never,No,23.9,No,Low,Low,Urban,High,0
53,Female,No,Never,No,23.0,No,High,High,Rural,Moderate,0
34,Female,No,Never,No,22.7,No,High,Low,Urban,High,0
67,Female,Daily,Occasional,No,18.9,No,High,Moderate,Urban,High,1
50,Female,No,Occasional,No,25.9,Yes,High,Low,Rural,Low,0
30,Male,No,Daily (cigarette/bidi),Occasional,31.2,No,Medium,High,Rural,Low,0
29,Male,Daily,Daily (cigarette/bidi),No,24.9,No,Medium,Moderate,Rural,Low,0
81,Male,No,Never,No,22.2,No,Medium,High,Rural,Low,0
47,Female,No,Occasional,No,23.9,No,High,Moderate,Rural,Low,0
53,Female,No,Never,Regular,19.4,No,Medium,Moderate,Urban,High,0
34,Female,Daily,Never,No,20.3,No,Medium,Moderate,Urban,Low,0
63,Male,No,Daily (cigarette/bidi),No,20.5,No,High,Low,Urban,Low,0
39,Male,Daily,Never,No,25.5,No,Medium,Moderate,Rural,Low,0
52,Female,No,Never,Occasional,24.0,No,Medium,Low,Urban,Moderate,0
70,Male,Occasionally,Never,No,23.4,No,Low,Moderate,Urban,Low,0
71,Male,No,Never,No,24.6,Yes,Low,High,Urban,Moderate,0
35,Male,No,Daily (cigarette/bidi),No,25.5,No,Medium,Low,Rural,Low,0
40,Female,Daily,Never,No,23.7,No,Medium,Moderate,Urban,Moderate,0
65,Female,Occasionally,Never,No,19.1,No,Low,Low,Rural,High,0
21,Female,No,Never,No,18.2,No,Low,Moderate,Rural,High,0
32,Male,No,Never,Occasional,21.4,No,Medium,Low,Urban,Low,0
59,Female,No,Never,Regular,19.5,No,High,Moderate,Rural,High,0
48,Female,Occasionally,Never,Regular,33.1,No,Medium,High,Rural,High,0
38,Male,No,Occasional,No,25.0,No,Medium,Moderate,Urban,Low,0
85,Male,Daily,Never,No,30.6,Yes,Medium,High,Urban,Moderate,1
23,Female,No,Daily (cigarette/bidi),No,29.0,No,Low,High,Urban,High,0
73,Male,No,Occasional,No,24.4,Yes,Medium,Low,Urban,High,1
26,Male,No,Never,Occasional,25.7,No,Medium,Moderate,Urban,Moderate,0
31,Female,Occasionally,Never,No,26.0,No,High,High,Rural,Moderate,0
66,Male,No,Never,No,26.3,No,Low,High,Urban,Moderate,0
57,Male,No,Never,No,25.4,No,Low,Moderate,Rural,Low,0
66,Female,No,Occasional,No,25.2,No,Medium,Moderate,Rural,Low,0
47,Male,No,Daily (cigarette/bidi),Occasional,21.2,No,Medium,Low,Rural,High,0
30,Male,Daily,Never,No,24.5,No,Medium,High,Urban,Moderate,0
75,Female,No,Never,No,19.0,No,Low,Moderate,Urban,High,0
58,Female,No,Never,No,25.7,No,Low,Moderate,Urban,Low,0
29,Female,No,Daily (cigarette/bidi),No,23.6,No,High,Moderate,Rural,Moderate,0
83,Male,Daily,Never,Occasional,28.7,No,Medium,High,Urban,High,1
59,Female,Daily,Daily (cigarette/bidi),Regular,24.8,No,High,Moderate,Urban,High,1
19,Female,No,Never,No,34.4,No,Low,Low,Urban,Low,0
30,Male,No,Never,No,27.9,No,Low,Low,Urban,Moderate,0
24,Male,No,Never,No,16.0,Yes,Medium,Low,Urban,High,0
65,Male,No,Never,No,26.4,No,Low,Low,Rural,Moderate,0
28,Male,Daily,Never,No,22.4,Yes,Low,Moderate,Urban,High,0
72,Female,No,Never,No,27.2,No,High,Low,Rural,Moderate,0
43,Female,No,Daily (cigarette/bidi),Occasional,26.6,No,Medium,High,Urban,High,0
66,Female,No,Never,No,25.1,No,Low,High,Urban,High,0
56,Female,Daily,Never,No,26.0,No,Low,Low,Rural,Moderate,0
72,Male,No,Daily (cigarette/bidi),Regular,25.4,No,Low,Moderate,Rural,Moderate,1
74,Female,No,Never,No,21.8,No,Low,Moderate,Urban,Moderate,0
32,Male,No,Never,No,15.9,No,Medium,High,Rural,Low,0
19,Female,No,Daily (cigarette/bidi),Regular,24.7,No,Medium,Low,Urban,Moderate,0
48,Female,Daily,Never,No,27.2,No,Medium,High,Rural,High,0
77,Male,No,Never,No,25.2,Yes,Medium,Low,Urban,High,1
82,Female,No,Never,No,20.0,No,Medium,High,Rural,Moderate,0
46,Male,No,Never,Regular,18.3,No,Low,Moderate,Urban,High,0
23,Female,No,Never,No,21.6,No,Medium,Moderate,Rural,Low,0
38,Male,No,Never,No,31.1,No,Medium,Moderate,Urban,Moderate,0
58,Female,Daily,Never,No,30.3,No,Low,Moderate,Urban,Low,1
83,Female,No,Daily (cigarette/bidi),No,18.6,Yes,Medium,High,Rural,High,1
76,Male,No,Never,No,19.7,No,Medium,Low,Rural,High,0
63,Female,No,Never,Regular,29.5,No,Medium,Low,Rural,Low,0
33,Male,No,Never,No,24.5,No,High,Moderate,Rural,High,0
71,Female,Occasionally,Never,No,24.9,No,Medium,Moderate,Urban,Low,0
27,Male,Daily,Never,Occasional,20.2,No,High,Moderate,Rural,Low,0
43,Female,No,Never,No,19.4,Yes,Low,Moderate,Urban,Moderate,0
51,Male,Daily,Never,No,23.7,No,High,High,Rural,High,0
20,Male,No,Daily (cigarette/bidi),No,29.4,No,Medium,High,Rural,Moderate,0
56,Male,Daily,Never,No,24.5,No,High,Low,Urban,Moderate,1
18,Male,No,Never,No,25.0,No,Medium,Moderate,Rural,Low,0
82,Female,No,Occasional,No,22.2,No,Low,Low,Rural,Low,0
26,Male,No,Never,No,16.4,No,Medium,Low,Urban,Low,0
24,Female,No,Daily (cigarette/bidi),Occasional,20.6,No,Medium,Moderate,Rural,Low,0
25,Female,Occasionally,Never,No,17.1,No,Medium,High,Rural,Moderate,0
22,Male,Daily,Never,No,26.6,No,High,High,Urban,Moderate,0
78,Male,Daily,Never,No,23.1,No,Medium,Moderate,Urban,Moderate,1
65,Female,Occasionally,Never,Occasional,23.0,No,Low,Moderate,Urban,Moderate,0
80,Male,No,Never,No,20.6,No,Low,Low,Rural,Low,0
48,Male,No,Never,No,28.6,No,High,High,Urban,High,0
67,Male,No,Occasional,No,23.8,No,Medium,High,Urban,High,0
23,Male,No,Never,No,28.3,No,Low,Low,Urban,Moderate,0
79,Male,No,Occasional,No,15.3,No,Medium,High,Rural,Low,0
18,Male,Occasionally,Daily (cigarette/bidi),Occasional,30.6,No,High,Low,Urban,High,0
57,Female,No,Daily (cigarette/bidi),Regular,22.4,No,Medium,Low,Urban,Low,1
34,Female,No,Daily (cigarette/bidi),Regular,17.5,Yes,Low,Low,Rural,High,1
74,Male,Daily,Never,No,20.2,No,Low,Low,Urban,Low,1
85,Male,No,Daily (cigarette/bidi),Occasional,23.2,No,Medium,Low,Rural,Low,1
22,Male,No,Never,Occasional,23.3,No,Low,Moderate,Rural,High,0
24,Female,Occasionally,Never,No,24.3,No,Low,Low,Urban,Low,0
55,Male,Daily,Never,No,34.9,No,Medium,Low,Rural,High,1
24,Female,No,Never,No,22.6,No,High,Low,Urban,High,0
25,Male,No,Never,No,19.4,Yes,Medium,Moderate,Urban,Low,0
24,Female,Daily,Never,No,32.5,Yes,High,Moderate,Rural,Low,1
65,Female,No,Never,No,21.9,No,Medium,Moderate,Urban,Moderate,0
70,Male,Occasionally,Never,Regular,19.5,No,Medium,Low,Rural,High,1
51,Male,No,Daily (cigarette/bidi),No,15.0,No,Medium,Moderate,Rural,Low,0
64,Female,No,Never,No,28.0,No,High,Moderate,Rural,Moderate,0
42,Female,No,Never,Occasional,24.8,No,Medium,Low,Rural,Low,0
66,Female,Occasionally,Never,No,23.5,No,Medium,Low,Urban,Moderate,0
76,Male,No,Never,Occasional,23.2,No,Medium,Low,Urban,High,0
33,Male,Occasionally,Never,No,20.3,No,Medium,Moderate,Urban,Low,0
83,Male,No,Never,No,26.2,No,Medium,Moderate,Rural,Moderate,0
25,Female,No,Never,Regular,26.6,No,Low,Moderate,Urban,High,0
47,Male,Daily,Never,Occasional,23.0,No,High,Moderate,Rural,High,0
44,Male,Daily,Occasional,No,25.6,No,Medium,Moderate,Urban,High,0
45,Female,No,Occasional,Regular,28.1,No,Medium,Low,Urban,High,0
65,Male,Occasionally,Daily (cigarette/bidi),No,22.0,No,High,Low,Urban,Moderate,1
64,Male,Occasionally,Never,No,22.7,No,Low,Low,Rural,High,0
70,Male,No,Never,No,25.1,Yes,Medium,Moderate,Rural,Moderate,0
21,Female,No,Never,No,25.9,No,Low,Moderate,Urban,Moderate,0
45,Male,No,Never,Regular,24.3,No,High,High,Rural,Moderate,0
34,Male,No,Never,Regular,17.9,No,Medium,Low,Urban,High,0
77,Female,Daily,Never,Regular,19.2,No,High,High,Rural,Moderate,1
71,Male,Occasionally,Never,No,27.3,No,Low,Moderate,Urban,Low,0
36,Male,Occasionally,Occasional,Occasional,29.1,No,Medium,Low,Rural,Low,0
27,Male,No,Never,No,23.9,No,High,Low,Rural,Moderate,0
62,Male,No,Never,No,21.6,Yes,Medium,Moderate,Urban,Moderate,0
27,Female,Daily,Never,No,23.7,No,Low,Low,Rural,Low,0
20,Female,No,Never,Occasional,28.1,No,Medium,Low,Rural,Moderate,0
20,Male,No,Never,No,21.3,Yes,Medium,Low,Rural,Moderate,0
84,Female,No,Never,No,29.4,No,Low,Moderate,Urban,Moderate,0
67,Female,Occasionally,Daily (cigarette/bidi),No,28.1,No,Low,Low,Rural,Low,0
84,Female,No,Never,No,25.7,No,Low,Low,Rural,Moderate,0
42,Female,No,Occasional,No,30.3,No,High,Moderate,Rural,Moderate,0
67,Female,No,Never,No,21.3,No,Low,Moderate,Rural,Moderate,0
64,Male,No,Never,No,30.8,No,Medium,High,Rural,High,0
56,Male,No,Occasional,Regular,18.0,No,High,Low,Rural,High,1
70,Female,Daily,Occasional,No,26.6,No,High,Low,Rural,High,1
41,Female,No,Never,No,15.0,No,Low,Moderate,Rural,High,0
37,Male,Daily,Never,No,21.6,No,Low,Low,Urban,Moderate,0
20,Male,No,Never,No,21.9,No,Medium,Moderate,Urban,Low,0
55,Female,No,Occasional,Regular,32.4,No,Medium,Moderate,Urban,High,0
61,Female,Daily,Daily (cigarette/bidi),No,19.1,No,Low,Low,Rural,High,1
71,Male,No,Never,No,26.7,No,Medium,Moderate,Rural,Low,0
65,Female,No,Never,No,27.6,No,High,Low,Urban,High,0
26,Female,No,Never,No,32.9,No,High,Low,Urban,Moderate,0
49,Female,Daily,Never,No,28.8,No,Medium,Low,Urban,Low,0
45,Male,No,Never,No,27.3,No,High,Low,Rural,Moderate,0
84,Female,Daily,Daily (cigarette/bidi),No,26.6,No,Medium,Moderate,Urban,Moderate,1
85,Male,Daily,Daily (cigarette/bidi),No,21.7,No,High,High,Urban,Low,1
72,Male,Daily,Never,No,26.1,No,Medium,Moderate,Rural,Low,0
40,Male,Occasionally,Never,No,20.5,No,Medium,Low,Urban,Low,0
47,Female,No,Daily (cigarette/bidi),No,28.9,Yes,Low,High,Urban,Moderate,0
59,Female,No,Daily (cigarette/bidi),No,30.8,No,Medium,Moderate,Rural,Moderate,0
53,Male,Daily,Never,No,27.0,No,Medium,Moderate,Urban,Low,0
43,Male,Daily,Daily (cigarette/bidi),Occasional,24.6,No,Medium,Moderate,Rural,Moderate,1
48,Male,No,Never,No,26.9,No,Medium,Low,Urban,Moderate,0
26,Female,No,Occasional,No,29.9,No,Medium,Moderate,Urban,Moderate,0
40,Male,Occasionally,Never,No,15.0,No,High,Moderate,Urban,Moderate,0
79,Female,No,Never,No,25.1,No,Medium,Moderate,Rural,High,0
50,Male,No,Occasional,Regular,23.2,No,Low,Moderate,Rural,High,0
61,Female,Daily,Never,No,31.4,No,Low,Moderate,Urban,High,0
63,Male,No,Daily (cigarette/bidi),No,23.5,No,Medium,Moderate,Rural,Moderate,0
78,Female,No,Never,No,27.1,No,Medium,Low,Urban,High,0
60,Female,No,Never,No,22.1,Yes,Low,Moderate,Urban,Low,0
22,Male,Daily,Daily (cigarette/bidi),No,21.4,No,Low,High,Urban,Moderate,0
20,Female,No,Never,No,24.4,No,Medium,Moderate,Urban,High,0
65,Male,No,Never,No,16.5,No,High,Low,Rural,Moderate,0
73,Female,No,Never,No,22.5,No,Low,Low,Urban,High,0
40,Male,Daily,Never,No,26.9,No,Medium,Moderate,Urban,Moderate,0
42,Female,No,Never,No,15.0,No,Medium,Low,Urban,High,0
66,Male,No,Daily (cigarette/bidi),No,19.4,No,High,Low,Rural,Moderate,1
83,Female,No,Never,No,15.7,No,Medium,Low,Rural,High,0
79,Male,Daily,Daily (cigarette/bidi),Regular,18.2,No,Medium,Moderate,Urban,High,1
50,Female,Daily,Never,Occasional,22.0,No,High,High,Rural,High,1
38,Female,No,Never,No,21.2,No,Medium,Low,Urban,Moderate,0
81,Female,No,Never,Regular,24.0,No,Medium,Moderate,Rural,Moderate,1
49,Male,No,Never,No,26.3,No,High,Low,Rural,Low,0
66,Female,No,Never,No,15.8,No,Medium,Low,Urban,Moderate,0
50,Male,Daily,Never,No,22.5,No,Low,Moderate,Rural,Moderate,0
67,Male,Daily,Never,Regular,24.0,Yes,Low,Low,Urban,Moderate,1
70,Male,Daily,Never,No,24.2,No,Medium,High,Rural,Moderate,1
45,Female,No,Never,No,15.5,No,High,High,Urban,Moderate,0
41,Male,No,Never,Regular,28.1,No,High,High,Urban,Low,0
28,Female,No,Never,No,23.0,No,Medium,Low,Rural,Low,0
56,Female,No,Never,No,31.2,No,High,Moderate,Urban,Low,0
26,Female,No,Never,Regular,21.1,No,Low,High,Rural,Low,0
28,Female,Occasionally,Daily (cigarette/bidi),Regular,32.4,No,Medium,Low,Rural,High,1
21,Male,Occasionally,Never,No,28.7,No,High,Moderate,Rural,Low,0
75,Female,No,Daily (cigarette/bidi),Occasional,18.9,No,Low,Moderate,Urban,Moderate,1
48,Male,Daily,Never,No,18.5,Yes,Low,Low,Rural,High,1
73,Female,Occasionally,Never,No,23.5,No,Medium,High,Urban,Low,0
84,Male,No,Never,No,25.1,No,High,High,Urban,Moderate,0
18,Female,No,Never,No,28.6,No,Medium,Moderate,Urban,Low,0
67,Male,No,Never,No,21.5,No,High,Moderate,Urban,Moderate,0
55,Female,Occasionally,Never,No,23.4,No,High,Low,Urban,Low,0
51,Male,Daily,Never,Occasional,20.8,Yes,Low,Moderate,Rural,Moderate,1
23,Female,No,Never,No,25.0,No,High,High,Rural,High,0
37,Male,Daily,Never,No,27.3,No,Low,Low,Urban,Moderate,0
20,Male,Daily,Never,Regular,22.6,No,High,High,Urban,Low,0
44,Female,No,Never,No,27.7,Yes,Medium,Moderate,Urban,Low,0
23,Male,No,Never,Regular,22.8,No,High,Moderate,Urban,Low,0
72,Male,No,Occasional,No,35.6,No,Medium,High,Rural,Low,0
29,Male,Daily,Daily (cigarette/bidi),Occasional,25.4,No,Medium,Low,Urban,Moderate,1
79,Male,No,Never,No,23.9,No,Low,Moderate,Urban,Moderate,0
65,Female,No,Never,Regular,28.5,Yes,High,High,Rural,High,1
56,Male,Occasionally,Never,No,19.2,No,Medium,Moderate,Rural,Low,0
64,Male,No,Never,No,20.8,No,Medium,Low,Rural,High,0
38,Female,No,Never,Occasional,20.8,No,High,Low,Rural,High,0
21,Male,Occasionally,Daily (cigarette/bidi),No,20.3,No,High,High,Rural,High,0
74,Female,Daily,Never,No,25.2,No,Medium,High,Rural,Low,1
79,Male,Daily,Never,No,24.5,No,Medium,Moderate,Urban,Moderate,1
24,Female,Daily,Never,No,24.2,No,High,Low,Rural,Moderate,0
41,Male,Occasionally,Never,No,29.5,No,High,Low,Urban,Moderate,0
66,Male,Daily,Occasional,No,26.4,No,Medium,Moderate,Urban,High,1
54,Female,No,Daily (cigarette/bidi),No,20.6,No,Medium,High,Urban,Low,0
25,Female,Daily,Daily (cigarette/bidi),No,26.5,No,Medium,Moderate,Rural,High,0
65,Female,No,Never,No,20.3,No,Medium,Low,Urban,Moderate,0
24,Female,Occasionally,Daily (cigarette/bidi),No,23.6,No,High,High,Rural,Low,0
29,Female,No,Never,No,32.2,No,Medium,High,Urban,Low,0
47,Female,No,Never,No,23.5,No,Medium,Moderate,Urban,Moderate,0
79,Male,Occasionally,Never,No,25.1,No,High,Moderate,Rural,Moderate,1
47,Male,Occasionally,Daily (cigarette/bidi),No,23.7,Yes,High,High,Rural,High,1
69,Male,No,Never,No,27.3,No,Medium,Low,Rural,High,0
60,Male,Occasionally,Daily (cigarette/bidi),No,22.0,No,High,High,Urban,High,1
70,Male,No,Never,Occasional,26.9,No,High,Low,Rural,High,1
72,Male,Daily,Never,No,30.2,No,Medium,Moderate,Rural,Low,1
40,Male,No,Never,Regular,21.1,No,Low,Moderate,Urban,Moderate,0
34,Female,No,Never,No,34.9,No,Medium,Moderate,Urban,Moderate,0
85,Female,No,Never,Regular,28.2,No,High,Moderate,Rural,Low,1
68,Female,No,Never,No,31.6,No,Medium,High,Urban,Low,0
44,Male,Daily,Never,No,26.1,No,Medium,High,Rural,High,0
79,Female,No,Never,No,22.6,No,Medium,High,Urban,Moderate,0
55,Female,No,Daily (cigarette/bidi),Occasional,27.5,No,Low,High,Rural,Moderate,0
26,Female,No,Never,No,35.6,No,High,Moderate,Urban,Low,0
83,Female,No,Occasional,Regular,32.6,No,High,Low,Urban,Low,1
49,Male,Daily,Never,No,25.3,No,Low,Moderate,Urban,Low,0
59,Female,Daily,Never,Regular,25.5,No,Medium,High,Urban,Low,1
64,Female,Occasionally,Occasional,No,21.6,No,Low,Moderate,Urban,Low,0
48,Male,No,Never,No,20.5,No,High,Low,Rural,Low,0
22,Female,No,Never,No,19.9,No,Medium,Low,Urban,Moderate,0
74,Male,No,Never,Regular,27.9,No,Low,Low,Urban,High,1
66,Male,No,Daily (cigarette/bidi),No,26.9,No,High,Low,Urban,High,1
75,Male,No,Occasional,No,29.1,No,High,Moderate,Urban,High,0
67,Female,Occasionally,Never,No,25.4,No,Low,Low,Rural,Low,0
27,Male,No,Never,No,31.1,No,Low,Moderate,Urban,High,0
44,Female,No,Occasional,No,32.3,No,Medium,High,Rural,Low,0
47,Female,No,Never,No,20.4,No,High,Low,Urban,Low,0
70,Male,No,Never,Occasional,29.7,No,Low,Low,Rural,High,0
37,Male,No,Occasional,Regular,17.9,No,Medium,Low,Rural,Moderate,0
59,Female,No,Daily (cigarette/bidi),No,16.3,No,Medium,Low,Rural,Moderate,1
33,Female,No,Occasional,No,20.4,No,High,Low,Rural,Moderate,0
42,Male,No,Never,No,19.8,No,Medium,Low,Urban,Low,0
47,Male,No,Never,No,29.8,No,High,Low,Urban,Moderate,0
19,Female,No,Never,No,16.7,No,Low,Moderate,Rural,High,0
76,Female,No,Occasional,No,21.3,No,Medium,Moderate,Rural,High,0
37,Male,Daily,Never,Regular,25.9,No,Medium,Moderate,Urban,Low,0
64,Female,No,Never,Regular,19.6,No,High,Low,Urban,High,1
85,Female,Daily,Never,No,24.2,No,Low,High,Rural,Moderate,0
50,Male,No,Never,Regular,29.4,No,High,Low,Rural,Low,0
18,Female,Daily,Never,No,21.1,No,Low,Moderate,Urban,High,0
74,Male,No,Never,Occasional,26.3,No,Medium,High,Rural,Moderate,0
42,Male,Daily,Never,No,29.7,No,Medium,Low,Urban,Low,0
52,Female,Daily,Never,Occasional,23.2,No,Medium,Moderate,Rural,Moderate,0
38,Female,No,Never,No,22.7,Yes,Medium,High,Urban,Low,0
73,Female,No,Never,No,33.8,No,High,Low,Rural,High,1
70,Male,No,Daily (cigarette/bidi),Occasional,26.9,Yes,Medium,High,Rural,Moderate,1
85,Female,No,Never,Occasional,27.0,No,Medium,Moderate,Urban,High,0
31,Female,No,Daily (cigarette/bidi),No,29.5,No,Medium,Low,Urban,High,0
50,Female,Daily,Daily (cigarette/bidi),Regular,15.5,No,High,High,Urban,Moderate,1
33,Male,No,Occasional,No,30.2,No,High,Low,Rural,Moderate,0
83,Female,Occasionally,Daily (cigarette/bidi),No,24.0,No,Low,Moderate,Urban,Low,1
50,Female,No,Never,No,24.5,No,Low,Low,Urban,Moderate,0
19,Male,No,Never,Occasional,28.8,No,Medium,Low,Urban,Moderate,0
79,Female,No,Daily (cigarette/bidi),Occasional,26.3,No,Medium,Low,Rural,Low,1
19,Female,No,Never,No,30.0,No,High,Low,Rural,High,0
32,Male,Daily,Daily (cigarette/bidi),No,24.0,No,Medium,Moderate,Rural,High,1
26,Female,No,Occasional,No,27.2,No,Medium,High,Urban,High,0
37,Male,Daily,Daily (cigarette/bidi),No,26.7,No,Medium,Moderate,Urban,High,1
21,Male,No,Never,No,27.3,No,Low,Moderate,Urban,Low,0
41,Female,No,Daily (cigarette/bidi),No,19.8,No,High,Low,Rural,High,1
61,Male,No,Never,No,15.4,No,High,Moderate,Urban,Moderate,0
83,Male,Occasionally,Never,Occasional,23.9,No,Low,Moderate,Urban,High,0
65,Female,Daily,Daily (cigarette/bidi),No,15.0,No,Low,Moderate,Rural,Low,1
41,Female,Daily,Never,No,27.1,No,High,High,Rural,High,0
73,Male,Daily,Never,No,27.6,No,Medium,Low,Urban,High,1
77,Male,No,Occasional,No,21.5,No,Low,Low,Urban,Low,0
45,Female,Daily,Never,No,15.5,No,Low,Low,Urban,Low,0
28,Female,No,Never,Occasional,25.8,No,Low,Moderate,Urban,Low,0
49,Female,Daily,Occasional,No,21.0,No,High,Moderate,Urban,Low,1
74,Female,No,Never,No,26.3,No,Low,Low,Urban,Moderate,0
21,Male,Daily,Never,Occasional,24.8,No,Medium,Low,Rural,Low,0
70,Female,No,Never,Regular,20.3,No,Medium,Moderate,Urban,Low,0
57,Male,No,Never,No,31.4,No,Medium,Low,Rural,Low,0
72,Male,No,Daily (cigarette/bidi),No,24.0,No,Medium,Low,Rural,Moderate,1
71,Male,No,Never,Occasional,22.1,Yes,Medium,Low,Urban,High,0
25,Male,Daily,Never,No,23.4,Yes,Medium,Low,Rural,Moderate,0
44,Male,Occasionally,Never,No,23.4,No,Medium,Moderate,Urban,Moderate,0
77,Male,Occasionally,Never,No,21.4,No,Low,Low,Rural,Low,1
64,Male,Daily,Never,No,30.2,No,High,Moderate,Rural,High,1
79,Male,Occasionally,Never,No,25.3,No,Low,Moderate,Rural,Moderate,0
66,Male,No,Never,Occasional,25.6,No,Low,Moderate,Urban,Low,0
35,Male,No,Never,No,20.5,No,Low,Low,Urban,Moderate,0
47,Female,No,Never,No,31.5,No,Medium,Moderate,Rural,Low,0
47,Male,Daily,Daily (cigarette/bidi),No,29.6,No,High,Low,Rural,Moderate,1
39,Female,Daily,Never,Occasional,30.6,Yes,Low,Low,Rural,Low,1
73,Female,Daily,Never,Regular,24.6,No,Medium,Low,Rural,Moderate,1
65,Male,No,Never,No,22.0,No,Medium,Moderate,Rural,High,0
28,Male,Daily,Never,No,30.5,No,Medium,High,Urban,Moderate,0
72,Male,No,Occasional,No,32.5,No,High,Low,Rural,Low,1
83,Male,No,Never,No,31.7,No,High,High,Rural,Moderate,0
53,Female,No,Daily (cigarette/bidi),Regular,22.3,No,High,Low,Urban,Low,1
23,Male,No,Never,No,27.3,No,High,Low,Rural,Low,0
22,Female,No,Never,No,33.7,No,Medium,High,Rural,High,0
29,Female,No,Never,Occasional,29.4,Yes,Medium,Moderate,Urban,Moderate,0
80,Male,No,Never,No,25.3,No,Medium,Low,Urban,High,0
68,Female,No,Never,Occasional,31.1,No,Medium,Low,Rural,High,1
66,Female,No,Never,No,25.3,No,Low,High,Urban,Low,0
36,Female,No,Never,No,27.3,No,Low,High,Urban,High,0
27,Female,Daily,Daily (cigarette/bidi),No,27.9,No,Medium,Moderate,Urban,Low,1
22,Female,Daily,Never,Occasional,26.5,No,Medium,High,Rural,High,0
45,Female,No,Never,Occasional,22.5,No,Low,Low,Urban,Low,0
79,Female,Daily,Never,No,21.2,No,Low,High,Urban,Low,0
66,Female,No,Never,No,24.2,No,High,Low,Urban,Moderate,0
43,Female,No,Daily (cigarette/bidi),No,20.2,No,Medium,Low,Urban,Low,0
20,Female,No,Occasional,Regular,22.8,No,High,Moderate,Urban,High,0
59,Female,Daily,Never,No,24.7,No,Low,Low,Urban,Moderate,0
34,Male,No,Never,No,25.4,Yes,Medium,Low,Urban,Moderate,0
77,Male,No,Never,Regular,23.9,Yes,Medium,Moderate,Rural,Low,1
83,Female,No,Never,No,15.8,No,Medium,Moderate,Urban,Moderate,0
62,Male,Daily,Never,No,28.5,No,High,Moderate,Urban,High,0
48,Male,No,Never,Occasional,28.0,Yes,Medium,Moderate,Urban,Moderate,0
64,Female,No,Never,Regular,31.8,No,Medium,Moderate,Urban,Moderate,1
56,Female,Occasionally,Never,Occasional,27.2,No,Low,Moderate,Urban,Moderate,0
85,Female,No,Never,No,29.2,Yes,Medium,High,Rural,High,1
76,Male,No,Daily (cigarette/bidi),No,36.7,No,Medium,Moderate,Rural,Moderate,1
51,Male,No,Never,No,25.3,No,Medium,High,Urban,Low,0
76,Male,No,Daily (cigarette/bidi),No,29.9,No,Medium,Low,Urban,High,1
81,Male,Occasionally,Never,Occasional,27.9,Yes,High,Moderate,Urban,High,1
70,Male,No,Never,Occasional,19.6,No,Medium,Moderate,Rural,Low,0
32,Male,Daily,Daily (cigarette/bidi),No,28.3,No,Medium,Low,Rural,Low,0
70,Male,No,Never,No,22.5,No,Low,Moderate,Rural,High,0
67,Male,Occasionally,Never,Occasional,18.8,No,High,High,Urban,Moderate,0
50,Female,Occasionally,Occasional,No,17.9,No,Low,Low,Urban,High,0
83,Female,No,Never,No,27.3,No,Medium,Moderate,Urban,Low,0
54,Female,No,Never,No,15.6,No,Medium,Moderate,Urban,Low,0
81,Female,Occasionally,Daily (cigarette/bidi),No,25.9,No,Low,Low,Urban,High,1
66,Female,Occasionally,Never,Occasional,32.1,No,High,Moderate,Urban,High,1
42,Female,Daily,Never,Occasional,21.6,No,Medium,Low,Urban,Low,0
43,Male,Occasionally,Occasional,Regular,27.1,Yes,High,Moderate,Rural,High,1
38,Male,No,Never,No,23.7,No,High,High,Urban,High,0
39,Female,No,Never,No,28.5,No,Medium,Moderate,Rural,Moderate,0
32,Male,Occasionally,Never,No,23.5,No,Medium,High,Urban,Low,0
44,Male,Daily,Never,No,32.2,No,Low,Moderate,Urban,High,0
71,Male,No,Never,No,29.3,No,Low,Low,Rural,Moderate,0
18,Female,No,Never,Regular,28.0,No,High,Low,Urban,Moderate,0
29,Male,No,Never,No,21.6,No,Medium,High,Urban,Moderate,0
67,Male,No,Never,No,15.0,Yes,High,Moderate,Rural,High,0
83,Female,No,Never,Occasional,31.0,No,Low,Low,Rural,Moderate,0
26,Female,No,Never,Regular,23.4,No,Medium,High,Rural,Moderate,0
59,Female,No,Never,No,25.0,No,Medium,Low,Rural,Moderate,0
22,Female,No,Never,No,23.7,No,Low,Moderate,Urban,High,0
82,Female,No,Never,No,23.8,No,Medium,Moderate,Urban,High,0
42,Female,Occasionally,Never,No,18.5,No,High,Low,Urban,High,0
18,Female,No,Never,No,24.0,No,High,Low,Urban,Moderate,0
82,Male,No,Daily (cigarette/bidi),No,29.1,No,Low,Moderate,Rural,High,1
79,Female,Daily,Daily (cigarette/bidi),Occasional,26.7,No,Medium,Moderate,Urban,Moderate,1
43,Female,No,Never,No,23.0,No,Low,Moderate,Urban,High,0
55,Female,Daily,Never,No,25.4,No,High,Moderate,Urban,High,1
44,Male,Occasionally,Occasional,No,19.9,No,Medium,Moderate,Rural,High,0
62,Male,No,Daily (cigarette/bidi),Occasional,24.8,No,High,High,Rural,Moderate,0
81,Female,No,Never,No,25.9,No,Medium,Moderate,Rural,Low,0
69,Female,No,Daily (cigarette/bidi),Occasional,23.2,No,Low,Moderate,Rural,Moderate,0
81,Male,No,Never,Regular,23.8,No,Medium,Low,Rural,Moderate,1
27,Male,Daily,Never,Occasional,19.8,No,Low,High,Urban,Low,0
37,Female,No,Never,No,28.1,No,Medium,Moderate,Urban,Low,0
55,Female,Daily,Daily (cigarette/bidi),Regular,19.1,No,Medium,Moderate,Urban,Low,1
34,Male,No,Never,Occasional,35.5,No,High,Moderate,Urban,High,0
77,Female,Occasionally,Never,Regular,26.1,No,Medium,Low,Urban,High,1
39,Female,Daily,Daily (cigarette/bidi),No,27.9,No,High,Low,Urban,Low,1
73,Female,No,Never,Occasional,22.1,No,High,High,Rural,Moderate,0
45,Male,Daily,Never,No,23.5,No,Low,Low,Rural,High,1
73,Male,Occasionally,Never,No,18.2,Yes,High,High,Urban,Moderate,1
23,Male,No,Never,No,19.4,No,High,Low,Urban,Moderate,0
31,Female,Occasionally,Never,No,31.5,No,Medium,Low,Urban,Low,0
21,Female,No,Never,No,30.7,No,Medium,Moderate,Urban,Low,0
37,Male,No,Never,No,27.0,Yes,Medium,Low,Rural,Low,0
27,Female,No,Never,No,22.9,No,Medium,Low,Rural,High,0
28,Male,Occasionally,Daily (cigarette/bidi),No,21.0,No,Medium,Low,Urban,High,0
61,Female,No,Never,No,26.4,No,Medium,Moderate,Urban,Moderate,0
43,Male,No,Never,Occasional,17.5,No,High,Low,Rural,High,0
78,Male,Occasionally,Never,No,34.3,No,Medium,High,Urban,Low,0
20,Female,Occasionally,Never,No,23.0,No,Medium,Low,Urban,High,0
57,Female,No,Never,No,32.1,No,Medium,Low,Rural,Low,0
77,Male,No,Never,No,32.5,No,Low,Moderate,Rural,Moderate,0
30,Female,No,Daily (cigarette/bidi),No,24.1,No,Medium,Moderate,Urban,Moderate,0
34,Female,Daily,Never,No,26.3,No,Medium,Low,Urban,Moderate,0
48,Female,No,Daily (cigarette/bidi),Regular,23.2,No,Medium,Moderate,Rural,Low,0
68,Male,No,Never,No,22.2,No,Low,Moderate,Urban,Moderate,0
26,Male,Occasionally,Never,No,23.9,No,Medium,Low,Rural,Moderate,0
36,Male,Occasionally,Never,Occasional,20.4,No,Low,Low,Urban,Low,0
41,Female,No,Never,No,21.5,No,High,Moderate,Urban,Low,0
21,Female,No,Occasional,No,18.9,No,High,Moderate,Rural,High,0
65,Female,Occasionally,Daily (cigarette/bidi),Occasional,25.6,No,High,Moderate,Urban,High,1
76,Female,Occasionally,Daily (cigarette/bidi),No,18.9,Yes,Medium,Low,Rural,Moderate,1
67,Female,No,Never,No,20.8,No,High,High,Urban,High,0
35,Female,No,Never,No,21.9,No,Medium,Low,Rural,Moderate,0
67,Male,Daily,Never,No,27.6,No,High,Moderate,Rural,High,1
38,Male,Daily,Never,Occasional,31.5,No,Low,Low,Rural,Low,0
59,Female,No,Occasional,No,23.6,No,High,High,Urban,High,0
63,Female,No,Never,No,24.2,No,High,Low,Rural,Low,0
23,Female,No,Never,No,25.2,No,Low,Low,Urban,High,0
69,Female,No,Never,No,23.5,Yes,Low,High,Rural,Moderate,0
37,Female,Daily,Occasional,No,26.5,No,Medium,Low,Rural,Moderate,0
52,Male,No,Never,No,29.2,No,Low,Moderate,Urban,High,0
65,Male,No,Never,No,31.4,No,Medium,Low,Rural,High,0
68,Male,No,Never,Occasional,16.7,No,High,Low,Urban,Moderate,0
46,Male,No,Daily (cigarette/bidi),No,23.8,No,High,Low,Urban,Moderate,0
28,Male,No,Never,No,24.4,No,High,Low,Rural,Moderate,0
59,Female,Occasionally,Never,Regular,23.5,No,High,Moderate,Rural,Low,0
74,Male,Daily,Never,No,15.0,No,Low,Moderate,Urban,Low,0
18,Female,No,Daily (cigarette/bidi),No,26.8,Yes,Low,Moderate,Urban,High,0
43,Female,Daily,Never,Regular,19.5,No,High,High,Rural,Moderate,0
84,Female,No,Never,No,24.6,No,Medium,Moderate,Rural,Low,0
44,Male,No,Daily (cigarette/bidi),No,22.9,No,Medium,High,Urban,Moderate,0
43,Male,Occasionally,Never,No,25.1,No,Low,Low,Urban,High,0
44,Female,No,Never,No,22.1,No,Medium,Low,Rural,Low,0
84,Male,Daily,Never,Occasional,30.9,No,Low,Low,Rural,High,1
18,Male,No,Never,Occasional,21.6,No,Low,Moderate,Urban,Low,0
72,Female,No,Occasional,No,22.5,No,Medium,Low,Urban,Low,0
68,Male,No,Occasional,No,15.0,No,Medium,Low,Rural,Moderate,0
78,Female,No,Occasional,No,24.0,No,Medium,Moderate,Urban,Low,0
34,Female,Occasionally,Daily (cigarette/bidi),Occasional,18.9,Yes,Medium,Low,Rural,Moderate,1
72,Female,No,Daily (cigarette/bidi),Occasional,18.4,No,High,High,Urban,Moderate,0
18,Female,Daily,Daily (cigarette/bidi),No,23.7,No,Medium,Moderate,Urban,Moderate,0
34,Male,No,Never,No,16.3,No,Low,Moderate,Rural,Low,0
18,Female,No,Never,Occasional,18.9,No,Low,Moderate,Urban,High,0
80,Male,No,Never,No,23.7,No,High,Moderate,Rural,Low,0
24,Male,Occasionally,Never,No,34.7,No,High,Low,Urban,Moderate,0
66,Male,No,Daily (cigarette/bidi),No,31.1,No,High,Moderate,Urban,High,1
80,Female,Daily,Never,No,26.1,No,Medium,Low,Urban,Moderate,1
48,Male,No,Never,No,24.0,No,Medium,High,Rural,Low,0
37,Female,No,Daily (cigarette/bidi),No,30.2,No,Medium,Low,Rural,Moderate,0
25,Female,Occasionally,Never,No,27.3,No,Low,Low,Urban,Low,0
72,Female,Occasionally,Never,No,25.3,No,Low,Moderate,Urban,Moderate,0
60,Male,No,Never,No,31.6,No,High,Moderate,Rural,Moderate,0
77,Male,No,Never,No,24.2,No,Medium,Moderate,Urban,Moderate,0
56,Female,No,Occasional,No,23.2,No,Medium,Low,Urban,Low,0
43,Female,No,Never,No,30.7,No,Medium,Moderate,Rural,Moderate,0
53,Female,Daily,Daily (cigarette/bidi),No,32.0,Yes,Low,Moderate,Rural,Moderate,1
40,Female,Daily,Daily (cigarette/bidi),No,23.2,No,Medium,High,Rural,Low,1
35,Male,No,Daily (cigarette/bidi),Occasional,22.0,No,Low,High,Urban,Moderate,0
21,Female,Daily,Daily (cigarette/bidi),No,19.8,No,Medium,Low,Urban,Moderate,0
43,Male,No,Never,No,20.3,No,Low,Moderate,Urban,High,0
24,Female,No,Never,No,23.3,No,High,Low,Rural,Moderate,0
72,Female,Daily,Never,No,25.9,No,Medium,Moderate,Urban,Low,1
78,Female,Daily,Daily (cigarette/bidi),No,15.6,No,Low,Low,Rural,Low,1
66,Male,No,Never,No,32.5,No,Medium,Low,Rural,Low,0
72,Female,Daily,Never,No,19.5,No,Low,Moderate,Rural,Moderate,0
79,Female,Daily,Never,No,25.2,No,Medium,High,Urban,High,1
85,Female,No,Occasional,No,23.5,No,Low,High,Rural,High,0
49,Female,No,Never,No,28.1,No,Medium,Low,Urban,Moderate,0
75,Female,No,Occasional,No,26.3,Yes,Low,Low,Rural,Moderate,1
79,Male,No,Never,Occasional,26.3,Yes,High,Low,Rural,High,1
70,Female,No,Never,No,34.7,Yes,Low,Low,Rural,High,1
76,Female,No,Never,Occasional,21.5,Yes,Medium,High,Urban,Low,0
43,Male,No,Never,No,23.0,No,Low,Moderate,Rural,Moderate,0
31,Male,No,Never,No,26.7,No,Low,Moderate,Urban,Moderate,0
27,Male,Daily,Never,No,23.6,Yes,High,Moderate,Urban,Moderate,0
34,Male,Daily,Daily (cigarette/bidi),No,25.1,No,Low,Low,Urban,Moderate,1
51,Female,No,Never,Occasional,19.0,No,High,Low,Urban,Low,0
35,Male,Occasionally,Never,No,28.0,Yes,Low,Moderate,Urban,Moderate,0
28,Male,No,Never,Occasional,28.2,No,High,Moderate,Urban,Moderate,0
39,Male,No,Daily (cigarette/bidi),No,20.6,No,High,Low,Urban,High,0
18,Female,Daily,Occasional,Occasional,22.9,No,High,High,Rural,Moderate,0
26,Female,Occasionally,Never,Occasional,30.5,No,Medium,Moderate,Urban,Moderate,0
53,Male,Occasionally,Daily (cigarette/bidi),Regular,22.7,No,Low,Moderate,Urban,Low,1
51,Male,No,Never,Occasional,26.7,No,Medium,Low,Rural,High,0
72,Male,No,Never,No,28.1,No,Medium,Moderate,Rural,Low,0
36,Female,Occasionally,Never,No,28.6,No,Low,Low,Rural,Moderate,0
37,Female,Occasionally,Never,No,16.7,No,Low,High,Urban,Moderate,0
61,Female,Daily,Occasional,No,30.1,Yes,Medium,Moderate,Rural,Moderate,1
54,Male,Occasionally,Daily (cigarette/bidi),No,27.9,No,High,Moderate,Rural,Moderate,1
73,Male,No,Occasional,Regular,27.9,No,Low,High,Urban,Moderate,0
82,Female,No,Never,Occasional,15.0,No,Medium,Low,Urban,High,0
33,Male,Occasionally,Never,Occasional,22.3,No,High,Low,Rural,High,0
23,Female,No,Never,No,29.0,No,Medium,Moderate,Rural,Moderate,0
58,Male,Daily,Daily (cigarette/bidi),Occasional,27.9,No,Medium,High,Rural,High,1
58,Male,No,Never,No,29.3,No,Medium,Moderate,Urban,Low,0
47,Male,Occasionally,Never,Regular,24.0,Yes,Medium,High,Rural,High,1
28,Female,Daily,Never,Regular,22.6,No,Medium,High,Rural,Moderate,0
54,Male,No,Never,Regular,30.1,No,Low,Low,Rural,Low,0
48,Female,No,Never,No,15.8,No,Medium,Moderate,Urban,Low,0
21,Female,Daily,Never,No,24.7,No,Low,High,Urban,High,0
63,Male,Occasionally,Never,No,15.0,No,Low,Moderate,Urban,Moderate,0
69,Female,No,Never,No,21.1,Yes,Low,High,Rural,Moderate,0
63,Female,Occasionally,Never,Occasional,18.9,Yes,Low,Low,Urban,Moderate,0
44,Male,Occasionally,Never,No,26.5,No,High,Moderate,Urban,High,0
80,Male,No,Never,Occasional,29.7,Yes,Low,Low,Urban,Moderate,0
46,Female,Daily,Never,No,31.9,No,Low,Moderate,Urban,Moderate,1
47,Female,No,Never,Occasional,26.0,No,Medium,High,Rural,Low,0
18,Female,Daily,Occasional,Regular,30.6,No,Medium,Moderate,Rural,Low,0
56,Male,No,Occasional,No,28.6,No,Medium,Moderate,Urban,Low,0
84,Female,No,Never,No,27.3,No,Medium,Moderate,Rural,Moderate,0
83,Female,No,Daily (cigarette/bidi),Occasional,25.8,No,Low,Moderate,Rural,High,1
58,Female,Occasionally,Daily (cigarette/bidi),No,16.7,No,High,Low,Rural,Low,1
19,Male,No,Never,No,22.9,No,High,Low,Rural,Moderate,0
22,Male,Daily,Never,No,36.7,No,Low,Low,Urban,Moderate,0
38,Male,No,Never,No,20.2,No,Low,Moderate,Urban,Low,0
83,Male,No,Never,No,26.6,No,Medium,High,Urban,Moderate,0
68,Male,Daily,Never,No,25.4,No,High,Moderate,Urban,Moderate,1
24,Female,Daily,Occasional,No,23.6,No,High,High,Rural,High,0
64,Male,Daily,Never,No,25.5,No,Medium,Moderate,Rural,Moderate,1
22,Male,No,Never,Occasional,24.2,No,Medium,Low,Urban,High,0
82,Female,No,Never,No,26.8,No,Low,High,Urban,High,0
48,Male,No,Occasional,No,33.3,No,Medium,Moderate,Urban,High,0
36,Female,Daily,Never,No,24.9,No,Medium,High,Rural,Moderate,0
18,Female,No,Never,No,22.5,No,High,Low,Urban,Moderate,0
57,Male,No,Daily (cigarette/bidi),No,23.1,Yes,Medium,Low,Rural,Low,1
65,Male,Occasionally,Never,No,22.7,No,High,Moderate,Rural,Moderate,0
20,Female,No,Never,Occasional,27.0,No,High,Low,Urban,High,0
48,Male,Occasionally,Daily (cigarette/bidi),Regular,21.7,No,Medium,High,Urban,Low,1
80,Male,No,Never,No,20.2,Yes,High,Moderate,Rural,Moderate,0
53,Female,No,Daily (cigarette/bidi),No,33.4,No,Low,Moderate,Rural,Moderate,0
37,Female,No,Never,No,20.3,No,Medium,Moderate,Urban,High,0
19,Female,No,Daily (cigarette/bidi),No,25.3,No,Medium,Moderate,Rural,High,0
24,Male,No,Never,No,17.1,No,High,Low,Rural,Moderate,0
45,Female,No,Never,No,28.1,No,Low,Low,Rural,Low,0
58,Female,No,Never,No,24.4,No,Low,High,Rural,Moderate,0
60,Male,No,Daily (cigarette/bidi),No,27.3,Yes,Medium,Moderate,Rural,High,1
56,Male,No,Never,No,29.0,No,Low,Low,Urban,Low,0
26,Female,Occasionally,Never,No,28.2,No,Medium,Low,Rural,Moderate,0
69,Female,No,Daily (cigarette/bidi),No,24.4,No,Medium,High,Urban,High,0
39,Male,Occasionally,Daily (cigarette/bidi),No,31.4,No,Low,Moderate,Urban,Moderate,0
43,Female,No,Never,No,23.5,No,Medium,Moderate,Urban,High,0
63,Female,Daily,Daily (cigarette/bidi),Occasional,27.2,No,Low,Moderate,Urban,Moderate,1
49,Male,No,Never,No,23.7,No,Low,Low,Rural,Low,0
72,Male,No,Daily (cigarette/bidi),No,27.6,No,Medium,Moderate,Urban,Low,0
74,Female,Occasionally,Daily (cigarette/bidi),No,26.4,Yes,Medium,Moderate,Urban,Moderate,1
52,Female,No,Never,Occasional,33.8,Yes,High,Low,Rural,Moderate,0
47,Male,Daily,Daily (cigarette/bidi),No,25.9,No,Medium,High,Urban,Moderate,1
78,Male,No,Never,Regular,27.6,No,High,Moderate,Urban,Moderate,1
41,Male,No,Daily (cigarette/bidi),Regular,19.2,No,High,High,Rural,Moderate,0
41,Male,No,Daily (cigarette/bidi),Occasional,26.1,No,Low,Moderate,Urban,Moderate,0
59,Male,No,Never,Regular,28.1,No,High,Low,Urban,High,0
84,Female,Occasionally,Never,No,26.0,No,Low,Moderate,Rural,High,1
31,Female,No,Daily (cigarette/bidi),Regular,20.4,No,Low,Moderate,Urban,Moderate,0
24,Male,No,Never,Regular,24.3,No,High,Moderate,Urban,Low,0
26,Male,No,Daily (cigarette/bidi),No,31.9,No,Low,Moderate,Urban,Moderate,0
44,Female,No,Never,No,19.5,Yes,High,Moderate,Urban,Low,0
79,Male,No,Daily (cigarette/bidi),No,22.4,No,Medium,Low,Urban,High,1
55,Female,No,Never,No,19.5,No,Medium,Moderate,Rural,High,0
83,Male,Occasionally,Never,No,27.3,No,Medium,Moderate,Urban,Moderate,0
26,Male,No,Never,No,17.7,No,Low,Low,Rural,Moderate,0
26,Female,No,Never,No,19.8,No,Low,Low,Rural,Low,0
56,Male,No,Never,No,23.5,No,Medium,Moderate,Urban,Low,0
59,Female,Daily,Never,No,18.5,No,Medium,Low,Rural,Low,1
63,Female,No,Never,No,24.0,No,High,Low,Rural,Moderate,0
42,Female,No,Never,Occasional,22.2,Yes,Low,Moderate,Rural,High,0
39,Male,No,Never,Occasional,25.0,No,Medium,High,Rural,High,0
28,Male,No,Never,No,21.3,No,High,Low,Urban,Moderate,0
36,Female,Daily,Never,Regular,26.2,No,Medium,Low,Urban,Low,1
43,Female,Occasionally,Never,Occasional,23.4,No,Medium,Low,Urban,Low,0
41,Male,Occasionally,Never,No,22.2,No,Medium,Low,Rural,Moderate,0
34,Male,No,Never,No,23.3,No,Medium,Low,Urban,Low,0
26,Female,No,Daily (cigarette/bidi),No,33.3,No,Low,Low,Rural,Low,0
70,Female,No,Daily (cigarette/bidi),No,25.4,No,Medium,Low,Rural,High,1
25,Female,No,Daily (cigarette/bidi),No,29.1,No,High,Moderate,Urban,Low,0
84,Male,No,Daily (cigarette/bidi),Regular,27.1,No,Medium,Low,Urban,Moderate,1
82,Female,No,Never,No,27.7,No,Low,Low,Urban,Low,0
23,Male,No,Occasional,Regular,29.0,No,Low,Moderate,Urban,Low,0
54,Female,No,Occasional,No,19.8,Yes,Medium,High,Rural,Low,0
69,Male,Daily,Never,No,18.8,No,Low,Moderate,Urban,High,0
33,Male,Occasionally,Never,No,24.9,No,High,Low,Rural,Moderate,0
51,Female,Daily,Never,Occasional,22.1,No,Low,Low,Urban,Low,0
70,Male,No,Occasional,No,19.1,No,Medium,Moderate,Urban,Low,0
64,Female,No,Never,Occasional,24.1,No,Medium,Moderate,Urban,Moderate,0
66,Female,Daily,Occasional,Occasional,23.0,No,Low,Moderate,Rural,Low,1
69,Male,Daily,Never,No,21.4,No,Low,Low,Rural,High,1
74,Male,No,Daily (cigarette/bidi),Occasional,24.0,No,Low,Moderate,Rural,Low,1
62,Male,No,Never,No,29.5,No,Medium,Low,Urban,Moderate,0
33,Male,Daily,Never,No,18.4,No,Medium,Low,Urban,Low,0
36,Female,Occasionally,Never,No,28.4,Yes,Medium,Low,Urban,Moderate,0
82,Male,Occasionally,Daily (cigarette/bidi),No,30.0,No,High,Low,Rural,Moderate,1
71,Female,Occasionally,Daily (cigarette/bidi),Regular,26.3,No,Medium,Low,Urban,Moderate,1
71,Female,No,Daily (cigarette/bidi),No,21.5,No,Medium,High,Urban,Moderate,0
76,Female,Occasionally,Never,No,35.2,No,High,Low,Urban,Low,1
84,Male,No,Never,No,24.1,No,Low,High,Urban,Low,0
59,Female,No,Never,No,16.6,No,Medium,Low,Urban,Moderate,0
19,Female,No,Never,No,22.8,Yes,Low,Low,Urban,Moderate,0
73,Female,No,Occasional,No,15.5,Yes,Low,Moderate,Rural,Moderate,0
72,Female,Occasionally,Never,Occasional,26.6,No,High,Low,Urban,Low,1
38,Male,Daily,Occasional,Regular,21.8,No,High,High,Urban,High,1
49,Male,No,Never,No,27.1,No,Medium,Moderate,Urban,Moderate,0
61,Female,Occasionally,Never,Occasional,17.1,No,Medium,Moderate,Rural,Low,0
85,Female,No,Never,No,28.8,No,High,Low,Rural,High,0
31,Male,No,Never,No,20.7,Yes,Low,Moderate,Rural,High,0
38,Male,Daily,Never,Occasional,27.8,No,Low,Moderate,Urban,High,0
57,Male,Daily,Daily (cigarette/bidi),No,20.8,No,Low,High,Rural,Moderate,1
85,Female,No,Daily (cigarette/bidi),No,29.5,No,High,Low,Urban,Moderate,1
32,Female,No,Daily (cigarette/bidi),No,20.4,No,High,High,Rural,High,0
37,Male,Daily,Never,Occasional,29.1,No,Low,Moderate,Rural,Moderate,0
61,Male,Daily,Never,No,26.7,Yes,Low,Moderate,Urban,Low,1
56,Male,No,Daily (cigarette/bidi),No,19.7,No,Medium,Low,Rural,Low,0
34,Female,No,Never,No,19.3,No,Medium,Low,Rural,High,0
25,Female,No,Never,No,24.7,No,High,Moderate,Rural,Moderate,0
65,Female,No,Never,No,26.6,No,Low,Low,Urban,Moderate,0
50,Male,No,Daily (cigarette/bidi),Occasional,27.6,No,High,Low,Urban,Moderate,0
75,Male,Daily,Never,No,20.2,No,Medium,High,Rural,High,1
74,Male,No,Never,Regular,22.8,No,Low,High,Rural,High,0
52,Male,Daily,Never,Occasional,27.8,No,Medium,Low,Urban,Moderate,1
27,Female,No,Never,No,20.1,No,High,Moderate,Rural,High,0
64,Female,Daily,Never,No,27.9,No,Medium,Low,Urban,High,1
32,Female,No,Daily (cigarette/bidi),No,24.5,No,High,Low,Rural,Low,0
18,Male,No,Never,No,30.2,No,Medium,Moderate,Rural,High,0
76,Female,No,Never,No,24.2,No,Medium,Low,Rural,High,0
50,Female,No,Never,No,19.3,No,High,High,Urban,High,0
28,Female,No,Daily (cigarette/bidi),No,26.9,No,Medium,High,Urban,High,0
56,Male,No,Daily (cigarette/bidi),Occasional,22.2,No,High,Moderate,Urban,Low,0
80,Female,No,Never,No,24.1,Yes,Medium,Moderate,Rural,High,0
55,Male,No,Never,Occasional,26.4,No,Medium,Low,Rural,High,0
28,Male,No,Never,No,26.0,No,Medium,Moderate,Urban,High,0
58,Male,Occasionally,Never,No,24.0,No,Low,Low,Rural,High,0
27,Female,No,Never,No,25.3,No,Medium,Moderate,Urban,Moderate,0
43,Female,Daily,Occasional,No,33.0,No,Low,Moderate,Rural,Low,0
48,Female,Daily,Daily (cigarette/bidi),No,27.2,No,High,Moderate,Rural,Low,1
73,Female,Occasionally,Daily (cigarette/bidi),No,21.6,No,Low,Low,Urban,Low,1
78,Female,Daily,Occasional,No,24.6,No,Low,Low,Urban,Low,1
39,Male,Occasionally,Daily (cigarette/bidi),Occasional,24.0,No,High,High,Urban,Moderate,0
44,Female,Occasionally,Never,Occasional,32.7,No,Medium,High,Rural,High,0
79,Male,No,Never,No,29.4,No,Low,Moderate,Urban,High,0
42,Female,Daily,Occasional,No,24.0,No,Low,Low,Rural,Low,0
61,Female,No,Daily (cigarette/bidi),Occasional,24.0,No,High,Low,Urban,Low,0
41,Male,No,Daily (cigarette/bidi),Occasional,22.0,No,Medium,Moderate,Rural,High,1
23,Male,Daily,Never,Occasional,24.4,No,Medium,High,Urban,Moderate,0
64,Male,Daily,Never,No,17.3,No,Medium,Moderate,Urban,Moderate,0
33,Male,No,Never,Occasional,21.6,No,High,High,Urban,Low,0
38,Female,No,Never,Occasional,24.9,No,Medium,Moderate,Urban,Moderate,0
65,Female,Daily,Never,Regular,25.0,Yes,High,Low,Rural,High,1
74,Male,No,Occasional,Regular,20.8,No,Medium,Low,Urban,Moderate,1
19,Female,Daily,Never,Occasional,25.2,No,Low,Moderate,Rural,Moderate,0
78,Female,Occasionally,Never,No,17.8,No,Medium,Low,Rural,Low,1
61,Female,Daily,Never,Occasional,20.0,Yes,Low,Moderate,Urban,Low,1
28,Male,No,Never,No,20.2,No,Medium,High,Rural,High,0
74,Female,Daily,Never,No,19.0,Yes,High,Moderate,Urban,Moderate,1
74,Female,No,Daily (cigarette/bidi),Occasional,28.4,No,Medium,Low,Urban,High,1
83,Female,Daily,Never,No,23.4,No,Medium,Moderate,Urban,Low,1
30,Male,Occasionally,Daily (cigarette/bidi),No,27.8,No,Medium,Moderate,Urban,Low,0
28,Male,Daily,Never,No,30.5,No,Medium,Low,Urban,High,0
28,Female,Daily,Never,No,29.5,No,High,Moderate,Rural,Low,0
68,Male,No,Never,No,25.0,No,High,Moderate,Urban,High,0
67,Female,No,Never,No,22.7,No,High,Moderate,Urban,Low,0
59,Male,No,Daily (cigarette/bidi),Occasional,26.9,No,Medium,High,Urban,Low,0
85,Male,Daily,Daily (cigarette/bidi),Regular,29.4,No,Low,Low,Urban,Moderate,1
70,Male,Daily,Never,Occasional,24.7,Yes,High,Moderate,Urban,High,1
42,Female,No,Never,No,25.5,No,Medium,Low,Urban,Moderate,0
55,Male,Daily,Never,No,26.6,No,Medium,Low,Rural,Moderate,1
52,Female,Daily,Never,No,32.7,No,High,Moderate,Urban,Low,0
49,Female,Daily,Daily (cigarette/bidi),No,25.5,No,High,Moderate,Rural,Low,1
73,Male,No,Never,No,29.8,No,High,Low,Urban,Moderate,0
82,Female,No,Daily (cigarette/bidi),No,17.9,No,High,Moderate,Urban,High,1
66,Male,No,Daily (cigarette/bidi),No,17.3,No,Low,Moderate,Urban,Low,0
68,Female,No,Never,No,27.9,No,Low,Low,Rural,High,0
46,Female,No,Never,No,28.5,Yes,High,Moderate,Urban,Low,0
35,Male,No,Never,No,19.1,Yes,High,Moderate,Urban,Moderate,0
33,Female,No,Never,Occasional,21.6,No,Medium,Low,Urban,High,0
53,Female,No,Daily (cigarette/bidi),No,24.3,No,Medium,High,Rural,High,0
35,Male,No,Never,Occasional,20.8,No,Low,High,Urban,Moderate,0
77,Male,No,Daily (cigarette/bidi),No,30.4,Yes,High,Low,Urban,High,1
27,Female,No,Never,No,27.0,No,Medium,High,Urban,High,0
20,Male,No,Daily (cigarette/bidi),No,16.5,No,Medium,High,Urban,High,0
27,Male,No,Daily (cigarette/bidi),No,21.0,No,Low,Moderate,Urban,Moderate,0
84,Female,No,Daily (cigarette/bidi),No,24.2,No,Medium,Low,Rural,Low,0
46,Male,No,Occasional,No,25.4,No,Low,Moderate,Rural,Low,0
68,Female,No,Never,No,22.7,No,High,Moderate,Rural,Moderate,0
71,Male,Occasionally,Daily (cigarette/bidi),No,21.0,No,Low,Moderate,Urban,Moderate,0
58,Male,Occasionally,Never,No,19.8,No,Medium,Low,Rural,Moderate,0
52,Male,Occasionally,Never,No,26.2,No,Low,Moderate,Rural,Moderate,0
81,Female,No,Never,No,24.2,No,Low,Low,Urban,Moderate,0
83,Female,No,Never,No,19.1,No,Medium,Moderate,Rural,Moderate,0
51,Male,Daily,Never,No,19.0,No,Medium,Low,Urban,Moderate,0
65,Female,Daily,Never,No,21.5,No,Low,High,Urban,Moderate,0
19,Male,No,Occasional,No,22.4,No,Low,Moderate,Rural,High,0
47,Male,No,Daily (cigarette/bidi),No,16.2,No,Low,Low,Urban,Moderate,0
60,Male,No,Never,No,30.8,Yes,Medium,Low,Urban,Moderate,0
75,Male,Daily,Never,No,25.1,Yes,Low,Moderate,Rural,High,1
52,Male,Occasionally,Daily (cigarette/bidi),No,28.9,Yes,Medium,High,Urban,Low,1
56,Male,No,Daily (cigarette/bidi),No,15.7,No,Low,Moderate,Urban,Moderate,0
48,Female,No,Never,No,20.1,Yes,Low,Moderate,Urban,High,0
73,Female,Daily,Daily (cigarette/bidi),No,24.3,No,Medium,Low,Rural,Moderate,1
65,Female,No,Never,No,26.5,No,High,Moderate,Urban,Moderate,0
63,Female,No,Daily (cigarette/bidi),Occasional,17.4,No,Medium,Moderate,Urban,Low,0
43,Female,No,Never,No,16.8,No,Medium,Low,Urban,High,0
41,Male,No,Never,Occasional,25.8,No,Medium,Moderate,Rural,Low,0
75,Female,No,Never,No,24.2,No,Low,Moderate,Urban,Moderate,0
52,Male,Daily,Daily (cigarette/bidi),No,20.1,No,Medium,Low,Rural,Moderate,1
26,Female,Occasionally,Never,Occasional,15.0,No,Low,Moderate,Urban,High,0
79,Male,Occasionally,Never,No,23.1,No,High,High,Rural,Low,0
26,Male,No,Never,No,25.7,No,Medium,High,Urban,Moderate,0
70,Male,Occasionally,Occasional,No,26.9,No,Low,High,Urban,Low,0
75,Male,No,Never,No,21.7,Yes,Low,Moderate,Urban,Moderate,0
61,Male,Daily,Occasional,No,18.3,No,Medium,Moderate,Urban,High,1
73,Female,Occasionally,Daily (cigarette/bidi),No,30.4,No,Low,Low,Urban,Low,1
28,Male,No,Occasional,No,23.9,No,Low,Low,Urban,Moderate,0
70,Male,No,Never,No,15.0,No,High,Moderate,Urban,High,0
39,Female,No,Never,No,25.7,Yes,Low,Low,Rural,Moderate,0
43,Male,No,Daily (cigarette/bidi),Occasional,17.6,No,High,Moderate,Rural,Low,0
73,Male,Daily,Never,No,21.5,No,Low,Low,Rural,Low,1
74,Male,No,Daily (cigarette/bidi),No,27.3,No,Low,Moderate,Urban,High,1
63,Female,Daily,Never,No,23.4,Yes,Medium,Low,Urban,Moderate,1
27,Male,Occasionally,Daily (cigarette/bidi),No,25.2,No,Medium,High,Rural,Moderate,0
76,Female,No,Never,No,21.7,No,High,Low,Rural,Low,0
60,Male,No,Occasional,No,25.8,No,Low,Low,Rural,Moderate,0
56,Male,Occasionally,Occasional,No,27.5,No,Low,Moderate,Urban,High,0
58,Female,No,Never,No,26.7,No,Medium,Low,Urban,Low,0
27,Female,Occasionally,Never,No,35.7,No,High,Moderate,Rural,High,0
22,Female,No,Never,No,27.6,No,Low,Low,Urban,High,0
40,Male,Occasionally,Daily (cigarette/bidi),Occasional,23.0,Yes,Medium,High,Urban,High,0
47,Male,No,Never,No,22.8,No,Low,Low,Urban,Low,0
67,Female,No,Never,Occasional,32.0,No,Medium,Moderate,Rural,Moderate,0
59,Female,Daily,Daily (cigarette/bidi),Regular,22.6,No,Medium,Moderate,Urban,Moderate,1
62,Male,Daily,Never,No,29.9,No,Low,Moderate,Urban,High,1
52,Male,No,Never,No,29.1,Yes,High,Low,Urban,High,0
58,Female,Daily,Occasional,No,21.6,Yes,Medium,Low,Rural,Moderate,1
58,Male,Daily,Never,Regular,16.0,No,High,Low,Rural,Low,1
40,Female,Occasionally,Daily (cigarette/bidi),No,28.8,No,High,Low,Urban,Moderate,1
24,Male,Occasionally,Never,No,25.6,No,High,Low,Urban,High,0
46,Male,Occasionally,Occasional,No,23.5,No,Low,Low,Urban,High,0
39,Male,Occasionally,Never,Occasional,29.4,No,Low,Moderate,Urban,Low,0
20,Male,No,Never,Occasional,27.2,No,Low,Low,Urban,Moderate,0
81,Male,Daily,Never,No,30.8,No,Medium,Low,Urban,High,1
22,Female,Occasionally,Never,No,25.7,No,Medium,Moderate,Urban,Moderate,0
41,Female,No,Occasional,No,27.8,No,Medium,High,Rural,Moderate,0
26,Male,Daily,Occasional,No,22.7,No,Medium,Low,Urban,High,0
47,Male,Occasionally,Never,No,23.5,No,High,Moderate,Rural,Moderate,0
44,Male,No,Daily (cigarette/bidi),No,20.7,No,Medium,Low,Urban,High,0
62,Female,No,Never,Occasional,18.0,Yes,High,Moderate,Rural,Low,0
55,Male,Occasionally,Never,No,25.5,No,Low,Moderate,Urban,High,0
45,Female,No,Occasional,No,21.6,No,Medium,Moderate,Urban,Low,0
63,Male,No,Never,No,31.2,No,Medium,Low,Urban,High,0
30,Male,No,Never,No,28.2,Yes,Low,Low,Urban,Low,0
63,Male,No,Occasional,No,32.1,No,High,Moderate,Rural,Moderate,0
21,Male,Daily,Never,No,19.2,No,Medium,Moderate,Rural,Moderate,0
72,Male,Daily,Occasional,Regular,22.9,No,High,Moderate,Urban,High,1
70,Female,No,Never,Regular,24.2,No,Medium,Low,Rural,Moderate,0
35,Female,No,Never,No,17.7,No,Medium,Low,Rural,High,0
82,Male,No,Daily (cigarette/bidi),Regular,18.5,No,Medium,Low,Rural,Low,1
64,Female,No,Never,No,25.0,No,Medium,Low,Rural,High,0
72,Female,No,Occasional,No,24.9,No,Medium,Low,Rural,Moderate,0
26,Male,Daily,Occasional,No,25.5,Yes,Medium,Moderate,Urban,High,1
37,Male,No,Never,No,24.8,No,Low,Low,Rural,Low,0
20,Female,No,Never,No,29.3,No,Medium,High,Urban,Moderate,0
80,Female,Daily,Never,No,25.5,No,Medium,Low,Rural,Low,1
63,Male,No,Never,No,30.2,No,Medium,High,Rural,Moderate,0
36,Female,No,Never,No,26.0,No,High,Low,Urban,High,0
70,Male,No,Daily (cigarette/bidi),No,19.5,No,High,High,Urban,Low,0
62,Female,Occasionally,Never,Regular,29.0,No,High,High,Rural,High,1
75,Female,No,Never,No,20.5,No,Medium,Moderate,Rural,High,0
69,Female,Occasionally,Never,No,29.1,No,High,Low,Urban,Low,1
41,Female,Occasionally,Never,No,28.5,No,Medium,Moderate,Urban,Low,0
38,Female,Occasionally,Occasional,Occasional,27.4,No,Medium,Moderate,Rural,Moderate,0
43,Female,No,Daily (cigarette/bidi),Occasional,23.8,No,Low,Low,Urban,High,0
21,Male,Daily,Never,No,23.0,Yes,High,High,Rural,High,0
85,Male,No,Occasional,No,18.1,No,Low,High,Rural,Low,0
61,Male,No,Daily (cigarette/bidi),No,20.8,No,Low,Moderate,Urban,Low,0
80,Male,No,Never,No,21.5,No,High,High,Rural,High,0
49,Female,Occasionally,Never,No,20.3,No,Low,Low,Urban,High,0
34,Male,Daily,Never,No,24.0,No,High,High,Urban,High,0
56,Male,Occasionally,Never,No,22.8,No,Medium,Moderate,Urban,Moderate,0
22,Male,No,Daily (cigarette/bidi),No,25.9,No,Medium,Moderate,Urban,High,0
21,Female,Daily,Never,No,23.1,No,Medium,Moderate,Urban,High,0
70,Male,No,Never,Regular,20.1,No,Medium,Low,Urban,Moderate,0
37,Male,Occasionally,Never,No,23.1,No,Medium,Low,Urban,High,0
42,Male,No,Never,Regular,26.5,No,Medium,Low,Urban,Moderate,0
21,Female,No,Never,No,25.7,No,Low,High,Rural,Moderate,0
68,Female,No,Never,No,22.9,No,High,High,Rural,Moderate,0
35,Female,No,Never,No,20.5,No,Low,Moderate,Rural,Moderate,0
27,Female,Daily,Daily (cigarette/bidi),Occasional,24.5,No,High,Moderate,Urban,Low,1
45,Female,No,Never,No,15.0,No,Medium,Moderate,Urban,High,0
31,Female,No,Never,Regular,27.1,No,High,Moderate,Rural,Low,0
56,Male,No,Daily (cigarette/bidi),No,32.2,Yes,Medium,Moderate,Rural,High,1
31,Male,No,Occasional,No,22.9,No,Low,High,Urban,Moderate,0
61,Female,No,Never,No,29.7,No,High,Low,Rural,Moderate,0
48,Male,No,Never,Occasional,24.0,No,Medium,Moderate,Rural,Low,0
23,Female,Occasionally,Daily (cigarette/bidi),Occasional,25.5,No,Medium,Moderate,Rural,High,0
30,Female,No,Daily (cigarette/bidi),No,19.2,No,High,High,Urban,Low,0
58,Female,Daily,Never,No,19.1,No,High,Moderate,Urban,Moderate,0
58,Male,Daily,Never,No,32.4,No,Medium,Low,Rural,Low,1
48,Male,No,Never,No,29.0,No,Medium,High,Urban,Moderate,0
76,Male,No,Never,Occasional,27.3,No,Medium,Moderate,Rural,Moderate,0
21,Female,No,Never,Occasional,22.2,No,Low,Moderate,Urban,High,0
77,Female,No,Never,Occasional,18.3,No,Medium,Moderate,Urban,Moderate,0
54,Male,No,Never,No,23.5,No,Medium,Low,Rural,High,0
38,Male,No,Daily (cigarette/bidi),No,21.1,No,Medium,Low,Rural,High,1
55,Female,Daily,Daily (cigarette/bidi),No,24.8,No,Low,High,Rural,Moderate,0
49,Female,Daily,Occasional,No,22.5,No,Medium,Moderate,Urban,Moderate,0
30,Male,No,Never,No,19.8,No,High,Moderate,Urban,Moderate,0
22,Female,No,Never,No,26.7,No,Medium,Low,Urban,Low,0
22,Male,No,Never,No,30.8,No,High,High,Rural,Moderate,0
77,Female,No,Daily (cigarette/bidi),No,23.9,No,Medium,Moderate,Urban,High,1
38,Male,No,Daily (cigarette/bidi),No,26.5,No,Low,High,Urban,Moderate,0
62,Male,Daily,Never,No,33.1,Yes,Low,Low,Rural,Moderate,1
22,Male,Daily,Never,Occasional,25.3,No,Low,High,Rural,High,0
69,Female,No,Never,No,26.7,No,Medium,Moderate,Rural,High,0
29,Female,No,Never,Regular,24.3,No,Low,Moderate,Rural,Moderate,0
61,Male,Daily,Daily (cigarette/bidi),No,22.0,No,Medium,Moderate,Urban,Low,1
26,Male,No,Never,Occasional,28.5,No,Low,Low,Urban,High,0
21,Female,No,Daily (cigarette/bidi),Occasional,27.3,No,High,Moderate,Urban,High,0
48,Male,No,Never,Regular,30.3,No,Low,Moderate,Urban,High,0
56,Female,Occasionally,Never,No,22.0,No,Medium,Low,Rural,High,0
73,Male,No,Daily (cigarette/bidi),Occasional,25.5,No,High,Moderate,Urban,Moderate,1
54,Male,No,Never,No,21.9,No,Medium,Moderate,Urban,Moderate,0
27,Female,No,Never,Regular,29.3,No,Medium,Moderate,Rural,Low,0
18,Female,Occasionally,Never,No,23.8,Yes,High,Low,Urban,Moderate,0
49,Male,Occasionally,Daily (cigarette/bidi),Regular,26.1,No,High,Moderate,Rural,Moderate,1
81,Male,No,Never,No,24.9,No,Low,Moderate,Urban,High,0
59,Male,No,Never,Occasional,18.2,No,High,Moderate,Rural,Low,0
32,Male,No,Daily (cigarette/bidi),No,22.2,No,Low,Moderate,Rural,Moderate,0
70,Female,Daily,Daily (cigarette/bidi),No,26.8,No,High,Low,Rural,High,1
30,Male,No,Never,No,26.3,No,High,Low,Rural,High,0
81,Male,No,Occasional,No,31.0,No,Low,Moderate,Rural,Low,0
46,Male,Daily,Daily (cigarette/bidi),No,31.4,No,Medium,Low,Urban,Low,1
50,Female,Daily,Daily (cigarette/bidi),No,30.8,No,Medium,Moderate,Urban,High,1
54,Male,No,Never,No,17.3,No,Low,Low,Rural,Low,0
36,Male,Occasionally,Daily (cigarette/bidi),No,23.7,No,Medium,Moderate,Rural,Moderate,0
21,Female,No,Occasional,No,33.4,No,Low,Moderate,Urban,Low,0
39,Female,No,Never,No,18.1,Yes,Low,High,Urban,Moderate,0
59,Male,No,Never,No,23.9,Yes,Medium,Low,Rural,High,0
85,Male,No,Daily (cigarette/bidi),Occasional,24.9,Yes,Low,Moderate,Rural,Moderate,1
24,Male,No,Never,Regular,20.5,No,Medium,Moderate,Urban,Moderate,0
79,Female,Daily,Occasional,No,25.3,No,Low,Low,Urban,High,1
75,Female,Daily,Never,No,22.5,No,High,Moderate,Urban,Moderate,1
20,Male,Daily,Never,No,22.9,No,Low,Moderate,Urban,High,0
18,Male,No,Occasional,No,15.0,No,High,Low,Urban,Moderate,0
34,Male,Daily,Never,No,22.1,No,Medium,Low,Urban,Moderate,0
24,Female,No,Never,Regular,23.3,No,Low,Low,Urban,Moderate,0
26,Male,No,Occasional,No,20.2,No,Medium,Low,Urban,Low,0
49,Female,No,Never,Regular,21.4,Yes,High,Moderate,Urban,Low,0
83,Female,No,Daily (cigarette/bidi),Occasional,21.2,No,Medium,Moderate,Rural,Low,1
37,Female,No,Daily (cigarette/bidi),No,30.1,No,Low,Moderate,Urban,High,0
51,Male,No,Never,No,31.4,No,Medium,High,Rural,High,0
38,Female,Daily,Never,No,24.9,No,Low,Low,Rural,High,0
47,Female,Daily,Never,No,23.1,No,High,Low,Urban,High,1
76,Male,Daily,Never,No,27.8,No,Medium,High,Rural,High,1
85,Male,No,Never,Regular,34.7,Yes,Low,Moderate,Urban,Low,1
64,Male,No,Never,Occasional,22.4,No,Medium,Moderate,Rural,Low,0
63,Female,Occasionally,Never,No,25.1,No,Low,High,Rural,High,0
66,Female,Daily,Never,No,22.1,No,Medium,Low,Urban,Moderate,1
47,Male,No,Never,Occasional,19.0,No,Low,Moderate,Rural,Moderate,0
64,Female,Daily,Never,No,22.2,No,Medium,Moderate,Rural,Moderate,1
74,Female,No,Daily (cigarette/bidi),No,28.4,No,Low,Low,Urban,Low,0
42,Female,No,Occasional,No,23.7,No,High,Low,Urban,High,0
59,Male,No,Never,No,21.4,No,Medium,Moderate,Rural,Moderate,0
74,Male,No,Never,No,28.1,No,Low,Low,Urban,Low,0
77,Male,Daily,Daily (cigarette/bidi),No,35.2,No,Medium,High,Urban,High,1
28,Male,No,Daily (cigarette/bidi),No,29.9,No,Low,Moderate,Urban,Moderate,0
72,Male,No,Never,No,28.9,No,Low,Moderate,Urban,Low,0
67,Female,No,Occasional,Occasional,29.7,No,High,Moderate,Urban,Low,0
28,Female,No,Never,Regular,21.2,No,High,High,Urban,Moderate,0
49,Male,No,Occasional,No,22.8,No,High,Moderate,Urban,Low,0
20,Male,Occasionally,Daily (cigarette/bidi),No,35.1,No,Low,High,Rural,High,0
22,Male,No,Never,Regular,16.7,No,Medium,High,Urban,High,0
64,Male,Daily,Never,No,23.5,No,Low,Low,Urban,High,1
70,Female,Occasionally,Never,Occasional,18.3,No,Medium,Low,Rural,Moderate,1
43,Male,No,Never,Occasional,28.8,No,High,High,Urban,Moderate,0
77,Male,No,Occasional,No,23.8,No,Medium,Moderate,Rural,Moderate,0
24,Male,No,Occasional,No,33.1,No,High,Moderate,Rural,Moderate,0
77,Male,Occasionally,Never,No,28.1,Yes,High,High,Urban,Moderate,1
51,Male,No,Never,No,25.7,Yes,Medium,High,Rural,Moderate,0
37,Male,Occasionally,Never,No,15.0,No,Low,Moderate,Rural,Low,0
47,Male,No,Never,No,22.1,No,Low,Low,Urban,Moderate,0
58,Male,No,Never,Occasional,24.5,Yes,Low,Moderate,Rural,Moderate,0
19,Female,No,Never,No,27.5,No,Medium,Moderate,Rural,Moderate,0
30,Male,No,Daily (cigarette/bidi),No,34.0,No,Low,Low,Rural,High,0
36,Male,Occasionally,Occasional,No,26.6,No,Low,Moderate,Urban,High,0
34,Male,No,Never,No,21.8,No,Low,Low,Urban,High,0
79,Male,No,Never,No,23.4,No,Low,Moderate,Urban,Moderate,0
78,Female,No,Daily (cigarette/bidi),No,29.6,No,High,High,Rural,High,1
28,Female,No,Daily (cigarette/bidi),No,28.7,Yes,Medium,Moderate,Rural,Low,0
83,Male,No,Never,No,25.8,No,Low,Low,Urban,Moderate,0
46,Female,Daily,Occasional,No,21.5,No,High,Moderate,Urban,Low,1
36,Male,No,Never,No,23.5,No,Medium,Low,Urban,Moderate,0
66,Female,No,Daily (cigarette/bidi),Occasional,25.0,No,Medium,Moderate,Rural,Low,0
85,Female,No,Never,No,25.9,No,High,Moderate,Rural,Moderate,0
41,Female,No,Daily (cigarette/bidi),No,23.0,No,Medium,High,Urban,Moderate,0
59,Female,Daily,Never,Regular,24.4,No,Medium,Low,Rural,Moderate,1
62,Female,No,Never,No,28.4,No,Medium,Low,Urban,High,0
66,Male,No,Never,Occasional,26.9,No,Medium,High,Urban,High,0
43,Male,Occasionally,Never,Occasional,23.1,No,Low,Low,Rural,High,0
42,Male,No,Never,Occasional,22.2,No,Low,Low,Urban,Moderate,0
66,Female,No,Daily (cigarette/bidi),No,15.7,No,High,High,Rural,Low,0
83,Female,Daily,Daily (cigarette/bidi),No,24.4,No,Medium,Low,Urban,High,1
25,Female,Daily,Never,No,19.3,No,Low,Moderate,Urban,Low,0
37,Male,No,Never,No,29.2,No,Medium,Moderate,Rural,Low,0
45,Male,No,Never,No,29.0,No,Low,Low,Urban,High,0
72,Female,No,Daily (cigarette/bidi),No,15.7,No,Low,Moderate,Urban,High,0
75,Female,No,Never,No,26.4,No,Low,Moderate,Rural,Low,0
27,Male,Occasionally,Occasional,No,31.2,No,High,High,Rural,Moderate,0
45,Male,Daily,Daily (cigarette/bidi),Occasional,30.4,No,Low,Moderate,Urban,High,1
26,Female,No,Never,No,23.2,No,High,Moderate,Rural,Moderate,0
31,Female,No,Never,No,33.3,No,Medium,Moderate,Rural,Moderate,0
80,Male,No,Daily (cigarette/bidi),No,19.0,No,Medium,Moderate,Rural,Low,1
70,Female,Occasionally,Never,No,20.8,Yes,Medium,Low,Urban,High,1
71,Female,Occasionally,Never,Occasional,23.4,Yes,High,Low,Urban,High,1
32,Male,No,Never,No,20.0,No,Medium,High,Urban,Low,0
70,Female,No,Never,No,23.5,No,Medium,Low,Urban,High,0
27,Male,No,Never,No,22.3,No,High,Low,Urban,Low,0
32,Female,No,Never,No,26.6,No,Low,Low,Rural,High,0
73,Male,No,Occasional,No,26.5,No,Medium,High,Rural,Moderate,0
45,Male,No,Never,No,26.5,No,Low,Low,Rural,Moderate,0
36,Female,Daily,Occasional,No,23.9,No,High,Low,Rural,Low,0
79,Male,No,Daily (cigarette/bidi),No,23.8,No,High,Low,Urban,High,1
67,Female,No,Daily (cigarette/bidi),Regular,25.3,No,Medium,Low,Rural,Low,1
55,Female,No,Never,No,25.0,No,High,Moderate,Urban,Moderate,0
50,Female,Daily,Never,No,20.5,No,Medium,Moderate,Urban,High,0
25,Male,No,Never,No,15.2,No,Medium,Moderate,Rural,Low,0
61,Male,No,Occasional,No,24.0,No,Medium,Moderate,Rural,High,0
47,Female,Daily,Never,No,35.1,No,Low,Moderate,Rural,Moderate,1
65,Female,No,Never,No,16.8,Yes,High,Moderate,Urban,Low,0
42,Male,No,Never,No,26.1,No,Medium,Low,Urban,Low,0
74,Male,No,Never,No,27.1,Yes,Low,Moderate,Rural,Moderate,0
57,Female,No,Never,Occasional,27.0,No,Medium,Low,Urban,Moderate,0
58,Male,No,Never,No,32.3,No,Medium,Low,Rural,Moderate,0
37,Male,Occasionally,Never,No,30.6,No,Medium,Moderate,Urban,Moderate,0
29,Male,No,Daily (cigarette/bidi),No,27.0,No,Medium,Low,Rural,Low,0
82,Female,No,Never,No,20.2,No,High,Low,Urban,High,0
50,Female,Occasionally,Never,No,22.5,No,Medium,Low,Urban,Moderate,0
70,Male,No,Never,No,19.7,Yes,Medium,High,Rural,Low,0
79,Male,No,Never,No,25.7,No,Medium,Moderate,Rural,Moderate,0
80,Male,No,Never,No,25.2,No,Medium,Low,Urban,High,0
24,Male,No,Never,No,22.7,No,Low,Low,Urban,Moderate,0
67,Male,Daily,Never,No,30.8,No,High,Moderate,Rural,High,1
44,Female,Daily,Never,No,23.5,No,High,Moderate,Urban,High,0
48,Female,Occasionally,Occasional,No,25.9,No,Low,Moderate,Urban,Low,0
18,Female,No,Daily (cigarette/bidi),Occasional,23.9,No,Medium,High,Urban,High,0
28,Female,Occasionally,Never,No,18.0,No,High,Moderate,Urban,Low,0
39,Female,No,Never,Regular,16.4,No,Low,Moderate,Rural,High,0
19,Female,Daily,Never,Occasional,25.3,No,Medium,Moderate,Urban,High,0
64,Male,No,Never,Occasional,19.9,No,Medium,Moderate,Rural,Moderate,0
28,Male,Occasionally,Never,No,18.7,No,Low,Moderate,Rural,Moderate,0
69,Female,Occasionally,Never,No,23.3,No,Medium,Low,Urban,High,1
76,Female,No,Never,Regular,19.7,No,Low,Moderate,Rural,High,0
58,Female,No,Never,No,25.7,No,Medium,Moderate,Urban,Low,0
57,Male,No,Daily (cigarette/bidi),Regular,19.7,No,Medium,Moderate,Urban,Moderate,1
38,Female,Daily,Never,Occasional,22.4,No,Low,Low,Urban,High,0
50,Male,No,Daily (cigarette/bidi),No,33.4,Yes,Medium,High,Rural,Moderate,0
64,Male,No,Daily (cigarette/bidi),No,18.2,No,Low,Low,Rural,Low,0
74,Male,Occasionally,Occasional,No,24.0,No,Medium,Low,Rural,Low,1
24,Female,Daily,Never,Regular,27.1,Yes,Medium,Moderate,Rural,Low,1
82,Female,No,Occasional,No,20.4,No,Low,Low,Rural,Moderate,1
28,Female,No,Daily (cigarette/bidi),No,24.7,No,Medium,Moderate,Urban,High,0
22,Female,Occasionally,Daily (cigarette/bidi),No,15.6,No,High,Moderate,Rural,Low,0
30,Male,No,Daily (cigarette/bidi),No,21.0,No,Low,Low,Urban,Low,0
22,Female,No,Never,No,26.6,No,Medium,Low,Rural,High,0
77,Female,Daily,Never,No,26.4,No,Medium,Low,Urban,High,1
25,Male,No,Never,No,23.6,No,High,Low,Urban,Moderate,0
30,Male,Daily,Daily (cigarette/bidi),No,26.3,No,Medium,Moderate,Urban,Moderate,0
26,Male,No,Never,Occasional,23.4,No,Medium,Low,Rural,High,0
30,Male,Occasionally,Never,No,17.3,No,Medium,Low,Rural,High,0
40,Male,No,Never,No,27.1,No,High,Low,Urban,Low,0
39,Female,No,Never,No,29.2,No,Medium,Moderate,Rural,Moderate,0
61,Female,No,Daily (cigarette/bidi),No,23.8,No,Low,Moderate,Urban,High,0
85,Male,No,Occasional,No,29.5,No,High,Moderate,Rural,Moderate,1
49,Male,No,Never,No,19.3,No,Medium,Low,Rural,Moderate,0
82,Female,No,Daily (cigarette/bidi),Occasional,25.5,No,Medium,Moderate,Urban,Moderate,1
82,Male,No,Daily (cigarette/bidi),Regular,23.1,No,High,Moderate,Rural,Moderate,1
59,Female,Daily,Never,No,18.0,No,Medium,Low,Urban,High,1
28,Female,No,Never,No,22.6,No,Medium,Moderate,Urban,Low,0
71,Male,No,Never,No,30.1,No,High,Moderate,Rural,High,0
43,Male,No,Never,No,29.5,No,Medium,High,Rural,Low,0
28,Female,No,Never,No,24.9,Yes,Medium,Low,Urban,Low,0
31,Female,No,Daily (cigarette/bidi),Regular,17.6,No,High,Low,Rural,Moderate,1
63,Male,Occasionally,Daily (cigarette/bidi),No,19.2,No,Low,Low,Urban,Low,1
35,Female,No,Never,No,22.4,No,Medium,Low,Urban,Low,0
22,Male,No,Never,No,28.8,No,High,Moderate,Urban,High,0
27,Female,Occasionally,Occasional,No,26.9,No,Medium,High,Rural,Low,0
80,Female,Daily,Never,No,21.3,No,Medium,High,Urban,Moderate,1
55,Female,No,Daily (cigarette/bidi),No,31.2,No,Low,Low,Urban,Moderate,0
31,Female,No,Never,No,23.8,No,Medium,Low,Rural,Low,0
50,Female,No,Never,Occasional,23.2,No,High,Moderate,Rural,Moderate,0
42,Male,Daily,Never,No,19.1,No,Medium,High,Rural,Moderate,0
63,Female,No,Never,Occasional,22.9,Yes,High,Low,Rural,High,1
21,Male,No,Occasional,No,20.4,No,Low,Moderate,Rural,Moderate,0
28,Female,Daily,Never,No,26.6,Yes,High,Low,Rural,High,1
49,Female,No,Never,No,26.2,No,Low,Moderate,Urban,Moderate,0
64,Female,No,Daily (cigarette/bidi),No,18.6,No,Medium,High,Rural,Low,0
75,Male,No,Occasional,No,20.8,No,Low,Moderate,Urban,High,0
25,Male,No,Never,Regular,22.0,Yes,High,Moderate,Rural,Low,0
35,Male,Occasionally,Never,No,18.9,No,Medium,High,Rural,High,0
34,Male,Occasionally,Never,No,24.6,No,Medium,Low,Rural,Moderate,0
31,Male,Occasionally,Never,No,22.7,No,Medium,Low,Urban,High,0
40,Male,Occasionally,Occasional,No,25.7,Yes,Medium,High,Rural,Moderate,1
82,Male,No,Never,No,24.0,No,Medium,Moderate,Urban,Moderate,0
83,Female,No,Never,No,16.0,No,Medium,Moderate,Rural,High,0
62,Female,Occasionally,Occasional,No,26.7,No,Medium,Moderate,Urban,Low,0
19,Female,No,Never,Occasional,25.5,No,High,Low,Rural,Low,0
59,Female,Daily,Occasional,No,28.5,No,Low,Moderate,Urban,High,1
49,Male,Daily,Occasional,No,29.8,No,Medium,Low,Rural,Moderate,1
21,Male,No,Never,Regular,24.7,No,Medium,Low,Rural,Moderate,0
70,Female,No,Daily (cigarette/bidi),No,26.5,Yes,Medium,High,Urban,High,1
30,Male,Occasionally,Daily (cigarette/bidi),No,28.0,No,High,Moderate,Urban,High,1
32,Male,Occasionally,Never,No,28.5,No,Low,Low,Urban,Moderate,0
65,Male,Daily,Never,No,25.7,No,High,Low,Urban,Low,1
57,Male,Daily,Occasional,Occasional,23.2,No,Low,Low,Rural,High,1
83,Male,No,Never,No,21.9,No,Medium,Low,Urban,Moderate,0
31,Female,No,Never,Occasional,18.7,No,Medium,Low,Urban,Moderate,0
18,Male,No,Daily (cigarette/bidi),Regular,21.3,No,High,Moderate,Urban,Low,0
28,Male,No,Occasional,Occasional,25.5,No,Medium,Moderate,Rural,High,0
45,Female,Daily,Occasional,No,24.4,Yes,Medium,Moderate,Urban,Low,1
37,Male,Occasionally,Never,Occasional,21.4,No,Medium,High,Rural,Moderate,0
83,Female,No,Occasional,Occasional,26.6,No,Low,High,Rural,Moderate,0
73,Female,No,Never,No,26.6,Yes,Medium,Low,Rural,Low,0
22,Female,No,Never,No,15.2,No,Medium,High,Rural,Moderate,0
54,Male,Daily,Never,No,24.1,No,Medium,Moderate,Rural,High,1
49,Male,Daily,Occasional,No,25.5,No,High,Low,Urban,High,1
43,Male,Daily,Daily (cigarette/bidi),No,18.1,No,High,Low,Urban,Moderate,1
21,Female,No,Never,No,27.1,No,Low,High,Urban,Moderate,0
29,Male,No,Never,Regular,25.7,No,Medium,Low,Urban,High,0
82,Male,Daily,Never,Occasional,30.5,Yes,Low,Low,Rural,High,1
59,Male,No,Never,No,29.0,Yes,Low,Low,Urban,Low,0
18,Male,Occasionally,Never,No,24.5,No,Low,Low,Urban,Low,0
50,Female,No,Never,No,23.5,No,Low,Moderate,Urban,Low,0
65,Female,No,Never,Regular,26.9,No,Medium,Moderate,Rural,Moderate,0
68,Male,Daily,Never,No,16.0,No,Medium,Low,Rural,High,1
62,Male,Daily,Never,No,23.8,No,Medium,Moderate,Rural,Low,0
25,Male,Daily,Never,No,24.8,No,High,Low,Rural,High,1
47,Male,No,Daily (cigarette/bidi),Regular,21.5,No,Medium,Low,Rural,High,1
70,Female,No,Daily (cigarette/bidi),No,30.9,No,Medium,High,Urban,Low,0
39,Male,No,Daily (cigarette/bidi),No,23.4,No,High,Low,Urban,Moderate,0
25,Female,No,Occasional,Occasional,21.0,No,Medium,High,Urban,Moderate,0
21,Male,Daily,Never,No,24.8,No,Medium,Low,Rural,High,0
78,Male,No,Never,Regular,27.1,No,Medium,Low,Rural,Low,1
52,Female,No,Daily (cigarette/bidi),Occasional,21.5,No,Medium,Moderate,Urban,High,0
60,Female,Occasionally,Never,No,25.1,No,Low,Moderate,Rural,Moderate,0
50,Female,No,Never,No,19.3,No,Medium,Moderate,Rural,Moderate,0
62,Female,No,Never,Regular,28.2,No,Low,Low,Rural,High,1
43,Male,Daily,Never,Regular,25.0,Yes,Medium,Moderate,Urban,Moderate,1
20,Female,No,Never,No,24.9,No,Medium,Moderate,Urban,High,0
69,Female,No,Daily (cigarette/bidi),No,30.5,Yes,High,High,Rural,Low,1
69,Male,Daily,Occasional,No,22.6,No,High,Moderate,Urban,Moderate,1
34,Female,No,Never,No,25.2,No,Low,Low,Rural,High,0
41,Male,Occasionally,Never,Regular,15.9,No,Low,Moderate,Urban,Low,0
59,Male,Daily,Occasional,Regular,23.8,No,Low,Low,Urban,Moderate,1
79,Female,Occasionally,Never,Occasional,23.0,No,Low,Low,Urban,Moderate,1
56,Female,Daily,Never,No,28.8,No,Medium,Low,Urban,High,0
45,Male,No,Never,No,29.4,No,Medium,High,Rural,Moderate,0
84,Female,Occasionally,Never,No,32.0,No,Medium,Moderate,Urban,Moderate,1
39,Male,No,Occasional,Regular,28.5,No,Low,Low,Rural,Moderate,0
79,Female,No,Never,No,15.7,No,Low,Moderate,Rural,Moderate,0
41,Female,Daily,Daily (cigarette/bidi),Occasional,26.5,Yes,High,High,Rural,Moderate,1
74,Female,Daily,Never,No,21.5,No,High,Low,Rural,High,1
54,Female,No,Occasional,No,23.9,No,High,Low,Rural,High,0
68,Male,Occasionally,Occasional,No,18.2,No,Medium,Low,Urban,Moderate,0
24,Female,No,Never,Regular,19.6,No,High,Moderate,Urban,Low,0
27,Male,No,Daily (cigarette/bidi),No,26.0,No,Medium,Low,Rural,High,0
76,Female,No,Daily (cigarette/bidi),No,25.7,No,Low,Low,Rural,Low,1
23,Male,Daily,Never,No,29.6,No,Medium,Moderate,Rural,Low,0
54,Female,No,Never,No,25.6,No,High,Low,Urban,High,0
34,Male,Daily,Never,No,18.1,No,Medium,Low,Rural,Moderate,0
81,Male,No,Never,No,30.4,No,Medium,Moderate,Rural,Low,0
65,Female,No,Never,No,20.7,No,Medium,Low,Urban,High,0
41,Male,No,Occasional,Regular,28.3,No,Low,Low,Urban,Low,0
29,Female,Daily,Never,Occasional,17.6,No,Low,Moderate,Urban,Low,0
23,Female,Daily,Never,No,26.2,No,High,Low,Rural,Moderate,0
43,Male,No,Never,No,28.8,No,Medium,High,Urban,Moderate,0
21,Male,Daily,Occasional,No,16.4,No,Medium,Low,Urban,High,0
60,Male,No,Never,No,26.6,No,Low,High,Rural,Low,0
32,Female,No,Never,No,35.7,No,Medium,High,Rural,High,0
79,Male,Occasionally,Never,No,24.7,No,Low,Low,Rural,Low,0
25,Male,Occasionally,Never,No,32.1,No,Low,Low,Rural,High,0
23,Female,Daily,Never,No,27.5,No,Medium,High,Urban,High,0
55,Female,No,Never,No,19.8,No,High,High,Urban,Moderate,0
18,Male,No,Daily (cigarette/bidi),Occasional,22.4,No,High,Moderate,Rural,Low,0
50,Female,No,Daily (cigarette/bidi),Occasional,32.1,No,Medium,Low,Urban,Low,0
28,Male,No,Never,Occasional,21.8,No,Medium,Moderate,Rural,Moderate,0
31,Male,No,Never,No,23.7,No,Low,Low,Urban,Low,0
60,Male,Occasionally,Never,Occasional,31.2,No,Medium,Low,Rural,Low,1
66,Male,Occasionally,Never,No,20.8,No,High,High,Urban,High,0
60,Male,No,Never,Regular,30.0,No,Medium,Moderate,Urban,Moderate,0
20,Female,No,Never,No,24.4,No,High,Low,Urban,Moderate,0
30,Female,No,Never,No,18.6,No,Medium,Low,Urban,Low,0
24,Female,No,Daily (cigarette/bidi),No,28.6,No,High,Low,Urban,High,0
71,Male,No,Daily (cigarette/bidi),No,22.5,No,Low,High,Rural,Low,0
51,Female,No,Occasional,Regular,27.6,No,Medium,Moderate,Urban,Moderate,0
65,Male,Occasionally,Never,No,19.6,Yes,Medium,High,Rural,Moderate,0
32,Male,Occasionally,Daily (cigarette/bidi),No,27.7,No,Medium,Moderate,Rural,Low,0
54,Male,Daily,Daily (cigarette/bidi),No,27.9,No,Low,Moderate,Urban,Low,1
72,Female,No,Never,No,26.4,No,Low,Low,Urban,High,0
42,Female,No,Never,Occasional,33.8,No,Medium,Low,Urban,Low,0
58,Female,No,Never,Regular,19.0,No,Medium,Moderate,Rural,Moderate,0
35,Female,Daily,Never,No,26.3,No,Low,Low,Urban,Moderate,0
63,Female,Occasionally,Never,Regular,23.7,No,Medium,Low,Urban,Moderate,1
37,Female,Occasionally,Occasional,No,21.0,No,Medium,Moderate,Urban,Moderate,0
73,Female,No,Daily (cigarette/bidi),No,28.5,No,Low,Moderate,Urban,High,0
48,Female,No,Daily (cigarette/bidi),No,26.2,No,Medium,Moderate,Urban,Moderate,0
43,Female,Daily,Never,No,24.3,No,High,Moderate,Rural,High,1
67,Female,No,Daily (cigarette/bidi),No,26.0,No,Medium,Low,Urban,Moderate,0
66,Female,Daily,Daily (cigarette/bidi),No,31.7,No,Medium,Low,Urban,Moderate,1
82,Male,No,Never,No,21.5,No,Medium,High,Rural,Low,0
54,Female,Daily,Never,No,26.0,No,High,High,Rural,Moderate,0
64,Female,No,Occasional,Occasional,15.0,No,Medium,Moderate,Rural,Moderate,0
23,Female,No,Never,No,28.9,No,Low,Moderate,Urban,High,0
65,Male,No,Never,No,21.7,No,Medium,Low,Rural,High,0
18,Male,No,Never,Occasional,21.1,No,High,Low,Rural,High,0
75,Female,No,Never,Occasional,25.4,No,Low,Moderate,Urban,Low,0
75,Male,Daily,Never,No,24.4,No,Medium,Low,Rural,Moderate,1
77,Male,Daily,Never,No,25.5,No,High,Moderate,Urban,Moderate,1
58,Female,Daily,Daily (cigarette/bidi),No,23.1,Yes,Low,Moderate,Urban,Low,1
27,Male,No,Daily (cigarette/bidi),No,29.1,No,Low,High,Urban,High,0
21,Male,No,Never,Regular,21.3,No,Medium,Low,Rural,High,0
76,Male,Daily,Occasional,Occasional,15.2,No,High,Moderate,Urban,Low,1
56,Male,No,Occasional,No,31.9,No,Medium,Low,Urban,Moderate,0
25,Female,No,Never,No,24.2,No,High,Moderate,Urban,Moderate,0
22,Male,Daily,Never,No,27.4,No,Medium,Moderate,Rural,Moderate,0
71,Female,Occasionally,Never,No,20.3,No,Medium,Low,Urban,Low,0
59,Female,Daily,Occasional,No,24.9,No,Low,Low,Rural,High,1
85,Female,No,Never,Regular,16.1,No,Medium,Moderate,Rural,Low,1
68,Male,No,Daily (cigarette/bidi),No,36.2,No,High,High,Urban,Moderate,1
40,Female,Daily,Daily (cigarette/bidi),Regular,25.9,No,Medium,Low,Urban,Moderate,1
52,Male,No,Daily (cigarette/bidi),No,27.3,No,Medium,Low,Urban,Moderate,0
24,Female,No,Never,Occasional,30.4,No,Medium,Moderate,Rural,High,0
19,Female,No,Never,No,21.5,No,High,Low,Urban,Low,0
85,Male,Occasionally,Never,No,24.7,No,High,Low,Urban,Moderate,1
40,Female,Occasionally,Daily (cigarette/bidi),No,24.0,No,Low,High,Rural,Moderate,0
42,Male,No,Never,No,22.0,No,Medium,Low,Urban,High,0
39,Female,Daily,Daily (cigarette/bidi),No,23.7,No,Low,High,Urban,Moderate,0
41,Female,Daily,Never,No,18.5,Yes,Low,High,Urban,High,0
83,Male,No,Never,No,25.7,No,Medium,High,Urban,Moderate,0
25,Male,No,Occasional,No,18.6,No,Medium,Low,Urban,Moderate,0
50,Male,Daily,Never,No,24.1,No,Low,High,Rural,Moderate,0
69,Male,No,Never,No,22.1,No,High,High,Urban,High,0
57,Female,Occasionally,Never,No,23.1,No,High,Low,Urban,Moderate,0
20,Female,No,Never,Occasional,22.7,Yes,Medium,Moderate,Rural,Low,0
32,Female,No,Daily (cigarette/bidi),Occasional,30.3,No,High,Moderate,Rural,High,0
26,Female,No,Daily (cigarette/bidi),No,21.8,No,Low,Low,Urban,Low,0
74,Female,Occasionally,Never,Occasional,15.0,No,High,Low,Rural,Low,1
27,Female,Daily,Occasional,Regular,29.3,Yes,Low,Moderate,Urban,Moderate,1
82,Female,No,Never,No,19.9,No,High,Moderate,Urban,Low,0
36,Male,Occasionally,Never,Occasional,24.2,No,Medium,High,Rural,Low,0
33,Female,Occasionally,Never,No,26.6,No,Low,High,Urban,Moderate,0
28,Female,Occasionally,Never,No,26.3,Yes,High,Low,Rural,High,0
26,Female,No,Occasional,No,22.6,Yes,Medium,High,Urban,Moderate,0
25,Male,Daily,Never,No,21.6,No,Low,Low,Urban,High,0
32,Female,No,Never,Occasional,21.0,No,Medium,High,Urban,Moderate,0
54,Female,Daily,Daily (cigarette/bidi),No,21.2,No,Medium,Low,Urban,Moderate,1
22,Female,Occasionally,Occasional,No,15.8,No,Medium,Low,Rural,High,0
79,Male,Daily,Occasional,No,24.9,No,High,Low,Urban,High,1
37,Female,No,Never,No,27.0,No,Medium,Moderate,Urban,Moderate,0
62,Male,No,Daily (cigarette/bidi),No,21.7,No,Medium,Moderate,Urban,High,0
69,Female,Daily,Never,No,20.5,No,Low,Moderate,Urban,Moderate,0
38,Male,No,Never,No,25.2,No,Medium,Moderate,Rural,Moderate,0
62,Male,Occasionally,Daily (cigarette/bidi),No,19.3,No,High,Low,Urban,High,1
79,Female,No,Never,No,21.9,Yes,High,Low,Urban,Low,1
23,Female,No,Never,No,16.9,No,Medium,Low,Rural,Moderate,0
23,Male,No,Never,Regular,29.7,No,High,Low,Rural,Low,0
65,Male,No,Never,Occasional,25.3,No,Medium,Low,Urban,Moderate,0
18,Female,Daily,Never,No,15.7,No,High,High,Urban,Moderate,0
28,Female,No,Never,No,21.7,No,Medium,Moderate,Rural,High,0
22,Male,No,Never,No,23.0,No,Medium,Low,Urban,High,0
48,Male,No,Never,Occasional,19.7,No,High,Low,Urban,Moderate,0
64,Female,No,Never,No,31.5,No,High,Moderate,Rural,High,0
76,Male,No,Never,No,20.6,No,Medium,Low,Urban,Low,0
25,Female,Daily,Daily (cigarette/bidi),No,22.9,No,Low,Moderate,Rural,Moderate,1
67,Male,Occasionally,Never,No,21.2,No,High,Low,Urban,Moderate,0
50,Male,Daily,Occasional,Regular,25.4,No,High,Low,Rural,Low,1
35,Male,No,Never,Occasional,22.5,No,Low,Moderate,Urban,Moderate,0
50,Female,Daily,Occasional,Occasional,24.7,Yes,High,High,Urban,High,1
84,Male,Daily,Daily (cigarette/bidi),No,29.5,No,Medium,Moderate,Rural,Moderate,1
72,Female,No,Never,No,19.8,No,Medium,Moderate,Urban,High,0
29,Female,Daily,Never,No,23.9,No,Medium,High,Rural,High,0
73,Male,Daily,Never,Regular,21.5,Yes,Medium,Moderate,Rural,High,1
67,Male,Daily,Never,No,22.6,No,High,Low,Rural,Low,1
35,Female,No,Never,No,18.3,No,Medium,Moderate,Urban,High,0
34,Female,No,Never,No,29.3,No,Medium,Moderate,Urban,Low,0
55,Female,Daily,Never,No,19.7,No,Medium,High,Rural,Low,0
38,Male,No,Never,Regular,18.3,No,High,Low,Urban,Moderate,0
81,Female,Occasionally,Never,No,21.1,No,Medium,Low,Urban,Low,0
66,Male,No,Daily (cigarette/bidi),No,23.5,No,Medium,High,Urban,Low,0
19,Female,No,Never,No,15.0,No,High,Low,Urban,Moderate,0
67,Female,No,Never,No,18.2,Yes,High,Moderate,Urban,Low,0
70,Male,No,Never,Regular,21.3,No,High,Low,Urban,High,1
23,Male,No,Daily (cigarette/bidi),Regular,24.9,No,High,Low,Urban,Moderate,0
56,Female,No,Never,No,21.9,No,Medium,Low,Rural,Moderate,0
33,Female,Daily,Occasional,Regular,22.0,No,Medium,Moderate,Urban,Low,0
21,Male,No,Never,No,18.6,Yes,Medium,Moderate,Urban,Low,0
30,Female,No,Never,No,15.6,No,Low,Low,Urban,Low,0
22,Male,No,Never,No,15.0,No,High,Moderate,Urban,High,0
66,Female,Occasionally,Daily (cigarette/bidi),No,26.3,No,Medium,Moderate,Urban,Moderate,1
61,Female,No,Occasional,No,25.4,No,Medium,High,Urban,Moderate,0
35,Female,Occasionally,Never,No,27.6,No,Medium,Low,Rural,High,0
61,Female,Daily,Never,No,25.6,No,High,High,Urban,Moderate,1
35,Female,No,Daily (cigarette/bidi),No,23.9,No,Low,Low,Urban,Moderate,0
60,Male,Daily,Never,No,18.2,No,Medium,Low,Rural,Moderate,1
44,Female,No,Never,No,24.9,Yes,High,Moderate,Urban,Low,0
60,Male,No,Never,Occasional,30.9,No,Low,Moderate,Urban,High,0
40,Female,Daily,Daily (cigarette/bidi),No,19.3,No,Medium,Moderate,Rural,Moderate,1
30,Male,Occasionally,Never,No,23.8,No,Medium,High,Rural,Low,0
69,Female,Daily,Never,No,18.3,No,Medium,Low,Urban,Low,1
67,Male,Daily,Never,Occasional,20.4,No,High,High,Urban,Low,1
19,Male,No,Never,No,18.2,No,Low,Moderate,Urban,High,0
81,Female,No,Never,No,26.3,No,Low,Low,Rural,Moderate,0
25,Male,Occasionally,Never,No,23.1,No,Medium,Moderate,Rural,High,0
71,Male,No,Never,No,21.6,No,Medium,Moderate,Urban,Low,0
79,Male,Daily,Daily (cigarette/bidi),No,21.7,No,Low,Moderate,Rural,Moderate,1
44,Male,Daily,Daily (cigarette/bidi),Occasional,19.6,No,High,High,Urban,Moderate,1
52,Male,No,Never,Occasional,27.1,No,Medium,Low,Rural,Low,0
82,Male,Daily,Never,No,23.3,No,Medium,Moderate,Urban,High,1
69,Male,No,Never,No,24.0,No,Medium,High,Urban,High,0
60,Female,Daily,Never,No,25.1,No,High,Low,Rural,Low,1
67,Female,Daily,Never,No,29.8,No,Medium,Moderate,Urban,Moderate,1
80,Male,Daily,Never,No,24.8,No,Low,Low,Rural,Moderate,1
82,Male,No,Never,Occasional,27.1,No,Low,Low,Urban,Moderate,0
73,Male,Daily,Occasional,No,24.6,No,Medium,Low,Rural,High,1
82,Male,Occasionally,Never,No,30.0,No,Low,Low,Urban,Low,0
43,Female,No,Never,Occasional,18.3,No,Medium,Moderate,Urban,Moderate,0
68,Male,No,Never,Occasional,27.0,No,Medium,Low,Rural,Low,0
29,Male,No,Occasional,No,23.8,No,Medium,Moderate,Rural,Moderate,0
69,Male,No,Never,No,26.6,No,High,Moderate,Urban,Moderate,0
82,Female,Occasionally,Never,No,22.6,No,Medium,Moderate,Rural,Low,0
78,Male,Daily,Never,No,24.7,No,Low,Low,Urban,Low,0
50,Male,No,Never,Occasional,28.8,Yes,Medium,Moderate,Urban,Moderate,0
39,Male,Occasionally,Never,No,15.1,No,Medium,Low,Rural,High,0
44,Male,No,Never,Regular,32.1,No,Medium,Low,Rural,Low,0
34,Female,No,Never,No,28.0,No,High,Moderate,Urban,Low,0
41,Male,No,Never,No,25.6,No,High,Moderate,Rural,Moderate,0
49,Female,Occasionally,Never,No,15.7,No,Low,Moderate,Rural,Low,0
28,Male,Occasionally,Daily (cigarette/bidi),Regular,19.4,No,High,Low,Urban,High,1
71,Female,No,Never,Regular,18.1,Yes,High,High,Urban,Moderate,1
23,Male,Daily,Never,Occasional,27.0,No,High,Moderate,Urban,High,0
78,Female,Occasionally,Never,Occasional,27.1,No,Low,Low,Rural,High,1
53,Female,Daily,Daily (cigarette/bidi),No,19.0,Yes,Medium,Moderate,Urban,Moderate,1
50,Female,Daily,Never,No,24.5,No,Medium,Moderate,Rural,High,0
79,Female,No,Never,Regular,21.6,No,High,High,Urban,High,1
75,Male,No,Never,Occasional,28.9,No,Medium,Low,Urban,Moderate,0
72,Female,No,Never,No,25.4,No,Medium,Low,Rural,Moderate,0
81,Female,Occasionally,Never,Occasional,28.3,No,Medium,Moderate,Urban,Low,0
79,Male,Daily,Occasional,Regular,20.9,No,Medium,Moderate,Rural,High,1
60,Female,No,Daily (cigarette/bidi),No,18.5,No,Medium,High,Rural,High,0
71,Female,No,Never,No,23.3,No,Medium,Moderate,Rural,Moderate,0
24,Female,Occasionally,Occasional,No,30.4,No,High,Low,Urban,High,0
61,Female,Daily,Never,No,18.2,No,Medium,High,Urban,High,0
41,Female,Daily,Daily (cigarette/bidi),No,31.4,No,High,Low,Urban,Low,1
39,Male,Daily,Never,No,25.1,No,Medium,High,Rural,Low,0
53,Female,No,Daily (cigarette/bidi),No,30.5,No,Medium,Moderate,Urban,High,0
63,Male,Daily,Never,Regular,24.6,No,Low,Moderate,Urban,Moderate,1
32,Female,No,Daily (cigarette/bidi),No,30.5,Yes,Medium,Moderate,Urban,High,0
34,Male,No,Never,No,24.8,No,Medium,Moderate,Rural,High,0
78,Female,No,Daily (cigarette/bidi),No,24.3,No,Medium,Low,Urban,Low,1
81,Female,No,Never,No,15.2,No,Low,High,Urban,Low,0
71,Female,No,Never,No,25.5,No,Medium,Low,Urban,Low,0
64,Female,No,Never,Regular,31.9,No,Medium,Moderate,Urban,Low,0
57,Male,No,Never,No,23.7,No,High,Low,Rural,Moderate,0
34,Male,No,Never,No,22.8,No,Medium,Low,Rural,High,0
63,Female,No,Never,Occasional,20.2,No,Low,Low,Urban,High,0
27,Male,Occasionally,Never,Occasional,24.3,No,High,Low,Urban,Low,0
28,Male,Daily,Never,No,22.5,No,Medium,Low,Rural,Low,0
43,Male,No,Never,No,16.1,No,Low,High,Rural,High,0
55,Female,Daily,Never,No,22.6,No,Low,Low,Urban,Low,0
31,Male,No,Never,Occasional,29.5,Yes,Low,Moderate,Rural,High,0
23,Female,Daily,Daily (cigarette/bidi),No,22.4,No,Medium,Moderate,Urban,High,1
61,Female,Daily,Never,No,29.5,No,Medium,High,Rural,High,1
64,Female,No,Never,No,33.3,No,Medium,High,Urban,Moderate,0
47,Male,No,Never,No,25.0,No,Medium,Moderate,Urban,Moderate,0
29,Female,No,Daily (cigarette/bidi),No,25.9,Yes,Medium,High,Urban,Moderate,0
37,Male,No,Never,No,18.3,No,Medium,Moderate,Urban,Moderate,0
68,Male,Daily,Never,Occasional,35.4,No,Low,Low,Urban,High,1
56,Male,No,Never,No,19.0,No,Low,Low,Urban,Moderate,0
38,Female,No,Daily (cigarette/bidi),Occasional,21.6,No,Medium,High,Urban,Low,0
52,Male,No,Occasional,No,22.3,No,High,Moderate,Rural,Moderate,0
67,Male,No,Never,Occasional,28.9,No,Medium,Moderate,Rural,Low,0
81,Female,No,Never,Occasional,21.3,No,Low,Low,Urban,Moderate,0
41,Female,Daily,Daily (cigarette/bidi),No,24.4,No,Medium,Moderate,Urban,Low,1
60,Male,Daily,Never,Regular,23.9,No,High,High,Urban,Moderate,1
32,Male,Daily,Never,No,30.0,Yes,Low,High,Urban,Low,0
56,Male,No,Never,No,18.8,No,Low,Moderate,Urban,Low,0
31,Female,No,Occasional,No,23.1,No,Low,High,Urban,Moderate,0
84,Female,Occasionally,Never,No,23.5,No,Medium,Moderate,Rural,Moderate,1
25,Male,No,Never,No,18.5,No,Medium,Low,Urban,Low,0
21,Male,No,Never,Occasional,24.3,No,High,High,Rural,High,0
62,Male,Daily,Occasional,No,17.7,No,Low,High,Urban,High,1
83,Male,Occasionally,Never,Occasional,22.3,No,Low,High,Rural,High,1
70,Male,No,Never,No,23.3,No,High,Low,Urban,Low,0
57,Female,No,Never,Occasional,21.2,No,Medium,High,Urban,Low,0
56,Male,Daily,Never,Regular,21.6,No,High,Moderate,Urban,High,1
23,Male,Daily,Never,No,18.3,No,Low,Moderate,Urban,Moderate,0
85,Female,Daily,Never,Occasional,25.2,No,High,Low,Urban,High,1
67,Male,Occasionally,Daily (cigarette/bidi),Occasional,20.1,No,Low,Moderate,Rural,Low,0
68,Male,No,Daily (cigarette/bidi),No,18.7,No,High,High,Urban,High,1
57,Male,Occasionally,Never,No,27.7,No,Low,Low,Urban,Moderate,0
22,Male,No,Never,No,20.6,No,Low,Low,Urban,Moderate,0
78,Male,No,Occasional,No,27.7,No,High,Low,Urban,Low,0
41,Male,No,Never,No,27.7,No,Low,Low,Rural,High,0
68,Female,Occasionally,Occasional,Regular,26.6,No,Low,Low,Urban,High,1
34,Female,No,Daily (cigarette/bidi),No,26.6,No,Low,High,Rural,High,0
18,Female,No,Never,No,21.6,No,Medium,Low,Rural,Moderate,0
82,Female,No,Daily (cigarette/bidi),No,22.8,No,Low,Moderate,Rural,Low,1
39,Male,No,Never,No,19.9,No,High,Moderate,Urban,Low,0
42,Male,Occasionally,Daily (cigarette/bidi),Regular,16.3,No,High,Moderate,Urban,High,1
38,Male,Daily,Never,Occasional,26.8,No,Medium,Moderate,Urban,High,0
44,Female,Daily,Occasional,No,23.9,No,Medium,Moderate,Urban,Moderate,0
53,Female,No,Never,Regular,25.3,No,Low,Moderate,Urban,Moderate,0
85,Female,Daily,Never,No,33.4,No,High,Moderate,Urban,Moderate,1
25,Female,No,Never,No,27.0,No,High,Moderate,Urban,Low,0
26,Female,No,Never,Occasional,26.5,No,Low,Moderate,Rural,Moderate,0
39,Male,No,Daily (cigarette/bidi),Regular,32.2,No,High,Low,Urban,High,1
36,Female,No,Occasional,No,21.6,No,Medium,Moderate,Rural,Low,0
63,Male,Occasionally,Occasional,No,19.7,No,Low,Low,Urban,Low,0
58,Male,No,Occasional,No,22.5,No,High,Low,Urban,Moderate,0
34,Male,No,Daily (cigarette/bidi),No,20.3,No,High,Low,Urban,High,1
25,Male,No,Occasional,No,21.6,Yes,Low,High,Rural,Moderate,0
48,Female,Daily,Never,No,22.6,No,Low,Low,Rural,Low,0
32,Female,No,Daily (cigarette/bidi),No,23.7,No,High,High,Urban,Moderate,0
61,Female,Daily,Never,No,24.8,No,Low,High,Urban,Moderate,0
23,Female,No,Never,No,18.6,No,High,Low,Urban,High,0
24,Female,No,Daily (cigarette/bidi),Occasional,21.3,No,Low,Low,Rural,Low,0
40,Female,Daily,Daily (cigarette/bidi),Regular,24.7,No,Medium,Moderate,Urban,Low,1
27,Male,No,Never,Regular,19.3,No,Medium,Low,Urban,Low,0
65,Male,No,Never,No,24.8,No,Medium,Low,Rural,Moderate,0
58,Male,No,Never,No,30.3,No,Medium,Low,Urban,Low,0
23,Female,Daily,Never,Occasional,15.0,No,Medium,Moderate,Urban,High,0
54,Male,No,Never,No,26.5,No,Medium,Low,Urban,Moderate,0
73,Male,Occasionally,Occasional,No,25.9,No,Medium,High,Urban,High,0
43,Female,No,Never,No,20.6,Yes,Low,Low,Rural,Moderate,0
41,Female,No,Never,No,18.3,No,Low,Low,Urban,Moderate,0
28,Male,No,Daily (cigarette/bidi),No,24.5,No,High,Moderate,Rural,Low,0
74,Female,No,Never,No,18.2,No,Low,Moderate,Rural,High,0
75,Female,Daily,Occasional,No,28.2,No,High,Moderate,Rural,Moderate,1
22,Female,Daily,Never,No,24.7,No,Medium,Moderate,Rural,Moderate,0
56,Male,Daily,Never,Occasional,25.3,No,High,Low,Rural,Moderate,1
68,Male,Occasionally,Occasional,No,24.4,No,Low,Moderate,Urban,High,0
82,Female,No,Never,No,15.6,No,Medium,Moderate,Urban,Moderate,0
47,Male,No,Never,No,20.4,No,High,Moderate,Urban,High,0
19,Male,No,Daily (cigarette/bidi),No,24.8,No,Low,Low,Urban,Moderate,0
44,Female,No,Occasional,Occasional,19.4,No,Low,Moderate,Urban,High,0
55,Female,No,Never,Occasional,23.3,No,Medium,High,Urban,Low,0
28,Female,No,Never,Occasional,21.9,No,High,Moderate,Rural,Moderate,0
75,Female,No,Never,No,26.8,No,Low,Moderate,Rural,High,0
81,Female,No,Never,No,28.0,No,High,Low,Urban,High,0
53,Male,No,Never,No,21.2,No,Medium,Low,Rural,Moderate,0
55,Female,Daily,Occasional,Occasional,18.9,No,High,Moderate,Urban,Moderate,1
46,Female,No,Daily (cigarette/bidi),No,30.5,Yes,High,Low,Rural,Low,1
18,Female,Occasionally,Daily (cigarette/bidi),No,24.9,No,Medium,Low,Rural,High,0
84,Female,No,Never,Occasional,23.7,No,Medium,Moderate,Rural,Moderate,0
35,Male,No,Daily (cigarette/bidi),No,28.8,No,High,Low,Urban,Low,0
77,Female,No,Never,Occasional,33.8,No,Low,High,Urban,High,0
83,Male,No,Occasional,No,20.0,No,Medium,Low,Rural,Moderate,1
28,Male,Daily,Daily (cigarette/bidi),No,20.0,No,Medium,Low,Urban,High,1
67,Male,Occasionally,Never,No,15.0,No,Medium,High,Urban,High,0
28,Female,No,Daily (cigarette/bidi),Regular,22.0,No,High,Moderate,Rural,Low,0
30,Male,Daily,Never,No,29.1,No,Medium,Low,Rural,High,1
69,Female,No,Never,No,32.2,Yes,Medium,Moderate,Urban,Moderate,1
54,Female,No,Never,No,29.0,No,Low,High,Rural,Low,0
53,Male,No,Never,No,26.1,No,Low,Moderate,Urban,Moderate,0
64,Male,No,Never,No,27.3,No,Medium,Low,Urban,Low,0
26,Female,No,Never,No,19.5,Yes,Low,Moderate,Urban,Low,0
55,Female,No,Daily (cigarette/bidi),No,25.1,No,Medium,High,Urban,Moderate,0
34,Female,Daily,Never,No,25.3,No,Medium,High,Rural,High,0
59,Female,No,Never,Regular,15.0,No,Medium,High,Urban,Moderate,0
61,Female,Daily,Never,No,24.3,No,High,Moderate,Urban,Low,1
51,Male,No,Occasional,Regular,25.6,No,Low,Low,Urban,Moderate,0
53,Male,No,Never,No,27.2,No,Low,Low,Urban,Moderate,0
57,Male,No,Never,No,27.9,No,Medium,Low,Urban,High,0
55,Male,Daily,Occasional,No,18.0,No,Low,Low,Urban,Moderate,1
40,Male,Daily,Daily (cigarette/bidi),No,24.4,No,Low,Moderate,Rural,Moderate,1
83,Male,Occasionally,Never,No,24.2,No,High,Moderate,Rural,Moderate,0
65,Male,Daily,Never,No,25.6,No,Medium,Low,Rural,Moderate,1
23,Female,No,Occasional,Regular,27.7,No,Medium,Low,Urban,Moderate,0
47,Male,No,Never,No,29.4,No,High,High,Urban,High,0
31,Female,No,Never,No,28.8,Yes,Low,Low,Rural,Low,0
54,Female,Occasionally,Never,No,24.4,No,Medium,Moderate,Urban,High,0
85,Male,No,Never,Occasional,23.0,Yes,Medium,High,Urban,Moderate,1
38,Female,Daily,Daily (cigarette/bidi),Regular,21.1,No,High,High,Urban,Moderate,1
28,Female,No,Never,No,26.6,No,Medium,Low,Urban,Low,0
84,Female,No,Occasional,No,30.7,No,Low,Moderate,Rural,Low,0
32,Female,No,Daily (cigarette/bidi),Occasional,16.1,No,High,Low,Urban,Low,0
75,Female,Occasionally,Never,Occasional,17.9,No,Medium,Low,Rural,Low,0
22,Female,No,Daily (cigarette/bidi),No,18.3,No,High,Moderate,Rural,High,0
80,Female,No,Never,No,33.2,No,Low,High,Urban,Low,0
20,Female,No,Never,No,22.7,Yes,Low,Low,Rural,Low,0
70,Female,No,Never,Regular,23.6,Yes,Medium,Moderate,Rural,Moderate,1
51,Male,No,Never,No,20.5,No,Low,Moderate,Urban,Moderate,0
59,Male,Occasionally,Daily (cigarette/bidi),Occasional,26.0,No,High,Low,Urban,High,1
56,Female,Occasionally,Never,Occasional,25.7,Yes,High,Low,Urban,Low,1
31,Male,Occasionally,Never,No,17.6,No,Medium,High,Urban,Moderate,0
32,Female,No,Never,Regular,20.3,Yes,Medium,High,Urban,High,0
43,Female,Daily,Never,Regular,24.2,No,Medium,Moderate,Urban,Moderate,1
54,Female,No,Daily (cigarette/bidi),Occasional,38.2,No,Medium,Low,Urban,Moderate,1
59,Female,No,Never,No,27.7,No,Low,Low,Rural,High,0
27,Female,No,Never,No,25.9,No,Medium,Moderate,Urban,Moderate,0
41,Female,No,Daily (cigarette/bidi),No,20.9,No,Medium,Low,Rural,Low,0
78,Male,No,Never,No,25.6,No,High,Moderate,Rural,High,0
40,Female,No,Never,No,24.6,No,Low,Low,Rural,Moderate,0
84,Female,Daily,Daily (cigarette/bidi),No,22.5,No,Medium,Moderate,Urban,High,1
57,Male,No,Daily (cigarette/bidi),No,24.2,No,Medium,Moderate,Urban,Moderate,0
57,Female,Daily,Never,No,29.3,No,High,Moderate,Urban,High,1
71,Female,No,Never,No,21.0,No,Low,High,Rural,High,0
39,Female,No,Never,No,26.1,No,Medium,Low,Rural,Moderate,0
79,Male,No,Daily (cigarette/bidi),No,21.4,Yes,High,High,Urban,Moderate,1
85,Male,No,Never,No,24.6,No,High,Moderate,Urban,High,0
85,Male,No,Never,Regular,23.9,No,Medium,Moderate,Urban,High,1
60,Male,Daily,Occasional,Occasional,28.8,No,Medium,Low,Urban,High,1
54,Male,Occasionally,Never,No,27.7,No,Low,Moderate,Urban,Low,0
63,Female,No,Occasional,No,25.1,No,Medium,Low,Rural,Moderate,0
53,Female,Daily,Daily (cigarette/bidi),No,24.2,No,Medium,High,Rural,Low,1
47,Female,No,Never,No,23.4,No,High,Moderate,Urban,Low,0
30,Male,No,Occasional,No,27.0,No,Medium,High,Urban,Moderate,0
60,Female,No,Never,No,20.7,No,Low,Low,Urban,Moderate,0
51,Male,Occasionally,Daily (cigarette/bidi),Regular,26.9,No,Medium,Low,Urban,Low,1
33,Male,No,Never,No,25.9,No,Low,High,Urban,Low,0
40,Male,Daily,Never,Regular,26.1,No,Low,Low,Rural,Low,0
41,Male,No,Daily (cigarette/bidi),Occasional,31.1,No,Low,Low,Urban,Low,0
70,Female,No,Never,No,27.3,No,Medium,Moderate,Rural,Moderate,0
79,Male,No,Never,No,26.5,No,Low,Moderate,Urban,Low,0
78,Male,No,Never,Occasional,20.1,Yes,Medium,Low,Urban,Low,0
39,Male,Occasionally,Never,No,21.7,No,High,Moderate,Urban,High,0
74,Female,No,Never,Occasional,29.4,No,High,High,Urban,Low,0
60,Male,Occasionally,Never,Occasional,28.0,No,Low,Low,Rural,Low,0
61,Female,No,Never,No,25.8,No,Low,Moderate,Urban,Moderate,0
51,Female,No,Never,Occasional,21.6,No,Medium,High,Rural,Moderate,0
39,Female,Occasionally,Never,Occasional,29.6,No,Medium,High,Urban,Low,0
31,Male,Occasionally,Never,No,19.1,No,Medium,Moderate,Urban,Low,0
32,Male,No,Never,Regular,23.9,No,High,Low,Rural,Moderate,0
61,Female,No,Never,No,21.4,No,Low,Low,Rural,Low,0
20,Female,No,Occasional,Regular,18.0,No,Medium,Low,Rural,Moderate,0
18,Male,No,Occasional,No,33.2,No,Low,Low,Rural,Low,0
28,Male,Occasionally,Never,No,17.3,No,Medium,Moderate,Urban,Low,0
65,Male,No,Occasional,Regular,28.3,No,Low,High,Urban,Low,0
85,Female,No,Never,No,24.6,No,Medium,High,Rural,Low,0
80,Male,Daily,Never,Regular,27.5,No,Medium,Low,Rural,Moderate,1
79,Male,Daily,Daily (cigarette/bidi),No,33.2,No,Low,Low,Urban,High,1
81,Male,No,Occasional,Occasional,24.0,No,Low,Moderate,Urban,Moderate,0
33,Male,No,Never,No,15.0,No,Low,Low,Urban,High,0
42,Female,Daily,Never,No,26.0,No,Medium,Moderate,Urban,Low,0
75,Male,No,Never,No,30.6,No,Low,Low,Urban,High,0
40,Male,No,Never,Occasional,23.0,No,Medium,Moderate,Rural,Low,0
42,Female,No,Never,Occasional,19.3,No,High,Low,Rural,Low,0
60,Male,Occasionally,Daily (cigarette/bidi),Regular,27.5,No,Medium,High,Rural,Low,1
85,Female,No,Never,No,27.5,No,High,Moderate,Rural,High,0
62,Female,No,Never,No,23.0,No,Low,Low,Rural,High,0
62,Male,No,Never,No,20.3,No,Medium,Low,Urban,Low,0
63,Female,No,Never,No,23.3,No,Low,Moderate,Urban,Moderate,0
32,Male,No,Never,No,25.9,Yes,Medium,High,Urban,Moderate,0
66,Male,Daily,Never,No,26.0,No,Low,High,Urban,Low,0
50,Female,No,Never,No,26.2,No,Medium,Moderate,Rural,Low,0
62,Male,No,Daily (cigarette/bidi),No,29.2,No,Medium,Moderate,Urban,High,1
34,Male,No,Never,No,22.6,No,Low,High,Urban,High,0
77,Male,No,Never,Occasional,21.3,Yes,Low,Low,Rural,Moderate,0
35,Female,Occasionally,Never,No,22.5,No,Medium,High,Rural,Low,0
25,Female,No,Never,No,21.1,No,High,Moderate,Urban,Moderate,0
77,Female,No,Never,No,20.9,No,Medium,Low,Rural,High,0
72,Female,No,Occasional,No,25.4,Yes,Medium,Moderate,Rural,Low,0
76,Male,No,Daily (cigarette/bidi),No,20.5,No,Low,Moderate,Urban,Low,0
55,Male,No,Never,No,24.0,No,High,Moderate,Urban,High,0
69,Male,Occasionally,Occasional,No,15.0,No,High,Moderate,Rural,Moderate,1
37,Male,No,Daily (cigarette/bidi),No,32.2,No,High,Low,Urban,Moderate,0
64,Female,No,Never,No,26.7,Yes,Medium,Low,Urban,Moderate,0
42,Male,No,Daily (cigarette/bidi),Regular,23.6,No,Medium,Moderate,Urban,Low,0
49,Male,No,Never,No,23.1,Yes,Medium,Low,Rural,Low,0
28,Male,No,Occasional,Regular,23.2,No,High,Low,Rural,High,0
26,Female,No,Daily (cigarette/bidi),No,27.8,No,Medium,Low,Urban,Moderate,0
73,Male,No,Never,No,28.7,No,Medium,Low,Urban,High,0
20,Male,No,Never,Occasional,19.6,Yes,High,Moderate,Urban,Moderate,0
74,Female,Daily,Never,No,35.7,No,Low,High,Urban,Moderate,1
26,Female,Daily,Never,No,27.2,No,Low,Low,Rural,Moderate,0
74,Female,Occasionally,Never,Occasional,27.1,No,Medium,High,Rural,Moderate,0
33,Male,Occasionally,Occasional,No,30.0,No,Low,High,Rural,Low,0
31,Male,No,Daily (cigarette/bidi),No,29.3,No,Low,High,Urban,Low,0
40,Female,No,Never,Occasional,22.3,No,Medium,Moderate,Urban,Low,0
57,Male,No,Never,No,27.2,No,High,Low,Rural,Low,0
78,Female,No,Never,No,26.6,No,High,Moderate,Urban,Moderate,0
66,Male,No,Daily (cigarette/bidi),No,23.8,No,High,Moderate,Urban,Moderate,1
23,Female,Occasionally,Daily (cigarette/bidi),No,24.0,No,High,Moderate,Rural,Moderate,0
48,Female,Daily,Never,No,25.6,No,Medium,Moderate,Urban,Moderate,0
73,Female,Daily,Occasional,No,29.0,No,Medium,Moderate,Urban,Moderate,1
42,Male,No,Never,Regular,23.3,Yes,Medium,Moderate,Urban,Moderate,0
36,Female,Occasionally,Daily (cigarette/bidi),Occasional,26.7,No,Medium,Low,Urban,Low,0
32,Male,Occasionally,Never,No,26.1,No,Medium,Low,Urban,Moderate,0
37,Female,Occasionally,Never,Regular,21.7,No,Medium,Moderate,Rural,Moderate,0
19,Female,No,Never,No,26.3,No,Medium,Moderate,Rural,Moderate,0
25,Male,No,Daily (cigarette/bidi),No,28.7,Yes,Medium,Moderate,Urban,Low,0
52,Male,No,Never,No,25.3,No,Medium,Moderate,Urban,Moderate,0
36,Female,No,Never,No,16.4,No,Low,Moderate,Rural,High,0
83,Male,Daily,Occasional,No,20.1,No,Medium,Low,Rural,Moderate,1
52,Male,No,Never,Occasional,19.1,No,Low,Moderate,Urban,High,0
56,Female,No,Never,Occasional,27.0,No,Medium,Moderate,Rural,Moderate,0
66,Male,Daily,Never,No,16.5,No,Medium,Low,Rural,Low,1
39,Female,No,Never,Occasional,27.5,No,High,High,Urban,Moderate,0
45,Female,No,Never,Regular,27.4,No,Medium,Moderate,Urban,Moderate,0
62,Male,Occasionally,Daily (cigarette/bidi),Occasional,29.5,No,High,Low,Rural,Moderate,1
58,Female,Occasionally,Never,No,27.8,No,Low,Low,Urban,Low,0
25,Female,No,Never,Occasional,31.4,No,Medium,Moderate,Urban,Low,0
48,Male,Occasionally,Never,No,26.4,No,High,Moderate,Rural,Low,0
24,Female,Daily,Never,No,20.1,No,Medium,Low,Rural,Moderate,0
19,Male,No,Never,No,24.3,No,Medium,Low,Rural,Moderate,0
67,Female,No,Daily (cigarette/bidi),No,31.8,No,High,Moderate,Rural,Moderate,1
42,Female,No,Daily (cigarette/bidi),Occasional,25.8,No,High,High,Urban,High,0
61,Male,No,Never,Occasional,28.5,No,High,Moderate,Rural,Low,0
28,Male,Daily,Never,No,17.4,No,Medium,Low,Rural,Low,0
78,Female,No,Occasional,No,22.9,No,High,Moderate,Urban,High,0
80,Male,No,Never,No,28.4,No,High,High,Rural,High,0
33,Male,No,Never,No,30.0,No,Low,High,Rural,High,0
54,Male,Occasionally,Daily (cigarette/bidi),No,21.8,No,Medium,High,Urban,High,1
75,Female,Daily,Occasional,No,23.6,Yes,Medium,Moderate,Urban,Low,1
76,Female,No,Never,No,20.6,Yes,Low,Moderate,Urban,Low,0
44,Female,Daily,Never,Occasional,23.3,No,Low,Low,Urban,Moderate,0
70,Female,Occasionally,Never,Occasional,21.8,No,Medium,High,Rural,High,0
37,Male,No,Daily (cigarette/bidi),No,33.2,No,High,Moderate,Rural,Moderate,0
77,Female,No,Occasional,Occasional,15.7,No,Low,Moderate,Urban,Moderate,0
39,Male,Daily,Never,Occasional,17.6,No,Medium,Low,Rural,Low,1
84,Male,No,Never,No,26.9,Yes,Low,Moderate,Urban,Low,0
64,Female,Daily,Never,No,19.9,No,Medium,Low,Urban,Moderate,1
56,Male,No,Never,No,18.7,No,Low,Moderate,Urban,High,0
29,Male,No,Never,Regular,25.5,No,Low,Moderate,Rural,High,0
44,Female,No,Occasional,Occasional,31.6,No,High,High,Rural,High,0
54,Female,No,Never,No,15.0,No,Low,Low,Rural,Low,0
41,Male,No,Daily (cigarette/bidi),No,25.6,No,Medium,Moderate,Urban,Moderate,0
29,Male,No,Occasional,No,21.3,No,Low,Low,Rural,Moderate,0
64,Male,Daily,Never,Regular,18.7,No,High,Moderate,Urban,Moderate,1
35,Female,No,Never,No,24.1,No,High,High,Rural,Moderate,0
66,Male,No,Never,No,17.9,No,Medium,Low,Urban,Low,0
70,Male,Occasionally,Never,Regular,29.0,No,Medium,Low,Rural,Moderate,1
49,Female,No,Never,No,31.8,No,Low,Low,Rural,Moderate,0
39,Male,Occasionally,Never,No,30.7,No,Medium,Moderate,Urban,Low,0
21,Male,Daily,Daily (cigarette/bidi),No,22.9,No,Medium,High,Rural,Low,0
20,Male,Occasionally,Never,No,27.0,No,Low,Moderate,Rural,Moderate,0
65,Female,Occasionally,Never,No,29.4,No,Medium,Low,Rural,Moderate,0
38,Male,Occasionally,Daily (cigarette/bidi),No,25.7,Yes,Low,High,Rural,High,1
37,Female,No,Never,No,20.9,No,High,High,Rural,High,0
79,Male,No,Never,No,22.6,No,Low,Low,Urban,Low,0
53,Female,Daily,Never,No,27.6,No,Medium,Low,Rural,Low,1
81,Male,Daily,Never,No,26.6,No,High,Low,Urban,Low,1
34,Male,No,Occasional,No,21.9,No,Medium,High,Rural,Low,0
76,Male,No,Never,Occasional,30.3,No,High,Moderate,Rural,Moderate,0
20,Female,Daily,Never,No,27.3,No,Medium,Low,Rural,Moderate,0
85,Female,No,Daily (cigarette/bidi),No,23.3,No,Medium,High,Urban,Moderate,1
65,Female,Occasionally,Never,No,22.6,Yes,High,Low,Rural,Moderate,1
18,Male,No,Occasional,No,23.5,No,Medium,Moderate,Urban,Moderate,0
77,Male,No,Never,No,25.6,No,Low,Moderate,Rural,Moderate,0
59,Male,Occasionally,Never,No,24.0,No,Medium,Moderate,Rural,High,0
81,Female,No,Occasional,Regular,20.9,No,Medium,Low,Urban,Moderate,1
21,Male,No,Never,Occasional,23.7,No,Medium,Moderate,Urban,Low,0
51,Female,No,Daily (cigarette/bidi),No,24.5,No,High,Low,Urban,High,0
78,Male,No,Never,No,21.9,No,Medium,Low,Urban,Low,0
25,Male,No,Never,No,21.5,No,Medium,Low,Rural,Moderate,0
61,Male,No,Never,No,17.8,No,Medium,Moderate,Urban,Low,0
62,Female,No,Daily (cigarette/bidi),No,26.9,No,Medium,Moderate,Urban,Low,0
81,Male,Daily,Daily (cigarette/bidi),No,24.2,Yes,High,Low,Urban,High,1
22,Male,No,Daily (cigarette/bidi),No,22.5,No,Medium,High,Urban,Low,0
43,Male,Occasionally,Occasional,No,24.0,Yes,Low,High,Rural,Low,0
28,Male,No,Never,No,25.0,No,High,Low,Urban,Low,0
81,Female,No,Daily (cigarette/bidi),Occasional,31.7,No,High,Low,Urban,Moderate,1
31,Female,No,Never,No,28.4,No,Low,High,Urban,High,0
77,Female,No,Daily (cigarette/bidi),No,26.3,No,High,Low,Urban,Moderate,1
48,Female,No,Never,Occasional,21.1,Yes,High,Low,Rural,Low,0
79,Male,No,Never,No,24.8,No,High,Low,Rural,High,1
44,Female,No,Never,Regular,21.2,No,High,Moderate,Rural,Low,0
30,Female,Daily,Never,No,24.5,No,High,Moderate,Rural,Moderate,0
83,Male,Daily,Daily (cigarette/bidi),Occasional,25.5,No,Medium,Moderate,Rural,Moderate,1
41,Male,Occasionally,Daily (cigarette/bidi),Occasional,21.6,Yes,Low,High,Urban,Low,0
35,Female,Daily,Never,No,21.0,No,Low,Low,Rural,Moderate,0
29,Male,No,Occasional,Occasional,23.2,No,Low,Moderate,Urban,Low,0
25,Male,Occasionally,Daily (cigarette/bidi),Regular,22.7,No,Low,Low,Urban,Moderate,0
30,Female,No,Occasional,No,26.3,No,High,High,Rural,Moderate,0
60,Female,Daily,Never,No,18.1,No,Medium,High,Urban,Moderate,0
34,Female,No,Never,No,27.9,No,Medium,Moderate,Urban,High,0
31,Female,No,Never,No,29.5,No,Medium,Low,Urban,High,0
23,Male,No,Never,No,24.6,No,Medium,Moderate,Rural,Low,0
44,Male,Daily,Never,Occasional,24.9,No,Medium,Moderate,Urban,Moderate,0
38,Female,Daily,Never,No,23.8,No,High,Moderate,Urban,High,0
71,Female,No,Never,Regular,28.4,No,Low,Moderate,Urban,High,0
74,Male,No,Occasional,Occasional,25.1,No,Medium,Low,Urban,High,1
51,Female,No,Occasional,No,21.1,No,High,Low,Urban,Moderate,0
68,Male,Daily,Occasional,Regular,22.0,No,Low,Low,Rural,Moderate,1
32,Male,No,Never,No,29.7,No,Low,Moderate,Urban,High,0
18,Female,No,Never,No,26.3,No,Low,Low,Urban,High,0
49,Male,No,Never,No,19.0,Yes,Medium,Moderate,Rural,Low,0
59,Female,No,Never,Regular,28.4,No,High,Low,Rural,Moderate,0
58,Female,No,Never,Occasional,23.2,No,Medium,Low,Urban,Moderate,0
79,Male,No,Never,Occasional,30.3,No,High,Moderate,Rural,Low,0
63,Female,No,Occasional,No,19.0,Yes,Medium,Moderate,Urban,Moderate,0
66,Female,No,Never,Regular,26.4,Yes,Low,High,Urban,Moderate,0
42,Female,No,Never,No,31.5,No,Low,Low,Rural,Moderate,0
42,Female,No,Never,No,21.8,No,Medium,Low,Rural,Moderate,0
40,Male,No,Never,No,21.1,No,Low,Moderate,Urban,Moderate,0
39,Male,Daily,Never,Occasional,18.6,No,High,Low,Rural,High,0
77,Female,Occasionally,Never,No,20.5,No,High,Moderate,Rural,Low,0
31,Female,No,Never,Occasional,19.4,Yes,Medium,Moderate,Rural,Low,0
23,Male,No,Never,No,31.5,Yes,Medium,Moderate,Rural,High,0
27,Male,No,Daily (cigarette/bidi),Occasional,21.6,No,Medium,Moderate,Urban,High,0
85,Male,No,Never,No,24.1,No,Medium,Moderate,Urban,High,0
50,Male,No,Never,No,22.1,No,High,Low,Rural,High,0
70,Female,Occasionally,Never,No,28.5,No,High,Low,Rural,Moderate,1
21,Female,No,Never,Regular,26.6,No,Medium,Moderate,Rural,Moderate,0
31,Female,No,Never,Regular,15.0,Yes,Low,Low,Rural,High,0
50,Male,No,Never,No,25.0,No,Medium,High,Rural,High,0
29,Female,No,Daily (cigarette/bidi),No,18.5,No,High,High,Urban,Moderate,0
47,Female,Daily,Never,No,22.1,No,Medium,Low,Rural,Moderate,1
70,Female,No,Never,Occasional,31.0,No,High,High,Rural,Moderate,0
45,Male,Daily,Never,No,25.6,No,Low,Moderate,Rural,Moderate,0
76,Male,No,Daily (cigarette/bidi),Regular,32.5,No,Medium,Low,Rural,Moderate,1
67,Female,Occasionally,Never,No,29.2,No,Medium,Moderate,Urban,High,1
37,Female,No,Never,No,27.4,No,Low,Moderate,Urban,Moderate,0
76,Male,No,Daily (cigarette/bidi),Regular,20.8,No,High,Moderate,Urban,High,1
55,Female,No,Daily (cigarette/bidi),Regular,20.2,No,Medium,Low,Urban,Low,0
75,Female,No,Occasional,Occasional,26.4,No,High,Moderate,Rural,High,1
56,Male,No,Never,Occasional,18.0,No,Low,Moderate,Urban,Low,0
37,Male,No,Never,No,21.2,No,Medium,Low,Urban,Low,0
62,Male,Occasionally,Occasional,Occasional,17.3,No,Medium,High,Urban,Moderate,0
25,Male,No,Never,No,31.2,No,Medium,Low,Rural,Moderate,0
25,Male,Daily,Never,Regular,30.6,No,Low,Moderate,Urban,Moderate,0
71,Male,No,Never,No,18.9,No,High,Moderate,Urban,High,0
65,Male,No,Never,No,24.6,No,High,Low,Urban,Low,0
43,Female,No,Never,Occasional,30.9,No,Medium,Low,Rural,Low,0
20,Male,No,Never,No,19.9,No,Low,Low,Urban,Moderate,0
49,Female,No,Never,Occasional,25.8,No,Low,High,Urban,High,0
48,Female,Daily,Daily (cigarette/bidi),Occasional,27.8,No,Medium,High,Rural,High,1
35,Male,Daily,Never,No,29.3,No,Low,High,Urban,High,0
30,Male,Occasionally,Never,Regular,29.7,No,Medium,High,Urban,Moderate,0
29,Male,No,Never,No,23.9,No,Medium,Moderate,Rural,Moderate,0
74,Female,No,Never,No,22.7,No,High,High,Rural,Moderate,0
30,Male,No,Daily (cigarette/bidi),No,28.0,Yes,High,Moderate,Rural,Moderate,1
69,Male,Daily,Never,No,30.3,No,High,Low,Rural,Low,1
32,Female,No,Occasional,No,26.3,No,High,Moderate,Rural,Low,0
83,Male,No,Daily (cigarette/bidi),Regular,24.9,No,Medium,Low,Rural,Moderate,1
64,Female,No,Never,Regular,32.3,Yes,High,Moderate,Urban,High,1
33,Female,Daily,Daily (cigarette/bidi),Occasional,22.0,No,Medium,Moderate,Urban,Moderate,1
42,Female,Occasionally,Daily (cigarette/bidi),No,28.9,No,Medium,Low,Rural,Moderate,1
61,Male,No,Never,No,27.3,No,Medium,High,Rural,High,0
66,Male,No,Never,No,23.6,Yes,Medium,Low,Urban,High,1
36,Female,Daily,Never,No,21.2,No,Medium,High,Urban,High,0
71,Female,Occasionally,Occasional,No,28.9,No,Low,High,Rural,Low,0
21,Female,No,Daily (cigarette/bidi),Occasional,24.1,No,Medium,Low,Urban,High,0
50,Female,No,Occasional,Regular,27.7,No,High,Low,Urban,Moderate,1
84,Female,No,Never,No,23.8,Yes,High,Low,Rural,Low,1
71,Male,No,Never,No,27.5,No,High,Moderate,Rural,High,0
63,Male,Daily,Never,No,22.5,No,Medium,Low,Rural,High,1
24,Female,Occasionally,Never,No,23.2,No,High,High,Rural,High,0
64,Female,Daily,Never,No,26.8,No,Medium,Low,Rural,Moderate,1
69,Female,Daily,Never,No,16.6,Yes,Medium,Low,Urban,High,1
49,Female,Occasionally,Never,No,25.8,No,Low,Low,Rural,Moderate,0
82,Male,No,Daily (cigarette/bidi),Occasional,33.2,Yes,High,Low,Urban,High,1
34,Female,Daily,Occasional,No,27.0,No,High,High,Urban,Moderate,0
66,Male,Occasionally,Occasional,Occasional,23.5,No,Medium,Moderate,Rural,Low,0
75,Female,Occasionally,Occasional,No,22.4,No,Low,Moderate,Rural,Moderate,0
31,Female,Occasionally,Never,Regular,16.4,No,Medium,Moderate,Urban,High,0
47,Male,No,Never,No,25.2,No,Medium,Moderate,Urban,Moderate,0
39,Female,No,Never,No,20.4,No,Medium,High,Rural,Low,0
38,Female,No,Never,No,20.9,No,Low,High,Urban,Moderate,0
73,Female,Daily,Never,No,16.4,Yes,Medium,High,Rural,High,1
42,Female,No,Daily (cigarette/bidi),No,21.2,No,Medium,High,Rural,Low,0
45,Male,No,Never,No,28.1,No,Low,Low,Urban,High,0
37,Female,No,Never,No,33.6,No,Medium,High,Urban,Moderate,0
60,Female,No,Daily (cigarette/bidi),No,15.0,No,Medium,High,Urban,High,0
44,Female,No,Occasional,No,27.4,No,Medium,Low,Urban,High,0
59,Female,No,Never,No,23.4,No,Medium,Low,Urban,Moderate,0
51,Male,No,Occasional,No,28.4,No,High,Low,Rural,Moderate,0
40,Female,No,Never,Occasional,20.7,No,Medium,Moderate,Urban,Moderate,0
68,Female,No,Never,No,20.4,No,High,Moderate,Urban,High,0
70,Female,Occasionally,Never,Regular,15.0,No,High,Low,Rural,Low,1
85,Female,No,Never,No,24.7,No,Medium,Low,Rural,Low,0
39,Female,Daily,Never,Regular,23.5,No,High,High,Urban,Low,1
74,Female,No,Never,Regular,22.6,No,High,Moderate,Urban,Low,0
29,Male,No,Occasional,No,18.0,No,Low,Low,Rural,High,0
23,Female,No,Never,No,29.1,Yes,High,Moderate,Urban,Low,0
18,Female,Daily,Never,Occasional,21.3,No,Low,Low,Urban,Moderate,0
47,Male,No,Never,No,30.7,No,Medium,High,Rural,Moderate,0
18,Female,No,Never,Regular,21.5,No,Medium,Low,Rural,Low,0
57,Female,No,Never,No,30.0,No,High,High,Urban,Moderate,0
76,Female,Daily,Never,No,21.7,No,High,Low,Rural,High,1
39,Female,No,Never,No,24.6,No,High,High,Urban,Low,0
75,Male,Daily,Never,No,23.0,No,Medium,Moderate,Rural,High,1
84,Male,Occasionally,Never,Occasional,22.1,No,High,Low,Rural,High,1
66,Female,No,Never,No,32.2,No,Low,Moderate,Rural,High,0
34,Male,Daily,Never,Regular,22.7,No,Medium,Moderate,Urban,Low,0
32,Female,Daily,Occasional,No,22.4,No,Medium,Moderate,Urban,Low,0
73,Female,No,Never,Occasional,33.6,Yes,Low,Low,Urban,Moderate,1
61,Male,Occasionally,Occasional,No,27.1,No,Low,Moderate,Urban,High,0
47,Male,No,Never,No,27.0,No,Medium,Low,Urban,Moderate,0
38,Female,No,Never,No,27.9,No,Low,Low,Rural,Moderate,0
41,Male,No,Daily (cigarette/bidi),No,27.8,No,Low,Low,Rural,Low,0
70,Female,Daily,Never,Occasional,27.0,No,Medium,Moderate,Urban,Moderate,1
55,Male,No,Daily (cigarette/bidi),No,24.5,No,Medium,Low,Rural,Low,0
67,Female,No,Occasional,No,25.6,No,Low,Low,Rural,Moderate,0
24,Male,No,Daily (cigarette/bidi),No,28.5,No,Medium,Low,Rural,Moderate,0
34,Female,No,Never,No,19.6,No,Medium,High,Urban,Moderate,0
55,Male,No,Daily (cigarette/bidi),No,29.5,No,High,Moderate,Rural,Moderate,1
57,Male,No,Never,Regular,17.1,No,High,Moderate,Urban,Moderate,0
19,Male,No,Never,Occasional,24.5,No,Low,High,Rural,Moderate,0
68,Male,No,Never,Occasional,22.5,No,Low,Low,Rural,Low,0
42,Male,No,Daily (cigarette/bidi),No,15.0,No,Medium,Low,Urban,High,1
18,Female,No,Occasional,Regular,23.6,No,Low,Moderate,Rural,Low,0
37,Male,No,Daily (cigarette/bidi),No,29.5,No,Medium,Moderate,Rural,Moderate,0
31,Male,No,Daily (cigarette/bidi),Regular,36.2,No,Low,Low,Rural,High,1
21,Female,No,Never,Occasional,15.0,No,High,Moderate,Urban,Low,0
28,Female,No,Never,No,16.4,Yes,Low,Low,Urban,Moderate,0
76,Female,No,Never,Regular,26.3,No,Low,Low,Rural,Low,1
79,Male,Occasionally,Occasional,Occasional,15.7,No,Medium,Moderate,Urban,Low,0
35,Female,No,Never,Occasional,25.1,No,Medium,Low,Rural,Moderate,0
30,Female,No,Never,Occasional,24.3,No,Medium,Low,Urban,High,0
58,Male,Daily,Occasional,No,21.9,No,Low,Low,Urban,Low,1
83,Male,Daily,Never,No,28.1,No,Medium,Low,Rural,High,1
77,Female,No,Never,No,19.5,No,Medium,Low,Urban,Moderate,0
62,Female,No,Never,Occasional,30.0,No,Medium,Moderate,Urban,Low,0
23,Male,No,Daily (cigarette/bidi),No,21.4,No,Low,Low,Urban,Low,0
53,Female,No,Never,No,35.1,No,High,Moderate,Urban,Moderate,0
63,Male,No,Never,Regular,23.4,No,Medium,Moderate,Rural,Low,0
73,Male,No,Daily (cigarette/bidi),No,32.2,No,Low,Moderate,Urban,Low,1
63,Female,Daily,Never,Occasional,26.7,No,Medium,High,Urban,High,1
27,Female,Occasionally,Never,No,28.6,No,Low,Low,Urban,High,0
21,Female,No,Daily (cigarette/bidi),No,25.3,No,Medium,Moderate,Rural,Low,0
51,Male,Daily,Never,No,22.1,No,Low,Low,Rural,Low,0
41,Female,No,Occasional,No,27.9,No,Medium,Moderate,Urban,High,0
73,Female,Daily,Daily (cigarette/bidi),Occasional,29.1,No,Medium,Moderate,Rural,High,1
61,Male,No,Daily (cigarette/bidi),Regular,31.1,No,High,High,Rural,High,1
85,Female,No,Daily (cigarette/bidi),No,21.8,No,Medium,Low,Rural,Moderate,1
36,Male,No,Never,No,23.1,No,High,Moderate,Urban,Low,0
76,Male,Occasionally,Occasional,No,23.9,No,Medium,High,Urban,Low,0
85,Female,No,Never,Regular,21.9,No,Medium,Low,Urban,Moderate,0
38,Male,Occasionally,Never,No,23.8,No,Medium,High,Rural,Moderate,0
41,Male,No,Occasional,Regular,21.3,No,Low,Moderate,Rural,Moderate,0
25,Male,No,Never,No,24.7,No,Medium,Low,Rural,Moderate,0
34,Female,Daily,Never,Occasional,23.4,No,Low,High,Rural,High,0
74,Female,Occasionally,Never,No,18.4,No,Low,Moderate,Rural,Moderate,0
46,Male,No,Never,No,31.5,No,High,High,Urban,Moderate,0
25,Male,Daily,Occasional,No,22.2,No,Low,Moderate,Rural,Low,0
35,Female,No,Never,No,23.2,No,High,Moderate,Urban,Low,0
60,Female,Daily,Never,Occasional,22.1,No,Low,Moderate,Urban,Low,0
80,Male,No,Never,No,24.5,No,Medium,Low,Urban,Moderate,0
28,Male,Daily,Occasional,No,24.7,Yes,Medium,Low,Rural,Low,1
83,Male,Occasionally,Daily (cigarette/bidi),No,27.8,Yes,Medium,Low,Rural,Low,1
58,Male,No,Never,Regular,32.3,No,High,Moderate,Rural,Low,0
78,Female,Daily,Never,No,28.4,No,Medium,Low,Urban,Moderate,1
85,Male,No,Never,No,28.0,No,High,High,Urban,Moderate,0
67,Female,No,Never,No,23.2,No,Medium,High,Rural,Moderate,0
38,Male,No,Never,Occasional,23.0,No,Medium,Low,Rural,Moderate,0
38,Female,No,Daily (cigarette/bidi),Regular,21.9,No,High,Moderate,Urban,Moderate,0
79,Male,No,Daily (cigarette/bidi),No,20.8,No,Medium,Moderate,Urban,Low,0
58,Female,Occasionally,Daily (cigarette/bidi),No,32.5,No,Low,High,Urban,High,1
67,Female,Daily,Never,No,27.7,No,Low,Moderate,Rural,Low,1
24,Female,Occasionally,Daily (cigarette/bidi),No,27.6,No,Medium,High,Urban,Moderate,0
80,Male,No,Never,No,18.6,No,Low,Low,Urban,Moderate,0
28,Female,Daily,Daily (cigarette/bidi),No,24.2,No,Medium,Moderate,Urban,Moderate,0
85,Female,Daily,Never,No,15.0,No,Medium,Moderate,Urban,Low,1
79,Female,No,Never,No,20.2,No,High,Moderate,Rural,Moderate,0
77,Male,Daily,Never,No,24.4,No,Medium,Moderate,Rural,Low,1
29,Male,No,Occasional,Regular,26.4,No,Low,Moderate,Urban,Moderate,0
63,Female,Occasionally,Occasional,No,21.1,No,High,Low,Urban,High,1
53,Female,No,Never,Regular,24.2,No,High,Moderate,Rural,Low,0
61,Male,No,Never,No,26.7,No,High,Moderate,Urban,High,0
56,Female,No,Daily (cigarette/bidi),Regular,19.8,No,Medium,Moderate,Urban,Low,0
79,Female,No,Daily (cigarette/bidi),No,23.2,No,High,High,Rural,High,1
85,Male,No,Never,Regular,25.3,No,Low,Moderate,Rural,High,0
45,Female,Daily,Daily (cigarette/bidi),Regular,19.9,No,Low,High,Rural,Low,1
74,Male,No,Never,Regular,29.5,No,Low,High,Rural,Low,0
22,Female,Daily,Never,Occasional,27.5,No,High,High,Urban,Low,0
69,Male,No,Never,Occasional,23.6,Yes,Low,Low,Rural,Low,0
52,Male,Occasionally,Never,No,28.1,No,Low,Moderate,Urban,High,0
61,Female,Daily,Never,No,24.2,No,High,Moderate,Rural,Low,0
31,Female,Occasionally,Occasional,No,24.1,No,High,Moderate,Urban,Low,0
68,Male,Daily,Daily (cigarette/bidi),No,18.1,No,Low,Low,Rural,Moderate,1
29,Female,Occasionally,Never,No,27.6,No,Low,Low,Rural,Moderate,0
19,Male,No,Daily (cigarette/bidi),No,16.7,No,High,Moderate,Rural,Low,0
77,Female,No,Never,Occasional,23.1,No,Medium,Moderate,Urban,High,0
60,Female,No,Never,No,24.5,Yes,Low,Low,Rural,Moderate,0
32,Male,Daily,Never,No,25.9,No,Medium,High,Urban,High,0
75,Male,No,Never,No,15.3,No,Low,Low,Rural,Moderate,0
75,Female,Daily,Never,No,21.5,No,High,Low,Urban,Low,1
44,Female,No,Never,No,30.4,No,Low,High,Rural,Moderate,0
43,Male,Occasionally,Never,No,20.3,Yes,Medium,Moderate,Rural,Moderate,0
40,Female,No,Daily (cigarette/bidi),No,32.7,No,Low,Moderate,Rural,High,0
27,Male,Occasionally,Never,No,31.2,No,Medium,Low,Urban,Moderate,0
50,Male,Occasionally,Never,Occasional,29.1,No,Low,High,Rural,Moderate,0
73,Male,Daily,Occasional,No,15.5,Yes,Medium,Low,Rural,Low,1
30,Female,Occasionally,Never,No,21.8,No,Medium,High,Rural,Moderate,0
81,Male,Daily,Never,Occasional,31.3,Yes,Medium,Moderate,Urban,Low,1
85,Male,No,Daily (cigarette/bidi),Regular,29.9,No,Low,Low,Rural,High,1
47,Male,No,Daily (cigarette/bidi),No,26.0,No,Medium,Low,Rural,Moderate,0
31,Male,No,Occasional,No,27.8,No,Medium,Moderate,Rural,Low,0
59,Male,Occasionally,Daily (cigarette/bidi),No,21.5,No,High,Moderate,Urban,Moderate,1
75,Female,No,Occasional,Regular,30.7,No,Medium,Low,Urban,High,1
53,Male,No,Never,No,23.1,No,Medium,Low,Urban,High,0
72,Male,Daily,Occasional,No,17.3,No,High,Low,Rural,Moderate,1
57,Male,No,Never,No,26.7,No,Low,Low,Urban,High,0
84,Female,Daily,Never,No,26.7,No,Medium,Low,Urban,Low,1
70,Male,Occasionally,Occasional,No,25.3,No,Medium,Low,Urban,Moderate,1
45,Male,Occasionally,Daily (cigarette/bidi),Occasional,27.1,No,Medium,Moderate,Urban,High,1
49,Female,Occasionally,Never,Regular,23.8,No,High,Low,Rural,Low,1
55,Male,Daily,Never,No,25.7,No,High,Low,Rural,Moderate,1
68,Male,No,Never,Occasional,21.6,No,Low,Low,Urban,Moderate,0
55,Male,No,Daily (cigarette/bidi),No,22.9,Yes,Low,Moderate,Urban,Low,0
57,Male,Occasionally,Occasional,No,26.3,No,Low,Moderate,Rural,High,0
70,Male,Occasionally,Daily (cigarette/bidi),Regular,19.0,No,Low,Low,Rural,Low,1
62,Female,Daily,Never,Occasional,22.4,No,High,Moderate,Rural,High,1
29,Male,No,Never,No,23.7,No,Medium,Low,Urban,Low,0
25,Female,No,Never,No,34.1,No,Low,Moderate,Rural,Low,0
34,Male,No,Daily (cigarette/bidi),No,18.7,No,Medium,Moderate,Urban,Low,0
47,Male,No,Never,No,18.6,No,High,Low,Urban,Moderate,0
30,Female,No,Never,Regular,21.9,No,High,Low,Rural,Moderate,0
26,Female,No,Never,No,18.9,No,Low,Moderate,Urban,Moderate,0
24,Male,Daily,Never,Occasional,23.4,No,High,Low,Rural,Moderate,1
68,Female,Occasionally,Never,No,25.9,Yes,Medium,Moderate,Urban,Moderate,1
25,Male,No,Occasional,Occasional,16.2,No,Low,Low,Rural,Moderate,0
54,Male,No,Never,No,21.5,No,Low,Low,Rural,Low,0
23,Female,No,Never,No,28.4,No,Medium,Moderate,Urban,High,0
77,Female,No,Daily (cigarette/bidi),No,25.8,No,Low,Moderate,Urban,Moderate,0
19,Female,No,Daily (cigarette/bidi),No,33.4,No,Medium,High,Urban,Moderate,0
84,Female,Daily,Never,No,26.5,No,Medium,High,Urban,Moderate,1
50,Male,Occasionally,Never,No,25.5,No,Low,Low,Urban,Moderate,0
81,Female,Occasionally,Never,No,29.2,Yes,Medium,Moderate,Urban,Low,1
56,Female,Occasionally,Never,Occasional,25.4,Yes,Medium,Low,Urban,Low,0
79,Female,No,Never,No,26.8,Yes,Medium,High,Urban,High,0
32,Male,Occasionally,Never,No,24.5,No,Medium,High,Rural,Low,0
45,Male,No,Daily (cigarette/bidi),Occasional,22.4,No,Low,High,Rural,Low,0
41,Female,No,Never,No,25.5,No,Medium,High,Rural,Low,0
22,Male,No,Daily (cigarette/bidi),No,20.8,No,Medium,Moderate,Rural,Moderate,0
80,Male,No,Never,No,17.1,No,Medium,Low,Urban,Low,0
75,Male,No,Daily (cigarette/bidi),No,21.6,No,Low,High,Rural,Moderate,0
81,Male,Daily,Never,No,27.7,No,Low,Low,Rural,High,1
64,Male,Daily,Never,Occasional,30.1,No,High,Moderate,Rural,Moderate,1
66,Female,No,Occasional,No,20.0,Yes,Medium,Moderate,Urban,High,0
20,Female,Daily,Occasional,Regular,28.4,No,Low,Low,Rural,Moderate,0
52,Male,Daily,Daily (cigarette/bidi),Occasional,29.3,No,Medium,Low,Rural,High,1
26,Female,No,Never,No,24.6,Yes,Medium,Low,Urban,Moderate,0
48,Male,Daily,Never,No,19.7,Yes,Medium,Moderate,Rural,Low,1
79,Female,Occasionally,Never,No,25.5,No,Low,Moderate,Urban,Low,0
34,Male,No,Occasional,No,28.9,No,Medium,Low,Urban,Moderate,0
36,Male,No,Never,Regular,27.3,No,High,Moderate,Rural,High,0
79,Female,Daily,Never,Occasional,25.2,No,High,High,Urban,Low,1
57,Male,No,Never,No,27.6,No,Low,Moderate,Urban,Low,0
20,Male,No,Never,Occasional,28.4,Yes,High,Moderate,Rural,Moderate,0
21,Female,No,Never,No,21.3,Yes,Medium,Low,Urban,High,0
26,Male,Daily,Never,No,21.5,No,Medium,High,Rural,High,0
64,Female,No,Occasional,No,24.6,No,High,Moderate,Rural,Moderate,0
44,Male,No,Never,No,19.3,Yes,High,High,Rural,Moderate,0
69,Female,Occasionally,Daily (cigarette/bidi),No,31.4,No,Medium,Low,Urban,Low,1
82,Female,Daily,Never,No,25.1,No,High,Low,Urban,Low,1
41,Male,Daily,Daily (cigarette/bidi),No,23.9,No,Medium,Low,Urban,High,1
59,Male,No,Never,No,18.2,Yes,Medium,Moderate,Rural,Low,0
74,Female,No,Never,No,27.6,No,Medium,Low,Rural,High,0
28,Male,Daily,Daily (cigarette/bidi),No,22.0,No,High,Moderate,Urban,Moderate,1
33,Female,Occasionally,Never,Occasional,26.9,Yes,Low,High,Urban,Low,0
83,Female,No,Occasional,No,20.4,No,Medium,Moderate,Urban,High,0
79,Female,Daily,Daily (cigarette/bidi),No,15.0,No,Medium,Moderate,Urban,High,1
78,Male,No,Never,Regular,23.4,No,High,Moderate,Rural,Low,0
31,Male,No,Never,No,28.0,No,Low,Moderate,Urban,High,0
75,Female,No,Daily (cigarette/bidi),No,17.3,No,Medium,Low,Rural,Low,1
76,Male,No,Never,No,21.3,Yes,Low,Low,Rural,Low,0
45,Male,No,Never,No,26.4,No,High,Low,Rural,Moderate,0
52,Male,No,Never,No,23.0,No,Medium,Low,Rural,Low,0
34,Male,No,Never,No,32.7,Yes,High,Low,Urban,High,0
20,Female,Daily,Never,No,28.6,No,Low,Moderate,Urban,Moderate,0
34,Male,No,Never,No,25.6,Yes,Medium,Moderate,Urban,High,0
36,Male,No,Daily (cigarette/bidi),Regular,17.9,No,Medium,Moderate,Urban,High,0
19,Female,Daily,Daily (cigarette/bidi),Occasional,25.5,No,Low,Low,Urban,Moderate,0
53,Male,No,Daily (cigarette/bidi),No,22.5,Yes,Low,Low,Urban,Moderate,1
44,Female,Daily,Daily (cigarette/bidi),No,18.0,No,High,Low,Rural,Moderate,1
58,Male,No,Never,No,32.0,Yes,Medium,Moderate,Urban,High,0
71,Female,No,Never,No,19.5,Yes,High,Moderate,Rural,Moderate,0
68,Male,Daily,Daily (cigarette/bidi),No,27.0,No,High,Moderate,Urban,Low,1
33,Female,Occasionally,Daily (cigarette/bidi),No,23.8,No,Low,Low,Urban,High,0
64,Female,No,Never,No,21.3,No,High,Moderate,Rural,Moderate,0
27,Female,No,Never,No,26.7,No,Medium,Low,Rural,Moderate,0
59,Male,No,Occasional,No,26.2,Yes,High,Moderate,Rural,High,1
18,Male,No,Occasional,No,26.6,No,Medium,Low,Urban,Low,0
45,Female,Daily,Never,Occasional,27.3,No,Medium,Moderate,Rural,Low,0
70,Male,No,Never,No,25.1,No,Medium,Low,Urban,High,0
53,Male,No,Never,No,24.4,Yes,Medium,Moderate,Rural,Low,0
66,Female,No,Never,No,22.5,No,Medium,High,Urban,Low,0
64,Male,Occasionally,Never,No,27.9,No,Low,High,Rural,High,0
68,Female,No,Daily (cigarette/bidi),No,19.7,No,Low,High,Urban,High,0
74,Male,Occasionally,Never,No,15.6,No,High,Moderate,Urban,High,0
85,Male,Daily,Never,No,24.8,No,High,Moderate,Urban,Low,1
42,Female,Occasionally,Daily (cigarette/bidi),Regular,25.3,No,Medium,Low,Urban,Low,1
22,Female,No,Never,No,18.2,No,High,High,Rural,Low,0
53,Male,No,Never,No,23.4,No,Low,Low,Urban,High,0
35,Female,No,Never,No,25.7,No,High,Moderate,Urban,Moderate,0
71,Female,No,Daily (cigarette/bidi),Occasional,18.7,No,Medium,High,Urban,High,1
54,Female,Daily,Never,No,27.1,No,High,Low,Rural,Moderate,1
31,Male,No,Never,No,19.8,Yes,High,High,Urban,Moderate,0
57,Female,No,Never,No,23.8,No,Low,Low,Rural,Moderate,0
60,Female,No,Never,No,30.0,No,Medium,Low,Urban,Low,0
84,Male,Occasionally,Never,No,29.9,No,Medium,Moderate,Urban,High,1
70,Male,No,Never,No,26.3,No,Low,Moderate,Rural,Moderate,0
25,Male,No,Never,Occasional,23.8,Yes,Medium,Moderate,Urban,High,0
60,Female,No,Occasional,No,27.0,No,Medium,High,Rural,Moderate,0
44,Female,No,Never,Occasional,21.3,No,Low,Low,Urban,Low,0
50,Female,No,Never,Regular,24.5,No,High,Low,Urban,Moderate,0
79,Female,No,Never,No,20.7,No,High,Low,Urban,Moderate,0
73,Male,Daily,Occasional,No,27.1,No,Medium,Low,Rural,Low,1
77,Female,Occasionally,Occasional,No,29.5,No,Medium,Moderate,Urban,High,1
69,Male,No,Daily (cigarette/bidi),No,29.9,No,Low,Low,Urban,Moderate,0
62,Male,No,Daily (cigarette/bidi),No,22.5,No,Medium,High,Rural,Moderate,0
62,Male,No,Never,No,15.4,No,High,Low,Rural,High,0
34,Male,No,Never,Occasional,15.0,No,Medium,Moderate,Urban,Low,0
21,Female,Daily,Daily (cigarette/bidi),No,21.0,No,High,Low,Rural,High,1
49,Female,Occasionally,Never,No,29.4,No,Medium,Moderate,Urban,Low,0
54,Female,Daily,Daily (cigarette/bidi),No,25.9,No,High,Low,Rural,Moderate,1
52,Female,No,Never,No,22.2,Yes,Medium,High,Urban,Low,0
49,Male,No,Daily (cigarette/bidi),No,21.8,No,Medium,Moderate,Rural,High,0
78,Male,No,Never,No,24.5,No,High,Low,Urban,High,1
51,Male,Occasionally,Never,No,18.7,No,Medium,Low,Rural,High,0
75,Male,No,Daily (cigarette/bidi),Regular,35.7,No,Medium,Moderate,Urban,Moderate,1
22,Male,Daily,Never,No,25.3,Yes,Low,Low,Urban,High,0
35,Male,Daily,Daily (cigarette/bidi),No,25.6,No,Low,High,Urban,Moderate,1
80,Female,Daily,Never,No,27.7,No,Medium,Low,Rural,Moderate,1
55,Male,No,Never,Regular,23.2,No,High,Moderate,Urban,High,0
64,Male,Occasionally,Occasional,No,26.2,No,High,Moderate,Rural,Moderate,1
32,Male,Occasionally,Never,Occasional,22.1,No,High,Low,Rural,Low,0
21,Female,Daily,Never,No,22.7,No,High,Moderate,Rural,Moderate,0
30,Female,Daily,Never,No,29.7,No,Medium,High,Rural,Low,0
80,Female,No,Never,Regular,24.6,No,High,Moderate,Urban,Moderate,1
24,Female,No,Never,Regular,26.6,No,Medium,High,Urban,High,0
21,Male,No,Occasional,No,21.7,No,Medium,High,Rural,Moderate,0
45,Female,No,Daily (cigarette/bidi),No,25.7,No,Medium,High,Rural,High,0
32,Male,Daily,Daily (cigarette/bidi),No,28.3,Yes,Low,Low,Urban,High,1
23,Male,No,Never,Occasional,37.9,Yes,Low,Moderate,Urban,Moderate,0
51,Female,No,Never,Regular,27.0,No,Low,Moderate,Rural,Moderate,0
33,Female,No,Never,No,23.3,No,Medium,Moderate,Rural,Low,0
66,Female,No,Daily (cigarette/bidi),No,15.5,No,Medium,High,Urban,Low,0
43,Female,No,Never,No,27.7,No,High,Moderate,Rural,Low,0
36,Female,No,Occasional,Occasional,15.0,No,Medium,High,Rural,Low,0
21,Female,No,Never,No,16.7,No,High,Moderate,Rural,Moderate,0
82,Male,Occasionally,Daily (cigarette/bidi),Regular,24.6,No,Medium,High,Urban,Moderate,1
27,Female,Occasionally,Never,No,22.0,No,Low,Moderate,Rural,Low,0
78,Female,No,Never,No,23.5,No,High,Moderate,Rural,High,0
25,Female,Daily,Never,No,32.4,No,Medium,Low,Urban,High,0
22,Male,Daily,Never,No,21.6,Yes,Low,Low,Rural,Low,0
76,Male,No,Daily (cigarette/bidi),Occasional,15.0,No,Medium,Moderate,Rural,Moderate,1
58,Male,No,Never,No,22.7,Yes,Medium,High,Urban,Low,0
40,Female,Daily,Daily (cigarette/bidi),Occasional,15.0,No,High,Low,Urban,Low,1
30,Female,No,Occasional,No,20.2,No,Low,Low,Rural,High,0
77,Female,Occasionally,Never,No,28.6,No,Medium,Low,Urban,Moderate,1
21,Male,No,Never,No,21.5,No,Low,Low,Rural,Low,0
40,Male,No,Never,No,26.9,No,High,Low,Rural,High,0
32,Female,No,Never,No,21.4,No,High,Low,Rural,Low,0
72,Male,Occasionally,Never,Occasional,20.5,No,High,Moderate,Urban,Moderate,1
35,Male,No,Daily (cigarette/bidi),Occasional,26.2,No,Low,Low,Urban,Low,0
50,Female,Daily,Occasional,Occasional,26.2,No,High,Low,Urban,Moderate,1
48,Male,No,Never,No,26.1,No,Medium,Low,Urban,High,0
18,Male,Daily,Never,No,26.4,No,High,High,Urban,Low,0
81,Male,No,Never,No,24.9,No,Low,Low,Urban,High,0
77,Male,No,Occasional,No,24.5,No,High,High,Urban,Moderate,0
41,Female,No,Never,No,32.2,No,Low,High,Urban,Low,0
68,Male,No,Never,No,23.2,Yes,Low,Moderate,Urban,High,0
76,Male,Daily,Never,No,30.0,No,Medium,Moderate,Rural,High,1
43,Female,No,Occasional,Occasional,20.8,No,Medium,Moderate,Urban,High,0
79,Male,Daily,Never,No,16.2,No,Medium,High,Rural,Moderate,1
29,Male,No,Daily (cigarette/bidi),No,27.6,No,Medium,Low,Rural,Moderate,0
38,Male,No,Never,Regular,32.2,No,Medium,Low,Rural,Low,0
32,Male,No,Never,No,22.6,No,Low,Moderate,Urban,Low,0
65,Male,Daily,Never,Regular,30.6,No,Medium,Low,Urban,Low,1
45,Male,No,Daily (cigarette/bidi),Regular,23.9,No,Low,Moderate,Rural,Moderate,0
64,Female,Daily,Occasional,No,18.8,No,Medium,High,Rural,High,1
41,Male,No,Never,No,27.5,No,High,Low,Urban,High,0
41,Male,Daily,Never,Occasional,27.4,No,Low,High,Urban,Moderate,0
20,Male,No,Never,Regular,26.1,No,Low,High,Rural,Moderate,0
42,Female,No,Never,No,16.1,Yes,Low,Low,Urban,Moderate,0
27,Female,No,Daily (cigarette/bidi),Occasional,25.1,No,Low,High,Rural,High,0
42,Male,No,Daily (cigarette/bidi),No,29.3,No,Low,Low,Rural,Moderate,0
82,Female,No,Never,No,20.6,No,Medium,Low,Rural,High,0
20,Female,Daily,Daily (cigarette/bidi),No,22.9,No,Medium,Moderate,Urban,Moderate,1
32,Female,Occasionally,Never,Occasional,23.6,No,Medium,High,Rural,Moderate,0
20,Male,No,Never,Regular,32.3,No,Medium,Moderate,Urban,Moderate,0
65,Female,Daily,Never,No,24.5,No,Medium,Low,Rural,Moderate,1
42,Female,No,Never,Occasional,29.4,No,Low,Low,Rural,High,0
33,Male,No,Never,No,27.4,No,Low,Moderate,Rural,Moderate,0
76,Female,No,Never,Occasional,28.5,No,Low,Low,Urban,High,0
72,Female,No,Never,Occasional,15.0,No,Low,Low,Urban,High,0
61,Female,No,Never,Occasional,26.4,No,Medium,Low,Rural,Low,0
49,Male,No,Daily (cigarette/bidi),Regular,25.8,No,High,High,Urban,Moderate,1
22,Male,Daily,Never,Occasional,19.6,No,Low,Moderate,Rural,Moderate,0
77,Male,No,Occasional,No,28.6,No,Medium,Moderate,Urban,Moderate,0
68,Female,No,Never,No,32.5,No,High,Moderate,Urban,High,1
52,Male,Daily,Daily (cigarette/bidi),Regular,27.5,Yes,Medium,Moderate,Urban,Moderate,1
42,Male,No,Never,No,19.9,No,Medium,Low,Urban,Low,0
65,Male,No,Daily (cigarette/bidi),No,25.9,No,Low,Low,Urban,High,0
82,Female,No,Never,No,28.0,No,Medium,Moderate,Rural,Moderate,0
53,Female,No,Never,No,17.7,No,High,Low,Rural,High,0
48,Female,No,Never,No,17.6,Yes,Medium,Low,Rural,High,0
53,Male,No,Occasional,Occasional,20.1,No,Low,Low,Rural,High,0
55,Female,Daily,Daily (cigarette/bidi),No,16.2,No,High,High,Rural,High,1
24,Male,No,Never,No,28.5,Yes,High,Moderate,Urban,Low,0
71,Male,No,Never,No,17.2,No,Low,Low,Urban,Low,0
52,Male,No,Daily (cigarette/bidi),Occasional,22.9,No,Low,Low,Urban,Low,0
48,Female,No,Never,Occasional,26.9,No,High,Moderate,Urban,Moderate,0
29,Female,No,Never,No,33.2,No,High,High,Urban,High,0
60,Male,Daily,Never,No,26.7,No,Medium,Moderate,Urban,Low,0
64,Female,No,Occasional,No,25.3,No,Low,High,Rural,High,0
63,Male,No,Daily (cigarette/bidi),No,32.5,No,Medium,Moderate,Rural,High,1
25,Female,Daily,Occasional,No,25.6,Yes,High,Low,Urban,Moderate,1
85,Female,No,Never,No,23.7,No,Low,Moderate,Rural,High,0
70,Male,No,Never,No,19.9,No,Low,Moderate,Rural,Moderate,0
46,Female,Daily,Daily (cigarette/bidi),No,21.0,No,High,Moderate,Rural,Low,1
82,Male,Daily,Never,Regular,29.1,No,High,Low,Urban,High,1
66,Female,No,Occasional,No,31.2,No,Medium,Moderate,Urban,Moderate,0
44,Male,Occasionally,Occasional,Regular,27.8,No,Medium,Moderate,Rural,Moderate,1
76,Female,No,Never,No,15.0,No,High,High,Urban,High,0
72,Female,Daily,Never,No,32.8,No,Medium,Moderate,Urban,Low,1
39,Male,No,Never,No,22.9,Yes,High,Moderate,Rural,Low,0
70,Female,Occasionally,Never,Occasional,21.9,Yes,Medium,Moderate,Rural,Moderate,1
22,Male,No,Daily (cigarette/bidi),No,35.4,No,Medium,Moderate,Urban,Moderate,0
37,Female,No,Never,No,19.9,No,Low,High,Urban,Moderate,0
60,Female,No,Never,No,24.2,No,Low,Moderate,Rural,Moderate,0
53,Male,No,Never,No,23.7,No,High,Low,Rural,High,0
70,Male,Occasionally,Never,No,16.0,No,High,Moderate,Rural,High,1
48,Female,Occasionally,Never,No,23.1,No,Medium,Low,Urban,Moderate,0
62,Female,No,Daily (cigarette/bidi),No,26.9,Yes,Medium,Low,Rural,Low,0
53,Female,Occasionally,Never,No,31.7,No,Medium,Low,Rural,Moderate,0
33,Male,Occasionally,Daily (cigarette/bidi),Occasional,23.3,No,Low,Moderate,Urban,Moderate,0
50,Male,No,Occasional,No,18.9,No,High,High,Rural,Moderate,0
75,Male,No,Never,Regular,23.4,No,Low,Low,Urban,Low,0
51,Male,No,Daily (cigarette/bidi),No,22.3,No,Low,High,Rural,Moderate,0
76,Male,No,Never,No,22.4,No,Medium,Low,Rural,Low,0
85,Female,Occasionally,Never,No,17.7,No,High,Low,Urban,Moderate,1
62,Male,No,Never,No,26.1,No,Medium,Moderate,Urban,High,0
22,Female,Daily,Daily (cigarette/bidi),No,18.5,No,Medium,Low,Urban,Low,1
25,Female,No,Never,Occasional,29.5,No,Low,Low,Urban,High,0
60,Female,Daily,Never,No,25.5,No,Medium,Moderate,Urban,Moderate,0
37,Male,No,Never,No,31.9,No,Low,Low,Urban,High,0
19,Female,No,Occasional,Regular,18.7,No,Medium,Low,Urban,Moderate,0
64,Male,No,Occasional,Occasional,22.9,No,Medium,High,Rural,High,0
85,Female,No,Never,No,20.4,No,High,Low,Urban,Moderate,0
71,Female,Daily,Daily (cigarette/bidi),No,20.6,No,Low,High,Urban,High,1
74,Male,No,Never,Regular,27.6,No,High,Low,Urban,Low,0
39,Female,Occasionally,Never,No,22.8,No,High,Low,Rural,High,0
24,Male,No,Occasional,No,19.9,No,Medium,High,Urban,Low,0
82,Male,No,Daily (cigarette/bidi),Regular,23.4,No,Medium,Moderate,Rural,Low,1
79,Female,No,Never,No,25.6,No,Medium,Moderate,Rural,High,0
22,Female,Occasionally,Occasional,No,33.0,No,High,Moderate,Urban,Low,0
56,Female,No,Never,No,27.7,No,Low,Moderate,Rural,Moderate,0
70,Male,No,Never,No,25.4,No,Low,Low,Urban,Moderate,0
85,Female,No,Never,Occasional,18.0,No,Low,Moderate,Rural,Moderate,1
24,Female,No,Never,No,16.2,No,Low,Low,Urban,Moderate,0
84,Female,No,Never,No,19.4,No,High,Moderate,Urban,Low,0
25,Male,Daily,Daily (cigarette/bidi),No,29.8,No,Medium,Low,Urban,Low,0
31,Male,No,Daily (cigarette/bidi),No,23.2,No,Low,Low,Urban,Moderate,0
74,Female,Daily,Daily (cigarette/bidi),Regular,23.9,No,Medium,Low,Rural,Low,1
57,Female,No,Never,No,28.7,Yes,High,High,Urban,Low,0
45,Female,No,Never,No,28.5,Yes,High,Low,Urban,High,0
39,Female,No,Daily (cigarette/bidi),Regular,32.0,No,Medium,Low,Urban,Low,0
52,Male,No,Daily (cigarette/bidi),No,28.5,Yes,Medium,Low,Rural,Moderate,1
77,Male,No,Never,No,28.3,No,Medium,Moderate,Urban,Low,0
41,Male,No,Never,No,26.2,No,Low,Low,Urban,High,0
43,Male,No,Never,No,32.1,No,Medium,Moderate,Rural,Low,0
84,Female,No,Daily (cigarette/bidi),Regular,23.4,Yes,Low,Low,Urban,Low,1
31,Male,Daily,Never,No,20.4,No,Low,Moderate,Rural,High,0
30,Female,Daily,Occasional,No,30.8,No,Medium,Low,Urban,Low,0
23,Male,Occasionally,Daily (cigarette/bidi),No,27.7,Yes,Low,High,Urban,Moderate,0
84,Male,No,Never,No,23.5,No,Medium,Low,Rural,High,0
45,Male,No,Daily (cigarette/bidi),No,17.7,No,Low,Moderate,Urban,Moderate,0
69,Male,No,Never,No,28.3,No,Low,High,Rural,Low,0
30,Female,No,Occasional,No,23.2,No,Low,Moderate,Rural,Low,0
76,Male,Occasionally,Never,Occasional,24.7,No,Medium,Moderate,Rural,High,1
82,Male,Daily,Never,No,27.3,No,Medium,High,Urban,Low,0
81,Female,No,Never,Occasional,22.1,No,Low,Moderate,Rural,High,0
58,Female,No,Never,Occasional,26.8,No,High,Moderate,Rural,Low,0
38,Male,Daily,Never,No,21.9,No,Low,High,Rural,High,0
71,Female,No,Daily (cigarette/bidi),Regular,25.3,No,Medium,Low,Rural,Moderate,1
45,Male,Occasionally,Never,No,34.1,No,High,Moderate,Urban,Moderate,0
51,Male,Occasionally,Daily (cigarette/bidi),Occasional,25.6,No,Medium,Moderate,Urban,Low,0
76,Male,No,Never,No,25.9,No,Medium,Moderate,Urban,Moderate,0
26,Female,No,Occasional,No,15.2,No,Medium,Moderate,Urban,Moderate,0
64,Female,Daily,Never,No,28.0,Yes,Medium,Low,Urban,High,1
70,Female,Daily,Never,No,30.4,Yes,Medium,Low,Rural,High,1
36,Female,No,Never,Occasional,21.9,No,Medium,Low,Rural,High,0
26,Female,No,Never,No,35.0,No,Medium,Low,Urban,High,0
60,Female,Daily,Daily (cigarette/bidi),No,21.7,No,Medium,Moderate,Rural,Low,1
20,Female,No,Never,No,30.0,No,Medium,Moderate,Rural,High,0
67,Male,No,Never,No,27.3,No,Low,Moderate,Urban,Moderate,0
82,Male,No,Never,Regular,25.3,No,Medium,Moderate,Rural,Moderate,0
43,Female,No,Occasional,No,29.4,No,Medium,Low,Rural,High,0
32,Female,No,Daily (cigarette/bidi),No,28.8,No,Low,High,Rural,High,0
61,Female,No,Daily (cigarette/bidi),No,19.1,Yes,Low,High,Urban,Low,0
56,Male,No,Daily (cigarette/bidi),No,24.9,No,Low,Moderate,Urban,Low,0
46,Female,Daily,Never,Occasional,23.4,No,High,High,Urban,High,0
64,Male,Daily,Occasional,No,32.8,No,Medium,Low,Urban,High,1
51,Female,Daily,Daily (cigarette/bidi),No,27.7,No,Medium,High,Rural,Moderate,1
67,Male,Occasionally,Never,No,29.8,No,Low,Moderate,Rural,Moderate,0
26,Male,Daily,Never,No,27.4,No,High,Moderate,Rural,Moderate,0
48,Female,Occasionally,Daily (cigarette/bidi),No,25.5,No,Low,Low,Urban,Low,0
73,Male,No,Never,Regular,24.8,No,Medium,High,Urban,Low,0
48,Female,No,Daily (cigarette/bidi),No,29.8,No,Medium,Low,Rural,Low,0
84,Female,No,Never,Occasional,15.1,No,Medium,High,Rural,Low,0
84,Female,No,Daily (cigarette/bidi),No,15.0,No,Medium,High,Urban,High,1
46,Female,No,Never,No,28.2,No,Low,High,Urban,Moderate,0
56,Female,No,Never,Occasional,19.1,No,High,Low,Urban,Moderate,0
49,Male,No,Never,No,21.5,No,Low,Low,Urban,Moderate,0
60,Male,No,Never,Occasional,19.9,No,Low,Low,Rural,Moderate,0
56,Male,Daily,Daily (cigarette/bidi),Occasional,29.1,No,Low,Low,Rural,Moderate,1
75,Female,Occasionally,Daily (cigarette/bidi),No,28.7,Yes,Medium,Low,Rural,Moderate,1
26,Female,No,Occasional,No,21.3,No,High,Low,Urban,Low,0
78,Female,No,Never,Occasional,26.2,Yes,Low,High,Urban,Moderate,0
85,Female,Daily,Daily (cigarette/bidi),No,32.0,No,Low,Low,Rural,Moderate,1
60,Male,Daily,Never,Occasional,18.9,No,Low,High,Urban,High,1
62,Male,No,Daily (cigarette/bidi),Regular,26.6,Yes,High,Low,Urban,Low,1
63,Female,No,Occasional,No,17.7,No,Low,Low,Rural,Moderate,0
78,Male,No,Occasional,No,24.4,No,High,High,Urban,Moderate,0
48,Male,Occasionally,Occasional,No,26.0,No,Medium,High,Urban,Moderate,0
43,Female,No,Never,Occasional,27.3,No,High,Low,Urban,Moderate,0
70,Male,Daily,Never,No,22.5,No,Low,Moderate,Rural,Moderate,1
65,Male,Occasionally,Daily (cigarette/bidi),No,26.2,No,High,Moderate,Rural,Low,1
28,Female,No,Never,Occasional,29.6,Yes,Medium,Low,Urban,Moderate,0
36,Female,No,Never,Occasional,22.2,No,Medium,Low,Rural,High,0
70,Male,Daily,Never,Occasional,28.8,No,High,High,Rural,Moderate,1
20,Male,No,Occasional,No,17.6,No,Low,Low,Rural,Moderate,0
69,Male,Occasionally,Daily (cigarette/bidi),No,35.9,No,Medium,High,Rural,Moderate,1
85,Male,No,Never,Occasional,28.4,No,Medium,Low,Urban,Low,1
21,Male,Daily,Daily (cigarette/bidi),No,32.5,No,High,High,Rural,Moderate,1
69,Female,No,Daily (cigarette/bidi),Regular,24.7,No,High,Moderate,Urban,Low,1
47,Female,No,Never,No,26.4,No,Medium,Moderate,Urban,Moderate,0
40,Female,No,Never,No,20.5,No,Medium,Low,Urban,Low,0
68,Male,No,Never,No,26.3,No,Low,High,Urban,Low,0
33,Male,No,Never,No,27.8,Yes,Low,Low,Rural,High,0
57,Female,Daily,Never,No,16.4,No,Medium,Moderate,Rural,Moderate,0
44,Male,No,Never,No,16.6,No,Medium,Low,Rural,Low,0
30,Female,No,Daily (cigarette/bidi),Regular,29.0,No,Low,Low,Urban,Low,0
30,Male,No,Never,No,26.5,No,High,Low,Urban,Low,0
22,Male,Occasionally,Daily (cigarette/bidi),Occasional,22.9,No,High,Moderate,Rural,High,0
81,Female,Daily,Daily (cigarette/bidi),No,23.2,No,Medium,Moderate,Urban,Moderate,1
32,Female,No,Never,No,30.6,Yes,Medium,Low,Urban,Low,0
32,Male,No,Never,Occasional,22.3,No,High,Moderate,Rural,High,0
67,Female,No,Never,No,22.2,No,Medium,High,Rural,Low,0
77,Female,No,Daily (cigarette/bidi),No,21.7,Yes,High,Low,Urban,Moderate,1
26,Male,No,Never,No,21.0,Yes,High,High,Urban,Low,0
61,Female,Daily,Daily (cigarette/bidi),No,23.2,No,Medium,Moderate,Rural,Moderate,1
26,Male,No,Never,No,18.5,No,Medium,Moderate,Rural,High,0
78,Male,Daily,Daily (cigarette/bidi),Occasional,23.7,Yes,Medium,Moderate,Urban,High,1
67,Male,No,Never,No,16.9,No,Medium,Low,Rural,Low,0
46,Female,Daily,Never,No,22.7,No,High,Moderate,Urban,Low,0
61,Female,No,Never,No,15.9,No,Low,High,Rural,Moderate,0
65,Female,No,Never,No,27.5,No,Medium,High,Rural,High,0
47,Female,No,Daily (cigarette/bidi),Regular,30.1,No,High,Low,Urban,Moderate,1
32,Female,Occasionally,Never,No,24.9,No,High,Low,Rural,High,0
60,Female,Occasionally,Never,Occasional,28.3,No,High,High,Rural,High,1
32,Male,Daily,Never,No,30.0,No,Medium,Low,Rural,High,0
48,Male,No,Daily (cigarette/bidi),No,15.0,No,High,High,Urban,Low,0
19,Female,Occasionally,Never,No,28.4,No,High,Moderate,Urban,Moderate,0
41,Male,No,Never,Regular,26.9,No,Medium,Low,Urban,High,0
63,Male,Occasionally,Daily (cigarette/bidi),No,16.3,No,Low,Moderate,Rural,Moderate,0
66,Female,No,Daily (cigarette/bidi),No,20.8,Yes,Low,Moderate,Urban,High,1
30,Male,Daily,Never,No,25.4,No,Medium,Moderate,Urban,Moderate,0
30,Male,Occasionally,Never,No,24.4,No,High,High,Urban,Moderate,0
21,Male,Occasionally,Occasional,Occasional,23.9,No,Low,High,Urban,Moderate,0
76,Female,No,Occasional,No,27.9,No,Medium,High,Rural,Moderate,0
30,Male,Daily,Never,No,17.1,No,Low,Low,Urban,Moderate,0
61,Male,Daily,Daily (cigarette/bidi),No,19.8,No,High,Low,Urban,Low,1
80,Female,No,Never,No,15.0,No,Medium,Moderate,Rural,Low,0
24,Male,Daily,Never,No,22.4,No,Medium,Low,Rural,Moderate,0
26,Female,No,Never,Regular,29.4,No,Medium,Low,Rural,High,0
85,Female,No,Never,No,21.9,No,Low,Moderate,Rural,High,0
26,Female,No,Never,No,27.5,No,High,Moderate,Rural,High,0
18,Male,Occasionally,Never,Occasional,23.0,Yes,Medium,Moderate,Rural,Moderate,0
34,Male,Occasionally,Never,No,30.8,Yes,Low,High,Urban,Moderate,0
51,Female,No,Never,No,22.3,No,Low,Moderate,Rural,Moderate,0
47,Female,No,Never,No,18.6,Yes,Medium,Low,Urban,Low,0
26,Female,Occasionally,Occasional,No,22.4,Yes,Medium,Moderate,Urban,Low,0
72,Female,No,Never,No,15.3,No,Low,Moderate,Urban,High,0
47,Female,Daily,Never,Occasional,20.5,No,Low,Moderate,Urban,High,0
43,Female,Daily,Never,No,24.1,No,Medium,Low,Rural,Low,0
81,Female,Daily,Never,No,29.4,No,High,High,Rural,Moderate,1
80,Male,Occasionally,Never,No,21.6,No,Medium,Moderate,Urban,Moderate,0
62,Female,No,Occasional,Regular,29.5,Yes,Low,Moderate,Urban,High,1
63,Female,No,Never,Regular,30.7,No,High,Low,Urban,Low,1
32,Male,No,Never,No,20.9,No,Medium,Moderate,Urban,Moderate,0
18,Male,Occasionally,Occasional,No,28.1,No,Medium,Moderate,Urban,Moderate,0
18,Female,No,Never,Occasional,20.9,No,High,High,Urban,Moderate,0
53,Female,No,Never,Occasional,20.0,No,Low,High,Urban,High,0
48,Female,No,Never,Regular,27.4,No,Medium,Low,Rural,Low,0
76,Male,No,Daily (cigarette/bidi),No,25.0,Yes,Medium,Low,Urban,Low,1
65,Male,No,Never,No,30.9,No,Low,Low,Urban,Moderate,0
45,Male,No,Daily (cigarette/bidi),Occasional,33.7,No,Low,High,Urban,Moderate,0
79,Male,No,Occasional,No,26.7,No,Medium,Low,Urban,High,0
18,Male,No,Never,No,15.8,No,High,Low,Rural,High,0
23,Female,Daily,Never,No,22.6,No,Low,Moderate,Urban,High,0
54,Male,No,Never,No,21.5,No,Low,Moderate,Urban,Moderate,0
57,Female,No,Occasional,Occasional,22.5,Yes,Medium,High,Rural,Low,0
24,Male,No,Never,No,21.3,No,Low,Low,Urban,Low,0
38,Male,No,Never,No,27.9,No,Low,Low,Urban,High,0
18,Female,Daily,Never,Regular,20.3,No,Medium,High,Rural,High,0
82,Female,Daily,Occasional,No,21.3,No,Medium,Moderate,Rural,Moderate,1
43,Male,No,Never,Regular,22.1,No,High,Low,Urban,Low,0
42,Female,Daily,Occasional,No,33.2,No,Low,Low,Urban,High,1
20,Male,No,Never,No,22.1,No,Medium,Low,Urban,Moderate,0
46,Male,No,Never,No,20.4,No,Medium,High,Urban,High,0
84,Female,No,Daily (cigarette/bidi),No,24.5,No,Low,High,Urban,Moderate,1
68,Female,Occasionally,Never,No,27.2,No,Low,Low,Rural,Low,0
73,Male,Daily,Occasional,No,22.9,No,High,Moderate,Urban,Moderate,1
73,Female,Occasionally,Daily (cigarette/bidi),No,24.3,No,High,Low,Urban,Moderate,1
78,Male,No,Daily (cigarette/bidi),No,23.1,No,Low,Low,Urban,Moderate,1
52,Female,No,Never,Regular,27.8,No,Medium,Moderate,Rural,Moderate,0
70,Male,No,Never,No,25.1,No,High,Moderate,Urban,Moderate,0
83,Female,No,Never,Occasional,16.7,Yes,Medium,Low,Rural,Moderate,1
66,Female,No,Occasional,No,26.2,No,Medium,High,Urban,Low,0
21,Female,No,Never,No,26.9,Yes,High,High,Rural,Moderate,0
52,Female,No,Never,No,28.5,No,Low,Moderate,Rural,High,0
39,Male,No,Never,No,25.0,No,Medium,High,Rural,High,0
43,Female,Occasionally,Never,No,27.8,No,Medium,Moderate,Urban,Moderate,0
75,Female,No,Never,No,19.9,No,Medium,Low,Urban,Moderate,0
81,Female,No,Never,No,23.0,No,Medium,High,Urban,Moderate,0
24,Female,Daily,Never,No,29.4,No,Medium,Moderate,Urban,High,0
49,Male,Occasionally,Never,No,24.8,No,Low,High,Urban,High,0
27,Female,Daily,Daily (cigarette/bidi),Regular,25.5,No,High,Low,Urban,Moderate,1
19,Female,No,Daily (cigarette/bidi),No,18.2,No,Medium,Low,Urban,High,0
29,Female,No,Daily (cigarette/bidi),Regular,25.3,No,Medium,Moderate,Rural,Low,0
85,Female,No,Never,No,22.8,No,Low,Low,Urban,Moderate,0
21,Male,No,Daily (cigarette/bidi),Occasional,19.8,No,Low,Low,Rural,High,0
70,Male,Occasionally,Daily (cigarette/bidi),No,30.4,Yes,Medium,Low,Rural,Moderate,1
25,Female,Occasionally,Never,Occasional,33.9,No,Medium,Moderate,Rural,Moderate,0
64,Female,No,Never,Occasional,25.5,No,Low,Moderate,Rural,High,0
47,Male,Occasionally,Never,No,24.9,Yes,Medium,Low,Rural,Low,0
84,Female,Daily,Never,No,15.6,No,Low,High,Urban,Moderate,0
70,Female,No,Never,Occasional,23.1,No,High,Low,Rural,Low,0
80,Female,No,Occasional,No,21.9,No,Low,Moderate,Rural,Moderate,0
46,Female,No,Occasional,Occasional,17.7,No,Low,Moderate,Rural,Moderate,0
58,Female,No,Never,Occasional,25.9,No,Low,Low,Rural,Moderate,0
40,Female,Occasionally,Never,No,25.8,Yes,High,High,Rural,Moderate,0
34,Female,No,Occasional,No,22.3,No,Medium,Low,Rural,Low,0
30,Male,No,Never,No,23.2,No,Medium,Low,Rural,Moderate,0
38,Male,No,Never,Occasional,28.8,No,Medium,Low,Urban,Moderate,0
63,Female,No,Never,No,29.2,No,Low,Moderate,Rural,Low,0
36,Male,Daily,Occasional,No,27.3,No,Medium,Low,Rural,Moderate,1
59,Female,Occasionally,Never,Occasional,24.0,No,Medium,Moderate,Rural,High,0
32,Male,No,Daily (cigarette/bidi),No,28.0,No,Low,High,Rural,Low,0
68,Female,Daily,Never,Occasional,20.1,No,Medium,Moderate,Urban,Moderate,1
63,Female,No,Never,Occasional,23.1,No,Low,Moderate,Rural,Moderate,0
51,Male,Occasionally,Daily (cigarette/bidi),Regular,24.0,No,Low,Low,Rural,High,1
69,Male,Occasionally,Daily (cigarette/bidi),No,23.4,No,Medium,Low,Rural,High,1
54,Male,No,Daily (cigarette/bidi),Regular,23.9,No,High,High,Urban,High,1
59,Female,Occasionally,Never,No,26.7,No,Medium,Moderate,Urban,High,0
33,Male,Daily,Occasional,No,15.0,No,Medium,Low,Urban,Low,0
76,Female,No,Never,No,28.1,No,Medium,Moderate,Rural,High,0
54,Male,No,Never,Occasional,21.6,No,High,Moderate,Rural,Low,0
73,Male,No,Never,No,21.9,No,Medium,Moderate,Urban,Moderate,0
85,Female,No,Never,No,27.3,Yes,Medium,Moderate,Urban,High,1
55,Female,Occasionally,Daily (cigarette/bidi),No,27.9,No,High,Moderate,Rural,Low,1
51,Female,No,Never,Occasional,28.9,No,Medium,Low,Urban,Moderate,0
47,Male,Daily,Never,No,28.4,No,Medium,Low,Urban,Moderate,0
85,Female,Daily,Never,Occasional,25.8,No,Medium,High,Rural,High,1
44,Male,No,Never,No,26.0,No,Medium,Low,Rural,High,0
65,Female,No,Daily (cigarette/bidi),No,24.0,No,Medium,Low,Urban,Moderate,1
40,Female,No,Never,No,27.7,No,High,Moderate,Rural,Low,0
81,Male,Daily,Never,No,27.5,No,Medium,High,Urban,Low,1
71,Female,No,Never,No,23.3,No,Medium,Low,Rural,Moderate,0
70,Female,Daily,Daily (cigarette/bidi),No,30.0,No,Low,Moderate,Rural,Low,1
85,Male,No,Daily (cigarette/bidi),No,23.1,No,Medium,High,Urban,Low,0
47,Male,No,Daily (cigarette/bidi),No,34.6,No,Medium,High,Urban,High,0
53,Female,No,Occasional,No,22.5,Yes,Low,Moderate,Rural,Moderate,0
38,Male,No,Never,No,32.4,No,High,High,Rural,Moderate,0
41,Female,Daily,Daily (cigarette/bidi),Occasional,33.1,No,High,Low,Urban,Low,1
73,Male,Occasionally,Daily (cigarette/bidi),Occasional,28.2,No,High,Low,Rural,Low,1
55,Male,No,Never,Occasional,32.6,No,Medium,Low,Urban,Moderate,0
79,Male,No,Never,No,27.8,No,Medium,High,Rural,Moderate,0
43,Male,No,Never,Occasional,20.8,Yes,Low,Moderate,Rural,Moderate,0
18,Female,Occasionally,Never,No,27.2,No,High,High,Rural,Low,0
24,Female,No,Daily (cigarette/bidi),No,15.8,No,Low,Moderate,Urban,Low,0
22,Female,No,Daily (cigarette/bidi),No,20.8,No,High,High,Urban,Moderate,0
24,Male,No,Occasional,Occasional,25.8,No,Medium,Moderate,Rural,High,0
58,Male,No,Daily (cigarette/bidi),Occasional,28.2,No,High,Moderate,Urban,Moderate,1
33,Female,No,Never,No,29.4,No,Medium,High,Rural,Moderate,0
55,Female,Occasionally,Never,No,28.5,No,Medium,Moderate,Rural,Moderate,0
71,Female,Daily,Never,No,23.2,No,Low,Low,Rural,High,1
35,Female,Daily,Occasional,No,22.0,No,Low,Moderate,Rural,High,0
77,Female,Daily,Never,No,27.4,No,Low,Low,Rural,High,1
63,Male,No,Never,No,27.2,No,Low,Moderate,Rural,Low,0
34,Female,No,Occasional,Regular,21.7,No,High,Moderate,Urban,Low,0
23,Male,No,Daily (cigarette/bidi),No,24.1,No,High,Moderate,Rural,High,0
53,Female,Occasionally,Never,No,23.5,No,High,Low,Rural,Low,0
42,Female,Daily,Never,No,31.1,No,High,High,Urban,High,0
71,Male,No,Daily (cigarette/bidi),No,23.9,Yes,High,Moderate,Rural,Moderate,1
57,Male,No,Never,No,24.1,No,High,Low,Urban,High,0
43,Female,No,Never,No,24.7,No,Medium,Moderate,Rural,High,0
29,Male,No,Never,No,24.3,No,High,Moderate,Rural,Moderate,0
82,Male,No,Never,No,19.7,No,High,Low,Rural,Moderate,0
31,Female,No,Daily (cigarette/bidi),Regular,27.6,No,High,Low,Rural,Low,0
79,Female,No,Occasional,No,25.2,No,Low,Low,Urban,High,0
81,Male,No,Never,No,24.8,No,High,Low,Urban,High,0
26,Female,No,Never,No,23.9,No,Low,High,Urban,High,0
82,Male,No,Never,Occasional,24.1,No,High,Low,Urban,High,0
48,Female,No,Never,Regular,18.5,No,Low,Moderate,Urban,Moderate,0
82,Female,Occasionally,Never,No,22.1,Yes,Medium,Low,Urban,Low,1
37,Female,Daily,Never,No,21.5,No,Low,Low,Urban,Moderate,0
77,Male,No,Daily (cigarette/bidi),Regular,23.7,No,Medium,Low,Rural,Low,1
64,Female,No,Never,No,18.8,No,Medium,Low,Rural,Low,0
41,Male,Daily,Never,No,26.6,No,Medium,Low,Urban,Low,0
70,Male,Daily,Never,No,24.0,No,Medium,Low,Rural,Low,1
57,Female,Daily,Never,Occasional,27.5,No,Medium,High,Rural,Moderate,1
38,Female,No,Never,Regular,18.3,No,Medium,Low,Urban,Moderate,0
32,Male,No,Never,Regular,25.6,No,Low,Moderate,Urban,Moderate,0
20,Female,No,Never,No,25.0,No,Medium,High,Rural,Moderate,0
44,Female,No,Never,No,23.6,No,Medium,Moderate,Rural,Moderate,0
34,Female,Daily,Never,No,27.1,No,Low,Moderate,Urban,Low,0
73,Female,No,Never,No,29.9,No,High,Low,Urban,Moderate,0
48,Male,No,Never,No,23.5,No,Medium,Low,Urban,Low,0
41,Female,Daily,Never,No,34.3,No,Low,Moderate,Urban,High,1
65,Male,No,Never,Occasional,22.5,No,Medium,High,Rural,High,0
33,Male,No,Never,Occasional,27.0,No,Low,Low,Urban,High,0
49,Male,No,Never,No,23.0,No,Medium,Moderate,Urban,High,0
72,Male,No,Daily (cigarette/bidi),No,21.9,No,Low,Low,Urban,Moderate,0
69,Female,Occasionally,Daily (cigarette/bidi),Occasional,22.8,No,Low,Low,Rural,Moderate,1
68,Male,No,Never,No,30.2,No,Medium,Low,Urban,Low,0
78,Female,No,Daily (cigarette/bidi),Regular,15.2,Yes,Medium,Low,Rural,High,1
55,Female,Daily,Occasional,Occasional,24.7,No,Medium,Moderate,Rural,High,1
81,Male,Daily,Daily (cigarette/bidi),No,22.0,No,Medium,Low,Urban,High,1
20,Female,No,Never,No,28.0,No,Medium,High,Rural,Moderate,0
26,Female,No,Never,No,24.0,No,High,Moderate,Rural,Low,0
25,Male,No,Occasional,No,18.8,No,Low,Moderate,Urban,Low,0
57,Male,Daily,Never,No,20.1,No,Medium,Moderate,Rural,High,0
28,Male,No,Never,No,25.2,No,Low,Low,Rural,Moderate,0
80,Female,Occasionally,Daily (cigarette/bidi),Occasional,28.1,Yes,Low,Moderate,Rural,Low,1
76,Female,Daily,Daily (cigarette/bidi),Occasional,23.9,No,Low,High,Rural,Moderate,1
70,Male,Daily,Never,No,23.0,No,High,Moderate,Urban,High,1
70,Male,Occasionally,Never,No,18.9,No,Medium,Low,Urban,High,0
69,Female,No,Never,No,25.3,No,Low,Low,Rural,High,0
41,Male,Occasionally,Daily (cigarette/bidi),No,17.8,No,Medium,High,Rural,Low,0
57,Male,No,Never,No,24.5,No,Medium,Low,Urban,Low,0
35,Female,Daily,Never,Regular,34.2,No,Low,Moderate,Rural,Low,0
48,Female,Occasionally,Never,Regular,16.8,Yes,High,High,Urban,High,1
44,Female,No,Never,No,24.3,No,High,Low,Rural,Low,0
77,Female,No,Never,No,28.6,No,Medium,Low,Rural,Low,0
50,Female,No,Never,No,25.1,Yes,High,Low,Urban,High,0
62,Male,No,Never,No,30.5,No,Medium,Low,Urban,High,0
33,Female,Occasionally,Never,No,22.5,Yes,High,Low,Urban,High,0
18,Female,Occasionally,Never,No,20.6,No,Low,Moderate,Rural,Moderate,0
36,Female,Daily,Never,No,28.4,No,Low,High,Urban,Moderate,0
48,Female,No,Daily (cigarette/bidi),Occasional,20.5,No,Medium,Moderate,Rural,High,0
73,Male,Daily,Never,Occasional,24.4,No,High,Moderate,Urban,High,1
35,Female,Occasionally,Never,Occasional,33.1,No,Medium,Low,Urban,Moderate,0
21,Female,Daily,Never,No,27.1,No,Low,Moderate,Urban,Low,0
75,Male,Daily,Daily (cigarette/bidi),No,17.3,No,Low,Moderate,Rural,Moderate,1
83,Male,No,Never,No,20.2,Yes,Low,Moderate,Urban,High,0
20,Male,Daily,Daily (cigarette/bidi),Regular,23.9,No,High,Low,Urban,Moderate,1
23,Female,Occasionally,Never,No,24.9,No,Low,Moderate,Urban,Low,0
56,Female,Daily,Never,Occasional,33.7,No,Medium,Low,Rural,High,1
77,Female,Occasionally,Daily (cigarette/bidi),Occasional,35.8,No,Medium,Moderate,Rural,Low,1
19,Male,No,Occasional,Occasional,25.9,No,Medium,High,Urban,Moderate,0
53,Male,Daily,Daily (cigarette/bidi),No,23.1,No,Medium,Moderate,Rural,Moderate,1
46,Female,No,Occasional,Regular,23.0,No,Medium,Low,Urban,Moderate,0
19,Male,No,Never,No,27.0,No,High,Low,Rural,Moderate,0
33,Male,No,Never,Regular,18.6,No,Low,Low,Rural,Low,0
61,Male,No,Never,Occasional,31.0,Yes,High,Low,Urban,High,1
34,Male,No,Occasional,No,22.8,No,High,High,Urban,Moderate,0
68,Female,Occasionally,Never,No,19.6,No,Low,Moderate,Urban,Moderate,0
80,Male,Occasionally,Daily (cigarette/bidi),Regular,24.7,Yes,Low,High,Urban,High,1
36,Female,Daily,Daily (cigarette/bidi),No,31.6,No,High,High,Urban,Low,1
39,Female,No,Never,No,25.7,No,High,Moderate,Urban,Low,0
54,Female,No,Never,No,22.6,No,High,Low,Urban,Moderate,0
27,Female,Daily,Daily (cigarette/bidi),No,22.2,No,Low,Moderate,Urban,Moderate,0
53,Male,Occasionally,Never,Regular,22.7,No,Medium,Moderate,Urban,Moderate,0
30,Female,No,Never,No,29.9,Yes,High,Low,Urban,Moderate,0
24,Male,Daily,Occasional,Occasional,33.7,No,Low,Moderate,Rural,High,1
55,Male,No,Never,Occasional,18.0,No,Low,High,Rural,High,0
26,Male,No,Never,No,15.7,No,Low,Moderate,Urban,Moderate,0
51,Female,No,Never,Occasional,27.1,No,Low,Low,Urban,Moderate,0
84,Male,Daily,Never,No,23.6,No,High,Moderate,Rural,Moderate,1
42,Female,No,Daily (cigarette/bidi),Occasional,26.9,No,Low,Low,Urban,High,1
19,Female,No,Daily (cigarette/bidi),No,16.4,No,Medium,Moderate,Urban,Moderate,0
60,Female,No,Never,No,30.1,No,Medium,Moderate,Urban,Low,0
77,Male,Occasionally,Never,No,20.9,No,High,Moderate,Rural,Moderate,1
54,Male,Occasionally,Never,Regular,19.1,No,High,Low,Rural,Moderate,1
63,Male,No,Occasional,No,27.7,No,Medium,Low,Rural,Low,0
37,Female,No,Occasional,No,18.2,Yes,High,High,Urban,Moderate,0
31,Male,No,Never,No,33.8,No,Low,Low,Urban,High,0
73,Female,No,Never,Occasional,29.6,No,Low,Moderate,Rural,Moderate,0
36,Male,No,Occasional,No,22.2,No,Medium,Low,Rural,Moderate,0
24,Male,No,Never,No,31.3,No,Low,Low,Rural,High,0
36,Female,No,Never,Occasional,24.9,No,Low,Low,Rural,Moderate,0
19,Female,No,Occasional,No,23.2,No,Medium,High,Rural,Moderate,0
62,Female,No,Never,Occasional,15.0,No,Low,Low,Urban,Low,0
55,Female,Occasionally,Never,No,20.4,No,Low,Low,Rural,Moderate,0
61,Female,Daily,Daily (cigarette/bidi),No,30.1,No,Medium,High,Rural,High,1
39,Female,No,Never,No,24.1,No,Low,Moderate,Rural,High,0
26,Male,Occasionally,Never,No,24.2,No,High,Moderate,Urban,High,0
33,Female,Daily,Occasional,No,19.5,No,Medium,High,Rural,Low,0
36,Male,No,Occasional,Regular,16.3,No,Medium,High,Rural,Moderate,0
41,Female,Daily,Daily (cigarette/bidi),Regular,31.4,No,Medium,Low,Rural,Low,1
70,Male,No,Never,Occasional,24.8,No,High,Low,Urban,Low,0
56,Female,Daily,Never,No,32.2,No,Medium,Low,Rural,Low,1
60,Female,Occasionally,Never,No,18.7,No,Medium,Moderate,Urban,Low,0
72,Female,No,Never,Occasional,25.1,No,Low,Low,Urban,Low,0
42,Female,No,Never,No,26.5,No,Medium,Low,Rural,Moderate,0
33,Male,No,Occasional,No,29.7,No,Low,High,Rural,Moderate,0
40,Male,No,Never,No,25.0,No,High,Moderate,Rural,High,0
69,Male,No,Never,No,22.5,No,High,Low,Rural,Moderate,0
35,Male,Daily,Daily (cigarette/bidi),No,32.1,No,High,Low,Rural,Low,1
76,Female,Daily,Never,No,20.0,No,High,Moderate,Urban,Moderate,1
52,Female,Daily,Daily (cigarette/bidi),No,22.2,No,Medium,Moderate,Urban,Moderate,1
69,Male,No,Daily (cigarette/bidi),Regular,18.9,No,Low,High,Urban,Low,1
79,Female,Daily,Never,No,18.6,No,Low,Moderate,Urban,Low,0
73,Male,No,Never,No,27.4,No,High,Moderate,Urban,Low,0
40,Male,No,Occasional,Occasional,28.1,No,Medium,Low,Rural,High,0
21,Male,No,Daily (cigarette/bidi),Occasional,21.6,Yes,Low,Low,Rural,Low,0
40,Female,No,Occasional,No,25.7,No,Medium,Low,Urban,High,0
60,Female,Daily,Never,No,21.1,No,Medium,Moderate,Urban,Low,0
79,Female,No,Daily (cigarette/bidi),Occasional,25.4,No,High,High,Urban,Low,1
76,Male,No,Never,Regular,25.0,No,High,High,Rural,High,1
65,Female,No,Daily (cigarette/bidi),Occasional,18.2,Yes,High,Low,Urban,Low,1
30,Male,Occasionally,Never,No,33.3,No,Medium,Low,Rural,Low,0
40,Male,No,Never,Occasional,26.0,Yes,Medium,Low,Rural,Moderate,0
46,Female,No,Never,No,22.7,No,Medium,High,Urban,High,0
85,Male,Occasionally,Never,No,15.0,No,Medium,High,Urban,Moderate,0
68,Female,No,Never,No,23.2,No,High,Low,Rural,Low,0
66,Female,No,Never,No,28.9,No,Medium,Moderate,Urban,Low,0
31,Male,No,Daily (cigarette/bidi),Occasional,26.6,No,Low,Moderate,Rural,Low,0
81,Male,No,Never,No,25.1,No,Low,Low,Rural,Low,0
38,Male,No,Daily (cigarette/bidi),Regular,28.5,No,Medium,High,Urban,High,0
54,Female,No,Never,No,25.0,No,Medium,Moderate,Rural,Low,0
74,Male,Daily,Never,No,20.4,No,Medium,Moderate,Urban,Moderate,1
80,Female,Occasionally,Never,No,30.1,No,Medium,High,Rural,High,1
46,Male,Daily,Occasional,No,17.8,Yes,Low,Low,Rural,High,1
49,Female,No,Never,No,29.0,No,Medium,High,Urban,Moderate,0
18,Female,No,Daily (cigarette/bidi),Regular,29.3,No,Low,Moderate,Rural,High,0
38,Male,No,Occasional,Occasional,26.9,No,Low,Moderate,Urban,Low,0
40,Male,No,Never,Regular,27.4,No,High,Moderate,Urban,Moderate,0
24,Male,No,Never,No,26.9,No,Medium,Low,Rural,High,0
30,Female,No,Never,No,33.3,No,Low,Moderate,Urban,Moderate,0
82,Male,Daily,Daily (cigarette/bidi),No,22.6,No,Medium,Low,Rural,Moderate,1
38,Female,No,Daily (cigarette/bidi),Occasional,28.6,No,Low,Low,Rural,Low,0
31,Male,Occasionally,Never,Regular,22.2,No,High,High,Urban,Low,0
48,Male,Occasionally,Never,No,23.7,No,High,High,Rural,Low,0
80,Female,Daily,Daily (cigarette/bidi),No,31.7,No,Low,Moderate,Urban,Low,1
26,Female,Daily,Never,No,24.5,No,Medium,Moderate,Urban,High,0
30,Female,No,Never,No,25.1,Yes,Low,Moderate,Urban,Low,0
64,Male,No,Never,No,36.6,No,Medium,Low,Urban,Low,0
21,Male,No,Occasional,No,26.0,Yes,Medium,Low,Urban,High,0
54,Female,No,Never,No,29.5,No,Medium,Low,Rural,Moderate,0
59,Female,No,Daily (cigarette/bidi),No,22.6,No,Low,Low,Rural,Low,0
43,Male,Occasionally,Never,No,22.5,No,Low,Low,Rural,Moderate,0
70,Female,No,Never,No,24.8,Yes,High,High,Urban,Low,0
46,Female,No,Occasional,No,26.8,Yes,Medium,Moderate,Urban,Moderate,0
39,Male,No,Occasional,No,27.3,No,Low,Moderate,Rural,High,0
75,Female,Occasionally,Occasional,No,22.0,No,High,Moderate,Rural,Moderate,1
48,Male,No,Never,No,25.3,No,Medium,Low,Urban,High,0
79,Male,Occasionally,Never,No,35.9,No,Low,Moderate,Rural,High,1
60,Male,No,Never,No,27.9,No,High,High,Rural,High,0
38,Male,No,Never,No,36.3,No,Low,Moderate,Urban,High,0
22,Female,No,Occasional,No,16.0,No,Medium,Low,Urban,High,0
55,Female,No,Never,No,27.2,Yes,High,High,Urban,High,0
85,Male,No,Never,No,25.4,No,Medium,Low,Rural,Moderate,0
54,Male,Daily,Daily (cigarette/bidi),No,24.7,No,Low,High,Rural,Moderate,1
47,Female,No,Never,No,18.4,Yes,Medium,Low,Urban,High,0
35,Male,No,Daily (cigarette/bidi),No,17.5,No,Medium,High,Urban,High,0
39,Female,No,Never,No,22.6,No,Low,Moderate,Urban,Moderate,0
27,Male,No,Occasional,Occasional,25.1,No,Low,Moderate,Rural,Low,0
29,Male,No,Occasional,No,21.2,Yes,Medium,Moderate,Rural,Moderate,0
27,Female,No,Never,No,21.9,No,Low,Low,Rural,Low,0
81,Female,No,Daily (cigarette/bidi),No,30.3,No,Medium,Moderate,Rural,High,1
80,Female,No,Never,No,26.7,No,Medium,Low,Rural,High,0
53,Male,No,Never,No,29.2,No,Medium,Low,Rural,High,0
35,Male,Occasionally,Never,No,23.7,No,Low,Low,Rural,High,0
61,Female,No,Never,No,22.4,Yes,Medium,Moderate,Rural,Moderate,0
44,Male,Daily,Daily (cigarette/bidi),No,22.6,No,Low,Low,Rural,Moderate,1
26,Male,Daily,Daily (cigarette/bidi),Occasional,28.9,No,Medium,Low,Rural,Low,1
50,Female,No,Daily (cigarette/bidi),Regular,26.0,No,Medium,High,Urban,High,0
46,Female,No,Never,No,26.5,No,Low,Moderate,Urban,High,0
28,Female,Daily,Daily (cigarette/bidi),No,27.1,No,Medium,Low,Urban,Moderate,1
63,Female,Occasionally,Never,No,27.6,No,Medium,High,Urban,High,0
50,Male,Daily,Never,No,28.4,No,Medium,Low,Urban,Moderate,0
77,Female,Occasionally,Never,No,35.1,No,High,Moderate,Urban,High,1
42,Female,No,Never,No,16.6,No,High,Moderate,Urban,Moderate,0
40,Male,Occasionally,Never,No,23.1,No,Low,Low,Urban,Low,0
22,Male,No,Never,No,24.7,No,Low,Low,Urban,High,0
78,Male,No,Never,Occasional,23.0,No,High,Low,Urban,Moderate,0
84,Female,Occasionally,Never,No,25.1,No,High,Moderate,Rural,High,1
78,Male,Daily,Never,Occasional,27.5,Yes,High,Moderate,Rural,Low,1
78,Male,No,Daily (cigarette/bidi),Occasional,28.8,No,Medium,Low,Urban,Moderate,1
66,Male,No,Never,No,27.1,No,High,Low,Urban,Low,0
52,Male,No,Never,No,21.5,No,Low,Low,Urban,Low,0
26,Female,Daily,Daily (cigarette/bidi),No,31.7,No,High,High,Urban,Low,1
40,Male,No,Occasional,No,28.7,No,Medium,Moderate,Rural,Moderate,0
26,Female,Occasionally,Never,Regular,20.8,No,High,High,Rural,Low,0
79,Male,No,Daily (cigarette/bidi),Occasional,26.7,No,Medium,High,Rural,Low,1
26,Female,No,Never,No,30.8,No,Low,Moderate,Urban,Low,0
21,Female,No,Daily (cigarette/bidi),No,24.6,No,High,Low,Urban,High,0
31,Female,No,Occasional,No,27.2,Yes,Medium,High,Urban,Low,0
78,Female,Occasionally,Never,No,33.5,No,Medium,Moderate,Urban,Moderate,0
55,Female,No,Never,No,23.1,No,Medium,Low,Urban,Moderate,0
84,Male,No,Occasional,No,25.1,Yes,Low,Low,Urban,High,1
48,Female,No,Never,No,18.4,No,Low,Moderate,Urban,Low,0
28,Female,No,Never,No,29.9,No,Medium,High,Urban,Low,0
37,Female,No,Occasional,No,25.0,No,Medium,Low,Rural,High,0
79,Female,No,Never,No,27.6,No,High,High,Rural,High,0
82,Male,Occasionally,Never,No,25.5,No,Low,High,Rural,Moderate,0
74,Male,No,Daily (cigarette/bidi),No,15.0,No,High,Low,Urban,Moderate,1
66,Female,No,Daily (cigarette/bidi),Regular,30.3,No,Medium,Moderate,Urban,High,1
42,Female,Daily,Never,No,27.1,No,Low,Moderate,Rural,Moderate,0
62,Male,No,Never,No,23.0,No,Medium,Low,Rural,High,0
73,Female,Daily,Occasional,No,27.4,No,Medium,Low,Rural,Low,1
74,Male,No,Never,Regular,21.2,No,Medium,Low,Urban,Moderate,0
19,Female,Daily,Never,Regular,33.9,No,Medium,Moderate,Rural,High,0
39,Male,No,Never,No,28.0,No,Medium,High,Rural,High,0
63,Male,No,Daily (cigarette/bidi),No,16.6,No,Low,Low,Rural,High,1
47,Male,Occasionally,Never,Occasional,25.1,No,Low,Low,Rural,Moderate,0
21,Male,No,Never,No,32.0,No,Medium,Moderate,Urban,Low,0
64,Female,Daily,Occasional,No,26.2,No,Medium,Low,Rural,Low,1
19,Male,Occasionally,Never,No,16.2,No,Medium,Low,Urban,Low,0
55,Female,Occasionally,Daily (cigarette/bidi),No,20.5,No,Low,Moderate,Urban,Moderate,0
25,Male,No,Never,No,25.9,No,High,High,Urban,Moderate,0
82,Male,Occasionally,Daily (cigarette/bidi),Occasional,16.3,No,Medium,High,Urban,Moderate,1
35,Male,No,Never,Regular,31.3,No,High,Low,Urban,Low,0
55,Male,No,Never,No,20.0,No,Medium,Moderate,Urban,Low,0
61,Male,No,Never,No,19.9,No,High,High,Rural,High,0
40,Female,No,Occasional,No,19.4,No,Low,High,Urban,Moderate,0
31,Female,Daily,Occasional,No,30.3,No,Medium,Moderate,Urban,Low,0
79,Female,Occasionally,Never,No,28.7,No,Medium,High,Urban,Low,0
48,Male,No,Occasional,Regular,24.3,No,Low,Moderate,Urban,Low,0
54,Male,Occasionally,Daily (cigarette/bidi),No,25.4,No,Low,Low,Rural,Moderate,0
85,Female,Occasionally,Occasional,No,30.4,No,Low,Low,Rural,Low,1
75,Male,No,Never,Occasional,31.2,No,Low,Low,Rural,Low,0
20,Male,No,Daily (cigarette/bidi),No,23.7,No,Low,Moderate,Urban,Low,0
82,Male,No,Never,No,23.0,No,High,High,Rural,High,0
58,Female,Occasionally,Never,No,28.8,No,High,Low,Urban,Low,0
66,Male,No,Never,No,30.4,No,Low,Moderate,Urban,Low,0
30,Female,No,Never,No,27.6,No,Low,Moderate,Rural,Low,0
73,Male,No,Never,No,22.3,No,High,Low,Urban,Moderate,0
27,Female,No,Never,No,17.9,Yes,Medium,High,Urban,Moderate,0
58,Male,No,Never,No,24.8,No,Medium,High,Urban,High,0
40,Female,No,Never,Occasional,18.1,No,High,Moderate,Urban,High,0
59,Male,Daily,Never,No,32.7,No,High,Moderate,Urban,Low,0
62,Male,No,Occasional,Occasional,18.4,No,Medium,Low,Urban,Moderate,0
60,Male,No,Never,No,20.6,No,Medium,Moderate,Rural,Moderate,0
31,Female,Daily,Never,Occasional,27.1,No,Medium,Moderate,Urban,Low,0
56,Male,No,Daily (cigarette/bidi),No,23.4,No,High,Low,Urban,Low,0
38,Female,No,Never,No,16.8,No,Medium,High,Rural,Low,0
52,Male,Daily,Occasional,No,19.1,No,Low,Low,Rural,Low,1
82,Male,Occasionally,Never,No,24.7,No,Medium,Low,Urban,Low,1
69,Male,Occasionally,Daily (cigarette/bidi),No,20.0,Yes,Medium,Low,Urban,High,1
39,Female,Daily,Daily (cigarette/bidi),No,22.8,No,Medium,Moderate,Rural,High,1
49,Female,No,Never,No,18.3,No,Low,Low,Urban,Moderate,0
50,Female,No,Occasional,Regular,28.0,No,High,Moderate,Urban,High,0
32,Female,No,Occasional,No,32.6,No,High,Low,Urban,Low,0
21,Female,No,Never,No,26.9,No,High,Moderate,Urban,High,0
81,Male,No,Daily (cigarette/bidi),No,24.9,No,High,Moderate,Rural,High,1
18,Male,Occasionally,Daily (cigarette/bidi),No,24.3,No,Medium,High,Rural,High,0
34,Female,No,Never,Occasional,23.6,Yes,Medium,Moderate,Urban,Low,0
35,Female,Daily,Occasional,No,31.3,No,Low,Moderate,Urban,Moderate,0
37,Female,Occasionally,Occasional,Occasional,31.8,No,Medium,Moderate,Urban,Moderate,0
41,Female,Occasionally,Daily (cigarette/bidi),No,32.6,No,Medium,Moderate,Rural,Moderate,1
35,Female,Occasionally,Never,No,17.9,No,Medium,Moderate,Urban,Moderate,0
66,Male,No,Daily (cigarette/bidi),No,18.8,No,Low,Low,Urban,Low,0
22,Female,No,Never,No,36.3,No,Medium,Low,Urban,High,0
46,Female,Occasionally,Never,No,26.6,No,Medium,High,Rural,Moderate,0
48,Female,No,Never,No,19.0,No,Medium,Low,Urban,Moderate,0
25,Female,Daily,Never,No,26.3,No,Low,Low,Urban,High,0
19,Female,Occasionally,Never,Regular,24.1,No,Low,Moderate,Urban,Moderate,0
39,Female,Daily,Never,Occasional,32.8,Yes,High,Moderate,Rural,Moderate,1
51,Female,Daily,Never,Regular,28.9,No,High,High,Urban,Low,1
62,Female,Occasionally,Daily (cigarette/bidi),Occasional,20.7,No,High,Low,Urban,Moderate,1
34,Female,Daily,Daily (cigarette/bidi),No,17.7,No,Low,High,Rural,Moderate,1
27,Female,No,Daily (cigarette/bidi),No,31.7,No,High,Moderate,Rural,High,0
55,Male,No,Never,No,26.3,No,Low,Low,Rural,Moderate,0
47,Female,No,Never,No,26.8,No,Medium,Low,Rural,Moderate,0
35,Female,Occasionally,Occasional,No,25.3,No,Medium,Moderate,Urban,Moderate,0
72,Female,No,Never,No,25.9,No,High,Moderate,Rural,Moderate,0
81,Male,Occasionally,Never,No,17.9,No,Low,Low,Rural,Moderate,1
46,Female,No,Never,No,21.2,No,Medium,Moderate,Rural,Low,0
62,Female,Daily,Never,No,26.1,No,High,Moderate,Rural,Moderate,0
66,Female,No,Never,No,25.8,No,High,Moderate,Urban,Moderate,0
53,Male,No,Daily (cigarette/bidi),No,25.3,No,Medium,Moderate,Urban,High,0
66,Female,No,Never,No,17.5,No,High,Moderate,Rural,Moderate,0
27,Female,Occasionally,Never,No,27.4,No,Medium,Moderate,Rural,Low,0
68,Female,Occasionally,Daily (cigarette/bidi),No,23.9,No,High,Moderate,Rural,Low,1
18,Male,No,Never,No,22.2,No,Low,Low,Rural,Moderate,0
33,Male,No,Daily (cigarette/bidi),No,26.7,Yes,Medium,Low,Rural,Moderate,1
63,Male,No,Daily (cigarette/bidi),No,16.4,No,High,High,Rural,High,1
48,Male,Occasionally,Never,No,19.9,No,Medium,Moderate,Urban,High,0
29,Male,No,Never,No,22.1,No,Medium,High,Urban,High,0
57,Male,Occasionally,Never,Regular,23.2,No,Low,Low,Rural,Moderate,1
39,Female,Daily,Occasional,No,29.1,No,Medium,Low,Urban,Moderate,0
58,Female,No,Never,No,31.9,No,High,Moderate,Rural,High,0
33,Female,No,Daily (cigarette/bidi),No,27.6,No,Medium,Moderate,Urban,Moderate,0
62,Male,No,Daily (cigarette/bidi),No,27.3,No,High,Moderate,Rural,High,0
18,Male,No,Never,Occasional,21.7,No,Low,Moderate,Urban,Low,0
25,Female,Occasionally,Never,Occasional,24.1,No,Medium,Moderate,Rural,Low,0
63,Female,No,Never,No,26.6,Yes,Medium,Low,Urban,Low,0
66,Female,No,Never,No,31.7,No,Low,High,Rural,Moderate,0
45,Male,Daily,Occasional,Regular,17.9,No,Low,Moderate,Urban,High,1
48,Female,Occasionally,Never,Regular,33.6,No,Medium,High,Rural,Low,0
69,Male,Daily,Never,Regular,26.9,No,Low,Low,Urban,Moderate,1
79,Male,Occasionally,Never,No,28.7,No,Medium,Low,Rural,High,1
80,Female,Daily,Daily (cigarette/bidi),No,24.5,No,Medium,High,Urban,Low,1
31,Male,No,Never,Occasional,31.0,Yes,Medium,Moderate,Rural,Low,0
39,Male,Daily,Never,No,19.4,No,Medium,Moderate,Rural,Low,0
55,Female,Daily,Never,No,26.7,No,Medium,Low,Urban,Low,1
46,Female,No,Daily (cigarette/bidi),Occasional,23.7,No,High,High,Rural,Low,0
22,Female,Occasionally,Never,Occasional,28.0,No,High,Low,Rural,Moderate,0
47,Male,No,Never,No,20.2,Yes,High,Low,Rural,High,1
82,Female,No,Daily (cigarette/bidi),No,29.2,No,Medium,Low,Urban,Low,1
20,Female,No,Never,Regular,22.4,No,High,Low,Rural,High,0
52,Female,No,Never,Occasional,27.1,No,Low,Moderate,Urban,Low,0
73,Male,No,Never,No,23.9,No,High,High,Rural,High,0
24,Female,No,Daily (cigarette/bidi),No,24.8,No,Low,Low,Urban,Low,0
77,Male,No,Never,No,31.3,No,Low,Moderate,Urban,High,0
28,Female,Daily,Daily (cigarette/bidi),No,23.0,No,High,Low,Urban,Low,0
40,Male,No,Never,No,28.6,No,Medium,Low,Urban,Moderate,0
57,Female,No,Never,No,27.2,No,Medium,Low,Rural,High,0
65,Male,Daily,Never,No,18.6,No,Medium,Moderate,Urban,High,1
18,Female,Occasionally,Never,No,34.2,No,High,Moderate,Rural,Low,0
52,Male,Occasionally,Daily (cigarette/bidi),Occasional,23.0,No,High,Moderate,Rural,Moderate,1
70,Male,No,Never,No,18.4,No,Medium,Moderate,Rural,Low,0
76,Male,No,Never,No,24.3,No,Low,Low,Rural,Moderate,0
63,Female,No,Daily (cigarette/bidi),No,18.1,No,Low,Low,Urban,Low,0
54,Male,No,Never,Occasional,15.0,No,Medium,Moderate,Urban,High,0
73,Male,Daily,Never,No,23.9,No,Low,High,Rural,High,1
73,Male,No,Never,Occasional,23.2,Yes,Medium,Low,Rural,High,1
40,Female,No,Never,No,18.4,Yes,High,Low,Rural,Moderate,0
41,Female,No,Daily (cigarette/bidi),No,29.0,No,Low,Low,Urban,High,0
45,Female,No,Occasional,No,18.6,No,Low,Moderate,Urban,Moderate,0
65,Female,Occasionally,Never,Occasional,28.6,No,Medium,Moderate,Urban,Moderate,0
68,Male,No,Never,No,25.9,No,Medium,Moderate,Rural,Low,0
80,Male,No,Never,No,22.1,No,Medium,Low,Urban,Low,0
72,Male,No,Daily (cigarette/bidi),No,26.9,No,Low,Low,Urban,Moderate,1
23,Male,Daily,Never,Regular,23.0,Yes,Medium,Low,Urban,Moderate,1
62,Female,No,Never,No,31.2,No,Medium,Low,Rural,Low,0
40,Female,Daily,Never,No,19.2,No,Medium,Moderate,Urban,Moderate,0
39,Male,Daily,Daily (cigarette/bidi),Regular,21.0,No,Medium,Moderate,Rural,Moderate,1
82,Female,No,Never,Regular,20.9,No,Low,Moderate,Urban,High,0
54,Female,No,Never,No,30.5,Yes,High,Low,Rural,Moderate,0
56,Male,Occasionally,Occasional,No,31.2,Yes,High,Low,Urban,High,1
71,Female,No,Never,Regular,17.6,No,Medium,Moderate,Rural,Moderate,0
44,Male,Occasionally,Never,Occasional,22.3,No,Medium,Moderate,Urban,Moderate,0
65,Female,No,Occasional,Regular,25.0,Yes,Medium,Moderate,Urban,Moderate,1
52,Male,Occasionally,Never,No,21.2,No,Medium,Moderate,Rural,Moderate,0
68,Female,Daily,Never,No,31.4,No,Low,High,Urban,Low,0
40,Male,Daily,Never,Occasional,19.9,No,High,Moderate,Urban,Low,0
30,Female,Daily,Never,No,17.1,No,Low,Low,Rural,Low,0
47,Male,No,Never,No,25.4,Yes,Medium,Moderate,Urban,Moderate,0
62,Male,No,Never,Regular,22.1,No,Medium,Low,Urban,Low,0
78,Male,Occasionally,Daily (cigarette/bidi),No,24.4,No,Medium,Low,Urban,Low,1
68,Male,Occasionally,Never,Regular,21.5,No,High,Low,Rural,Moderate,1
69,Female,Daily,Daily (cigarette/bidi),Regular,15.7,No,Low,Moderate,Urban,Moderate,1
68,Male,Occasionally,Never,Regular,27.4,No,High,Low,Urban,High,1
22,Female,Occasionally,Never,No,15.0,No,Low,High,Rural,Moderate,0
38,Male,No,Daily (cigarette/bidi),No,23.6,No,Medium,Moderate,Urban,Moderate,0
28,Female,Daily,Never,No,19.7,No,High,Low,Urban,Moderate,0
23,Male,No,Never,Regular,27.0,No,Medium,Moderate,Rural,High,0
61,Female,No,Occasional,No,24.6,No,Low,Moderate,Rural,Moderate,0
52,Male,Daily,Never,No,20.2,No,High,Low,Urban,Low,0
25,Female,No,Never,Regular,23.1,No,High,Moderate,Rural,Moderate,0
66,Male,Occasionally,Never,Regular,27.8,Yes,Low,Low,Urban,High,1
32,Female,No,Never,No,23.2,No,Medium,High,Rural,High,0
73,Male,No,Never,No,28.3,No,Medium,Moderate,Urban,Moderate,0
19,Male,No,Never,Regular,20.6,No,Medium,Moderate,Urban,High,0
18,Female,Daily,Never,Occasional,27.1,No,High,Low,Urban,Moderate,0
64,Male,Daily,Never,No,23.5,No,High,Moderate,Urban,Moderate,1
69,Female,Daily,Never,No,28.7,No,Low,Low,Rural,Moderate,1
49,Female,No,Never,No,20.8,No,Low,Moderate,Urban,Moderate,0
45,Male,No,Daily (cigarette/bidi),No,17.9,No,Medium,Moderate,Rural,Moderate,0
46,Male,No,Never,Regular,21.0,Yes,Medium,Low,Rural,High,1
22,Male,Occasionally,Occasional,No,29.1,Yes,Medium,Moderate,Rural,Low,0
64,Male,No,Never,Regular,27.3,No,High,High,Urban,Moderate,0
36,Male,No,Never,Occasional,21.9,No,Medium,High,Rural,Low,0
23,Male,No,Occasional,No,21.3,No,High,Low,Rural,Low,0
53,Male,No,Never,No,29.6,No,High,High,Rural,Moderate,0
42,Male,No,Occasional,No,29.3,No,High,Low,Urban,High,0
39,Male,No,Never,No,29.5,No,Low,High,Urban,Moderate,0
55,Male,Daily,Daily (cigarette/bidi),No,19.8,No,Medium,Moderate,Urban,Low,1
24,Female,No,Daily (cigarette/bidi),No,22.7,No,Low,Moderate,Rural,Low,0
30,Female,Occasionally,Never,No,23.9,No,Medium,Low,Urban,Low,0
34,Male,Daily,Never,No,24.7,No,High,Moderate,Urban,High,0
77,Male,No,Daily (cigarette/bidi),No,27.9,No,Low,Low,Urban,High,1
62,Female,No,Never,No,27.5,No,Medium,High,Urban,Moderate,0
85,Male,Daily,Occasional,Regular,20.0,No,Medium,Low,Rural,Low,1
51,Male,No,Never,No,25.7,No,Medium,Moderate,Rural,Moderate,0
83,Female,No,Occasional,No,26.6,Yes,Medium,Moderate,Urban,Moderate,1
29,Male,No,Never,No,19.5,No,Low,Moderate,Rural,High,0
23,Female,No,Daily (cigarette/bidi),No,24.7,No,Low,Low,Urban,Moderate,0
24,Female,Daily,Never,No,22.3,No,High,High,Urban,Low,0
85,Female,No,Daily (cigarette/bidi),No,29.5,Yes,Low,Low,Urban,Moderate,1
26,Female,No,Daily (cigarette/bidi),No,21.6,No,High,Low,Rural,Moderate,0
18,Female,No,Never,No,16.8,No,Low,Low,Urban,Moderate,0
23,Female,No,Never,No,15.3,No,Medium,Low,Urban,Moderate,0
39,Female,No,Occasional,Occasional,22.3,No,Low,High,Rural,Low,0
51,Female,Daily,Never,No,21.1,No,Medium,Moderate,Rural,High,1
33,Male,Occasionally,Never,No,19.0,No,High,Low,Urban,Moderate,0
25,Male,Daily,Never,No,22.3,No,Medium,Low,Rural,Moderate,0
47,Male,No,Daily (cigarette/bidi),Regular,23.7,No,Low,Moderate,Rural,Moderate,0
50,Male,Daily,Never,No,21.7,No,Medium,High,Rural,Low,0
52,Male,Daily,Never,Occasional,20.9,Yes,Medium,Low,Rural,Moderate,1
41,Male,No,Never,No,17.7,No,High,Moderate,Urban,Low,0
79,Female,No,Never,No,23.2,No,Low,Moderate,Rural,Moderate,0
69,Female,No,Never,No,25.3,No,Medium,Low,Urban,Moderate,0
58,Female,No,Daily (cigarette/bidi),No,27.5,No,Low,High,Urban,Moderate,0
47,Male,Daily,Never,No,24.2,No,Medium,Moderate,Urban,Low,0
61,Male,No,Never,No,24.3,No,High,Low,Urban,Moderate,0
63,Female,Occasionally,Never,No,29.1,No,Low,Moderate,Rural,Moderate,0
55,Male,Daily,Occasional,Occasional,27.8,No,Low,Low,Rural,Low,1
27,Male,No,Daily (cigarette/bidi),No,25.6,No,Medium,Moderate,Rural,Low,0
75,Female,No,Never,No,27.8,No,Low,Low,Urban,Low,0
22,Male,Daily,Never,No,30.0,No,High,Low,Urban,High,0
50,Male,Occasionally,Daily (cigarette/bidi),Occasional,20.5,No,Medium,Low,Urban,Moderate,0
28,Female,Occasionally,Never,No,19.4,No,Medium,High,Urban,Low,0
63,Male,No,Never,No,27.9,No,High,Moderate,Urban,Moderate,0
59,Male,No,Never,No,27.2,No,Medium,Low,Rural,Low,0
45,Male,No,Daily (cigarette/bidi),No,24.9,No,Medium,Low,Urban,Moderate,0
26,Male,No,Daily (cigarette/bidi),No,25.4,Yes,Low,Low,Rural,Low,0
27,Female,No,Never,No,31.8,No,Low,Moderate,Rural,Low,0
28,Female,No,Never,No,27.7,No,High,Low,Urban,Low,0
40,Male,No,Daily (cigarette/bidi),No,38.8,No,Medium,High,Urban,Low,0
62,Female,No,Never,No,20.8,No,High,Moderate,Urban,High,0
27,Male,No,Daily (cigarette/bidi),Regular,24.8,No,Medium,High,Urban,High,0
60,Female,No,Daily (cigarette/bidi),No,28.2,No,Medium,Moderate,Urban,Moderate,0
25,Male,Daily,Never,No,24.8,No,Low,High,Urban,Moderate,0
46,Female,Daily,Never,Regular,21.6,No,High,Low,Urban,High,1
27,Female,Occasionally,Never,No,23.5,No,Medium,High,Urban,High,0
63,Male,Occasionally,Never,No,18.6,No,Medium,Low,Rural,High,0
59,Male,Daily,Never,No,21.5,No,Medium,High,Urban,High,0
37,Male,No,Daily (cigarette/bidi),No,21.4,No,Medium,Moderate,Urban,High,0
62,Male,Daily,Never,No,23.2,No,High,Moderate,Urban,Low,0
56,Male,No,Never,No,25.1,No,Medium,Low,Rural,High,0
77,Male,No,Daily (cigarette/bidi),No,25.4,No,Medium,High,Rural,Moderate,1
78,Female,No,Occasional,No,27.3,No,High,Moderate,Rural,Low,0
61,Male,Occasionally,Daily (cigarette/bidi),Occasional,26.3,No,Medium,Low,Rural,High,1
61,Female,Occasionally,Never,No,29.4,No,Medium,Moderate,Urban,Low,0
47,Male,No,Never,No,22.8,No,Low,Low,Rural,Moderate,0
60,Female,No,Never,No,26.9,No,High,Low,Rural,Low,0
78,Female,No,Never,No,29.2,No,Low,Moderate,Urban,High,0
44,Male,No,Never,No,27.1,Yes,High,High,Rural,Low,0
56,Male,No,Never,No,24.6,No,Low,Low,Urban,Moderate,0
68,Female,Daily,Never,No,16.9,No,Medium,Moderate,Rural,Low,0
31,Male,No,Never,Occasional,26.2,No,Low,Low,Urban,High,0
25,Female,Occasionally,Occasional,No,31.7,No,Medium,Moderate,Urban,Moderate,0
23,Female,No,Daily (cigarette/bidi),No,25.1,No,Low,Low,Urban,Low,0
81,Female,No,Never,No,26.6,No,Medium,Moderate,Urban,Moderate,0
33,Male,Occasionally,Occasional,Occasional,22.4,No,High,Moderate,Urban,High,0
71,Female,No,Never,Occasional,21.2,No,Medium,Moderate,Urban,Moderate,0
65,Female,No,Daily (cigarette/bidi),No,26.2,No,Medium,Moderate,Rural,Moderate,0
59,Female,Occasionally,Daily (cigarette/bidi),No,19.8,No,Medium,Moderate,Rural,High,1
71,Male,No,Never,Occasional,20.9,No,Low,Moderate,Urban,Low,0
29,Female,No,Never,Regular,21.0,No,Low,High,Urban,High,0
48,Female,No,Never,No,21.1,No,Medium,High,Urban,Moderate,0
74,Male,No,Occasional,Occasional,28.0,Yes,Low,Moderate,Urban,Moderate,1
79,Male,No,Never,Regular,23.7,No,Medium,Moderate,Urban,High,0
44,Female,No,Never,No,25.1,No,Medium,Moderate,Urban,High,0
62,Male,Occasionally,Daily (cigarette/bidi),Occasional,18.1,Yes,Low,Low,Rural,Low,1
66,Female,Occasionally,Never,Regular,26.9,No,Low,Moderate,Rural,Moderate,0
45,Male,No,Never,No,23.0,No,High,Low,Urban,High,0
52,Female,No,Never,No,23.4,No,High,Low,Urban,Low,0
84,Female,Daily,Never,No,25.6,Yes,Low,Low,Urban,High,1
29,Female,Daily,Never,No,24.8,No,Medium,Moderate,Urban,Moderate,0
21,Female,No,Never,Occasional,17.6,No,High,High,Urban,High,0
42,Female,Daily,Never,No,22.4,No,Low,Low,Urban,Low,0
49,Male,No,Never,No,23.2,Yes,Medium,Moderate,Rural,Low,0
56,Female,Daily,Daily (cigarette/bidi),No,26.9,No,Medium,Low,Urban,Moderate,1
56,Male,No,Daily (cigarette/bidi),No,20.8,No,Medium,High,Urban,Low,0
56,Female,Occasionally,Never,No,26.9,No,Medium,High,Rural,Low,0
66,Male,Daily,Never,No,28.4,No,Low,Low,Urban,High,1
54,Male,Daily,Occasional,No,24.8,No,Medium,Moderate,Urban,Low,0
68,Female,Occasionally,Never,Regular,21.6,No,High,Low,Rural,Moderate,1
76,Male,Occasionally,Never,No,22.4,No,Low,Moderate,Rural,Moderate,0
62,Female,Occasionally,Occasional,No,24.7,No,Low,High,Rural,Moderate,0
32,Male,No,Occasional,Occasional,19.6,Yes,High,Moderate,Rural,Low,0
78,Male,No,Never,No,27.1,No,Low,High,Urban,Moderate,0
63,Female,No,Never,Occasional,24.6,No,High,Low,Rural,Moderate,0
63,Male,No,Never,No,32.4,No,Medium,High,Rural,High,0
69,Male,Daily,Never,No,18.9,No,Low,Low,Rural,Moderate,1
60,Male,Occasionally,Never,No,24.9,No,Low,High,Urban,Moderate,0
55,Male,Daily,Occasional,Regular,27.6,No,High,Moderate,Urban,High,1
66,Male,No,Occasional,Regular,26.9,No,Low,Low,Rural,Low,0
65,Male,No,Occasional,No,20.1,No,Medium,High,Urban,High,0
35,Female,No,Never,No,20.8,No,Low,High,Rural,Moderate,0
25,Male,No,Never,No,21.6,No,Medium,Moderate,Urban,Moderate,0
62,Male,Daily,Never,No,22.5,No,Low,Low,Urban,High,1
26,Male,No,Never,No,21.9,No,High,Moderate,Rural,Moderate,0
53,Female,No,Never,Occasional,26.9,Yes,Low,Low,Urban,Low,0
29,Female,Daily,Never,No,26.5,No,Medium,Low,Rural,Low,0
22,Female,No,Never,No,19.7,No,Medium,Low,Rural,High,0
67,Female,Occasionally,Occasional,Occasional,23.9,No,Medium,Moderate,Urban,Low,0
68,Male,No,Never,Regular,21.0,No,High,Low,Rural,Moderate,0
41,Male,Daily,Daily (cigarette/bidi),No,29.4,No,Medium,Moderate,Urban,High,1
55,Female,No,Occasional,No,21.8,No,Low,Moderate,Urban,High,0
43,Female,No,Never,No,24.3,No,Medium,Moderate,Urban,Low,0
53,Female,No,Occasional,No,24.6,No,Medium,Low,Urban,Moderate,0
66,Female,Daily,Daily (cigarette/bidi),No,23.7,No,Low,Low,Urban,Moderate,1
45,Male,Daily,Never,No,27.2,No,Medium,High,Urban,Low,0
37,Male,No,Never,No,32.0,No,Medium,Moderate,Rural,Low,0
31,Female,No,Daily (cigarette/bidi),No,15.0,No,Medium,Low,Rural,High,0
60,Male,No,Daily (cigarette/bidi),No,20.6,No,High,Moderate,Urban,Low,0
51,Female,Daily,Occasional,No,15.0,No,High,Moderate,Urban,Moderate,1
47,Female,No,Daily (cigarette/bidi),No,25.9,No,Low,Moderate,Urban,Moderate,0
28,Male,Daily,Never,No,32.7,No,Low,Low,Urban,Moderate,0
64,Female,No,Never,No,28.8,No,Medium,Low,Rural,Moderate,0
79,Female,Daily,Never,No,25.9,Yes,Medium,Low,Urban,High,1
75,Male,No,Daily (cigarette/bidi),No,17.1,No,Medium,Low,Urban,High,1
73,Male,Occasionally,Daily (cigarette/bidi),No,24.3,No,Medium,Moderate,Urban,Moderate,1
65,Male,Occasionally,Never,Regular,21.2,No,Medium,High,Urban,Low,0
22,Male,No,Never,Occasional,24.1,No,Low,High,Urban,Moderate,0
65,Female,No,Never,No,24.6,No,Low,Low,Rural,Moderate,0
49,Female,No,Occasional,Regular,31.0,No,Low,High,Rural,High,0
30,Female,No,Never,Regular,22.6,No,Low,Moderate,Rural,Moderate,0
76,Female,Daily,Never,Regular,22.9,No,Low,High,Rural,High,1
46,Male,No,Daily (cigarette/bidi),No,16.9,No,High,Low,Rural,Low,0
43,Male,No,Never,No,31.4,No,Low,Moderate,Rural,Moderate,0
42,Female,No,Daily (cigarette/bidi),Regular,30.7,No,High,Moderate,Rural,Moderate,1
70,Male,No,Never,No,23.8,No,Low,Moderate,Urban,Moderate,0
56,Female,No,Never,No,25.9,No,Medium,Low,Rural,Moderate,0
59,Female,No,Occasional,No,25.6,No,Medium,High,Urban,High,0
25,Female,No,Daily (cigarette/bidi),Occasional,26.4,No,Low,Low,Urban,Low,0
22,Female,No,Never,Regular,30.4,No,Low,Moderate,Urban,Moderate,0
61,Male,No,Never,No,27.4,No,High,Moderate,Urban,High,0
68,Male,No,Never,No,27.4,No,Low,Low,Urban,High,0
25,Female,Occasionally,Daily (cigarette/bidi),No,20.1,No,Low,High,Urban,Moderate,0
42,Female,Daily,Never,No,30.0,No,Medium,Low,Urban,Moderate,0
49,Female,No,Never,Regular,18.0,No,High,Moderate,Urban,Moderate,0
40,Female,Occasionally,Never,No,17.4,No,Medium,High,Urban,High,0
81,Male,No,Never,Occasional,19.7,No,High,High,Urban,High,0
29,Female,No,Never,No,30.9,No,High,Moderate,Urban,High,0
81,Female,No,Never,No,30.1,No,High,Moderate,Rural,High,1
54,Male,No,Occasional,Regular,26.5,No,Medium,High,Rural,Low,0
62,Female,Daily,Occasional,No,27.7,No,High,Moderate,Rural,Moderate,1
59,Female,No,Never,Regular,22.0,No,Low,Moderate,Urban,High,0
76,Male,No,Never,No,18.9,No,Medium,Moderate,Rural,High,0
26,Female,No,Occasional,Regular,22.1,No,Medium,High,Urban,Moderate,0
24,Male,No,Never,No,23.1,No,Low,High,Rural,Low,0
76,Female,Occasionally,Daily (cigarette/bidi),No,27.5,No,Low,High,Urban,Low,1
22,Male,Daily,Never,No,21.6,No,Low,High,Urban,High,0
43,Female,No,Never,Occasional,30.0,No,Low,Moderate,Urban,High,0
18,Female,No,Daily (cigarette/bidi),No,24.3,No,Low,Moderate,Urban,Low,0
71,Male,Daily,Daily (cigarette/bidi),No,20.8,No,Medium,Moderate,Rural,High,1
74,Male,Daily,Never,No,28.8,No,Low,Low,Urban,High,1
76,Male,No,Never,No,29.6,No,Medium,Low,Urban,Low,0
27,Female,Daily,Occasional,No,19.2,No,Low,Low,Rural,Moderate,0
49,Female,Occasionally,Daily (cigarette/bidi),Occasional,27.1,No,High,Low,Rural,High,1
47,Female,Daily,Never,Regular,23.3,Yes,High,Moderate,Urban,Low,1
36,Female,Daily,Never,Regular,24.0,No,Low,Moderate,Urban,Low,0
39,Female,No,Daily (cigarette/bidi),No,29.6,No,Medium,Low,Urban,Low,0
51,Female,Daily,Occasional,No,25.4,No,High,Moderate,Rural,Low,1
18,Female,No,Daily (cigarette/bidi),No,26.2,No,Medium,High,Urban,High,0
40,Male,No,Never,Occasional,21.8,No,Medium,High,Urban,High,0
33,Female,No,Never,No,25.8,No,Low,Low,Rural,High,0
23,Female,Occasionally,Never,No,22.0,Yes,Low,High,Rural,Moderate,0
50,Male,Occasionally,Occasional,Occasional,17.5,Yes,Medium,Moderate,Rural,High,1
58,Male,No,Never,No,27.0,No,Medium,Low,Rural,Moderate,0
51,Female,Occasionally,Never,Occasional,23.9,No,High,High,Urban,Moderate,0
57,Male,No,Never,No,19.6,No,Low,Moderate,Rural,High,0
32,Female,No,Daily (cigarette/bidi),No,20.1,No,Low,Low,Rural,High,0
82,Female,Daily,Never,Regular,22.0,No,Low,Low,Urban,Moderate,1
55,Male,Daily,Never,No,15.9,No,Low,Low,Urban,Low,0
65,Female,Daily,Never,No,25.3,No,High,Moderate,Rural,Moderate,1
55,Male,No,Never,Regular,25.7,No,Medium,Low,Rural,High,0
76,Female,No,Occasional,No,25.3,No,Medium,Low,Rural,Low,0
51,Female,Occasionally,Never,Occasional,31.7,No,High,Moderate,Rural,Moderate,0
65,Female,No,Never,No,23.2,No,Medium,Moderate,Urban,Moderate,0
78,Female,No,Never,No,21.7,No,Low,Low,Urban,High,0
75,Female,No,Daily (cigarette/bidi),No,25.0,Yes,High,Low,Urban,Low,1
47,Female,No,Occasional,No,29.2,No,Medium,Moderate,Urban,Low,0
73,Female,No,Never,No,28.5,No,Low,High,Rural,Moderate,0
62,Male,Occasionally,Never,Occasional,25.6,No,Medium,Moderate,Urban,Moderate,0
62,Female,No,Never,No,33.4,No,Medium,High,Rural,Moderate,0
68,Female,No,Never,No,19.6,Yes,Medium,High,Rural,Moderate,0
49,Female,No,Never,No,25.7,No,Medium,Low,Urban,Moderate,0
66,Female,Occasionally,Never,No,19.8,No,High,High,Urban,High,0
60,Male,Daily,Never,No,24.8,No,Medium,High,Urban,High,1
85,Female,No,Never,No,24.4,No,Medium,Moderate,Rural,Moderate,0
28,Male,No,Daily (cigarette/bidi),No,25.6,No,High,Moderate,Rural,Low,0
52,Male,Occasionally,Never,No,26.1,No,Low,Moderate,Urban,High,0
49,Male,No,Never,No,25.0,No,Low,High,Rural,Moderate,0
81,Male,No,Never,Occasional,23.6,No,Medium,Moderate,Urban,Low,0
78,Female,No,Daily (cigarette/bidi),No,24.3,No,Medium,Low,Rural,Moderate,1
77,Female,No,Never,No,20.1,No,High,Moderate,Urban,Moderate,0
55,Female,Daily,Never,No,24.8,No,Medium,High,Urban,Moderate,0
40,Female,No,Daily (cigarette/bidi),Occasional,22.1,No,Medium,Low,Rural,Moderate,0
43,Male,Occasionally,Never,No,21.0,No,Medium,Moderate,Urban,Moderate,0
72,Male,No,Daily (cigarette/bidi),No,24.5,No,Medium,Moderate,Urban,Moderate,1
40,Male,Occasionally,Daily (cigarette/bidi),No,29.6,No,Medium,Moderate,Rural,High,1
39,Male,Occasionally,Never,No,25.4,No,High,Moderate,Rural,High,0
69,Male,No,Never,No,20.7,No,Medium,Moderate,Rural,Moderate,0
73,Male,No,Never,No,21.0,No,Low,Moderate,Urban,Moderate,0
67,Male,Occasionally,Daily (cigarette/bidi),No,23.7,No,Medium,Low,Urban,Moderate,1
33,Male,No,Daily (cigarette/bidi),No,20.7,No,Low,Low,Urban,Moderate,0
81,Female,Daily,Never,No,31.4,No,Low,Low,Urban,High,1
37,Female,No,Never,No,23.3,No,Low,High,Urban,High,0
77,Female,No,Never,No,26.6,No,Medium,Moderate,Urban,High,0
75,Male,No,Never,Occasional,24.7,No,Low,Low,Rural,Low,0
50,Male,Daily,Never,No,30.3,No,Medium,Moderate,Rural,Low,0
60,Female,No,Occasional,Regular,33.3,Yes,High,Moderate,Urban,Moderate,1
32,Female,Daily,Daily (cigarette/bidi),No,28.1,No,Medium,Low,Urban,High,1
32,Female,No,Occasional,Regular,22.8,No,Medium,Moderate,Urban,Low,0
50,Female,No,Never,No,25.2,Yes,Medium,Low,Rural,Low,0
29,Female,No,Never,No,26.8,No,Medium,Low,Urban,High,0
21,Female,No,Never,No,32.4,No,Low,High,Rural,High,0
31,Male,No,Never,No,25.3,No,Low,Low,Rural,High,0
23,Female,No,Never,No,25.6,No,High,High,Rural,Moderate,0
84,Male,Daily,Never,No,19.7,No,High,High,Urban,Moderate,1
46,Female,No,Never,No,20.5,No,Low,High,Rural,Moderate,0
54,Male,No,Never,No,20.3,No,High,Low,Rural,High,0
83,Male,No,Never,No,20.8,No,Low,Moderate,Rural,Moderate,0
18,Female,No,Daily (cigarette/bidi),No,22.3,Yes,Low,Low,Rural,High,0
24,Female,No,Occasional,No,16.9,No,Low,High,Rural,Low,0
33,Male,No,Never,No,33.0,No,Low,Low,Urban,High,0
54,Male,No,Never,No,17.7,No,Medium,Moderate,Urban,Moderate,0
50,Female,No,Never,No,26.0,No,Low,Moderate,Urban,Moderate,0
81,Male,No,Daily (cigarette/bidi),No,29.8,No,Low,Low,Rural,High,1
42,Male,Daily,Never,Regular,21.3,No,Medium,High,Rural,Moderate,0
84,Male,Daily,Never,No,21.8,No,Medium,Low,Urban,Low,1
61,Male,Daily,Never,Regular,23.2,No,Medium,Moderate,Urban,Moderate,1
74,Female,No,Never,No,25.6,No,Medium,High,Urban,Moderate,0
58,Female,No,Never,No,30.5,No,Medium,High,Rural,Low,0
83,Female,Occasionally,Never,Regular,31.6,No,Medium,Moderate,Rural,Moderate,1
72,Female,No,Never,Occasional,21.5,Yes,Low,Moderate,Rural,High,0
20,Female,Occasionally,Daily (cigarette/bidi),No,25.1,No,Low,Low,Rural,Moderate,0
66,Female,Daily,Never,No,24.3,No,Low,Moderate,Urban,Moderate,0
59,Male,Occasionally,Occasional,No,24.6,No,Medium,High,Rural,Low,0
20,Female,No,Never,No,25.1,Yes,High,High,Urban,Moderate,0
56,Male,No,Never,No,16.4,No,Medium,Low,Urban,Moderate,0
69,Male,Daily,Occasional,No,29.9,Yes,High,Moderate,Rural,Low,1
21,Female,No,Never,Occasional,26.2,No,Medium,Moderate,Rural,Moderate,0
85,Female,No,Never,Occasional,26.0,No,Low,Low,Rural,Low,0
76,Female,Daily,Occasional,No,21.7,No,Medium,Low,Rural,High,1
49,Female,No,Never,No,17.1,No,Medium,Low,Urban,High,0
52,Female,No,Never,No,26.7,No,High,High,Rural,Moderate,0
23,Female,Daily,Daily (cigarette/bidi),No,28.9,No,Medium,Low,Urban,Moderate,1
73,Male,Occasionally,Never,No,24.1,No,Low,High,Urban,Low,0
53,Male,No,Daily (cigarette/bidi),No,25.6,No,Medium,Low,Rural,Moderate,0
61,Male,No,Never,No,29.8,No,Low,Low,Rural,Low,0
58,Male,Daily,Never,Regular,21.3,No,Medium,Low,Urban,Low,1
72,Male,Occasionally,Never,No,23.1,No,Medium,Moderate,Urban,High,0
48,Female,No,Occasional,Regular,19.5,No,High,Moderate,Urban,Low,0
33,Male,No,Never,No,23.6,No,High,High,Rural,High,0
36,Female,No,Never,No,31.8,No,High,Moderate,Rural,Low,0
47,Female,No,Never,Regular,24.9,No,High,Moderate,Urban,High,0
67,Female,No,Never,Occasional,33.9,No,Low,High,Urban,Low,0
23,Female,No,Daily (cigarette/bidi),No,25.8,No,High,Moderate,Urban,Moderate,0
34,Female,No,Never,No,23.3,No,High,Moderate,Rural,High,0
63,Male,Daily,Occasional,Occasional,24.7,Yes,High,Moderate,Urban,Moderate,1
64,Female,Occasionally,Never,No,23.7,No,Medium,High,Urban,Moderate,0
72,Male,No,Occasional,Occasional,26.7,No,High,Moderate,Rural,Moderate,0
57,Female,Occasionally,Never,No,28.1,No,High,Moderate,Rural,Moderate,1
68,Male,No,Never,No,21.8,Yes,Low,Moderate,Urban,Moderate,0
23,Female,Daily,Daily (cigarette/bidi),No,27.5,No,Low,Moderate,Rural,High,1
52,Female,No,Never,No,26.0,No,Medium,High,Rural,Low,0
81,Female,No,Never,No,28.0,No,High,Moderate,Rural,High,0
56,Male,No,Never,Regular,22.0,No,High,Low,Urban,High,0
66,Male,Daily,Never,No,22.8,No,Medium,Low,Rural,High,1
48,Male,No,Never,No,27.6,No,Low,Low,Urban,Low,0
78,Male,Daily,Never,No,19.6,No,Medium,High,Urban,High,1
60,Female,No,Never,No,33.5,No,Low,Low,Urban,Low,0
28,Female,Occasionally,Never,No,20.7,Yes,High,Moderate,Urban,Moderate,0
53,Female,Daily,Daily (cigarette/bidi),No,19.9,No,Low,Moderate,Urban,Moderate,1
42,Male,No,Daily (cigarette/bidi),No,24.4,No,Medium,Moderate,Rural,High,0
43,Male,No,Never,No,28.2,No,Medium,Low,Urban,Moderate,0
71,Female,Daily,Never,No,24.6,No,High,High,Rural,High,1
71,Female,Daily,Never,Occasional,19.7,No,Medium,Moderate,Rural,Moderate,1
75,Female,Occasionally,Never,No,27.3,No,Medium,Low,Rural,Low,1
34,Male,No,Never,No,20.8,No,Medium,Moderate,Rural,Low,0
48,Male,No,Daily (cigarette/bidi),No,26.0,No,Low,Low,Urban,Moderate,0
40,Male,No,Never,Occasional,24.6,No,Low,High,Urban,Low,0
40,Female,No,Occasional,No,16.4,No,Medium,Low,Rural,Low,0
45,Male,No,Never,No,20.2,No,Medium,High,Urban,Moderate,0
36,Male,Occasionally,Never,No,22.1,No,Low,Low,Urban,Low,0
40,Female,Daily,Daily (cigarette/bidi),No,27.9,No,High,High,Rural,High,1
83,Male,No,Never,No,21.3,No,High,Moderate,Urban,Low,0
24,Female,No,Daily (cigarette/bidi),No,22.5,No,High,Moderate,Urban,Low,0
67,Male,No,Never,Occasional,22.2,No,Medium,Low,Urban,Low,0
61,Male,Occasionally,Daily (cigarette/bidi),No,25.1,No,High,Moderate,Urban,Moderate,1
44,Male,No,Never,No,17.0,No,High,Moderate,Urban,Low,0
19,Female,Daily,Never,No,28.9,No,High,Moderate,Urban,Moderate,0
59,Female,Daily,Occasional,No,22.9,No,Medium,Low,Urban,Moderate,1
85,Male,No,Never,Occasional,18.3,No,Low,High,Urban,Moderate,0
58,Male,Daily,Occasional,No,17.5,No,High,Moderate,Urban,High,1
29,Female,Daily,Never,No,19.8,No,Low,High,Urban,Moderate,0
82,Male,No,Never,Regular,27.2,No,Low,Low,Urban,Moderate,1
45,Male,No,Occasional,Occasional,26.1,No,High,High,Urban,High,0
46,Female,No,Never,No,23.5,No,Low,High,Rural,High,0
24,Female,No,Never,No,22.9,No,Medium,Moderate,Urban,High,0
53,Male,No,Never,No,24.6,No,Medium,Low,Urban,Moderate,0
68,Female,Occasionally,Never,Occasional,18.8,No,High,Moderate,Rural,Moderate,1
35,Male,No,Never,Regular,19.9,No,Medium,Low,Rural,Moderate,0
84,Male,No,Daily (cigarette/bidi),No,22.1,No,Medium,Moderate,Rural,Low,1
30,Male,No,Never,No,20.4,Yes,Low,Low,Urban,Moderate,0
85,Male,No,Daily (cigarette/bidi),No,25.4,No,Low,High,Rural,Moderate,1
46,Female,No,Never,Occasional,28.0,No,Medium,Low,Urban,Low,0
28,Male,No,Occasional,Occasional,22.7,No,Medium,Low,Urban,Moderate,0
48,Male,No,Daily (cigarette/bidi),No,22.3,No,Medium,Low,Rural,Low,0
30,Male,Occasionally,Never,No,28.9,No,Medium,Moderate,Urban,High,0
25,Female,Daily,Never,Regular,30.3,No,Medium,Low,Urban,Moderate,1
70,Male,No,Daily (cigarette/bidi),No,24.9,No,Medium,Moderate,Rural,Moderate,1
78,Male,No,Never,Regular,17.4,No,Medium,High,Urban,High,0
22,Female,Daily,Never,No,26.7,No,Medium,Moderate,Rural,Moderate,0
63,Female,No,Never,No,35.0,No,Medium,Moderate,Urban,Moderate,0
34,Female,Occasionally,Never,No,23.7,No,High,Low,Rural,Moderate,0
60,Female,No,Daily (cigarette/bidi),Regular,21.2,No,Medium,Moderate,Urban,High,1
73,Female,Occasionally,Daily (cigarette/bidi),No,20.9,No,Medium,Moderate,Urban,Moderate,1
48,Male,No,Never,No,19.7,No,Medium,Low,Rural,High,0
58,Male,No,Daily (cigarette/bidi),No,24.9,Yes,Low,Moderate,Rural,Low,0
30,Male,Occasionally,Daily (cigarette/bidi),No,23.5,No,Medium,Moderate,Urban,High,0
33,Female,Occasionally,Daily (cigarette/bidi),No,31.9,No,High,High,Rural,Low,0
30,Male,No,Never,No,19.3,No,Low,Low,Urban,Low,0
48,Male,No,Daily (cigarette/bidi),No,16.4,No,High,Low,Rural,Moderate,0
52,Female,No,Daily (cigarette/bidi),No,19.8,No,Medium,Moderate,Rural,Low,0
32,Male,No,Never,Occasional,29.8,No,Low,Low,Rural,High,0
21,Female,No,Never,No,32.2,Yes,Medium,Low,Rural,Moderate,0
34,Female,No,Never,Regular,27.4,No,Low,Moderate,Urban,Moderate,0
42,Male,No,Never,No,23.5,No,Medium,High,Urban,Moderate,0
31,Male,Occasionally,Never,No,28.2,No,Medium,Low,Urban,Moderate,0
20,Female,Daily,Never,No,23.3,No,High,Low,Urban,Moderate,0
82,Female,No,Daily (cigarette/bidi),No,28.3,No,Low,Moderate,Urban,Low,0
20,Female,No,Occasional,No,18.5,No,Medium,High,Rural,Moderate,0
18,Female,No,Never,No,19.6,No,High,Moderate,Rural,Low,0
61,Female,No,Daily (cigarette/bidi),Occasional,30.2,No,Medium,Moderate,Rural,Moderate,0
28,Male,No,Never,Occasional,30.8,No,Medium,Low,Rural,High,0
64,Female,No,Never,Occasional,21.8,No,Medium,High,Rural,Low,0
70,Male,No,Never,Occasional,32.8,No,High,Low,Rural,High,1
38,Male,No,Never,No,20.0,No,Low,High,Rural,Moderate,0
63,Female,No,Never,No,24.3,No,High,Low,Urban,Low,0
83,Female,No,Never,Occasional,25.1,No,Low,Low,Urban,High,0
60,Female,No,Daily (cigarette/bidi),Regular,30.5,No,High,Low,Urban,Low,1
65,Male,Daily,Occasional,No,18.9,No,Medium,Low,Urban,Low,1
65,Male,No,Never,No,26.6,No,High,Moderate,Urban,Low,0
75,Female,No,Never,Regular,28.9,No,High,Low,Rural,High,1
69,Male,Occasionally,Never,Occasional,24.6,No,Medium,Low,Rural,Low,1
20,Female,No,Never,Occasional,21.6,Yes,Medium,Low,Rural,High,0
77,Male,Occasionally,Never,Occasional,26.4,No,High,Low,Rural,Moderate,1
70,Male,No,Never,Occasional,22.6,Yes,Low,Low,Urban,High,0
54,Male,Occasionally,Never,Regular,20.1,No,Low,High,Rural,Moderate,0
79,Male,Daily,Never,No,32.5,No,Medium,Moderate,Urban,Moderate,1
44,Female,Daily,Never,No,17.2,No,High,Moderate,Urban,Moderate,1
18,Female,No,Never,No,23.8,No,Medium,Low,Rural,Low,0
22,Female,No,Occasional,No,23.6,No,Low,Low,Rural,High,0
70,Female,No,Never,Occasional,23.4,No,Medium,Moderate,Urban,Low,0
64,Female,Occasionally,Never,Regular,25.9,No,High,Moderate,Urban,High,1
25,Male,Daily,Daily (cigarette/bidi),No,19.1,No,High,Moderate,Urban,Moderate,1
77,Male,No,Never,No,34.9,No,Medium,Low,Rural,Low,0
45,Male,No,Occasional,No,16.9,No,Low,Moderate,Urban,Low,0
35,Male,Occasionally,Never,No,24.5,No,Medium,Low,Urban,Low,0
29,Male,Daily,Never,No,21.8,No,High,High,Rural,Low,0
60,Male,Daily,Never,No,23.2,No,Low,Low,Rural,High,1
47,Male,No,Never,No,19.8,No,Medium,High,Urban,Moderate,0
49,Female,No,Daily (cigarette/bidi),Occasional,15.0,No,Medium,Moderate,Rural,Moderate,0
71,Male,Daily,Never,No,28.6,Yes,Medium,Moderate,Urban,Moderate,1
30,Male,Occasionally,Never,Occasional,25.3,No,Medium,High,Urban,Low,0
73,Female,No,Occasional,Occasional,24.4,No,Medium,Low,Urban,Moderate,0
83,Female,No,Never,Regular,23.2,Yes,High,Low,Urban,Low,1
79,Male,Daily,Daily (cigarette/bidi),No,27.3,No,High,Moderate,Urban,Moderate,1
20,Male,Daily,Never,No,23.7,No,High,Low,Rural,Low,0
33,Male,No,Never,No,18.9,No,Low,Moderate,Urban,Moderate,0
72,Female,Daily,Never,No,22.0,No,High,Low,Urban,Moderate,1
45,Male,No,Daily (cigarette/bidi),No,30.9,No,Medium,High,Urban,Moderate,0
71,Male,No,Never,No,24.8,No,Medium,Moderate,Urban,Low,0
52,Female,Daily,Daily (cigarette/bidi),No,18.5,No,Low,Low,Urban,Moderate,1
48,Male,No,Never,No,23.3,No,Low,Low,Rural,Moderate,0
69,Female,No,Occasional,No,36.9,No,Low,Moderate,Rural,High,0
46,Female,No,Never,Occasional,30.6,No,High,Low,Urban,Moderate,0
19,Female,No,Never,No,27.2,Yes,High,Low,Urban,Low,0
42,Male,No,Never,No,24.0,No,Low,Low,Urban,Moderate,0
48,Male,No,Daily (cigarette/bidi),No,26.1,No,High,Low,Urban,Low,0
44,Male,Occasionally,Daily (cigarette/bidi),No,28.2,No,High,Low,Urban,Moderate,0
71,Male,No,Never,Occasional,19.3,No,Low,Low,Urban,Low,0
82,Male,No,Never,Regular,26.5,No,High,Moderate,Urban,High,0
24,Male,No,Never,No,16.0,No,Medium,Moderate,Urban,Low,0
22,Male,No,Daily (cigarette/bidi),No,27.4,Yes,Medium,Moderate,Urban,Moderate,0
73,Male,No,Never,Occasional,19.5,No,Low,High,Rural,High,0
85,Female,No,Daily (cigarette/bidi),No,33.3,No,Medium,Low,Urban,Low,1
79,Female,Daily,Daily (cigarette/bidi),No,23.2,No,Low,Moderate,Urban,Moderate,1
73,Female,No,Daily (cigarette/bidi),No,33.3,No,Low,High,Urban,Low,0
78,Male,No,Never,No,24.5,No,Medium,Low,Rural,Moderate,0
49,Male,Daily,Never,Occasional,30.7,No,High,Moderate,Rural,Low,1
71,Male,Daily,Daily (cigarette/bidi),No,19.2,No,Medium,High,Rural,Moderate,1
33,Female,No,Daily (cigarette/bidi),Occasional,22.4,No,Low,Moderate,Urban,Low,0
76,Male,Daily,Daily (cigarette/bidi),No,19.1,No,Low,Low,Urban,Low,1
22,Female,No,Never,No,24.6,No,Low,Moderate,Rural,High,0
71,Male,Daily,Daily (cigarette/bidi),No,21.0,No,High,Moderate,Rural,Moderate,1
66,Male,No,Never,No,31.2,No,Medium,Moderate,Rural,Moderate,0
23,Male,No,Never,No,26.1,No,Low,High,Urban,High,0
48,Female,No,Occasional,No,23.7,No,Medium,Moderate,Urban,High,0
46,Male,No,Daily (cigarette/bidi),No,24.0,No,High,Low,Urban,High,0
37,Male,No,Never,No,26.7,No,Medium,High,Rural,High,0
22,Female,Occasionally,Never,No,28.5,No,Medium,High,Urban,Low,0
67,Male,No,Never,No,24.8,No,Medium,Low,Rural,Low,0
23,Female,No,Daily (cigarette/bidi),Occasional,18.8,No,High,Low,Urban,Moderate,0
47,Male,Daily,Daily (cigarette/bidi),No,27.3,No,Low,Low,Urban,Moderate,0
56,Male,No,Never,No,18.8,No,Medium,Low,Urban,Moderate,0
84,Male,No,Never,Occasional,23.0,No,Medium,Low,Urban,High,1
44,Female,Daily,Never,Occasional,30.9,Yes,Medium,High,Rural,High,1
78,Male,No,Never,No,29.0,No,Low,Moderate,Urban,Moderate,1
71,Male,No,Daily (cigarette/bidi),Occasional,28.7,No,Medium,High,Urban,Low,0
56,Female,No,Never,Occasional,22.9,No,Low,Moderate,Rural,High,0
32,Female,Occasionally,Never,No,25.2,No,Low,Low,Urban,Low,0
27,Male,No,Never,No,20.6,No,High,High,Rural,Moderate,0
49,Male,No,Daily (cigarette/bidi),No,25.5,No,High,Low,Rural,High,1
39,Female,Daily,Daily (cigarette/bidi),No,22.3,No,Medium,Low,Rural,Low,1
52,Male,Occasionally,Never,No,32.4,No,Low,High,Rural,Low,0
74,Male,No,Daily (cigarette/bidi),No,28.6,Yes,High,Low,Urban,Moderate,1
35,Male,No,Daily (cigarette/bidi),No,21.3,No,High,High,Rural,Moderate,0
50,Male,Occasionally,Never,No,22.4,No,Low,Moderate,Rural,Low,0
38,Male,Occasionally,Daily (cigarette/bidi),No,28.5,No,Medium,High,Urban,High,0
68,Female,No,Daily (cigarette/bidi),Regular,32.5,No,Medium,Moderate,Urban,Moderate,1
61,Female,Daily,Occasional,No,23.8,No,Medium,High,Urban,Moderate,1
61,Female,No,Daily (cigarette/bidi),No,25.5,No,Medium,Low,Rural,Low,0
50,Female,No,Daily (cigarette/bidi),No,25.3,No,Medium,Moderate,Urban,Moderate,0
57,Male,No,Never,No,24.9,No,Medium,Low,Rural,Low,0
34,Male,No,Never,Occasional,21.9,No,Medium,Moderate,Rural,High,0
77,Female,Daily,Never,Occasional,22.4,No,High,Low,Rural,High,1
54,Female,No,Never,No,23.7,No,Low,Moderate,Urban,High,0
32,Female,No,Never,No,26.2,No,Medium,Moderate,Urban,Low,0
58,Male,No,Never,No,21.9,No,Medium,Moderate,Urban,Moderate,0
70,Female,No,Never,No,18.7,No,Low,High,Rural,High,0
62,Female,No,Never,Occasional,25.2,No,Medium,Low,Rural,High,0
46,Female,No,Never,No,19.2,No,Medium,High,Urban,Low,0
82,Male,No,Never,No,31.3,No,Low,Moderate,Rural,Low,0
63,Male,No,Never,No,25.7,No,High,Low,Urban,Low,0
52,Female,Daily,Never,No,36.8,No,Medium,High,Rural,Moderate,1
85,Male,Daily,Never,No,25.0,No,High,Low,Urban,High,1
74,Female,Daily,Never,Occasional,23.2,No,Low,Low,Urban,Moderate,1
68,Female,Daily,Never,No,21.6,No,Medium,Moderate,Urban,High,1
77,Male,No,Occasional,Occasional,23.7,No,High,Moderate,Urban,Low,0
22,Female,Daily,Daily (cigarette/bidi),No,26.9,No,Low,Moderate,Urban,High,1
52,Female,No,Daily (cigarette/bidi),No,26.0,No,Medium,Moderate,Rural,Moderate,0
21,Male,Occasionally,Never,No,25.6,No,Low,Low,Urban,Moderate,0
68,Male,No,Never,No,15.0,No,Medium,High,Urban,Moderate,0
75,Male,No,Never,No,25.2,No,High,Low,Urban,Moderate,0
52,Male,Daily,Never,No,22.5,No,Low,Moderate,Rural,Low,0
81,Female,No,Daily (cigarette/bidi),No,21.9,No,Medium,Moderate,Urban,Moderate,0
57,Female,No,Never,Occasional,18.8,No,High,Moderate,Rural,High,0
18,Male,No,Daily (cigarette/bidi),No,24.9,No,High,Low,Urban,Moderate,0
24,Male,Daily,Never,No,21.6,No,Low,Low,Rural,Low,0
66,Male,No,Occasional,Regular,25.0,No,Low,Moderate,Urban,Moderate,0
50,Female,No,Never,No,27.2,No,High,Moderate,Rural,Low,0
29,Female,Occasionally,Never,Regular,22.8,No,High,Moderate,Rural,Low,0
39,Male,No,Daily (cigarette/bidi),No,22.7,No,Medium,Low,Rural,High,0
21,Female,No,Never,No,23.6,No,Medium,Moderate,Urban,High,0
82,Female,Occasionally,Never,No,29.5,No,Medium,Moderate,Urban,Low,1
52,Female,No,Never,Regular,28.2,No,Medium,Low,Urban,Moderate,0
75,Female,No,Occasional,No,26.3,No,Low,Low,Urban,Moderate,0
59,Male,No,Never,No,31.5,No,Medium,Low,Urban,High,0
53,Male,Occasionally,Daily (cigarette/bidi),No,23.8,No,High,Low,Urban,Moderate,1
24,Male,No,Never,Regular,20.4,No,Medium,Moderate,Rural,Moderate,0
49,Female,No,Never,Occasional,25.4,Yes,Low,Moderate,Rural,High,0
20,Female,No,Never,No,26.5,No,Medium,Moderate,Urban,Low,0
35,Female,No,Daily (cigarette/bidi),Regular,27.0,No,Medium,Moderate,Urban,Moderate,0
80,Female,No,Never,No,19.9,No,Low,Moderate,Urban,High,0
23,Male,No,Never,No,21.6,No,Low,Moderate,Urban,Low,0
83,Female,Daily,Never,No,17.1,No,Low,Moderate,Rural,High,1
65,Male,Occasionally,Never,No,23.2,No,Low,High,Rural,Moderate,0
62,Male,Occasionally,Never,Regular,17.0,No,Medium,Moderate,Urban,High,1
37,Male,No,Never,No,37.0,No,Low,Moderate,Urban,Moderate,0
33,Female,No,Never,No,26.4,No,High,Moderate,Urban,Moderate,0
53,Female,No,Never,Regular,22.2,No,Low,High,Rural,High,0
73,Female,No,Daily (cigarette/bidi),No,30.3,No,High,Low,Urban,High,1
34,Male,Occasionally,Occasional,Regular,22.8,Yes,Low,Moderate,Rural,Moderate,1
39,Male,No,Never,Regular,17.1,No,Low,Moderate,Rural,Moderate,0
80,Male,Occasionally,Never,No,24.3,No,Medium,Moderate,Rural,Moderate,1
44,Female,No,Never,No,25.6,No,Low,Low,Urban,High,0
57,Male,No,Never,Occasional,28.0,No,Low,High,Rural,Moderate,0
33,Female,No,Daily (cigarette/bidi),No,21.1,No,Medium,Low,Rural,Moderate,0
51,Male,Occasionally,Never,Regular,29.1,No,Medium,Moderate,Rural,Moderate,0
55,Female,No,Daily (cigarette/bidi),No,25.1,Yes,Low,Low,Rural,Moderate,1
18,Female,Daily,Never,Regular,24.4,No,High,Moderate,Urban,Moderate,0
84,Male,Daily,Never,No,25.8,No,Medium,Moderate,Urban,High,1
74,Male,Daily,Never,No,22.6,No,Medium,Low,Rural,Moderate,1
68,Female,No,Daily (cigarette/bidi),Regular,27.4,No,Medium,Low,Rural,Moderate,1
21,Female,Occasionally,Never,No,21.7,No,High,Moderate,Urban,High,0
57,Female,No,Never,Occasional,21.8,No,Medium,Moderate,Urban,Moderate,0
42,Male,Occasionally,Never,Regular,26.1,No,High,Moderate,Rural,Moderate,1
35,Female,Daily,Never,No,28.9,Yes,Medium,High,Urban,Low,0
60,Female,No,Never,No,26.0,No,High,Moderate,Rural,High,0
70,Female,No,Never,No,23.6,No,Medium,Moderate,Urban,Low,0
24,Female,Occasionally,Never,No,25.3,No,High,Moderate,Rural,High,0
47,Female,Daily,Never,No,24.4,No,Low,Low,Rural,Moderate,0
32,Female,No,Occasional,No,32.3,No,Low,High,Rural,High,0
31,Male,Occasionally,Never,No,23.5,No,Medium,High,Urban,Moderate,0
80,Female,No,Daily (cigarette/bidi),No,29.0,No,Medium,Low,Rural,Moderate,1
28,Male,Daily,Never,No,20.6,Yes,Medium,High,Urban,Moderate,0
75,Male,No,Never,No,25.6,No,High,Moderate,Urban,High,1
33,Male,No,Daily (cigarette/bidi),Occasional,22.2,No,Low,Moderate,Rural,Low,0
46,Female,No,Never,Regular,19.2,No,High,Low,Urban,Moderate,0
32,Male,No,Occasional,No,29.7,No,High,Moderate,Urban,Moderate,0
20,Male,No,Never,No,25.3,No,Medium,Moderate,Rural,Low,0
60,Female,No,Never,Regular,23.7,No,Medium,Low,Rural,Low,0
41,Male,Daily,Never,Occasional,32.5,Yes,Low,Low,Rural,Low,1
54,Male,No,Occasional,No,29.4,No,Medium,Low,Urban,High,0
18,Male,No,Never,Occasional,19.1,Yes,High,Moderate,Urban,Low,0
76,Male,Occasionally,Never,No,23.6,No,Medium,Low,Rural,High,1
79,Female,No,Never,Occasional,17.6,No,High,Low,Urban,High,1
18,Female,No,Never,Regular,25.2,No,Low,Moderate,Urban,Moderate,0
61,Female,Occasionally,Daily (cigarette/bidi),No,15.6,No,Medium,Moderate,Rural,Moderate,0
39,Male,No,Never,Regular,25.1,No,Low,Low,Rural,Low,0
20,Male,Daily,Daily (cigarette/bidi),Regular,25.3,Yes,Medium,Moderate,Rural,Low,1
83,Male,Daily,Daily (cigarette/bidi),No,30.9,No,Medium,Low,Rural,Moderate,1
69,Male,Daily,Never,No,29.6,No,Low,High,Rural,Low,1
68,Male,No,Never,No,19.9,No,Low,Low,Rural,High,0
55,Female,Occasionally,Daily (cigarette/bidi),No,17.6,No,High,Low,Urban,Moderate,1
47,Male,No,Occasional,No,23.8,Yes,Medium,Moderate,Urban,Moderate,0
51,Female,No,Never,No,24.0,No,Medium,Low,Urban,High,0
64,Male,Daily,Daily (cigarette/bidi),No,17.6,No,Low,Moderate,Urban,Low,1
40,Female,Daily,Never,No,22.5,Yes,Low,Moderate,Urban,Low,0
22,Male,No,Daily (cigarette/bidi),Occasional,27.4,No,High,High,Rural,High,0
64,Male,No,Daily (cigarette/bidi),No,24.2,No,High,Moderate,Urban,High,0
25,Female,No,Never,Regular,29.8,No,Medium,Moderate,Urban,Low,0
73,Female,Occasionally,Daily (cigarette/bidi),No,16.9,No,Medium,Low,Urban,Moderate,1
19,Female,No,Never,No,24.1,No,Medium,Moderate,Rural,Low,0
19,Female,Daily,Never,Regular,20.9,Yes,Low,Moderate,Urban,High,0
49,Male,No,Never,No,26.3,No,Medium,Low,Urban,Low,0
64,Female,No,Never,No,23.1,No,Medium,Low,Rural,Moderate,0
64,Female,Occasionally,Never,No,23.5,No,Low,Low,Urban,Moderate,0
74,Male,No,Never,No,30.0,No,Medium,High,Rural,Low,0
71,Male,Daily,Never,Occasional,18.3,No,Low,Low,Urban,High,1
61,Female,Occasionally,Daily (cigarette/bidi),Occasional,31.1,No,Medium,High,Rural,High,1
18,Male,No,Never,No,21.0,No,Low,Low,Urban,High,0
78,Female,No,Never,No,24.4,No,Low,Moderate,Rural,High,0
61,Male,No,Never,Occasional,20.9,No,High,Moderate,Rural,High,0
53,Male,No,Never,No,20.0,No,High,Moderate,Urban,Moderate,0
67,Male,No,Never,No,36.9,No,Medium,Low,Urban,High,0
64,Female,Occasionally,Never,No,28.0,No,Low,Low,Rural,High,0
62,Female,No,Daily (cigarette/bidi),Regular,21.3,No,Medium,Low,Rural,Low,1
71,Male,Daily,Never,No,21.1,No,High,Low,Urban,High,1
37,Male,No,Never,Occasional,29.5,No,Medium,High,Rural,Moderate,0
83,Male,Daily,Never,Regular,24.4,No,Medium,Low,Urban,Low,1
30,Female,No,Daily (cigarette/bidi),No,26.0,Yes,Low,High,Urban,Moderate,0
38,Male,No,Never,No,15.0,No,High,Low,Urban,Low,0
57,Female,No,Occasional,No,19.4,No,Medium,Moderate,Urban,High,0
77,Female,No,Never,No,19.5,No,Low,Low,Urban,Low,0
25,Male,No,Never,No,26.2,No,High,Moderate,Urban,Low,0
69,Female,No,Never,No,28.9,No,Medium,Low,Urban,Moderate,0
45,Female,Daily,Daily (cigarette/bidi),No,28.4,No,Medium,High,Urban,Moderate,1
66,Male,Daily,Never,No,20.0,No,Medium,High,Rural,Moderate,1
42,Female,No,Daily (cigarette/bidi),No,21.6,No,Medium,Low,Urban,Moderate,0
50,Female,No,Never,No,22.6,No,Low,Moderate,Rural,Low,0
68,Female,Occasionally,Daily (cigarette/bidi),No,24.8,No,Medium,Low,Rural,Low,1
73,Male,No,Occasional,No,24.6,No,High,Moderate,Rural,High,0
62,Female,No,Never,No,28.5,Yes,Medium,Moderate,Urban,Moderate,0
29,Male,No,Daily (cigarette/bidi),No,25.5,No,Medium,Low,Rural,Moderate,0
32,Male,No,Never,No,29.8,No,High,Moderate,Urban,Low,0
48,Male,No,Never,No,30.9,No,Medium,Low,Urban,Moderate,0
56,Male,No,Daily (cigarette/bidi),Occasional,23.3,No,Medium,Moderate,Urban,Moderate,0
64,Female,No,Occasional,No,22.1,No,High,High,Rural,Low,0
63,Female,No,Never,No,22.7,No,High,Low,Rural,High,0
70,Female,Daily,Never,No,26.1,No,Medium,Low,Urban,Low,1
21,Female,No,Daily (cigarette/bidi),Occasional,19.2,No,Medium,Low,Rural,High,0
68,Male,No,Never,No,31.6,No,Low,Moderate,Urban,Moderate,0
62,Female,No,Never,No,21.1,No,Medium,Low,Rural,High,0
52,Female,No,Never,Occasional,15.0,No,High,Low,Rural,Moderate,0
84,Male,No,Never,No,31.9,No,Low,Moderate,Urban,Moderate,0
79,Male,Occasionally,Never,No,26.8,No,High,High,Rural,Low,0
44,Female,No,Never,Regular,27.2,No,Low,High,Urban,High,0
63,Female,No,Never,No,28.2,No,Medium,Low,Urban,Moderate,0
19,Male,Daily,Never,No,33.0,No,Low,Low,Urban,Moderate,0
69,Male,Daily,Never,No,22.6,No,High,Low,Urban,Low,1
43,Male,Occasionally,Daily (cigarette/bidi),No,18.4,No,Low,Moderate,Urban,Low,0
36,Male,No,Never,No,28.2,No,High,Low,Rural,High,0
62,Male,No,Never,No,21.8,No,Low,Low,Rural,Moderate,0
32,Male,No,Never,Regular,29.0,No,High,Low,Urban,High,0
33,Female,Daily,Never,No,17.7,No,Medium,Moderate,Rural,Moderate,0
34,Male,Daily,Never,Regular,26.5,No,High,High,Urban,Moderate,0
49,Female,Occasionally,Never,No,25.4,Yes,Medium,Low,Urban,Moderate,0
50,Male,Daily,Never,Regular,22.1,No,Low,High,Urban,Low,0
53,Female,No,Never,Regular,24.8,No,Medium,High,Urban,Moderate,0
57,Female,No,Daily (cigarette/bidi),Regular,23.7,No,High,Low,Urban,Moderate,1
45,Female,No,Never,No,25.5,No,Low,High,Urban,Moderate,0
40,Female,No,Never,No,20.1,No,High,Low,Rural,Low,0
43,Male,No,Never,Occasional,27.9,No,Medium,High,Rural,Moderate,0
37,Male,No,Daily (cigarette/bidi),No,21.3,No,Medium,High,Urban,Low,0
81,Male,No,Never,No,27.0,No,Medium,Low,Rural,Low,0
78,Male,No,Occasional,No,29.2,No,High,Low,Rural,Low,1
71,Female,No,Never,No,23.4,No,Medium,Moderate,Rural,High,0
83,Female,No,Never,Occasional,16.3,No,Low,Low,Urban,Low,0
18,Male,Occasionally,Never,No,30.2,No,Medium,Low,Rural,Low,0
47,Female,Occasionally,Never,Regular,28.9,No,Low,Low,Urban,High,0
55,Male,No,Never,No,17.3,No,High,Low,Rural,Low,0
31,Male,No,Never,No,23.4,No,Medium,Moderate,Urban,High,0
27,Male,Daily,Never,No,23.0,No,Medium,Low,Rural,Moderate,0
85,Male,Daily,Daily (cigarette/bidi),No,21.6,No,Medium,Moderate,Urban,High,1
51,Female,Occasionally,Never,Occasional,24.8,No,Low,Low,Rural,High,0
81,Male,No,Occasional,No,19.7,No,Low,Low,Rural,Low,0
80,Female,No,Occasional,Occasional,35.1,No,Medium,Moderate,Rural,High,1
22,Female,No,Never,No,29.5,No,Low,High,Rural,Moderate,0
50,Male,No,Never,No,21.0,No,Low,Moderate,Urban,Moderate,0
55,Female,No,Never,No,19.3,No,High,Low,Urban,High,0
26,Female,No,Never,No,28.5,No,High,Moderate,Rural,Moderate,0
40,Female,Daily,Occasional,No,29.0,No,Low,Moderate,Rural,Low,0
58,Male,Occasionally,Daily (cigarette/bidi),No,27.6,No,Medium,High,Rural,High,1
57,Male,No,Never,No,23.5,No,Medium,High,Urban,Moderate,0
84,Female,No,Never,No,32.2,No,Low,Low,Rural,High,0
65,Female,Occasionally,Never,Occasional,24.3,Yes,Medium,Moderate,Rural,Moderate,0
85,Male,No,Never,No,26.4,No,Medium,Low,Urban,Moderate,0
77,Female,No,Never,No,26.9,No,Medium,Moderate,Urban,Low,0
33,Male,No,Never,No,30.9,No,High,Low,Urban,High,0
79,Male,No,Never,Occasional,26.3,No,Medium,Low,Urban,Moderate,0
49,Female,Daily,Daily (cigarette/bidi),Occasional,23.4,No,High,High,Rural,Moderate,1
31,Male,No,Never,No,19.1,No,Medium,High,Urban,High,0
65,Male,No,Daily (cigarette/bidi),No,18.6,No,Medium,Low,Urban,Moderate,1
47,Female,Occasionally,Occasional,Occasional,29.3,No,Medium,Low,Rural,High,0
44,Male,No,Daily (cigarette/bidi),No,21.5,No,Medium,Low,Rural,Moderate,0
34,Female,No,Never,No,19.5,No,Low,Low,Urban,Low,0
64,Male,Daily,Never,No,25.0,No,Low,Moderate,Rural,High,0
28,Male,No,Never,No,23.1,No,Low,Low,Rural,Moderate,0
70,Male,Occasionally,Never,No,21.7,No,Medium,Moderate,Urban,High,0
32,Male,No,Never,Occasional,28.1,No,Medium,High,Rural,Low,0
83,Male,Daily,Never,No,29.4,No,Low,Moderate,Rural,High,1
24,Male,No,Never,No,30.6,No,Medium,Low,Rural,Low,0
68,Female,No,Daily (cigarette/bidi),Regular,23.3,No,Low,Low,Urban,High,1
21,Female,No,Daily (cigarette/bidi),No,30.6,No,Low,Low,Urban,Moderate,0
42,Female,Occasionally,Never,No,21.0,No,Medium,Moderate,Rural,High,0
59,Female,Daily,Never,No,20.1,No,Low,Low,Urban,Low,0
24,Male,Daily,Occasional,No,28.2,No,Low,Moderate,Rural,High,0
78,Female,Daily,Daily (cigarette/bidi),No,29.4,No,Medium,Moderate,Urban,Moderate,1
35,Female,Occasionally,Daily (cigarette/bidi),No,22.1,No,Medium,High,Rural,Moderate,0
68,Male,No,Never,No,20.9,No,High,High,Urban,Moderate,0
57,Male,No,Never,Occasional,22.1,No,High,Low,Rural,Moderate,0
60,Male,Occasionally,Occasional,No,25.6,No,Medium,Low,Rural,Moderate,0
19,Male,No,Never,No,23.3,No,High,Low,Urban,High,0
34,Female,No,Never,No,27.0,No,Medium,Moderate,Urban,Moderate,0
84,Male,No,Daily (cigarette/bidi),Occasional,30.9,No,High,Moderate,Rural,Moderate,1
38,Female,No,Never,No,18.1,No,High,Low,Urban,High,0
42,Female,No,Never,No,30.5,No,Medium,Low,Urban,Moderate,0
25,Male,No,Never,No,28.7,No,Medium,Moderate,Rural,Moderate,0
60,Male,Daily,Occasional,Occasional,33.3,No,Medium,Moderate,Urban,High,1
64,Male,No,Occasional,No,28.6,No,Low,Moderate,Urban,Low,0
40,Male,Occasionally,Never,No,26.5,Yes,High,Moderate,Urban,Moderate,0
33,Female,Occasionally,Never,Regular,23.6,No,High,Low,Urban,High,0
22,Male,No,Never,No,25.3,No,Low,High,Urban,Low,0
52,Male,No,Daily (cigarette/bidi),No,22.7,No,High,Moderate,Urban,Moderate,0
40,Female,Daily,Daily (cigarette/bidi),No,28.3,No,Low,High,Urban,Moderate,0
28,Female,No,Never,No,21.8,No,Low,High,Rural,Low,0
75,Female,Occasionally,Daily (cigarette/bidi),No,22.0,No,Medium,Low,Urban,High,1
34,Female,Occasionally,Never,Occasional,25.9,No,Medium,Moderate,Urban,Moderate,0
66,Male,Daily,Never,Occasional,29.5,No,Medium,Low,Urban,Low,1
63,Female,Daily,Occasional,Occasional,21.9,No,High,Low,Rural,High,1
77,Male,Occasionally,Never,Occasional,20.0,No,Medium,Moderate,Urban,Moderate,1
37,Male,Daily,Occasional,No,26.8,No,High,Moderate,Urban,Moderate,0
20,Male,Daily,Occasional,No,23.0,No,High,Low,Rural,Moderate,0
23,Male,No,Daily (cigarette/bidi),No,25.3,No,Medium,Low,Urban,Low,0
28,Female,Daily,Daily (cigarette/bidi),No,25.0,No,Medium,Moderate,Urban,Low,0
25,Female,No,Never,No,17.9,No,High,Low,Urban,Low,0
34,Female,No,Daily (cigarette/bidi),No,26.9,No,Medium,Moderate,Rural,High,0
49,Male,No,Never,No,18.7,No,Low,Low,Rural,Low,0
76,Female,Occasionally,Never,No,20.7,Yes,Medium,Moderate,Urban,Moderate,1
55,Male,Daily,Never,No,29.8,No,Low,Moderate,Rural,Low,0
41,Female,No,Occasional,No,29.0,No,Low,Moderate,Urban,Moderate,0
78,Male,No,Never,Regular,19.6,No,High,Low,Urban,Low,0
80,Male,No,Never,No,24.3,No,High,Moderate,Urban,Low,0
52,Female,No,Never,Occasional,28.4,No,High,High,Rural,High,0
65,Female,No,Never,Regular,26.3,No,Medium,Low,Urban,High,0
43,Male,No,Never,Regular,27.3,Yes,Medium,Low,Rural,High,1
47,Female,No,Never,No,22.0,No,Medium,Moderate,Rural,Moderate,0
28,Male,Occasionally,Occasional,Occasional,20.2,No,Low,Low,Urban,Moderate,0
56,Male,No,Occasional,No,30.7,No,High,Moderate,Urban,Moderate,0
50,Male,Daily,Occasional,No,18.4,No,Medium,Moderate,Urban,High,0
49,Male,No,Never,No,16.1,No,Low,High,Urban,Moderate,0
20,Female,No,Never,No,26.2,Yes,Low,Low,Urban,High,0
62,Male,Occasionally,Never,No,25.1,No,Low,Moderate,Urban,Moderate,0
65,Female,Daily,Daily (cigarette/bidi),Occasional,25.6,No,Low,Moderate,Urban,High,1
85,Male,No,Never,No,24.2,Yes,Medium,High,Urban,Low,0
51,Female,No,Daily (cigarette/bidi),No,22.8,No,Low,Low,Urban,Moderate,0
58,Male,No,Never,Occasional,20.0,No,High,Moderate,Urban,High,0
80,Male,Daily,Never,No,30.1,No,Medium,Moderate,Urban,Low,1
52,Male,No,Never,No,22.7,No,Low,Low,Rural,Moderate,0
74,Male,Daily,Never,Occasional,21.6,Yes,Medium,Moderate,Urban,High,1
62,Female,No,Never,No,23.7,No,Medium,Moderate,Urban,Moderate,0
42,Female,No,Daily (cigarette/bidi),Occasional,21.1,No,High,Moderate,Rural,Moderate,1
82,Female,No,Never,No,21.5,No,Low,High,Urban,Low,0
73,Female,No,Occasional,Occasional,17.2,No,Low,Moderate,Urban,Moderate,0
71,Female,Daily,Occasional,No,26.9,No,Low,Moderate,Rural,Moderate,1
36,Male,No,Never,No,29.2,No,High,High,Urban,Low,0
77,Male,No,Daily (cigarette/bidi),No,20.1,No,Medium,Moderate,Urban,High,1
49,Male,No,Occasional,Occasional,27.8,No,Medium,Moderate,Rural,Moderate,0
73,Male,Daily,Never,No,26.8,No,High,Moderate,Urban,Low,1
60,Male,No,Never,Regular,26.0,No,Low,Low,Rural,Low,0
76,Male,No,Daily (cigarette/bidi),No,25.9,No,Medium,Low,Rural,Low,1
59,Male,Occasionally,Daily (cigarette/bidi),No,19.7,No,Medium,Low,Urban,High,1
27,Male,No,Never,Occasional,20.5,No,Low,Moderate,Urban,High,0
68,Female,No,Never,No,31.3,No,Low,High,Rural,High,0
57,Male,No,Occasional,No,28.1,No,Low,Low,Rural,High,0
66,Female,Daily,Never,Regular,27.9,No,Low,Low,Rural,Low,1
71,Male,No,Daily (cigarette/bidi),No,17.9,Yes,Medium,Low,Urban,High,1
63,Male,No,Never,Occasional,18.1,No,High,High,Rural,Low,0
76,Female,No,Never,No,27.3,No,Medium,Moderate,Urban,Low,0
67,Male,No,Never,No,27.7,No,Low,Low,Urban,High,0
43,Male,No,Never,No,25.3,No,High,High,Urban,Moderate,0
60,Male,Daily,Occasional,No,23.7,No,High,High,Rural,High,1
29,Male,Daily,Daily (cigarette/bidi),No,25.3,No,Low,Low,Rural,Moderate,0
47,Male,Occasionally,Never,Regular,19.1,No,Low,High,Urban,Low,0
56,Female,Occasionally,Never,No,23.1,No,Medium,High,Urban,Moderate,0
85,Male,No,Never,No,24.3,No,Low,Moderate,Urban,Moderate,0
59,Male,Daily,Occasional,No,35.9,No,Medium,Moderate,Urban,Low,1
29,Male,Daily,Daily (cigarette/bidi),Regular,22.5,No,High,Moderate,Rural,Moderate,1
51,Male,No,Daily (cigarette/bidi),No,28.7,No,Medium,Moderate,Rural,High,0
55,Male,No,Never,No,24.0,No,Medium,High,Rural,High,0
56,Male,No,Daily (cigarette/bidi),Occasional,29.4,No,High,High,Rural,High,1
60,Female,No,Never,No,30.0,No,Medium,Low,Urban,Moderate,0
48,Female,Occasionally,Never,No,27.6,Yes,Medium,Low,Urban,Low,0
60,Male,Daily,Never,Regular,30.0,No,Low,Low,Rural,Low,1
63,Male,No,Never,No,20.9,No,High,Low,Rural,Low,0
77,Male,No,Daily (cigarette/bidi),Regular,20.4,Yes,Low,Moderate,Urban,High,1
58,Male,Daily,Occasional,No,28.6,Yes,Medium,Low,Urban,Moderate,1
43,Female,Daily,Never,No,27.1,No,Low,Moderate,Rural,High,0
36,Female,No,Never,No,20.3,No,Medium,Moderate,Urban,Moderate,0
56,Male,Daily,Never,No,23.8,No,Low,Moderate,Rural,Moderate,0
56,Male,No,Never,No,31.4,No,Low,Moderate,Urban,Low,0
22,Male,Daily,Never,No,21.9,No,Medium,Low,Rural,Moderate,0
48,Female,No,Never,Occasional,22.6,No,Medium,Moderate,Urban,Moderate,0
62,Male,Occasionally,Never,No,27.0,No,Medium,Low,Rural,Low,0
39,Female,No,Daily (cigarette/bidi),Occasional,23.2,No,Medium,Low,Rural,Moderate,0
72,Female,No,Never,No,25.1,No,Low,High,Rural,Moderate,0
78,Male,Occasionally,Never,No,30.7,Yes,Medium,Low,Urban,High,1
27,Male,Occasionally,Never,No,17.3,No,Medium,Low,Rural,Moderate,0
82,Female,Daily,Daily (cigarette/bidi),No,20.3,No,High,Moderate,Urban,Moderate,1
47,Female,Daily,Never,Regular,15.7,No,Medium,Moderate,Rural,Moderate,1
68,Male,No,Never,Regular,25.7,No,High,Low,Urban,Low,0
35,Male,No,Daily (cigarette/bidi),No,24.6,No,Medium,Moderate,Urban,High,0
35,Female,Occasionally,Never,No,26.6,No,Medium,High,Rural,Moderate,0
44,Female,Daily,Never,No,27.3,Yes,Low,Low,Rural,High,1
26,Male,Occasionally,Never,No,23.4,No,Medium,High,Rural,High,0
22,Female,No,Never,No,26.9,No,Medium,Moderate,Rural,Moderate,0
85,Female,No,Never,No,23.9,No,Low,Low,Urban,Moderate,0
41,Female,No,Never,No,20.9,No,Medium,High,Urban,Moderate,0
43,Female,No,Never,No,24.5,No,Medium,High,Urban,Low,0
29,Male,No,Never,Regular,29.2,No,Medium,Moderate,Urban,High,0
24,Female,Daily,Never,No,22.5,No,Medium,Low,Rural,Low,0
18,Male,No,Never,Occasional,27.2,No,High,Moderate,Rural,Moderate,0
39,Male,No,Never,No,21.8,No,High,Low,Rural,Low,0
73,Male,Occasionally,Occasional,Regular,24.1,No,High,High,Urban,High,1
58,Male,No,Never,Regular,28.2,No,Medium,Low,Urban,Moderate,0
32,Female,No,Never,No,35.2,Yes,Medium,Low,Urban,Low,0
57,Female,Occasionally,Daily (cigarette/bidi),No,19.6,Yes,High,High,Rural,Moderate,1
82,Female,No,Never,No,34.0,No,Low,Moderate,Rural,Low,0
82,Male,No,Daily (cigarette/bidi),Occasional,28.7,No,High,Low,Urban,Moderate,1
78,Male,Occasionally,Never,No,20.0,No,Medium,Moderate,Rural,Low,0
62,Male,Occasionally,Daily (cigarette/bidi),No,30.0,Yes,High,High,Urban,High,1
76,Male,Daily,Never,Occasional,24.7,Yes,High,Moderate,Rural,Moderate,1
24,Male,No,Never,No,15.9,No,High,High,Urban,Low,0
62,Female,Occasionally,Never,No,19.6,Yes,High,High,Urban,High,1
30,Female,Daily,Never,No,29.3,No,Low,Moderate,Urban,Low,0
78,Male,Daily,Never,No,20.3,Yes,Medium,Low,Rural,Low,1
59,Male,No,Never,Regular,19.2,No,Medium,Low,Urban,Low,0
21,Female,Daily,Daily (cigarette/bidi),No,27.3,No,Medium,Moderate,Urban,High,0
43,Female,Occasionally,Never,Occasional,26.0,No,Low,Low,Urban,Moderate,0
44,Male,No,Never,Regular,16.2,No,Medium,Low,Rural,High,0
36,Male,No,Never,No,25.5,Yes,Medium,Moderate,Urban,Low,0
56,Male,Occasionally,Occasional,Regular,30.9,Yes,Medium,Moderate,Urban,Low,1
79,Female,Occasionally,Never,Occasional,19.7,Yes,Medium,Low,Urban,Moderate,1
68,Male,No,Never,No,21.4,No,Medium,High,Urban,Moderate,0
28,Female,Occasionally,Never,No,26.9,No,High,Moderate,Urban,High,0
85,Female,Daily,Never,No,21.1,No,High,Moderate,Rural,High,1
54,Female,No,Never,Occasional,16.3,No,Medium,Moderate,Urban,High,0
64,Male,Occasionally,Daily (cigarette/bidi),Occasional,29.2,No,High,High,Urban,Moderate,1
78,Female,No,Never,No,21.0,No,Medium,Low,Urban,High,0
77,Male,No,Never,Regular,33.1,No,Medium,High,Urban,Moderate,0
30,Female,Occasionally,Daily (cigarette/bidi),Occasional,24.1,No,Medium,Low,Rural,Moderate,0
56,Male,Daily,Never,No,29.4,No,High,Low,Rural,Moderate,1
65,Female,Daily,Daily (cigarette/bidi),No,34.1,No,Medium,High,Rural,Low,1
24,Male,No,Daily (cigarette/bidi),Regular,22.3,No,Low,Moderate,Urban,Moderate,0
21,Male,No,Never,No,24.5,No,Medium,Moderate,Rural,Low,0
85,Female,Occasionally,Never,Occasional,22.1,No,Medium,Moderate,Urban,High,1
74,Male,No,Never,Occasional,28.3,No,High,Moderate,Urban,High,1
34,Female,Occasionally,Never,Occasional,24.7,No,Low,Moderate,Rural,Low,0
40,Male,No,Never,No,23.0,No,Low,Low,Urban,Low,0
18,Female,No,Never,No,15.0,Yes,Medium,Moderate,Urban,Moderate,0
30,Female,No,Never,Occasional,24.0,Yes,Medium,Moderate,Rural,Moderate,0
27,Male,No,Daily (cigarette/bidi),No,28.1,No,High,Low,Urban,Moderate,0
43,Female,No,Never,No,24.4,No,Low,Moderate,Rural,Moderate,0
72,Female,No,Daily (cigarette/bidi),No,25.6,No,Low,Moderate,Urban,Low,0
68,Male,No,Never,Regular,20.5,No,Medium,Low,Rural,High,0
54,Female,Occasionally,Never,Occasional,18.8,No,Low,Moderate,Rural,Moderate,0
76,Male,No,Never,No,28.9,No,Medium,High,Urban,High,0
80,Male,No,Never,No,24.4,Yes,Low,Moderate,Rural,Moderate,0
73,Female,No,Never,Regular,30.9,No,Medium,Moderate,Rural,High,0
31,Female,Daily,Never,No,18.2,No,High,Moderate,Urban,Moderate,0
32,Male,Daily,Never,No,32.8,No,Medium,Moderate,Urban,Low,0
42,Male,No,Never,No,28.7,No,Medium,Moderate,Urban,Moderate,0
63,Male,Daily,Never,Occasional,33.2,No,Medium,Moderate,Rural,Moderate,1
67,Male,Daily,Never,No,15.0,No,Medium,Low,Urban,High,1
81,Female,No,Never,No,24.2,No,Medium,Moderate,Urban,High,0
26,Male,No,Never,No,20.7,No,High,High,Urban,High,0
53,Female,Daily,Never,No,23.1,No,High,High,Rural,Low,1
26,Male,No,Never,No,32.6,No,Medium,Moderate,Urban,Moderate,0
82,Male,Daily,Occasional,No,27.5,No,Medium,High,Rural,Moderate,1
18,Male,Daily,Occasional,No,15.0,Yes,Low,Moderate,Urban,High,0
66,Female,No,Never,No,16.6,No,Low,High,Rural,Low,0
39,Male,No,Never,No,24.8,No,Low,Moderate,Rural,Moderate,0
85,Male,No,Never,No,28.7,No,Low,Moderate,Urban,Moderate,0
61,Male,Occasionally,Daily (cigarette/bidi),No,23.0,No,High,High,Urban,High,1
25,Male,No,Daily (cigarette/bidi),Regular,32.9,No,Medium,Moderate,Urban,High,0
43,Male,Daily,Daily (cigarette/bidi),No,18.8,No,High,Moderate,Urban,High,1
27,Female,No,Never,Occasional,31.1,No,Low,Low,Urban,Low,0
35,Male,No,Never,Regular,24.9,No,Low,Low,Rural,Low,0
34,Male,No,Never,No,25.3,No,High,Low,Urban,High,0
42,Male,No,Never,Regular,25.8,No,High,Moderate,Rural,High,0
76,Female,No,Never,No,31.5,No,High,High,Urban,Moderate,0
80,Male,Daily,Occasional,Occasional,25.2,Yes,Medium,Low,Urban,Moderate,1
52,Male,No,Never,No,15.0,No,Medium,Low,Urban,Moderate,0
33,Male,Occasionally,Never,No,28.1,No,Medium,High,Urban,Moderate,0
30,Male,Daily,Never,No,24.0,No,Medium,Low,Urban,Low,0
21,Female,Occasionally,Never,No,34.4,Yes,Low,High,Rural,Low,0
53,Female,No,Never,Occasional,26.7,No,Low,High,Urban,High,0
80,Female,No,Never,Regular,27.9,No,Medium,Moderate,Rural,Low,0
56,Male,No,Occasional,No,25.9,Yes,Low,Low,Urban,Moderate,0
50,Male,No,Never,No,17.1,No,Low,High,Urban,Moderate,0
27,Male,Daily,Never,No,19.7,No,High,High,Rural,Moderate,0
24,Male,No,Never,No,22.9,No,Medium,Low,Urban,Moderate,0
32,Male,No,Never,No,22.3,No,Low,Moderate,Rural,High,0
59,Female,No,Daily (cigarette/bidi),No,28.9,No,Medium,Moderate,Rural,Moderate,0
40,Female,Occasionally,Never,No,16.3,No,High,Moderate,Urban,Low,0
47,Female,No,Never,No,22.9,No,Low,Low,Urban,Low,0
23,Male,No,Daily (cigarette/bidi),Occasional,35.1,No,High,Low,Urban,Moderate,1
43,Female,Daily,Occasional,Occasional,33.3,No,Medium,Low,Urban,Moderate,1
75,Male,Daily,Never,No,29.6,Yes,High,Moderate,Urban,High,1
39,Male,No,Daily (cigarette/bidi),No,27.7,No,Low,Moderate,Urban,Moderate,0
55,Female,Occasionally,Never,No,24.8,No,Medium,Low,Urban,Low,0
56,Female,Occasionally,Never,No,22.7,No,Medium,Moderate,Urban,High,0
50,Female,No,Daily (cigarette/bidi),No,25.2,No,Medium,Moderate,Urban,Low,0
23,Male,No,Never,Occasional,22.1,No,High,High,Urban,Low,0
65,Female,No,Occasional,Regular,30.0,No,Medium,Moderate,Urban,High,0
68,Male,No,Occasional,Occasional,24.5,No,Medium,Moderate,Rural,High,0
85,Male,Daily,Never,No,23.2,No,Medium,Low,Urban,Moderate,1
66,Female,Daily,Never,No,29.8,No,High,Moderate,Urban,Moderate,1
47,Female,No,Never,No,26.3,No,High,Moderate,Rural,Moderate,0
64,Male,No,Never,Occasional,31.9,No,Low,Low,Urban,High,0
59,Female,No,Daily (cigarette/bidi),No,20.1,No,High,Moderate,Rural,Moderate,0
44,Male,No,Never,Regular,26.6,No,High,High,Urban,Low,0
22,Female,No,Never,Occasional,20.7,No,High,Low,Rural,Low,0
38,Male,Daily,Never,No,29.7,Yes,Low,Moderate,Urban,Moderate,0
78,Female,No,Daily (cigarette/bidi),No,25.0,No,Low,Low,Urban,Low,0
70,Male,Daily,Never,No,26.3,No,High,Moderate,Urban,Moderate,1
26,Male,Occasionally,Never,Occasional,22.7,No,Low,Low,Urban,Low,0
18,Female,No,Never,No,16.8,Yes,Low,Low,Rural,Low,0
75,Female,Daily,Never,No,31.1,No,Medium,High,Rural,Low,1
49,Female,No,Never,Regular,21.6,No,Medium,Moderate,Urban,Moderate,0
78,Female,No,Daily (cigarette/bidi),No,30.3,Yes,High,High,Urban,Moderate,1
76,Female,Occasionally,Never,No,29.2,No,Medium,Low,Urban,Moderate,1
68,Male,No,Daily (cigarette/bidi),No,24.4,Yes,Medium,Low,Urban,Moderate,1
62,Female,Occasionally,Occasional,Occasional,22.2,No,Medium,Moderate,Urban,Moderate,0
27,Male,No,Daily (cigarette/bidi),No,29.0,No,Medium,Low,Rural,Moderate,0
51,Female,No,Occasional,Regular,23.8,No,Medium,Low,Rural,High,0
22,Female,No,Never,No,18.5,No,Low,Low,Urban,Moderate,0
41,Male,Daily,Daily (cigarette/bidi),No,26.7,No,Medium,Moderate,Rural,High,1
48,Male,No,Daily (cigarette/bidi),Occasional,24.0,No,Medium,High,Rural,Moderate,0
38,Male,No,Never,Occasional,22.5,Yes,Low,Moderate,Rural,High,0
57,Male,Daily,Never,No,24.9,Yes,Medium,Moderate,Urban,Moderate,1
82,Female,No,Occasional,No,31.0,No,Medium,Moderate,Urban,Low,0
58,Female,Daily,Never,No,24.6,No,Low,Moderate,Rural,Moderate,0
75,Female,Occasionally,Never,Occasional,23.1,No,Medium,Moderate,Urban,High,1
47,Female,No,Never,Occasional,27.2,No,Medium,Low,Urban,Low,0
25,Male,Occasionally,Never,No,15.0,No,High,Low,Rural,Moderate,0
44,Female,No,Daily (cigarette/bidi),No,20.2,No,Medium,Moderate,Rural,Moderate,0
60,Female,No,Never,No,25.1,No,Medium,Moderate,Rural,Low,0
75,Female,Occasionally,Never,No,26.4,No,Low,Moderate,Urban,Moderate,0
34,Male,Occasionally,Occasional,No,30.7,No,Low,Low,Urban,High,0
20,Male,No,Never,No,28.3,No,High,Low,Rural,High,0
63,Male,Occasionally,Never,Occasional,22.5,No,Low,Moderate,Urban,Moderate,0
80,Male,Occasionally,Never,No,22.7,Yes,High,Moderate,Rural,Moderate,1
42,Male,Daily,Never,No,33.7,Yes,High,Low,Urban,Moderate,1
43,Male,No,Never,Occasional,24.1,No,Low,Moderate,Urban,High,0
19,Male,No,Never,No,31.7,No,Medium,High,Rural,Moderate,0
58,Female,Occasionally,Never,Regular,23.5,No,Low,Low,Rural,Moderate,1
36,Female,Occasionally,Never,No,28.0,Yes,High,Moderate,Urban,High,0
69,Female,Occasionally,Never,No,18.4,No,High,High,Urban,Low,0
52,Male,No,Never,No,19.9,Yes,Low,Low,Rural,Moderate,0
71,Female,No,Never,No,28.7,No,High,Moderate,Rural,Moderate,0
64,Female,No,Never,Occasional,20.2,No,High,Moderate,Urban,Moderate,0
42,Female,Daily,Never,Occasional,16.4,No,Medium,Low,Rural,Moderate,1
84,Male,Daily,Never,Occasional,25.2,No,Medium,Low,Rural,High,1
34,Female,Occasionally,Occasional,No,19.8,Yes,Low,Moderate,Urban,High,0
27,Female,Daily,Occasional,No,22.2,No,Medium,Moderate,Urban,Moderate,0
51,Female,Occasionally,Never,No,27.9,No,Medium,Low,Rural,Moderate,0
46,Female,No,Occasional,No,24.7,No,Medium,High,Rural,Moderate,0
78,Female,No,Never,No,25.9,No,Low,High,Rural,Low,0
30,Male,Occasionally,Daily (cigarette/bidi),No,26.9,Yes,Medium,High,Urban,Low,0
29,Male,No,Daily (cigarette/bidi),No,27.8,No,Low,Low,Rural,Moderate,0
80,Male,No,Occasional,No,29.0,No,Medium,Moderate,Urban,High,0
63,Male,Occasionally,Occasional,No,22.8,No,Low,Moderate,Urban,Moderate,0
47,Female,No,Occasional,No,16.8,Yes,Medium,Low,Urban,Low,0
79,Male,Occasionally,Never,No,22.8,No,Medium,High,Urban,Moderate,0
37,Male,Occasionally,Daily (cigarette/bidi),No,21.9,No,High,Low,Rural,Low,0
68,Male,No,Never,Occasional,23.0,No,Low,Low,Urban,Low,0
39,Female,No,Never,No,26.5,No,High,High,Urban,High,0
41,Male,Occasionally,Occasional,No,27.1,No,High,Low,Rural,Low,0
79,Female,Daily,Never,Occasional,22.7,No,Medium,Low,Urban,Moderate,1
46,Female,No,Never,No,24.0,No,Medium,High,Rural,High,0
57,Male,Daily,Never,No,29.6,Yes,Medium,Low,Urban,Low,1
32,Male,No,Never,Occasional,33.1,No,Low,Moderate,Urban,Low,0
73,Male,Daily,Never,Regular,25.2,No,Low,High,Urban,Moderate,1
36,Male,No,Never,No,22.8,No,High,Low,Urban,Moderate,0
38,Male,No,Never,No,18.7,No,Low,High,Urban,Moderate,0
73,Male,No,Never,No,19.9,No,High,Low,Urban,Moderate,0
24,Male,Occasionally,Never,No,17.7,No,High,Moderate,Urban,Moderate,0
70,Female,No,Occasional,Regular,17.3,No,Low,Low,Rural,High,1
77,Female,Occasionally,Never,Occasional,20.3,No,High,Low,Rural,Low,1
49,Male,Occasionally,Never,Occasional,26.1,No,High,High,Rural,Moderate,0
83,Female,No,Never,No,16.3,Yes,Medium,Low,Urban,Moderate,0
26,Male,No,Never,No,21.5,No,Medium,Low,Rural,Moderate,0
75,Male,No,Never,No,23.6,No,Medium,High,Urban,High,0
35,Female,Daily,Never,Occasional,19.7,No,High,Moderate,Urban,High,1
31,Female,Occasionally,Never,No,15.0,Yes,Medium,Low,Rural,High,0
77,Female,No,Daily (cigarette/bidi),Regular,24.3,No,Medium,High,Urban,High,1
27,Male,Daily,Never,No,24.3,No,Low,Moderate,Urban,Moderate,0
48,Female,No,Never,No,31.3,No,Medium,High,Rural,Moderate,0
19,Male,No,Never,No,20.1,No,Medium,Low,Urban,Moderate,0
58,Male,No,Daily (cigarette/bidi),No,30.4,No,High,High,Urban,Moderate,0
30,Female,No,Never,No,25.4,No,Medium,Low,Rural,Moderate,0
59,Male,No,Never,Occasional,25.1,No,High,High,Urban,High,0
22,Male,Daily,Never,No,18.7,No,Medium,Low,Rural,Low,0
85,Male,No,Never,No,22.3,No,High,Low,Urban,Moderate,0
49,Male,No,Never,Occasional,34.2,No,Low,Low,Rural,Moderate,0
66,Female,No,Never,No,23.8,No,High,Low,Urban,Low,0
47,Female,No,Never,No,23.8,No,High,High,Urban,Moderate,0
60,Male,No,Daily (cigarette/bidi),No,24.0,No,Medium,Moderate,Urban,High,0
80,Male,No,Occasional,No,23.0,No,Low,Low,Rural,Low,0
67,Male,No,Never,No,21.5,Yes,Low,High,Rural,Low,0
54,Male,No,Never,No,27.2,No,High,Moderate,Rural,Low,0
21,Male,Daily,Daily (cigarette/bidi),Regular,30.6,No,Medium,High,Urban,Moderate,1
55,Male,Daily,Never,No,23.2,No,High,High,Rural,Moderate,1
53,Male,No,Never,No,22.7,No,Medium,Moderate,Urban,Moderate,0
23,Male,Daily,Daily (cigarette/bidi),No,17.6,No,Medium,High,Urban,Low,0
82,Female,No,Never,No,29.3,No,Medium,Moderate,Rural,Moderate,0
56,Male,No,Never,No,30.3,No,High,Low,Urban,Moderate,0
57,Female,No,Never,No,18.7,No,High,High,Urban,Low,0
33,Female,Daily,Occasional,No,25.9,No,High,Low,Rural,Moderate,1
28,Female,No,Never,Regular,15.0,No,Low,Moderate,Rural,Moderate,0
24,Female,No,Occasional,No,29.9,No,Medium,High,Rural,Moderate,0
42,Female,No,Never,No,24.6,Yes,High,Low,Urban,Moderate,0
33,Male,Occasionally,Never,Occasional,28.4,No,Medium,Low,Urban,Moderate,0
57,Male,Daily,Never,No,31.1,No,High,High,Urban,Low,0
64,Male,No,Daily (cigarette/bidi),No,23.1,Yes,High,Moderate,Urban,Moderate,1
39,Female,Daily,Never,Regular,22.2,No,Medium,Low,Rural,Moderate,1
62,Male,Daily,Never,No,24.4,No,High,Low,Rural,Low,1
31,Female,No,Never,No,23.2,No,Medium,High,Urban,High,0
81,Male,Daily,Never,No,23.8,No,Medium,Low,Urban,Moderate,1
27,Male,Occasionally,Never,No,18.5,No,Low,High,Urban,Moderate,0
83,Female,No,Occasional,Regular,18.4,No,Medium,Moderate,Rural,Low,0
78,Male,No,Occasional,Occasional,20.3,No,Medium,Moderate,Urban,High,0
52,Female,Daily,Never,Occasional,31.0,No,Medium,Moderate,Rural,Low,1
22,Male,Daily,Never,No,26.6,Yes,High,Low,Rural,High,1
56,Female,Occasionally,Never,Occasional,28.4,No,High,Low,Rural,Moderate,0
53,Female,Daily,Never,No,31.6,No,Low,High,Rural,High,0
70,Female,Daily,Never,Regular,18.6,No,Medium,Moderate,Urban,Moderate,1
41,Male,No,Never,Regular,19.4,No,Low,Moderate,Rural,Low,0
71,Male,No,Never,No,25.9,No,Low,Moderate,Urban,Moderate,0
77,Male,No,Never,No,18.4,No,Low,High,Urban,Low,0
26,Male,Daily,Never,No,28.5,No,Medium,Moderate,Rural,Moderate,0
55,Male,No,Never,No,30.6,No,Medium,Low,Urban,Moderate,0
22,Female,Daily,Never,No,28.8,Yes,High,High,Urban,Moderate,0
19,Male,No,Daily (cigarette/bidi),No,30.8,No,High,Low,Urban,Low,0
55,Female,No,Never,Regular,35.0,No,Medium,Low,Rural,Low,0
83,Male,Daily,Never,No,22.2,Yes,Medium,Low,Rural,High,1
48,Female,No,Never,No,24.8,No,Medium,Low,Rural,Moderate,0
38,Male,No,Never,No,34.7,No,Low,Low,Rural,Low,0
72,Female,No,Never,No,26.7,No,High,Low,Urban,High,0
58,Male,No,Never,Regular,23.5,No,High,Low,Urban,Moderate,0
19,Female,Daily,Occasional,No,20.8,No,Low,Moderate,Urban,Moderate,0
28,Male,No,Never,No,19.9,Yes,Medium,Low,Rural,High,0
59,Male,No,Never,No,21.9,No,Medium,Low,Urban,Low,0
64,Male,No,Never,No,27.2,No,Medium,Low,Rural,Moderate,0
32,Female,Daily,Never,No,20.9,No,Medium,Low,Urban,Low,0
58,Female,No,Occasional,Occasional,20.3,No,Medium,Moderate,Rural,Moderate,0
56,Male,No,Never,Occasional,25.5,No,High,High,Urban,High,0
59,Female,Daily,Daily (cigarette/bidi),No,20.2,No,Low,Moderate,Rural,Low,1
76,Male,Daily,Daily (cigarette/bidi),No,25.7,No,High,High,Rural,Low,1
63,Female,No,Never,No,21.1,No,Medium,Low,Urban,Moderate,0
24,Male,No,Never,No,16.1,No,Medium,Moderate,Rural,Low,0
81,Female,Daily,Daily (cigarette/bidi),No,25.8,No,Low,Low,Urban,Moderate,1
49,Female,No,Never,No,27.7,No,High,Moderate,Rural,Low,0
39,Female,No,Never,No,26.3,No,Low,Low,Urban,Moderate,0
63,Female,No,Daily (cigarette/bidi),No,30.3,No,Low,Low,Rural,Moderate,1
37,Female,Occasionally,Never,Occasional,22.5,No,High,Moderate,Urban,Moderate,0
35,Female,Occasionally,Occasional,Occasional,21.0,No,Medium,Moderate,Urban,High,0
20,Female,No,Never,No,21.0,No,High,High,Urban,Low,0
54,Male,Occasionally,Never,Occasional,29.4,No,Medium,Moderate,Urban,Low,0
55,Male,No,Never,No,28.5,Yes,Medium,Low,Rural,Low,0
47,Male,Occasionally,Never,Occasional,21.4,No,Medium,Moderate,Urban,High,0
65,Male,Occasionally,Never,No,27.0,No,Medium,Low,Urban,High,0
65,Female,Daily,Never,No,22.3,No,Low,Moderate,Rural,Moderate,1
34,Female,Occasionally,Never,No,21.3,No,Medium,High,Rural,High,0
25,Male,No,Never,No,30.3,Yes,Low,High,Urban,Moderate,0
27,Male,No,Never,Occasional,28.3,No,Low,High,Urban,Moderate,0
24,Male,No,Never,No,21.7,No,Low,Low,Urban,Moderate,0
83,Male,No,Never,No,32.0,No,Medium,Low,Rural,Low,0
55,Male,No,Never,No,26.0,No,Medium,High,Rural,Moderate,0
19,Female,No,Daily (cigarette/bidi),Regular,30.2,Yes,Medium,Low,Rural,Low,1
81,Female,Daily,Never,No,25.1,No,High,High,Rural,High,1
21,Male,Daily,Never,No,15.5,No,Medium,Low,Urban,Low,0
40,Male,Daily,Daily (cigarette/bidi),Occasional,27.4,Yes,Low,Low,Rural,Moderate,1
54,Female,No,Never,No,25.9,No,Low,Moderate,Urban,Low,0
46,Female,Daily,Never,No,27.6,No,Low,Low,Urban,High,0
66,Male,No,Never,No,25.7,Yes,Medium,Low,Urban,High,0
84,Female,No,Never,No,23.3,Yes,Low,Low,Urban,Moderate,0
63,Female,Occasionally,Daily (cigarette/bidi),Regular,24.7,Yes,Medium,Moderate,Rural,Moderate,1
60,Female,No,Never,Regular,27.7,No,Low,Moderate,Urban,Moderate,0
40,Female,Daily,Never,No,23.5,No,High,Low,Rural,Moderate,0
49,Female,No,Daily (cigarette/bidi),No,20.7,No,High,Low,Urban,Moderate,0
71,Female,Daily,Never,No,26.8,No,High,Low,Urban,Low,1
37,Female,No,Daily (cigarette/bidi),Occasional,24.5,Yes,Low,High,Urban,Moderate,0
76,Male,Daily,Never,Occasional,17.6,No,High,Moderate,Rural,High,1
54,Female,No,Never,No,18.8,Yes,Low,Low,Urban,Moderate,0
36,Female,Daily,Never,No,22.9,No,High,Low,Urban,Low,0
26,Female,No,Daily (cigarette/bidi),Regular,29.8,No,High,Moderate,Urban,Moderate,0
85,Male,No,Occasional,No,22.7,No,High,Moderate,Urban,High,1
20,Female,No,Never,No,25.8,No,Medium,Moderate,Urban,Low,0
19,Female,No,Occasional,No,20.0,Yes,Medium,Moderate,Rural,Low,0
44,Male,No,Never,No,22.0,No,Low,Low,Rural,High,0
69,Male,Daily,Never,Regular,29.7,No,Low,High,Urban,High,1
57,Female,No,Never,Regular,21.7,No,Medium,Moderate,Urban,Moderate,0
76,Female,No,Daily (cigarette/bidi),Occasional,23.8,No,High,High,Urban,Moderate,1
41,Male,No,Never,No,18.1,No,Medium,Moderate,Rural,High,0
54,Female,No,Occasional,Occasional,25.1,No,Medium,Moderate,Urban,Moderate,0
62,Female,No,Daily (cigarette/bidi),Occasional,22.7,No,Low,Moderate,Urban,Moderate,0
51,Male,No,Never,No,24.4,No,Medium,Low,Urban,Low,0
24,Male,Occasionally,Never,No,25.8,No,High,Low,Urban,Moderate,0
26,Female,Daily,Daily (cigarette/bidi),No,28.2,No,High,Moderate,Rural,Low,1
72,Male,Daily,Never,Occasional,24.9,No,Medium,High,Rural,High,1
52,Female,No,Daily (cigarette/bidi),No,24.1,No,Medium,Moderate,Urban,High,0
65,Female,Daily,Never,No,26.6,No,Medium,High,Urban,High,1
74,Female,Occasionally,Never,Regular,21.2,Yes,Medium,Moderate,Urban,High,1
39,Male,Daily,Occasional,No,32.8,No,High,Low,Urban,Moderate,1
63,Female,No,Never,No,27.9,No,Medium,Low,Urban,Low,0
59,Male,No,Daily (cigarette/bidi),No,30.7,No,Low,Moderate,Rural,Moderate,0
38,Male,Occasionally,Never,No,23.6,No,Medium,Low,Rural,Moderate,0
67,Female,No,Never,Regular,29.1,Yes,Medium,High,Rural,High,0
66,Male,No,Occasional,No,28.5,No,Medium,Moderate,Rural,High,0
44,Female,No,Never,No,25.9,No,Medium,Moderate,Urban,Moderate,0
41,Female,Daily,Never,No,17.1,No,Medium,Moderate,Urban,High,0
72,Male,Occasionally,Occasional,Regular,30.9,No,Medium,Moderate,Rural,Moderate,1
20,Male,No,Never,Regular,29.4,No,Low,High,Rural,Moderate,0
82,Female,No,Never,No,20.6,No,Medium,High,Urban,Moderate,0
22,Female,No,Never,No,23.9,No,Low,Moderate,Rural,Low,0
29,Male,No,Never,No,16.3,No,Medium,Low,Rural,High,0
76,Female,No,Never,No,28.4,No,Low,Low,Rural,Low,0
79,Male,No,Never,No,18.7,No,Medium,Low,Rural,Moderate,0
76,Female,Occasionally,Occasional,No,20.6,No,High,High,Urban,Low,1
59,Female,No,Never,No,26.5,No,Low,High,Rural,Moderate,0
58,Male,No,Occasional,No,30.1,No,Medium,Low,Rural,High,0
81,Male,Occasionally,Never,No,26.0,No,Low,Moderate,Rural,Moderate,0
64,Male,No,Never,No,27.0,No,Low,Moderate,Urban,High,0
35,Female,No,Never,No,26.1,Yes,High,Moderate,Urban,Low,0
26,Male,Occasionally,Daily (cigarette/bidi),No,27.8,No,Medium,Low,Rural,Low,0
52,Male,No,Occasional,Occasional,29.3,No,Low,Moderate,Urban,High,0
69,Female,Occasionally,Never,Regular,19.5,No,High,Moderate,Rural,Low,1
47,Male,Daily,Daily (cigarette/bidi),No,34.6,No,Medium,Moderate,Rural,Low,1
53,Male,Daily,Occasional,No,27.6,Yes,High,Low,Rural,High,1
45,Male,Daily,Never,No,18.2,No,Low,High,Urban,High,0
57,Female,Occasionally,Daily (cigarette/bidi),Occasional,25.8,No,Low,Moderate,Urban,Moderate,1
81,Male,Daily,Never,No,27.3,No,High,Moderate,Urban,Moderate,1
29,Female,No,Daily (cigarette/bidi),No,23.0,Yes,Low,Low,Rural,Moderate,0
34,Male,Daily,Never,Occasional,25.8,No,Medium,Low,Urban,Moderate,0
69,Female,Occasionally,Never,No,24.3,No,High,Low,Urban,Low,0
34,Female,No,Never,Occasional,23.9,No,Medium,Moderate,Urban,High,0
23,Male,Daily,Never,No,21.3,No,Medium,Low,Urban,Low,0
20,Male,Occasionally,Daily (cigarette/bidi),Regular,23.1,No,Low,Moderate,Urban,Moderate,0
63,Female,Occasionally,Daily (cigarette/bidi),Occasional,28.5,No,Medium,Moderate,Rural,Moderate,1
82,Female,No,Never,No,20.0,No,Medium,Moderate,Rural,Moderate,0
70,Female,No,Never,Occasional,17.4,No,Low,Moderate,Rural,Moderate,0
56,Female,No,Daily (cigarette/bidi),No,25.4,No,Medium,Moderate,Urban,Moderate,0
76,Female,No,Never,Occasional,20.6,No,Low,Moderate,Urban,Moderate,0
29,Female,No,Never,No,30.6,No,High,Low,Rural,Moderate,0
76,Female,No,Never,No,26.7,Yes,High,Low,Rural,Low,1
35,Male,Occasionally,Never,No,21.4,Yes,Medium,Moderate,Rural,Low,0
44,Female,No,Never,No,28.4,No,High,Moderate,Rural,Low,0
71,Female,No,Never,No,20.4,No,Low,Low,Urban,Moderate,0
33,Male,Daily,Occasional,Occasional,22.2,No,Low,Moderate,Rural,Moderate,0
50,Male,Daily,Never,No,22.1,No,High,Low,Rural,Moderate,1
81,Female,No,Occasional,No,23.1,Yes,High,Moderate,Urban,Moderate,1
80,Male,Occasionally,Occasional,No,25.9,No,Medium,High,Urban,Low,0
33,Male,No,Daily (cigarette/bidi),Regular,24.4,Yes,Medium,Low,Rural,High,1
56,Female,No,Never,No,20.8,No,Low,Moderate,Rural,Moderate,0
30,Female,No,Daily (cigarette/bidi),Occasional,22.0,No,Medium,Low,Rural,Moderate,0
26,Male,No,Daily (cigarette/bidi),Occasional,25.3,No,Medium,Low,Urban,Moderate,0
66,Female,No,Never,No,34.2,Yes,Medium,Moderate,Urban,Moderate,0
32,Female,No,Never,No,22.3,No,Medium,Low,Urban,Low,0
60,Female,No,Daily (cigarette/bidi),Regular,25.8,Yes,Low,High,Rural,Low,1
82,Female,Occasionally,Never,Regular,28.5,No,Medium,Moderate,Urban,High,1
47,Female,No,Never,No,18.0,No,Medium,High,Urban,Low,0
27,Male,No,Daily (cigarette/bidi),No,25.6,No,Low,Low,Urban,High,0
39,Male,Occasionally,Never,Regular,17.2,No,Low,Moderate,Urban,Moderate,0
83,Female,No,Daily (cigarette/bidi),Regular,16.4,No,Low,High,Rural,Moderate,0
38,Female,No,Daily (cigarette/bidi),Occasional,21.4,Yes,Medium,Moderate,Urban,High,1
70,Male,No,Occasional,Occasional,21.4,No,Low,Low,Urban,Moderate,0
80,Female,No,Never,No,22.3,No,High,Low,Rural,Low,0
62,Male,Daily,Daily (cigarette/bidi),No,22.0,No,High,High,Rural,High,1
31,Female,No,Never,No,25.1,No,Medium,Moderate,Rural,Low,0
56,Male,No,Never,No,22.9,No,High,Low,Urban,High,0
72,Female,Occasionally,Never,No,23.0,No,Medium,High,Urban,High,0
72,Female,No,Never,Occasional,27.3,No,High,Low,Rural,Moderate,0
24,Female,No,Occasional,No,32.2,No,Medium,Moderate,Rural,Low,0
32,Female,No,Daily (cigarette/bidi),Occasional,19.6,No,Medium,Low,Urban,Low,0
83,Female,Daily,Daily (cigarette/bidi),No,24.5,No,Medium,Low,Rural,Moderate,1
30,Female,Daily,Never,No,20.1,No,Low,Moderate,Rural,High,0
73,Female,No,Never,No,29.3,No,Low,Low,Rural,High,0
62,Male,No,Daily (cigarette/bidi),No,17.0,No,High,High,Rural,High,1
32,Female,No,Never,No,20.5,No,High,Moderate,Rural,High,0
60,Male,Occasionally,Daily (cigarette/bidi),No,25.6,No,Low,High,Rural,Moderate,1
30,Female,Occasionally,Never,No,19.1,No,Medium,Low,Rural,Moderate,0
41,Male,Occasionally,Occasional,No,24.8,No,Low,Low,Rural,Moderate,0
34,Female,Daily,Never,Occasional,31.7,No,High,Moderate,Urban,High,0
67,Male,Daily,Daily (cigarette/bidi),No,17.1,No,Low,Moderate,Rural,Low,1
78,Female,Daily,Never,No,27.1,No,High,Moderate,Urban,High,1
53,Male,No,Never,Occasional,25.5,No,Medium,Low,Rural,Moderate,0
69,Male,No,Never,Occasional,23.4,No,Low,Low,Urban,Low,0
38,Male,No,Never,No,31.4,No,Medium,High,Urban,High,0
83,Male,No,Never,Regular,22.7,No,Medium,Low,Rural,High,1
47,Male,Daily,Never,No,15.0,No,High,Low,Rural,Moderate,0
49,Male,Occasionally,Daily (cigarette/bidi),Occasional,31.7,No,Low,Moderate,Urban,Low,1
34,Male,No,Never,Occasional,26.3,No,Low,High,Rural,Moderate,0
66,Female,Daily,Daily (cigarette/bidi),Occasional,23.6,No,Low,Low,Rural,Moderate,1
69,Female,No,Daily (cigarette/bidi),No,22.4,Yes,Medium,High,Rural,Moderate,1
64,Male,Occasionally,Never,No,30.5,No,Medium,Low,Urban,Low,0
26,Male,No,Never,No,28.8,No,Medium,Low,Urban,High,0
45,Male,Daily,Never,No,33.2,No,Low,High,Urban,Moderate,0
50,Male,No,Daily (cigarette/bidi),No,24.5,No,Medium,Moderate,Rural,Moderate,0
39,Female,No,Never,No,28.6,No,Medium,Low,Urban,Low,0
78,Female,Occasionally,Never,No,17.3,Yes,Medium,High,Rural,Low,0
74,Male,No,Never,Occasional,20.7,No,Medium,Low,Rural,Low,0
31,Female,Occasionally,Never,No,23.0,No,Low,High,Rural,Low,0
53,Male,No,Never,No,20.3,No,Medium,High,Urban,High,0
46,Male,No,Never,No,21.7,No,Medium,Moderate,Rural,High,0
67,Female,No,Never,No,25.0,No,Medium,Moderate,Rural,Moderate,0
20,Male,Daily,Never,No,23.4,No,Low,Low,Rural,High,0
55,Female,Occasionally,Never,No,20.3,Yes,Medium,Low,Urban,Moderate,0
78,Female,No,Daily (cigarette/bidi),No,24.7,No,Low,High,Rural,Low,0
46,Male,No,Daily (cigarette/bidi),No,24.8,No,Medium,Moderate,Urban,High,0
33,Male,Daily,Never,No,27.5,No,Low,Low,Rural,Low,0
42,Female,Occasionally,Never,No,27.4,No,Medium,Moderate,Urban,High,0
69,Female,Daily,Daily (cigarette/bidi),Occasional,19.6,No,Low,Moderate,Urban,High,1
30,Female,No,Never,No,22.7,No,Medium,Moderate,Urban,Moderate,0
27,Male,Daily,Never,Occasional,28.6,No,High,Low,Urban,High,1
36,Male,Daily,Never,Regular,15.0,No,Low,Low,Rural,Moderate,1
29,Male,No,Daily (cigarette/bidi),No,31.0,Yes,Medium,Low,Urban,Moderate,0
19,Female,Daily,Daily (cigarette/bidi),No,15.5,Yes,Medium,Low,Rural,Moderate,1
62,Female,No,Occasional,No,29.3,No,Low,High,Urban,Moderate,0
67,Male,No,Never,No,20.3,No,Medium,High,Rural,Low,0
54,Female,Occasionally,Never,Regular,31.2,No,Low,Low,Urban,High,0
35,Female,Occasionally,Never,No,26.7,No,Low,Moderate,Urban,Low,0
24,Male,No,Daily (cigarette/bidi),Occasional,25.1,No,Medium,Low,Rural,Low,0
76,Female,Daily,Never,No,25.1,No,Medium,Low,Urban,High,1
83,Female,Daily,Never,No,32.5,Yes,Medium,Low,Rural,High,1
49,Female,Daily,Never,No,35.0,No,Medium,Moderate,Urban,Moderate,0
79,Male,Daily,Never,No,17.3,No,High,Moderate,Urban,Low,1
38,Female,No,Daily (cigarette/bidi),Regular,28.0,No,Medium,Moderate,Rural,Moderate,0
38,Male,No,Never,Occasional,29.1,Yes,Medium,Moderate,Rural,Moderate,0
22,Male,No,Occasional,No,28.3,Yes,Medium,Moderate,Urban,High,0
27,Female,No,Never,No,24.4,Yes,Medium,High,Urban,Moderate,0
60,Male,No,Never,No,26.3,No,Low,Moderate,Urban,Moderate,0
49,Female,Occasionally,Never,Occasional,26.4,No,Low,High,Rural,Moderate,0
64,Male,Occasionally,Daily (cigarette/bidi),No,24.2,Yes,High,Low,Urban,Moderate,1
41,Male,Daily,Never,Occasional,29.6,No,Medium,Low,Urban,Moderate,1
43,Female,Daily,Never,No,22.7,No,Low,Low,Urban,Moderate,0
79,Female,Daily,Daily (cigarette/bidi),No,26.4,No,Medium,Low,Urban,Moderate,1
50,Female,Occasionally,Never,No,16.2,No,Medium,Moderate,Rural,High,0
25,Female,No,Occasional,Regular,22.6,No,Low,Moderate,Rural,High,0
35,Female,No,Daily (cigarette/bidi),No,19.8,No,Low,Low,Rural,Low,0
82,Female,No,Daily (cigarette/bidi),No,28.7,No,Low,Moderate,Urban,Low,0
81,Male,Daily,Never,No,25.8,No,Medium,Moderate,Urban,Moderate,1
78,Male,No,Never,Regular,25.4,No,Low,Moderate,Rural,High,0
78,Female,Occasionally,Never,No,38.7,No,Low,High,Urban,High,0
53,Female,No,Daily (cigarette/bidi),No,34.2,No,Low,Low,Urban,High,0
22,Female,Occasionally,Never,No,23.1,No,Medium,Moderate,Urban,Low,0
68,Male,No,Never,No,29.9,No,High,Low,Rural,Moderate,0
68,Male,No,Never,Occasional,23.8,No,Low,Moderate,Rural,Moderate,0
48,Female,No,Daily (cigarette/bidi),No,27.1,Yes,Low,Moderate,Urban,Low,0
53,Female,No,Daily (cigarette/bidi),No,32.3,No,High,High,Rural,High,1
18,Male,No,Daily (cigarette/bidi),No,18.1,No,Low,Moderate,Urban,High,0
73,Female,Occasionally,Never,No,24.3,No,Medium,Moderate,Urban,High,0
58,Female,No,Never,Regular,17.3,No,Medium,High,Urban,High,0
78,Female,No,Daily (cigarette/bidi),Regular,36.5,Yes,Medium,High,Urban,Low,1
52,Male,No,Never,No,24.5,No,High,Moderate,Urban,Moderate,0
46,Male,No,Never,No,21.9,No,Low,Low,Rural,Low,0
26,Male,No,Never,Regular,29.9,No,High,Moderate,Rural,High,0
22,Female,No,Never,Regular,18.6,No,Medium,Moderate,Urban,High,0
37,Male,No,Never,No,21.1,No,High,Moderate,Rural,High,0
20,Male,Occasionally,Never,No,25.0,No,Medium,Low,Rural,Moderate,0
42,Male,No,Occasional,No,25.5,No,Medium,Moderate,Rural,High,0
74,Male,Occasionally,Never,Occasional,23.3,No,Low,Low,Urban,Low,0
22,Male,Occasionally,Never,No,24.7,No,Medium,Low,Urban,High,0
30,Female,No,Never,No,16.8,No,Low,Low,Urban,Moderate,0
57,Female,Daily,Never,Regular,21.8,No,Low,Low,Urban,Low,1
27,Male,No,Occasional,No,26.3,No,High,Moderate,Rural,Moderate,0
73,Male,No,Never,No,19.1,No,High,Moderate,Urban,Moderate,0
22,Male,No,Never,No,29.1,No,Medium,Low,Rural,Low,0
74,Male,No,Never,No,20.6,No,Medium,Low,Urban,High,0
56,Male,Daily,Daily (cigarette/bidi),No,28.6,No,Low,High,Rural,Moderate,1
66,Female,No,Occasional,Occasional,24.2,Yes,High,Moderate,Urban,High,1
25,Male,No,Never,Regular,22.7,No,Medium,Moderate,Urban,Moderate,0
56,Male,No,Never,Occasional,36.3,No,Medium,High,Urban,Moderate,0
33,Male,Occasionally,Daily (cigarette/bidi),No,21.7,No,Medium,Moderate,Urban,Moderate,0
43,Female,No,Never,Regular,25.0,No,Low,Low,Urban,High,0
42,Female,Daily,Never,Regular,21.3,No,Medium,Moderate,Urban,Moderate,0
55,Female,No,Never,Regular,21.5,No,Low,High,Rural,Moderate,0
26,Female,Daily,Occasional,No,28.0,Yes,Medium,Low,Rural,Moderate,1
76,Female,No,Occasional,No,24.4,No,Medium,Low,Urban,High,0
31,Male,No,Never,No,30.2,No,Medium,High,Rural,High,0
23,Male,No,Daily (cigarette/bidi),No,20.1,No,Medium,Low,Urban,Moderate,0
58,Female,No,Never,No,31.5,Yes,Medium,Low,Rural,Moderate,0
69,Male,No,Never,No,20.9,No,Medium,Moderate,Rural,Moderate,0
54,Female,Occasionally,Daily (cigarette/bidi),No,23.2,No,Medium,Moderate,Urban,Low,0
76,Male,No,Never,No,25.7,No,Low,Moderate,Rural,High,0
56,Female,No,Daily (cigarette/bidi),No,24.0,No,Low,Low,Rural,Moderate,0
20,Male,No,Never,No,21.1,No,Low,Low,Urban,Low,0
35,Male,No,Never,Occasional,22.0,No,Low,High,Rural,Moderate,0
30,Male,No,Occasional,No,22.1,No,Low,Low,Rural,Moderate,0
72,Male,Daily,Never,No,20.0,No,High,Moderate,Urban,High,1
72,Female,Occasionally,Never,No,28.6,No,High,Low,Urban,High,1
51,Female,Daily,Never,No,22.1,No,Medium,Moderate,Rural,Moderate,0
29,Male,Occasionally,Daily (cigarette/bidi),No,26.8,Yes,High,Moderate,Rural,Moderate,1
38,Female,No,Daily (cigarette/bidi),No,22.6,No,Low,High,Rural,Low,0
37,Female,Occasionally,Never,Occasional,29.2,No,Low,High,Urban,Low,0
37,Male,Daily,Never,Occasional,21.2,No,Low,Moderate,Rural,Low,0
74,Female,No,Never,No,25.7,No,High,Moderate,Urban,Low,0
62,Male,No,Never,No,27.6,No,Low,Low,Rural,High,0
48,Female,Occasionally,Daily (cigarette/bidi),No,25.7,No,Medium,Moderate,Urban,Moderate,0
20,Female,No,Never,No,27.0,No,Medium,Moderate,Urban,Moderate,0
40,Male,No,Never,No,33.0,No,Medium,Moderate,Urban,High,0
64,Female,Occasionally,Never,No,28.7,No,Medium,Moderate,Urban,Low,0
37,Female,Daily,Daily (cigarette/bidi),Occasional,16.7,No,Medium,Low,Urban,Low,1
49,Male,Occasionally,Daily (cigarette/bidi),No,26.7,No,Low,Moderate,Urban,Moderate,0
53,Male,No,Never,Regular,26.7,No,Low,High,Rural,Moderate,0
52,Female,Daily,Never,Regular,21.9,No,High,Moderate,Rural,High,1
35,Female,No,Daily (cigarette/bidi),No,26.1,No,Medium,Moderate,Urban,Moderate,0
31,Male,Occasionally,Never,Occasional,18.1,No,Medium,High,Rural,Low,0
25,Male,No,Never,No,32.5,No,Low,Low,Rural,Moderate,0
33,Female,No,Never,No,23.3,No,High,Low,Rural,Low,0
47,Female,Occasionally,Never,No,24.5,No,High,High,Urban,High,0
35,Male,Occasionally,Never,Occasional,21.8,No,Medium,Moderate,Urban,Low,0
22,Female,No,Daily (cigarette/bidi),No,15.0,No,High,High,Rural,High,0
49,Male,Daily,Never,Regular,20.2,No,Low,Low,Urban,Moderate,0
70,Male,No,Occasional,Occasional,20.0,Yes,High,Low,Urban,Moderate,1
52,Male,No,Never,Occasional,26.2,No,Medium,Moderate,Rural,Low,0
72,Male,No,Never,No,15.1,No,Low,High,Rural,High,0
69,Female,Occasionally,Daily (cigarette/bidi),Occasional,28.1,No,Medium,Moderate,Rural,High,1
39,Male,No,Never,No,19.8,Yes,Low,Low,Urban,Low,0
18,Male,Occasionally,Occasional,No,24.3,No,High,Moderate,Rural,High,0
72,Female,Occasionally,Never,No,24.4,No,High,Moderate,Urban,Moderate,0
38,Male,No,Never,No,17.7,No,High,High,Rural,Moderate,0
39,Male,No,Occasional,No,26.0,No,Medium,High,Urban,High,0
31,Male,Daily,Never,Regular,23.4,No,Medium,Moderate,Urban,Moderate,0
26,Male,No,Daily (cigarette/bidi),No,24.1,No,Low,High,Rural,Moderate,0
35,Female,No,Never,No,25.0,No,Medium,Low,Urban,High,0
56,Male,No,Occasional,Regular,25.4,No,Medium,Low,Rural,Moderate,0
56,Male,No,Occasional,No,31.5,No,High,Low,Rural,Low,0
80,Male,No,Never,No,22.4,No,Medium,Low,Urban,High,0
55,Female,Daily,Never,Regular,27.1,No,High,Low,Urban,Moderate,1
68,Male,No,Daily (cigarette/bidi),No,30.1,No,Low,Moderate,Urban,Moderate,0
18,Female,Daily,Never,No,29.3,No,Low,Low,Urban,High,0
30,Female,Daily,Never,No,27.8,No,Medium,High,Urban,High,0
21,Male,No,Never,Regular,21.0,No,Low,Low,Rural,High,0
47,Female,No,Daily (cigarette/bidi),Regular,22.7,Yes,Medium,Low,Rural,Moderate,1
40,Female,No,Never,No,25.0,No,Low,Moderate,Urban,Moderate,0
30,Female,No,Daily (cigarette/bidi),No,31.0,No,Medium,Low,Urban,Low,0
32,Female,No,Daily (cigarette/bidi),Occasional,26.2,Yes,Medium,Moderate,Urban,Low,0
76,Female,No,Never,No,31.1,No,Medium,Low,Urban,Low,0
82,Male,Occasionally,Never,Occasional,21.0,No,High,Moderate,Rural,High,1
57,Male,No,Never,No,17.9,No,High,Low,Rural,Moderate,0
75,Female,No,Never,No,28.9,No,Medium,High,Urban,Low,0
63,Female,Daily,Never,No,20.8,No,Medium,High,Urban,High,1
21,Male,Daily,Never,No,24.1,No,Medium,Moderate,Urban,High,0
79,Female,Daily,Never,Regular,17.6,No,Medium,Moderate,Urban,High,1
36,Male,Daily,Never,No,23.4,No,High,Low,Rural,High,0
47,Male,No,Never,No,29.3,No,Low,Low,Rural,High,0
65,Male,Daily,Never,No,22.8,No,Medium,Moderate,Rural,Low,1
59,Female,Occasionally,Occasional,No,17.3,Yes,High,Moderate,Urban,Moderate,1
19,Male,No,Daily (cigarette/bidi),No,29.8,No,Low,Low,Urban,Moderate,0
82,Female,No,Never,No,18.8,Yes,Low,High,Rural,High,0
29,Female,Daily,Never,No,23.3,No,Medium,Low,Urban,Low,0
83,Female,No,Never,No,26.3,No,High,Moderate,Urban,Moderate,0
47,Female,Occasionally,Occasional,No,27.5,No,Medium,Moderate,Urban,High,0
24,Male,Occasionally,Never,No,24.6,No,Medium,Moderate,Rural,High,0
32,Female,No,Never,No,24.2,No,Medium,Moderate,Urban,Low,0
71,Male,Daily,Occasional,Occasional,23.2,No,Low,Low,Urban,Low,1
51,Male,No,Occasional,Regular,21.0,No,Medium,Moderate,Urban,Moderate,0
29,Female,No,Never,Regular,30.7,No,Low,Low,Rural,Low,0
61,Male,No,Daily (cigarette/bidi),Occasional,28.6,No,Low,Low,Rural,Moderate,1
78,Female,No,Never,No,19.0,No,High,Low,Rural,Moderate,0
24,Female,No,Never,No,24.7,No,Medium,Low,Urban,High,0
74,Male,No,Never,No,22.9,No,Low,Moderate,Urban,High,0
77,Female,Daily,Occasional,No,21.8,No,High,Moderate,Urban,Low,1
66,Male,No,Never,No,23.6,No,Low,Moderate,Rural,Moderate,0
38,Male,No,Never,No,25.3,Yes,Medium,Low,Urban,High,0
81,Male,No,Never,No,25.4,No,Medium,Moderate,Urban,High,0
77,Male,Daily,Occasional,No,32.5,No,Medium,Moderate,Urban,Low,1
73,Male,No,Never,No,19.7,No,Medium,Moderate,Rural,Moderate,0
82,Female,No,Never,No,29.9,No,Medium,Low,Rural,Low,0
21,Male,No,Daily (cigarette/bidi),No,26.1,No,High,Moderate,Urban,High,0
53,Male,No,Occasional,No,24.6,No,Medium,High,Urban,High,0
31,Male,No,Never,Occasional,23.8,No,High,Low,Rural,Moderate,0
85,Female,No,Never,Regular,18.9,No,Low,Moderate,Urban,Low,0
76,Female,Occasionally,Never,No,30.0,No,Medium,Low,Rural,Low,0
72,Female,Daily,Never,No,25.5,No,High,Moderate,Rural,Moderate,1
71,Female,Daily,Never,Occasional,27.0,No,Low,Low,Rural,Moderate,1
61,Male,No,Never,Regular,24.4,No,Low,Low,Urban,Moderate,0
25,Male,Daily,Never,Regular,27.7,No,Medium,Moderate,Urban,Low,0
76,Female,No,Never,No,23.8,No,Low,High,Rural,Moderate,0
74,Female,No,Occasional,No,22.5,No,High,Moderate,Rural,Moderate,0
81,Male,No,Never,No,19.0,No,Low,High,Urban,Moderate,0
67,Female,Daily,Never,Occasional,24.6,No,Low,Low,Rural,High,1
57,Female,No,Occasional,No,30.9,No,High,High,Urban,Moderate,0
47,Male,No,Never,Regular,33.9,No,Medium,Moderate,Rural,Low,0
58,Female,Occasionally,Never,No,15.9,No,High,Low,Rural,Moderate,0
62,Male,Daily,Daily (cigarette/bidi),No,23.9,No,Medium,High,Urban,Low,1
64,Female,No,Occasional,Regular,31.2,No,Low,Low,Rural,Low,0
51,Male,No,Never,No,25.1,Yes,Medium,High,Urban,Moderate,0
42,Male,No,Daily (cigarette/bidi),Regular,25.9,No,High,Moderate,Urban,Moderate,1
68,Male,No,Never,No,22.9,Yes,Medium,Low,Rural,High,1
38,Male,No,Daily (cigarette/bidi),No,25.5,No,High,Low,Rural,Low,1
81,Male,No,Never,No,22.1,No,Low,Low,Rural,Moderate,0
57,Female,No,Never,Regular,27.4,No,Medium,Moderate,Urban,High,0
18,Female,No,Never,No,22.3,No,High,Low,Urban,Moderate,0
66,Female,Occasionally,Never,No,24.1,No,Medium,Moderate,Rural,High,1
79,Male,Daily,Daily (cigarette/bidi),No,18.7,No,Medium,Low,Urban,High,1
19,Female,No,Daily (cigarette/bidi),Regular,15.0,No,Medium,High,Urban,Low,0
39,Female,Daily,Never,No,19.7,No,Low,High,Urban,Moderate,0
74,Male,Occasionally,Never,No,31.6,No,High,Low,Rural,High,1
28,Female,No,Never,Occasional,31.2,Yes,Low,Low,Rural,Low,0
47,Male,No,Never,No,26.5,No,High,Moderate,Urban,High,0
62,Female,No,Occasional,No,29.3,No,Medium,Low,Urban,Low,0
36,Male,No,Daily (cigarette/bidi),No,28.3,No,Low,High,Rural,Low,0
54,Male,No,Daily (cigarette/bidi),Occasional,27.5,No,Medium,Low,Rural,Low,0
32,Male,No,Never,Occasional,18.5,No,High,Moderate,Urban,Low,0
83,Female,Daily,Never,No,29.0,No,Medium,Low,Urban,Moderate,1
37,Male,No,Never,No,26.3,No,Medium,High,Urban,Low,0
43,Female,Occasionally,Never,Occasional,24.3,No,Medium,High,Urban,High,0
30,Male,No,Never,No,20.0,No,High,Moderate,Rural,Low,0
30,Male,Daily,Never,No,28.8,No,Low,High,Urban,High,0
48,Male,No,Never,No,26.6,No,Medium,Moderate,Rural,Moderate,0
26,Female,No,Occasional,No,22.4,No,Medium,Low,Urban,Low,0
69,Female,Daily,Daily (cigarette/bidi),No,23.3,No,Medium,Low,Urban,Moderate,1
22,Male,Daily,Daily (cigarette/bidi),Regular,22.1,No,High,Low,Urban,Moderate,1
34,Female,No,Never,Occasional,27.1,No,Low,Moderate,Rural,Moderate,0
49,Male,No,Occasional,No,28.7,No,High,High,Rural,High,0
38,Male,No,Never,Regular,27.0,No,Medium,Low,Urban,High,0
64,Female,No,Never,Regular,20.4,No,Medium,Low,Urban,Low,0
74,Female,No,Daily (cigarette/bidi),No,17.7,Yes,Medium,Moderate,Urban,High,1
67,Male,No,Never,No,31.0,No,Medium,Moderate,Urban,Moderate,0
48,Male,Daily,Never,No,26.6,No,Medium,Moderate,Rural,High,0
67,Male,No,Never,Occasional,25.3,No,High,Low,Urban,Low,0
50,Male,Daily,Never,No,23.8,No,Medium,Moderate,Rural,Moderate,0
78,Male,Daily,Daily (cigarette/bidi),No,26.8,No,Medium,High,Rural,Moderate,1
61,Male,Occasionally,Daily (cigarette/bidi),Occasional,22.7,No,Low,Moderate,Urban,High,1
48,Female,No,Occasional,No,22.6,No,Medium,Moderate,Rural,Low,0
67,Female,No,Never,Regular,20.7,Yes,Medium,Moderate,Urban,Moderate,0
58,Male,Occasionally,Daily (cigarette/bidi),No,28.1,No,Low,Moderate,Urban,High,1
28,Male,No,Never,No,27.7,No,Medium,Low,Urban,Moderate,0
65,Male,No,Never,No,20.5,No,High,Moderate,Rural,Moderate,0
84,Male,No,Daily (cigarette/bidi),No,20.8,No,Medium,Moderate,Urban,Moderate,1
77,Male,No,Never,No,15.0,No,Low,High,Urban,High,0
36,Male,Daily,Never,Regular,25.5,No,Low,High,Rural,Moderate,0
50,Female,No,Never,Occasional,20.1,No,Medium,Moderate,Urban,Low,0
30,Male,No,Never,No,23.9,No,Medium,Low,Rural,High,0
78,Male,No,Never,Occasional,27.6,Yes,Medium,Moderate,Rural,Moderate,1
76,Male,No,Daily (cigarette/bidi),Occasional,20.4,No,Low,Low,Rural,Low,0
67,Male,No,Never,No,17.5,No,Medium,Low,Urban,Moderate,0
39,Female,No,Never,No,16.8,No,Medium,Moderate,Urban,High,0
30,Female,Daily,Never,Occasional,27.5,No,Low,Low,Urban,Moderate,0
61,Male,No,Never,No,26.4,Yes,Low,Moderate,Urban,High,0
40,Female,No,Never,No,17.4,Yes,Medium,Moderate,Urban,High,0
49,Male,No,Never,No,23.1,No,High,Low,Rural,Low,0
33,Male,No,Never,No,30.9,No,Low,Low,Rural,Low,0
45,Female,Daily,Daily (cigarette/bidi),No,23.4,Yes,Medium,Moderate,Rural,High,1
40,Female,No,Daily (cigarette/bidi),No,23.8,No,Low,Moderate,Rural,Moderate,0
46,Female,No,Never,Regular,16.8,No,Low,Moderate,Urban,Moderate,0
66,Male,No,Never,No,27.5,No,Medium,Moderate,Urban,Low,0
41,Female,Occasionally,Never,No,26.2,No,Medium,Moderate,Rural,Low,0
76,Female,No,Daily (cigarette/bidi),No,30.3,No,High,Low,Urban,Low,1
65,Male,No,Occasional,No,23.5,No,Medium,Moderate,Rural,High,0
75,Male,No,Daily (cigarette/bidi),Regular,23.1,No,Medium,Moderate,Urban,Low,1
23,Male,No,Never,No,29.6,No,Medium,Moderate,Urban,Low,0
46,Male,No,Never,No,28.1,No,Low,Moderate,Urban,Low,0
32,Male,Daily,Never,Occasional,29.3,No,High,Low,Urban,Moderate,1
57,Male,No,Never,No,22.5,No,High,Low,Urban,High,0
76,Female,No,Never,Occasional,25.6,No,High,High,Rural,Moderate,0
85,Male,Occasionally,Never,No,20.2,No,High,High,Rural,Moderate,1
60,Female,Daily,Never,Occasional,27.1,No,High,Moderate,Rural,High,1
58,Female,No,Never,No,24.9,No,Medium,Moderate,Urban,Low,0
78,Female,No,Never,Occasional,23.7,No,High,Low,Urban,High,0
58,Female,Occasionally,Never,Regular,27.3,No,Low,High,Urban,Moderate,0
72,Female,No,Never,Regular,20.7,No,High,Moderate,Rural,Low,1
58,Female,No,Daily (cigarette/bidi),No,27.1,No,Medium,High,Urban,Low,0
78,Female,Daily,Daily (cigarette/bidi),Occasional,26.1,No,Medium,Low,Urban,Low,1
73,Male,No,Daily (cigarette/bidi),No,30.2,No,Medium,High,Rural,Low,0
68,Female,No,Never,No,24.2,No,Low,Low,Rural,Low,0
46,Female,Daily,Occasional,No,22.3,No,High,Moderate,Urban,Low,0
83,Male,No,Never,No,26.2,No,Low,Low,Urban,High,0
56,Male,Occasionally,Never,No,29.3,No,Medium,High,Rural,High,0
33,Female,No,Never,No,21.0,No,High,Low,Urban,High,0
47,Female,No,Never,No,24.7,No,Low,Low,Urban,High,0
43,Female,No,Occasional,No,20.6,No,Low,Low,Urban,High,0
38,Male,Occasionally,Never,No,23.2,No,Low,High,Rural,High,0
69,Male,No,Never,Occasional,26.4,No,Medium,High,Urban,Moderate,0
75,Male,No,Daily (cigarette/bidi),No,16.4,No,Low,Moderate,Urban,Low,0
44,Male,No,Occasional,No,15.3,No,High,Low,Rural,Low,0
77,Female,No,Never,Occasional,28.3,No,Medium,Moderate,Urban,High,1
38,Female,Occasionally,Occasional,Regular,24.7,No,Medium,Low,Rural,Moderate,0
82,Female,No,Never,No,32.7,No,Medium,Low,Rural,Low,0
57,Female,No,Never,No,27.2,No,Low,Moderate,Rural,Moderate,0
32,Female,Occasionally,Never,No,32.6,Yes,Low,Moderate,Rural,Moderate,0
45,Female,No,Daily (cigarette/bidi),No,21.0,No,High,Low,Rural,Moderate,0
45,Male,No,Occasional,No,26.4,No,Medium,Moderate,Urban,Moderate,0
73,Male,No,Never,No,27.8,No,Medium,Low,Urban,Moderate,0
66,Female,No,Never,No,27.5,No,Medium,Low,Rural,Moderate,0
25,Male,No,Never,No,23.5,Yes,Medium,Low,Urban,Low,0
71,Male,Occasionally,Daily (cigarette/bidi),No,30.4,No,High,Moderate,Urban,Moderate,1
25,Male,No,Never,No,26.2,No,Medium,Moderate,Urban,High,0
73,Female,No,Daily (cigarette/bidi),Regular,23.6,No,Medium,Moderate,Urban,High,1
25,Male,No,Never,No,26.5,Yes,Low,Low,Urban,Moderate,0
36,Female,No,Never,Occasional,23.2,No,Low,Low,Urban,Low,0
65,Female,Occasionally,Occasional,Occasional,31.4,Yes,Medium,Low,Rural,Low,1
28,Male,No,Never,No,36.2,Yes,Medium,Low,Urban,Moderate,0
82,Female,No,Never,No,23.5,No,Medium,Moderate,Urban,Low,0
32,Female,No,Never,Regular,24.6,No,Medium,Low,Urban,Low,0
18,Male,Occasionally,Never,No,33.8,No,Low,Low,Urban,Moderate,0
47,Female,Occasionally,Daily (cigarette/bidi),No,24.8,No,Low,Low,Urban,High,0
41,Male,No,Never,No,24.0,No,Medium,Moderate,Urban,Low,0
78,Female,Daily,Never,Occasional,25.2,No,Low,Low,Urban,High,1
78,Male,No,Never,No,27.5,No,Low,Low,Urban,Moderate,0
39,Female,No,Never,No,24.8,No,Low,Moderate,Rural,Low,0
20,Female,No,Daily (cigarette/bidi),No,27.3,No,Low,High,Urban,Moderate,0
46,Female,No,Never,No,28.7,No,Low,Moderate,Rural,High,0
46,Male,Daily,Daily (cigarette/bidi),No,22.9,No,High,Low,Urban,Moderate,1
49,Female,Occasionally,Never,No,24.8,No,Medium,Moderate,Urban,Moderate,0
47,Female,Daily,Never,No,22.5,No,Medium,Moderate,Urban,Moderate,0
36,Male,No,Never,No,21.0,No,Low,Moderate,Urban,Moderate,0
24,Male,No,Never,No,22.2,No,High,Low,Rural,High,0
25,Female,Daily,Daily (cigarette/bidi),Regular,27.7,No,Low,Moderate,Rural,Low,1
42,Female,No,Never,Regular,18.1,No,Low,High,Urban,Moderate,0
29,Female,Daily,Occasional,Occasional,30.6,No,High,Low,Urban,Low,0
56,Male,No,Never,Occasional,23.7,No,High,High,Rural,Low,0
19,Female,Daily,Daily (cigarette/bidi),No,23.0,No,Medium,Low,Rural,Moderate,0
51,Male,Daily,Occasional,Regular,15.0,No,High,Moderate,Rural,Moderate,1
61,Female,Occasionally,Never,No,29.1,No,Medium,Low,Rural,Moderate,0
28,Female,Occasionally,Never,No,22.5,No,Low,Moderate,Urban,High,0
59,Female,Daily,Daily (cigarette/bidi),No,24.8,No,High,Moderate,Rural,High,1
72,Female,Occasionally,Never,No,29.2,No,Low,Moderate,Urban,Low,0
45,Female,Daily,Never,Occasional,27.7,No,Low,Low,Rural,High,1
25,Male,No,Never,Regular,28.3,No,Low,High,Urban,Moderate,0
57,Female,Occasionally,Never,Occasional,23.6,No,Low,Moderate,Rural,High,0
65,Female,No,Never,No,29.7,Yes,Medium,High,Urban,Moderate,0
80,Female,No,Daily (cigarette/bidi),Occasional,31.1,Yes,Medium,Moderate,Urban,High,1
69,Female,Occasionally,Occasional,Regular,22.9,No,Low,Moderate,Urban,High,1
64,Female,No,Never,No,24.6,No,Medium,Moderate,Urban,Low,0
76,Female,Daily,Daily (cigarette/bidi),Occasional,23.8,No,Medium,Low,Rural,Moderate,1
58,Female,Occasionally,Never,No,28.0,No,Medium,Low,Rural,High,0
68,Male,No,Never,No,23.8,No,Medium,Moderate,Urban,High,0
57,Female,Daily,Never,No,23.3,Yes,Medium,Low,Urban,Low,1
22,Male,No,Never,No,33.9,No,Low,High,Rural,High,0
60,Female,No,Never,No,23.1,No,High,Moderate,Urban,High,0
60,Male,Daily,Daily (cigarette/bidi),No,18.5,No,Medium,Moderate,Urban,High,1
43,Female,Daily,Never,No,28.3,No,Medium,Moderate,Rural,Moderate,0
46,Female,No,Daily (cigarette/bidi),No,24.3,No,Low,High,Urban,Moderate,0
19,Male,No,Daily (cigarette/bidi),No,24.1,No,High,Low,Rural,Moderate,0
77,Female,Occasionally,Never,No,21.5,Yes,High,Low,Rural,Moderate,1
75,Female,Daily,Never,Occasional,25.1,No,Medium,Low,Rural,Moderate,1
61,Male,No,Never,No,21.6,Yes,High,Low,Rural,Low,1
59,Female,Daily,Occasional,No,25.3,No,Low,Moderate,Rural,Low,0
52,Female,Daily,Never,Regular,25.8,No,Medium,Moderate,Urban,Moderate,1
55,Male,Daily,Never,Regular,26.9,No,Medium,Moderate,Rural,Moderate,1
59,Male,Daily,Daily (cigarette/bidi),No,26.5,No,Medium,Low,Rural,High,1
55,Male,No,Daily (cigarette/bidi),No,21.8,Yes,High,Moderate,Urban,High,1
23,Female,Occasionally,Never,Regular,23.0,Yes,Medium,Low,Rural,Low,0
52,Female,No,Never,No,28.9,No,Medium,High,Urban,High,0
43,Male,No,Never,Occasional,23.5,No,Medium,Low,Rural,Low,0
43,Female,No,Never,Occasional,29.4,No,High,Moderate,Rural,Moderate,0
68,Female,No,Daily (cigarette/bidi),No,24.6,No,Medium,Moderate,Rural,High,1
35,Female,Daily,Occasional,No,22.6,No,Low,Moderate,Urban,Low,0
52,Female,No,Never,No,27.6,No,Medium,Low,Urban,Moderate,0
61,Male,No,Never,No,25.3,Yes,Medium,Moderate,Urban,Low,0
55,Male,No,Never,No,31.4,No,Medium,Moderate,Rural,Low,0
18,Female,No,Occasional,Regular,27.7,Yes,Medium,Moderate,Rural,Low,0
59,Male,No,Never,No,29.8,No,Low,Moderate,Rural,Moderate,0
46,Male,Occasionally,Never,No,23.1,Yes,Medium,Moderate,Urban,Moderate,0
49,Female,Daily,Never,No,25.1,No,High,Moderate,Urban,Low,0
45,Male,No,Never,No,30.1,No,Medium,Moderate,Rural,Moderate,0
34,Female,No,Daily (cigarette/bidi),No,27.0,No,Low,Moderate,Urban,High,0
65,Male,No,Occasional,No,25.2,No,Medium,High,Urban,Moderate,0
40,Female,Daily,Occasional,No,31.3,No,High,Low,Urban,High,1
41,Male,No,Never,No,19.6,No,Medium,Moderate,Rural,Moderate,0
55,Female,Daily,Never,No,27.8,No,Medium,Low,Rural,Low,1
27,Female,Daily,Occasional,Occasional,23.9,No,Low,Moderate,Rural,Moderate,0
31,Male,No,Daily (cigarette/bidi),No,21.3,No,High,Low,Urban,Low,0
74,Male,No,Occasional,No,20.3,No,Medium,Low,Rural,Moderate,0
78,Female,No,Daily (cigarette/bidi),Regular,22.4,No,High,Moderate,Rural,High,1
37,Male,No,Daily (cigarette/bidi),No,22.3,No,High,Moderate,Urban,Moderate,0
43,Female,No,Never,No,25.2,No,Low,Moderate,Urban,High,0
24,Female,No,Never,No,25.4,No,Low,Low,Urban,Moderate,0
44,Female,Daily,Never,Occasional,27.1,Yes,High,Moderate,Urban,Moderate,1
81,Male,No,Never,Regular,21.7,Yes,Low,High,Urban,Moderate,1
53,Male,No,Never,Regular,29.8,No,Low,Moderate,Urban,Moderate,0
47,Male,Daily,Never,Regular,25.4,No,Low,Moderate,Urban,Moderate,1
36,Female,No,Occasional,Occasional,26.3,No,Medium,High,Rural,Low,0
61,Male,Occasionally,Occasional,No,24.5,No,High,High,Urban,High,0
47,Male,Occasionally,Daily (cigarette/bidi),No,25.4,No,Low,Low,Urban,High,1
69,Female,No,Occasional,Regular,19.8,No,Medium,High,Urban,Moderate,0
39,Male,No,Never,No,24.9,No,Medium,Low,Urban,Moderate,0
78,Male,No,Never,Regular,22.1,No,Medium,Moderate,Rural,High,0
33,Female,Daily,Never,No,18.0,No,Medium,Moderate,Rural,High,0
18,Female,No,Never,No,23.9,No,High,Moderate,Urban,Low,0
65,Male,Daily,Never,No,33.9,No,Low,High,Urban,Moderate,1
37,Male,Daily,Daily (cigarette/bidi),Occasional,28.0,No,High,Moderate,Rural,Moderate,1
81,Male,Daily,Occasional,No,21.4,No,Medium,Low,Rural,Moderate,1
55,Male,Daily,Occasional,Regular,20.8,No,Medium,Moderate,Rural,Moderate,1
35,Male,No,Occasional,No,35.0,No,Low,Moderate,Rural,High,0
22,Female,No,Never,Occasional,25.1,No,Low,Moderate,Rural,High,0
65,Female,No,Never,No,28.5,Yes,Low,Moderate,Urban,Low,0
83,Male,No,Never,Regular,18.5,No,Low,High,Rural,Moderate,0
46,Male,No,Never,No,24.8,No,High,Moderate,Urban,Low,0
80,Male,Occasionally,Daily (cigarette/bidi),No,25.1,No,Medium,Low,Rural,Low,1
34,Female,No,Never,No,27.7,No,High,Low,Urban,Moderate,0
65,Female,Occasionally,Daily (cigarette/bidi),No,20.0,No,High,Moderate,Urban,Low,1
76,Female,Daily,Occasional,Regular,25.2,No,Medium,Low,Urban,Low,1
59,Male,Daily,Never,No,30.6,No,High,Low,Rural,High,1
71,Male,Daily,Daily (cigarette/bidi),No,26.6,No,Medium,Moderate,Rural,Moderate,1
45,Male,Daily,Never,No,30.5,Yes,Low,Moderate,Rural,High,1
44,Female,No,Never,No,25.3,No,Medium,High,Urban,Low,0
85,Male,Occasionally,Never,Regular,28.6,No,Medium,Moderate,Urban,Moderate,1
46,Male,No,Daily (cigarette/bidi),No,25.8,No,Medium,Low,Urban,Low,0
44,Female,No,Never,Occasional,25.7,Yes,Medium,Moderate,Rural,Low,0
23,Male,No,Daily (cigarette/bidi),Regular,25.9,No,High,Moderate,Urban,Low,0
74,Male,Daily,Never,No,23.8,Yes,Medium,Moderate,Rural,Moderate,1
61,Female,No,Daily (cigarette/bidi),No,23.6,No,Low,Low,Urban,Moderate,0
57,Male,No,Never,No,15.0,No,Low,High,Rural,Moderate,0
36,Male,Occasionally,Daily (cigarette/bidi),No,24.2,No,High,Moderate,Urban,Moderate,0
54,Male,Occasionally,Daily (cigarette/bidi),No,23.7,No,Medium,Low,Urban,Moderate,0
36,Male,Daily,Daily (cigarette/bidi),No,21.0,No,High,Moderate,Urban,Low,0
34,Female,No,Daily (cigarette/bidi),No,23.4,No,Low,Moderate,Urban,Low,0
48,Male,Daily,Never,No,21.5,No,High,Low,Urban,Moderate,1
35,Male,No,Never,Occasional,30.3,No,Low,Moderate,Urban,Moderate,0
40,Female,Daily,Never,Regular,28.0,No,High,High,Urban,Low,0
35,Male,No,Never,No,21.9,No,Medium,Low,Urban,Moderate,0
63,Male,No,Never,Occasional,31.6,Yes,High,Low,Urban,Low,1
74,Male,No,Never,No,18.9,No,Medium,Moderate,Urban,High,0
73,Female,No,Never,No,21.7,No,Low,Moderate,Urban,High,0
59,Male,Daily,Never,Occasional,25.9,No,Low,Moderate,Rural,Low,1
54,Female,Daily,Occasional,Occasional,22.8,Yes,Medium,High,Urban,Moderate,1
80,Male,No,Never,No,27.3,No,High,Moderate,Urban,High,0
49,Female,No,Never,Occasional,22.8,No,Medium,Moderate,Rural,Low,0
44,Male,No,Occasional,Regular,19.8,No,Medium,Moderate,Urban,High,0
32,Male,No,Never,No,21.9,No,Medium,Low,Urban,Low,0
38,Male,No,Never,No,30.2,No,High,Moderate,Rural,High,0
41,Male,Daily,Never,No,24.1,No,High,Low,Rural,Moderate,1
37,Female,No,Daily (cigarette/bidi),No,21.2,No,Medium,Moderate,Rural,Moderate,0
63,Female,No,Daily (cigarette/bidi),No,23.9,No,High,Low,Urban,High,1
45,Male,No,Daily (cigarette/bidi),No,15.0,Yes,Low,Moderate,Urban,Low,0
78,Male,No,Never,Occasional,20.9,No,High,Low,Rural,Moderate,0
62,Female,No,Never,No,22.4,No,Low,Low,Rural,High,0
35,Female,No,Never,No,26.1,No,High,Low,Rural,High,0
78,Female,No,Daily (cigarette/bidi),Regular,25.4,No,High,Moderate,Urban,Moderate,1
42,Male,No,Daily (cigarette/bidi),Occasional,27.0,No,High,High,Urban,High,0
45,Male,No,Never,No,32.5,No,Medium,High,Urban,High,0
19,Female,No,Never,Regular,28.4,No,High,High,Urban,Moderate,0
78,Male,Occasionally,Never,No,25.0,No,Medium,Low,Urban,High,0
79,Female,Daily,Never,No,20.7,No,Low,Moderate,Rural,Low,1
25,Male,No,Never,No,24.6,No,High,Low,Urban,High,0
82,Male,No,Daily (cigarette/bidi),No,30.6,No,Medium,Low,Urban,High,1
33,Male,No,Occasional,No,19.4,No,High,Moderate,Rural,Moderate,0
82,Male,No,Daily (cigarette/bidi),Regular,37.5,No,Low,High,Rural,Moderate,1
77,Male,Daily,Never,No,17.5,No,Low,Low,Urban,High,1
20,Male,No,Never,No,18.8,Yes,Low,Moderate,Urban,High,0
65,Male,No,Daily (cigarette/bidi),No,20.8,Yes,Medium,Low,Rural,Moderate,1
64,Female,Occasionally,Never,No,26.2,No,Medium,Low,Urban,High,1
73,Male,Occasionally,Never,Regular,16.2,No,Medium,Low,Urban,High,1
75,Female,Occasionally,Never,Occasional,26.5,No,Medium,High,Urban,Moderate,0
38,Female,Daily,Never,Regular,19.8,No,Medium,Low,Urban,Low,1
70,Male,Daily,Daily (cigarette/bidi),No,23.3,Yes,High,Low,Urban,Moderate,1
71,Female,Occasionally,Never,Occasional,25.1,No,Medium,Low,Rural,High,1
36,Female,No,Never,Occasional,20.8,No,Medium,Low,Rural,High,0
81,Female,Daily,Daily (cigarette/bidi),No,25.4,No,Medium,Low,Rural,Moderate,1
69,Male,Occasionally,Never,No,21.5,No,High,High,Urban,Low,0
33,Female,No,Never,Occasional,28.8,No,Medium,Moderate,Urban,Low,0
69,Male,Daily,Never,No,22.4,Yes,Medium,Low,Rural,Moderate,1
37,Female,No,Never,No,24.6,No,Medium,Low,Urban,Moderate,0
64,Male,No,Never,Occasional,23.8,No,High,Low,Rural,Moderate,0
72,Female,No,Never,No,30.5,No,Medium,Low,Rural,Low,0
63,Female,Daily,Daily (cigarette/bidi),No,21.5,No,Medium,Moderate,Urban,Moderate,1
54,Female,No,Never,No,17.7,No,Medium,Low,Urban,Low,0
40,Male,Daily,Never,Occasional,30.9,No,Medium,High,Rural,Moderate,0
19,Male,No,Never,No,24.4,No,Medium,Low,Urban,Moderate,0
21,Female,No,Never,No,33.3,No,High,High,Rural,Low,0
44,Female,Occasionally,Never,No,28.9,No,High,Moderate,Urban,Low,0
81,Male,Daily,Never,No,26.2,No,Low,Moderate,Rural,Moderate,1
19,Female,No,Never,No,15.2,No,High,Low,Urban,Low,0
55,Male,Daily,Never,Occasional,23.9,No,Low,Low,Urban,Moderate,0
55,Male,Daily,Never,No,22.8,No,Medium,Low,Rural,High,1
81,Male,No,Occasional,No,33.3,No,High,Moderate,Urban,High,1
64,Male,Daily,Never,Occasional,17.6,No,High,Low,Urban,High,1
55,Male,No,Daily (cigarette/bidi),No,32.3,No,Low,Low,Rural,High,0
37,Female,No,Daily (cigarette/bidi),No,19.3,No,Low,Low,Rural,High,0
31,Male,No,Occasional,No,20.7,No,Low,Low,Urban,High,0
82,Female,No,Daily (cigarette/bidi),No,23.9,No,Medium,Low,Urban,Low,1
56,Male,Occasionally,Never,Occasional,24.0,No,Medium,Low,Urban,Moderate,0
63,Male,Occasionally,Never,No,26.2,No,High,Moderate,Rural,Low,0
85,Male,No,Daily (cigarette/bidi),No,29.9,No,Medium,High,Rural,Moderate,1
58,Male,Daily,Never,No,28.5,No,Medium,Moderate,Urban,Moderate,0
56,Male,No,Never,Regular,24.5,No,Medium,Moderate,Urban,Moderate,0
81,Male,No,Never,Occasional,32.4,No,Medium,Moderate,Rural,Moderate,0
48,Male,No,Never,Regular,23.3,No,Medium,Moderate,Rural,High,0
30,Female,No,Never,No,25.7,No,Medium,Low,Rural,High,0
72,Female,No,Daily (cigarette/bidi),No,29.9,No,Medium,High,Urban,Moderate,0
55,Male,Daily,Daily (cigarette/bidi),Regular,31.7,No,Low,High,Urban,High,1
53,Male,No,Never,No,29.8,No,High,High,Rural,Low,0
49,Female,No,Never,No,28.8,No,High,Moderate,Rural,High,0
43,Male,No,Never,Occasional,31.0,No,Medium,High,Urban,Moderate,0
66,Male,Daily,Daily (cigarette/bidi),No,23.2,No,High,High,Rural,Moderate,1
65,Male,No,Never,No,27.4,No,High,Moderate,Rural,Moderate,0
78,Female,No,Occasional,No,22.4,No,Medium,Low,Rural,Low,0
32,Female,Occasionally,Daily (cigarette/bidi),No,25.2,No,Medium,Low,Rural,Low,0
27,Male,No,Never,Occasional,25.9,No,Medium,Low,Urban,Moderate,0
40,Male,Daily,Daily (cigarette/bidi),No,21.2,No,Medium,Moderate,Urban,Low,1
36,Female,Occasionally,Never,No,29.8,No,Medium,High,Urban,High,0
57,Female,Daily,Daily (cigarette/bidi),No,19.2,No,Medium,High,Rural,Low,1
68,Female,Daily,Daily (cigarette/bidi),Occasional,25.0,No,Low,Low,Rural,Moderate,1
47,Male,No,Never,No,24.0,No,Low,Moderate,Urban,Moderate,0
27,Male,No,Never,No,21.5,No,High,Low,Rural,Low,0
45,Male,No,Never,No,24.4,No,Medium,Moderate,Urban,Moderate,0
64,Female,No,Occasional,No,28.1,No,Medium,Low,Rural,Low,0
29,Male,No,Occasional,No,16.2,No,Medium,Low,Urban,Low,0
19,Male,No,Never,No,22.3,No,Low,Moderate,Urban,Moderate,0
34,Female,No,Daily (cigarette/bidi),No,26.0,No,Medium,Moderate,Urban,High,0
34,Female,No,Never,Regular,24.5,No,High,Low,Rural,Moderate,0
33,Male,No,Never,No,26.3,No,High,Moderate,Rural,Low,0
75,Female,Daily,Daily (cigarette/bidi),No,25.4,No,High,Moderate,Rural,High,1
45,Male,No,Never,No,25.0,No,Low,Moderate,Urban,High,0
42,Male,No,Daily (cigarette/bidi),No,26.8,No,Medium,Moderate,Urban,High,0
43,Female,No,Never,No,21.1,No,Medium,Moderate,Rural,High,0
66,Male,Daily,Daily (cigarette/bidi),No,24.4,No,Medium,Moderate,Rural,Low,1
84,Female,Occasionally,Never,No,17.9,Yes,Medium,Moderate,Urban,Low,1
46,Male,No,Never,No,23.4,No,Low,Moderate,Urban,Moderate,0
20,Male,Daily,Daily (cigarette/bidi),No,27.4,No,Medium,Moderate,Rural,Low,0
41,Male,No,Daily (cigarette/bidi),Occasional,32.8,Yes,Medium,Moderate,Urban,Moderate,0
82,Female,Daily,Never,No,24.7,No,Medium,Low,Urban,Low,1
68,Male,No,Never,No,22.9,No,High,Moderate,Urban,High,0
79,Male,No,Daily (cigarette/bidi),No,29.9,No,High,Moderate,Urban,High,1
43,Male,No,Daily (cigarette/bidi),Regular,20.6,No,Low,Moderate,Rural,Moderate,0
36,Male,Daily,Never,Regular,21.3,No,Low,Moderate,Urban,Moderate,0
77,Male,No,Never,No,22.4,No,Medium,Low,Urban,Low,0
77,Male,No,Never,Occasional,33.9,No,High,Moderate,Rural,Moderate,1
72,Male,Daily,Never,No,22.3,No,Low,Moderate,Rural,Low,1
36,Male,No,Never,No,18.9,No,High,Moderate,Rural,Moderate,0
58,Female,Daily,Never,No,21.4,No,Medium,Low,Rural,Moderate,1
32,Male,No,Daily (cigarette/bidi),Occasional,23.9,No,High,Low,Urban,Low,0
55,Male,Daily,Daily (cigarette/bidi),Occasional,27.0,No,High,High,Rural,High,1
32,Female,No,Daily (cigarette/bidi),No,22.9,No,Medium,Moderate,Urban,Low,0
53,Male,No,Never,No,19.6,Yes,Medium,Moderate,Urban,High,0
59,Male,No,Never,No,27.2,No,Low,Moderate,Urban,High,0
76,Female,No,Never,Occasional,25.7,No,High,Moderate,Urban,Moderate,0
35,Male,Daily,Never,Occasional,21.4,No,Low,Low,Urban,High,0
25,Female,No,Never,No,29.4,No,Medium,Moderate,Urban,High,0
68,Male,No,Never,Occasional,30.9,Yes,High,High,Urban,Low,0
69,Male,No,Never,No,19.8,No,Medium,Low,Urban,High,0
41,Male,No,Never,No,24.4,No,Medium,Moderate,Urban,Moderate,0
19,Female,No,Daily (cigarette/bidi),No,26.8,No,High,Moderate,Urban,Low,0
63,Male,No,Never,No,23.1,No,Low,Moderate,Urban,High,0
35,Female,Occasionally,Occasional,No,26.5,No,Medium,Moderate,Urban,Moderate,0
29,Male,No,Never,Occasional,22.4,No,Low,Low,Urban,High,0
55,Female,No,Never,No,21.1,No,Low,Low,Urban,Low,0
50,Female,Daily,Never,No,25.0,No,Medium,Low,Rural,Moderate,1
53,Female,Daily,Never,No,22.4,No,Medium,Low,Urban,Low,0
26,Female,Occasionally,Never,No,20.6,No,Medium,Low,Rural,Low,0
60,Female,Daily,Never,No,24.1,No,High,High,Rural,Moderate,1
81,Female,No,Occasional,No,33.1,No,High,Low,Rural,Moderate,1
45,Male,Occasionally,Never,No,23.6,No,Medium,Low,Urban,Moderate,0
79,Female,Occasionally,Never,No,22.7,No,Low,Moderate,Rural,Low,0
22,Female,No,Never,No,20.3,No,Medium,Low,Rural,Moderate,0
37,Male,No,Never,No,20.9,No,Low,Moderate,Urban,Moderate,0
63,Female,No,Never,No,21.9,No,Medium,Moderate,Urban,Moderate,0
71,Female,Daily,Never,No,20.0,No,High,Low,Urban,Low,1
49,Female,No,Occasional,No,23.3,No,Medium,Low,Rural,High,0
63,Female,No,Never,No,28.7,Yes,Low,High,Urban,Low,0
70,Male,No,Never,No,21.4,No,High,High,Rural,Low,0
31,Female,No,Never,No,16.1,No,High,Low,Rural,Moderate,0
22,Female,No,Never,No,22.7,No,Medium,Low,Urban,High,0
52,Male,No,Never,No,20.0,Yes,High,Low,Rural,Low,0
75,Female,No,Never,No,21.3,No,Medium,Low,Rural,Moderate,0
62,Female,Daily,Daily (cigarette/bidi),No,30.4,No,Medium,High,Urban,Low,1
78,Female,No,Never,Occasional,21.3,No,High,Moderate,Urban,Low,0
76,Female,Occasionally,Never,Regular,27.3,No,Low,Moderate,Rural,Moderate,1
76,Male,No,Daily (cigarette/bidi),No,30.8,No,Medium,Low,Urban,Low,1
30,Female,No,Never,Occasional,24.6,No,High,Low,Rural,Low,0
18,Female,Daily,Daily (cigarette/bidi),No,21.0,No,Medium,Moderate,Urban,Moderate,1
18,Male,Daily,Never,Regular,24.7,No,Medium,High,Rural,Low,0
72,Female,Daily,Never,No,25.6,No,Medium,Low,Urban,High,1
73,Female,No,Daily (cigarette/bidi),No,20.5,No,Medium,Moderate,Urban,Moderate,1
76,Male,Occasionally,Never,No,23.5,No,Medium,Moderate,Urban,Low,0
23,Male,Occasionally,Never,No,22.2,No,Medium,Low,Urban,High,0
47,Male,No,Occasional,No,21.4,No,Low,Moderate,Urban,Moderate,0
72,Female,Occasionally,Never,No,25.4,No,High,Low,Urban,Moderate,1
72,Female,Occasionally,Never,No,15.0,No,Low,Low,Urban,Moderate,0
22,Male,No,Never,No,17.2,No,Medium,High,Rural,High,0
51,Male,No,Never,No,23.7,No,Medium,Moderate,Urban,Low,0
24,Male,No,Never,Occasional,25.8,No,Medium,Moderate,Rural,Moderate,0
38,Female,No,Never,Occasional,21.7,No,Medium,Moderate,Urban,Moderate,0
26,Male,Daily,Never,No,26.6,No,Low,Moderate,Urban,Low,0
52,Male,No,Never,No,24.7,No,Medium,Low,Rural,High,0
27,Female,Daily,Occasional,No,30.0,No,Low,Low,Rural,Low,0
59,Male,No,Never,Regular,27.6,No,Low,High,Urban,High,0
74,Male,No,Occasional,No,23.4,No,Low,High,Rural,Moderate,0
55,Male,No,Daily (cigarette/bidi),Regular,25.6,No,Medium,Moderate,Rural,High,1
60,Male,No,Occasional,No,20.7,No,Low,High,Rural,Low,0
28,Male,Daily,Occasional,No,18.8,No,Medium,High,Rural,Moderate,0
74,Male,No,Never,No,27.3,No,Low,Low,Rural,Low,0
57,Male,No,Never,Occasional,21.9,No,Medium,Low,Rural,Moderate,0
37,Female,No,Never,No,25.7,No,High,Low,Rural,Low,0
20,Female,Daily,Occasional,No,21.7,No,High,Moderate,Rural,Low,0
38,Male,No,Never,No,19.2,No,Medium,Low,Urban,Low,0
77,Female,No,Occasional,No,27.8,No,Medium,Moderate,Urban,High,1
49,Female,Daily,Daily (cigarette/bidi),Occasional,21.2,No,Medium,Moderate,Rural,Low,1
83,Male,No,Never,Regular,25.9,No,Medium,High,Urban,Low,0
75,Male,Occasionally,Daily (cigarette/bidi),No,30.0,No,Medium,Low,Rural,Moderate,1
47,Male,No,Never,No,23.9,No,Medium,Moderate,Urban,High,0
71,Female,Occasionally,Never,No,26.3,No,High,Low,Urban,High,1
81,Male,Daily,Daily (cigarette/bidi),No,20.8,No,Low,Moderate,Urban,High,1
67,Female,Daily,Never,Regular,20.7,No,Medium,Moderate,Urban,Low,1
50,Female,No,Occasional,Occasional,28.5,No,High,Low,Urban,Moderate,0
84,Female,Daily,Daily (cigarette/bidi),Regular,23.9,No,Low,High,Rural,Moderate,1
38,Male,No,Daily (cigarette/bidi),Occasional,29.1,No,Medium,Moderate,Rural,Low,0
77,Male,No,Never,Occasional,27.6,No,Medium,Moderate,Rural,High,0
77,Female,No,Occasional,No,27.5,No,High,Low,Rural,Moderate,1
68,Male,Occasionally,Never,Occasional,25.8,No,Medium,Moderate,Rural,Moderate,0
50,Female,No,Never,Regular,26.7,No,Medium,High,Urban,Low,0
54,Male,No,Never,No,23.7,No,Low,Low,Urban,Low,0
43,Female,No,Occasional,No,23.6,No,Low,Moderate,Urban,Low,0
42,Male,No,Never,No,30.0,No,High,Low,Urban,Low,0
58,Male,Occasionally,Never,Regular,28.5,Yes,Low,Moderate,Rural,High,1
21,Female,No,Never,Occasional,19.5,No,Medium,Low,Urban,Moderate,0
47,Male,Daily,Daily (cigarette/bidi),No,25.8,No,Low,High,Urban,High,1
56,Female,Daily,Never,Regular,26.1,Yes,Medium,Moderate,Urban,Moderate,1
84,Male,No,Daily (cigarette/bidi),Occasional,30.9,No,Medium,Low,Rural,Low,1
30,Female,Daily,Never,No,29.9,No,Medium,High,Rural,High,0
43,Female,No,Occasional,No,28.5,No,Low,Low,Urban,Low,0
61,Female,No,Never,No,22.5,No,High,Moderate,Urban,High,0
22,Male,No,Daily (cigarette/bidi),Occasional,26.2,No,Low,Moderate,Rural,Moderate,0
34,Female,Daily,Never,No,20.2,No,High,Moderate,Urban,Moderate,0
42,Male,Daily,Occasional,Occasional,24.2,No,Medium,Low,Rural,Moderate,1
50,Female,Occasionally,Daily (cigarette/bidi),No,22.6,No,Medium,High,Urban,Moderate,0
36,Male,Daily,Occasional,Regular,26.9,No,Medium,Moderate,Urban,High,1
44,Male,No,Occasional,No,23.5,No,High,Moderate,Rural,Moderate,0
73,Female,Daily,Never,Occasional,19.9,No,Medium,Moderate,Rural,Low,1
67,Male,No,Never,No,24.0,No,Low,Low,Urban,High,0
83,Male,No,Occasional,No,25.5,No,High,Moderate,Urban,Low,0
55,Male,No,Never,No,22.8,No,High,Low,Urban,Moderate,0
81,Male,Daily,Daily (cigarette/bidi),No,23.2,No,High,Moderate,Rural,Moderate,1
18,Male,No,Never,No,15.0,No,High,Moderate,Rural,High,0
62,Male,Daily,Never,No,24.1,No,Low,Low,Urban,Low,0
70,Male,No,Daily (cigarette/bidi),Regular,29.1,No,High,Low,Rural,Moderate,1
18,Male,No,Never,Occasional,18.7,No,Medium,Low,Urban,Low,0
38,Female,No,Never,No,15.0,No,Low,Low,Urban,Moderate,0
23,Female,No,Occasional,No,19.1,No,Medium,Low,Urban,Moderate,0
75,Female,Daily,Daily (cigarette/bidi),No,30.2,No,High,High,Rural,Low,1
56,Male,No,Never,Regular,25.1,Yes,Medium,High,Urban,Moderate,0
30,Male,No,Never,No,31.9,Yes,Low,Moderate,Rural,Moderate,0
19,Male,Daily,Never,No,19.2,Yes,Medium,Low,Rural,Low,0
47,Male,Daily,Never,Regular,18.3,No,Medium,Low,Urban,Moderate,1
67,Male,No,Never,No,23.2,No,High,Moderate,Rural,Moderate,0
74,Female,No,Daily (cigarette/bidi),Occasional,21.1,No,High,Moderate,Urban,Moderate,1
48,Female,Daily,Never,Occasional,27.4,Yes,High,Moderate,Rural,Low,1
31,Male,No,Never,Occasional,23.3,No,Medium,Moderate,Rural,Low,0
62,Male,No,Never,Occasional,24.5,No,Medium,Moderate,Rural,Low,0
62,Male,No,Daily (cigarette/bidi),No,17.7,No,Low,Moderate,Rural,High,0
39,Male,No,Never,No,25.3,No,High,Low,Urban,Low,0
41,Male,No,Never,Regular,18.1,No,Low,Moderate,Urban,Low,0
38,Male,No,Daily (cigarette/bidi),No,15.0,Yes,Low,Moderate,Urban,Moderate,0
24,Female,No,Never,No,19.1,No,Medium,Moderate,Rural,Low,0
78,Female,No,Daily (cigarette/bidi),Occasional,15.0,No,Low,Moderate,Urban,High,0
62,Male,No,Never,No,23.6,No,Low,High,Rural,Moderate,0
57,Female,No,Never,Regular,27.1,No,Medium,Moderate,Rural,Moderate,0
22,Male,Occasionally,Daily (cigarette/bidi),No,28.1,No,Low,Low,Urban,Moderate,0
36,Male,Occasionally,Never,Occasional,25.0,No,Medium,High,Urban,High,0
41,Male,Daily,Never,No,18.1,No,High,Low,Rural,High,1
31,Male,Occasionally,Never,Occasional,20.8,No,High,Low,Urban,Low,0
85,Female,No,Daily (cigarette/bidi),No,17.7,No,High,Moderate,Urban,Moderate,1
46,Female,No,Daily (cigarette/bidi),No,22.0,No,Low,Moderate,Urban,High,0
26,Male,Daily,Never,No,33.4,No,Low,Low,Urban,Low,0
65,Female,No,Never,No,15.0,No,High,High,Rural,Low,0
23,Male,Daily,Daily (cigarette/bidi),Occasional,18.5,No,Medium,Moderate,Rural,Moderate,0
46,Female,No,Never,No,29.1,No,Low,Low,Urban,Moderate,0
44,Male,No,Occasional,No,23.6,No,Medium,Low,Urban,Moderate,0
28,Male,No,Daily (cigarette/bidi),Occasional,20.0,No,Medium,Low,Urban,Low,0
23,Female,No,Daily (cigarette/bidi),No,20.4,No,Low,Low,Rural,Low,0
70,Male,No,Never,No,29.0,No,High,High,Urban,Moderate,0
49,Male,No,Daily (cigarette/bidi),No,29.6,No,Medium,High,Rural,High,0
52,Male,No,Never,No,23.1,No,Low,Moderate,Urban,Low,0
34,Male,Occasionally,Daily (cigarette/bidi),No,24.2,No,Low,Moderate,Urban,High,0
73,Male,Occasionally,Never,No,28.7,No,Low,Moderate,Urban,Moderate,0
36,Male,Daily,Never,No,19.3,No,Low,Low,Rural,Low,0
56,Female,No,Never,No,23.3,Yes,Medium,Moderate,Rural,Moderate,0
84,Male,Daily,Daily (cigarette/bidi),No,33.3,No,Medium,Low,Rural,High,1
80,Female,No,Never,Occasional,32.3,No,Low,Moderate,Urban,Low,0
31,Female,No,Occasional,No,27.0,No,Medium,Moderate,Rural,High,0
53,Female,No,Never,Regular,34.6,Yes,Medium,Moderate,Urban,Low,0
18,Male,No,Never,No,37.1,No,Low,Moderate,Urban,Moderate,0
18,Female,Daily,Never,No,25.0,Yes,Low,Low,Urban,Moderate,0
26,Male,Daily,Never,Occasional,28.0,No,High,Moderate,Urban,High,1
68,Male,Daily,Never,No,30.6,No,Medium,Moderate,Urban,Low,1
67,Male,No,Never,No,26.1,No,Medium,Moderate,Urban,Low,0
38,Male,No,Never,Occasional,24.1,No,Low,High,Rural,Low,0
61,Male,Daily,Never,No,27.0,No,High,High,Rural,Low,1
56,Male,No,Never,No,18.0,No,Low,Low,Urban,High,0
37,Female,No,Never,No,25.9,No,Medium,Moderate,Rural,Moderate,0
24,Female,No,Daily (cigarette/bidi),No,25.8,Yes,Medium,Moderate,Urban,High,0
84,Female,No,Never,Regular,17.1,No,Medium,Moderate,Urban,High,1
80,Male,No,Occasional,Occasional,28.8,No,Medium,Low,Urban,High,1
21,Male,No,Never,No,22.3,No,High,High,Urban,Moderate,0
65,Female,No,Never,No,28.9,No,Low,High,Rural,High,0
27,Male,Daily,Daily (cigarette/bidi),No,20.1,No,High,High,Rural,Moderate,1
50,Female,No,Never,No,31.2,Yes,Medium,Moderate,Rural,Moderate,0
58,Male,No,Daily (cigarette/bidi),No,18.1,No,Medium,Moderate,Rural,High,0
23,Male,No,Never,No,25.9,Yes,Medium,Low,Urban,Moderate,0
37,Male,No,Never,No,22.9,No,Low,High,Urban,High,0
22,Female,Daily,Never,Occasional,23.3,No,Medium,Moderate,Urban,Low,0
64,Male,No,Never,No,22.7,No,Low,High,Rural,Moderate,0
62,Female,No,Never,No,21.6,Yes,Low,Moderate,Rural,Low,0
52,Male,No,Never,Regular,35.8,No,Medium,Moderate,Rural,Low,0
55,Male,Daily,Occasional,Regular,23.1,No,Medium,Moderate,Urban,Low,1
27,Male,Daily,Occasional,No,26.0,No,Low,Moderate,Rural,Low,0
32,Female,Occasionally,Daily (cigarette/bidi),No,26.8,Yes,Medium,Low,Urban,High,1
20,Female,No,Never,Occasional,15.0,No,High,Low,Rural,High,0
75,Male,Occasionally,Never,No,15.0,Yes,Medium,Moderate,Rural,Moderate,1
30,Female,Daily,Occasional,No,16.9,No,Low,High,Rural,Low,0
21,Male,No,Never,No,27.3,Yes,Low,Moderate,Urban,Moderate,0
59,Female,No,Daily (cigarette/bidi),No,24.7,No,High,Low,Rural,High,1
48,Male,No,Never,No,15.3,No,Medium,Low,Urban,Low,0
55,Female,Daily,Never,Occasional,18.8,No,Low,Moderate,Urban,Low,0
36,Female,No,Daily (cigarette/bidi),No,21.5,No,Medium,Moderate,Rural,Low,0
59,Female,No,Never,No,15.0,No,Medium,Low,Rural,Low,0
72,Female,No,Never,No,25.1,No,Medium,Moderate,Rural,Low,0
70,Female,No,Daily (cigarette/bidi),No,25.5,No,High,Low,Rural,Low,1
73,Female,No,Never,Occasional,17.8,No,Low,Moderate,Urban,High,0
53,Male,No,Daily (cigarette/bidi),No,29.9,No,Medium,Low,Rural,Low,1
46,Female,No,Never,No,25.5,No,Medium,Low,Rural,High,0
52,Female,No,Daily (cigarette/bidi),No,26.2,No,Medium,High,Urban,High,0
21,Male,No,Never,Occasional,25.0,No,Medium,Low,Urban,Low,0
58,Female,No,Never,No,19.6,No,Medium,High,Urban,High,0
32,Male,No,Never,No,19.8,No,High,Low,Rural,Moderate,0
60,Male,Daily,Never,No,17.9,No,Low,Low,Urban,Low,0
28,Female,No,Never,Occasional,25.2,No,Medium,Low,Urban,Moderate,0
39,Female,Daily,Daily (cigarette/bidi),No,22.5,No,High,Low,Urban,Moderate,1
18,Female,Occasionally,Never,Occasional,29.6,No,Medium,High,Urban,Moderate,0
63,Male,No,Never,Occasional,25.0,Yes,High,Moderate,Rural,High,1
76,Female,Daily,Never,Occasional,17.8,No,Low,Low,Urban,Low,1
74,Female,No,Daily (cigarette/bidi),No,26.7,No,Medium,Low,Urban,High,1
28,Male,No,Never,Occasional,20.3,Yes,Low,Low,Rural,Low,0
34,Male,Daily,Daily (cigarette/bidi),Regular,25.0,No,Low,Low,Urban,Moderate,1
29,Female,No,Never,Regular,17.7,No,Medium,Moderate,Rural,High,0
49,Female,No,Daily (cigarette/bidi),No,27.9,No,High,Moderate,Rural,Low,0
28,Female,No,Never,No,27.9,Yes,Medium,High,Rural,Low,0
67,Female,Occasionally,Daily (cigarette/bidi),No,17.5,No,Medium,Moderate,Rural,Moderate,1
65,Female,No,Daily (cigarette/bidi),No,30.8,No,Low,Low,Urban,High,1
72,Male,No,Occasional,No,26.2,No,High,High,Urban,Low,0
55,Female,Occasionally,Daily (cigarette/bidi),Occasional,25.2,No,High,Moderate,Rural,High,1
74,Female,No,Daily (cigarette/bidi),No,29.0,No,Medium,Moderate,Rural,High,1
65,Male,Daily,Never,No,26.4,No,High,High,Urban,Low,1
38,Female,No,Occasional,No,23.6,No,Low,Low,Rural,Moderate,0
33,Male,No,Daily (cigarette/bidi),Occasional,27.8,No,Low,Moderate,Urban,High,0
74,Male,No,Occasional,No,25.2,No,High,High,Urban,Moderate,0
54,Female,No,Never,No,25.9,No,Medium,High,Rural,Moderate,0
24,Male,No,Never,Regular,16.7,No,Medium,Low,Rural,High,0
40,Male,No,Never,No,20.2,No,Low,Low,Rural,High,0
36,Female,No,Never,No,28.0,No,High,High,Rural,High,0
46,Male,Occasionally,Never,No,27.7,No,Medium,Low,Urban,Low,0
51,Female,No,Never,No,25.7,No,High,Low,Rural,Moderate,0
56,Male,No,Daily (cigarette/bidi),Occasional,27.9,No,Low,Low,Urban,Moderate,0
70,Female,No,Daily (cigarette/bidi),No,22.3,Yes,High,High,Urban,Low,1
32,Female,No,Daily (cigarette/bidi),Regular,27.5,No,Low,Low,Urban,Moderate,0
77,Male,No,Never,No,29.0,No,Low,High,Rural,Low,0
23,Female,Daily,Daily (cigarette/bidi),No,23.4,No,Medium,Moderate,Urban,High,1
74,Female,No,Never,Occasional,27.1,No,Medium,Low,Rural,High,0
56,Male,No,Never,No,26.7,No,Medium,Moderate,Rural,Moderate,0
85,Female,Daily,Never,No,30.3,No,Medium,High,Urban,Moderate,1
57,Female,No,Never,Regular,32.9,No,Medium,Moderate,Urban,Moderate,0
45,Male,No,Never,Occasional,20.6,No,Low,High,Rural,Moderate,0
79,Male,Daily,Occasional,Occasional,28.9,No,Low,Low,Rural,Moderate,1
51,Male,Daily,Never,Occasional,26.8,No,Low,Moderate,Rural,Low,1
59,Male,No,Never,Regular,21.0,No,Low,Moderate,Rural,Low,0
45,Female,Occasionally,Never,No,21.1,Yes,High,Low,Rural,High,1
32,Male,No,Never,No,23.7,No,Medium,Moderate,Rural,High,0
49,Female,Daily,Never,No,25.5,No,High,Moderate,Rural,Moderate,1
76,Male,Occasionally,Daily (cigarette/bidi),Occasional,23.9,No,High,Moderate,Urban,Low,1
76,Male,Daily,Never,No,26.3,Yes,Medium,Low,Rural,Low,1
18,Male,No,Never,No,26.2,No,Low,Moderate,Urban,Low,0
79,Male,No,Never,No,29.2,Yes,Medium,Low,Urban,Moderate,0
45,Female,No,Never,No,20.4,No,High,Low,Rural,Moderate,0
19,Female,Daily,Occasional,No,24.6,No,Low,Low,Urban,High,0
21,Male,Occasionally,Never,Regular,17.5,No,Medium,Moderate,Urban,Moderate,0
35,Male,Daily,Never,Occasional,21.5,No,Medium,Moderate,Urban,Low,0
57,Male,No,Never,No,25.7,No,Low,Low,Rural,Low,0
71,Female,No,Never,Occasional,24.5,No,Medium,Moderate,Urban,Moderate,0
45,Male,Daily,Never,Regular,32.3,No,Medium,Low,Rural,Low,1
84,Male,No,Never,Occasional,25.6,No,High,Low,Urban,Moderate,0
75,Male,No,Never,Occasional,23.4,Yes,Medium,Low,Urban,Low,1
37,Female,Occasionally,Never,Regular,29.1,No,High,Low,Rural,Moderate,0
25,Female,No,Never,No,24.7,No,High,High,Urban,Low,0
27,Male,Occasionally,Never,Occasional,37.0,No,Medium,Moderate,Rural,High,0
81,Male,No,Occasional,Occasional,35.1,No,Low,Low,Urban,Moderate,1
48,Male,No,Never,Occasional,23.6,Yes,Medium,Low,Rural,Moderate,0
19,Male,No,Never,No,15.9,No,Low,High,Rural,Low,0
47,Female,No,Never,No,32.9,No,High,Low,Urban,Low,0
48,Female,Daily,Never,No,31.5,No,Medium,High,Rural,Moderate,0
79,Female,No,Never,Occasional,34.2,No,Low,Moderate,Rural,Low,0
76,Male,Occasionally,Never,No,23.5,Yes,Medium,High,Rural,High,1
69,Male,No,Never,No,22.5,No,Medium,Low,Urban,Moderate,0
50,Female,No,Daily (cigarette/bidi),Occasional,23.4,No,High,Low,Urban,High,0
34,Female,No,Daily (cigarette/bidi),No,26.7,No,Medium,Low,Rural,Low,0
81,Female,No,Daily (cigarette/bidi),No,27.3,No,Medium,High,Urban,Moderate,1
70,Male,No,Occasional,No,21.0,No,Medium,Moderate,Urban,Moderate,0
36,Male,Occasionally,Never,Occasional,27.8,No,Medium,Low,Urban,Low,0
83,Male,Occasionally,Never,No,23.8,No,Low,Moderate,Urban,Moderate,0
20,Female,Daily,Daily (cigarette/bidi),Occasional,30.6,No,Medium,High,Urban,Low,0
74,Male,Daily,Never,No,27.9,No,Low,Low,Rural,High,1
46,Male,No,Never,No,19.4,No,High,Low,Rural,Moderate,0
74,Male,No,Never,No,21.8,No,Low,Moderate,Rural,Moderate,0
77,Female,Occasionally,Never,No,28.6,No,Medium,High,Urban,High,1
37,Male,Daily,Never,Regular,19.4,Yes,Low,Low,Rural,High,1
69,Female,No,Daily (cigarette/bidi),Regular,26.1,No,High,Moderate,Rural,Moderate,1
43,Female,Daily,Never,No,20.2,No,Low,Low,Urban,Moderate,0
75,Male,No,Never,No,23.9,No,Medium,Moderate,Urban,Moderate,0
77,Female,No,Occasional,No,24.4,No,Low,Low,Rural,Low,0
33,Female,No,Daily (cigarette/bidi),No,24.0,No,High,High,Rural,Moderate,0
34,Male,Daily,Never,No,25.1,No,High,Moderate,Rural,Moderate,0
78,Female,No,Never,No,16.0,No,Low,High,Urban,Moderate,0
75,Male,Occasionally,Never,No,27.3,No,Low,High,Rural,Low,0
56,Female,No,Never,No,28.4,Yes,Low,Low,Urban,Low,0
67,Male,Daily,Daily (cigarette/bidi),Occasional,24.8,No,High,Moderate,Urban,Moderate,1
38,Male,Daily,Never,No,21.4,No,High,Moderate,Rural,Low,0
73,Male,No,Daily (cigarette/bidi),No,21.4,No,High,High,Urban,Low,1
47,Male,No,Never,Occasional,26.6,No,Medium,Low,Rural,Low,0
62,Female,No,Never,No,15.8,No,Low,Moderate,Urban,High,0
22,Male,No,Never,No,31.6,No,Low,High,Urban,Moderate,0
66,Female,No,Never,No,25.2,No,Medium,Low,Rural,High,0
65,Male,Daily,Never,No,36.6,No,High,Moderate,Urban,Low,1
70,Female,No,Occasional,Occasional,29.1,No,High,Moderate,Urban,Moderate,0
27,Female,No,Never,No,20.8,No,Low,Low,Rural,Low,0
40,Female,No,Daily (cigarette/bidi),No,25.4,No,Medium,Moderate,Rural,Low,0
45,Female,No,Never,Regular,22.2,No,High,Low,Urban,Low,0
73,Male,No,Never,No,31.2,No,High,Low,Rural,Moderate,0
21,Female,No,Never,No,20.4,No,Medium,Moderate,Urban,Low,0
52,Female,No,Never,Occasional,21.3,No,High,Low,Rural,High,0
75,Female,No,Never,Occasional,18.5,Yes,High,Low,Urban,High,1
64,Male,No,Never,Occasional,28.3,Yes,Low,High,Rural,High,0
75,Female,No,Daily (cigarette/bidi),No,18.8,No,Medium,High,Rural,High,0
33,Female,No,Daily (cigarette/bidi),Occasional,18.9,No,Low,Moderate,Rural,High,0
41,Male,Daily,Daily (cigarette/bidi),No,31.4,Yes,Medium,Moderate,Rural,Moderate,1
42,Female,No,Daily (cigarette/bidi),No,16.9,No,Low,Low,Urban,Moderate,0
41,Female,No,Never,No,17.5,No,High,Low,Urban,Low,0
55,Female,No,Occasional,No,26.1,No,High,Low,Urban,Moderate,0
29,Female,No,Never,No,25.7,No,Medium,Moderate,Urban,Moderate,0
55,Female,No,Occasional,No,26.4,No,Medium,High,Rural,High,0
84,Male,Daily,Never,No,30.6,No,Medium,Moderate,Urban,Moderate,1
61,Female,No,Never,Regular,20.4,No,Medium,Low,Rural,Moderate,0
32,Female,Daily,Never,Occasional,30.8,No,High,High,Rural,Moderate,0
54,Female,Daily,Never,Regular,27.1,Yes,High,Low,Rural,Low,1
27,Male,No,Daily (cigarette/bidi),Regular,23.4,No,Medium,High,Urban,Low,0
76,Male,No,Never,No,15.0,Yes,Medium,Low,Urban,Moderate,0
64,Female,No,Daily (cigarette/bidi),No,22.0,No,High,High,Urban,Low,0
36,Male,No,Daily (cigarette/bidi),No,29.4,No,Medium,Low,Urban,High,0
36,Male,Occasionally,Never,No,18.8,No,High,Low,Rural,Low,0
54,Male,No,Never,No,24.4,No,Medium,Low,Urban,High,0
49,Female,No,Never,No,24.8,No,High,Low,Urban,Low,0
72,Female,No,Never,No,27.3,No,Medium,Low,Rural,Low,0
75,Male,Daily,Never,No,33.4,Yes,Medium,Low,Rural,Low,1
58,Female,No,Occasional,Occasional,16.1,No,High,Low,Urban,Low,0
79,Male,Daily,Daily (cigarette/bidi),No,22.4,No,Low,Low,Urban,Moderate,1
18,Male,Daily,Occasional,No,22.4,No,Medium,Moderate,Urban,High,0
84,Female,No,Never,No,22.0,Yes,High,Moderate,Rural,Moderate,1
74,Female,No,Daily (cigarette/bidi),No,25.2,No,High,High,Urban,High,1
79,Female,Daily,Never,Occasional,27.1,No,Medium,Low,Urban,Low,1
75,Female,No,Never,Regular,17.8,No,Medium,Moderate,Urban,High,0
36,Male,Daily,Daily (cigarette/bidi),Occasional,32.8,No,Low,Low,Urban,Low,1
73,Male,No,Occasional,No,25.4,No,Medium,High,Rural,Moderate,0
26,Female,Occasionally,Daily (cigarette/bidi),No,30.2,No,Medium,Moderate,Rural,Moderate,0
79,Male,Daily,Daily (cigarette/bidi),No,17.1,No,Medium,Moderate,Urban,Moderate,1
64,Female,Daily,Never,No,35.7,No,Medium,Moderate,Urban,Moderate,1
74,Female,Occasionally,Occasional,No,22.2,No,Low,Moderate,Urban,Low,0
20,Male,No,Never,No,22.3,No,High,Moderate,Rural,Moderate,0
76,Female,No,Never,Occasional,28.2,No,High,Low,Rural,Moderate,1
38,Female,Occasionally,Never,Regular,22.3,No,Medium,Moderate,Urban,Moderate,0
71,Male,No,Daily (cigarette/bidi),No,31.8,No,High,Moderate,Rural,Moderate,1
81,Female,Daily,Daily (cigarette/bidi),No,20.8,No,Low,High,Urban,Low,1
85,Male,No,Never,Regular,20.9,No,High,Low,Urban,High,1
65,Female,Occasionally,Daily (cigarette/bidi),No,27.6,No,Low,Moderate,Rural,Moderate,1
28,Male,No,Occasional,No,29.7,No,Low,Low,Rural,Low,0
56,Female,Occasionally,Daily (cigarette/bidi),Occasional,21.8,No,Medium,Moderate,Urban,Moderate,1
46,Female,No,Occasional,No,22.9,No,Low,Low,Urban,Moderate,0
60,Female,No,Never,No,26.2,No,Medium,Moderate,Rural,Low,0
47,Female,Occasionally,Daily (cigarette/bidi),No,26.6,No,Low,High,Urban,High,0
54,Female,No,Never,Occasional,22.4,Yes,Low,Moderate,Urban,High,0
85,Female,No,Daily (cigarette/bidi),No,21.7,No,Medium,Low,Urban,Moderate,1
57,Male,No,Occasional,No,18.6,No,High,Moderate,Urban,High,0
23,Female,Occasionally,Never,No,24.2,No,High,Low,Rural,Moderate,0
58,Female,No,Never,No,20.2,No,Medium,Low,Rural,High,0
34,Male,No,Never,No,20.5,No,Medium,Moderate,Rural,High,0
28,Female,No,Occasional,No,22.6,No,Medium,High,Rural,High,0
66,Male,No,Never,No,24.3,No,Low,Low,Rural,High,0
71,Male,Daily,Never,Regular,30.9,Yes,High,Low,Rural,High,1
36,Male,Daily,Never,No,30.7,No,Medium,Moderate,Rural,Moderate,0
45,Male,No,Occasional,No,22.9,No,Medium,Moderate,Urban,High,0
38,Female,No,Never,Regular,20.7,No,High,Low,Rural,Low,0
18,Male,Occasionally,Occasional,No,24.2,No,Medium,Moderate,Rural,High,0
19,Male,No,Never,No,29.6,No,Medium,Low,Rural,Low,0
51,Female,Occasionally,Never,Regular,21.3,No,Medium,Moderate,Rural,Low,0
66,Male,Occasionally,Daily (cigarette/bidi),No,36.6,Yes,High,Moderate,Urban,Low,1
46,Female,No,Daily (cigarette/bidi),No,24.2,Yes,Medium,Moderate,Rural,Moderate,1
68,Female,No,Occasional,Occasional,23.1,No,Low,Moderate,Urban,Moderate,0
52,Male,Occasionally,Never,No,21.8,No,Medium,Moderate,Urban,High,0
37,Female,Occasionally,Daily (cigarette/bidi),No,25.7,No,Medium,Moderate,Urban,Low,0
85,Male,No,Never,No,18.5,No,Low,High,Rural,Low,0
38,Female,No,Never,No,25.5,Yes,Medium,Moderate,Rural,High,0
61,Female,No,Occasional,No,23.1,No,Low,High,Urban,Low,0
44,Male,No,Never,No,21.1,No,High,Low,Rural,Moderate,0
83,Male,Daily,Never,No,26.1,No,Medium,Low,Urban,Low,1
37,Male,No,Daily (cigarette/bidi),Regular,30.2,No,High,Low,Rural,High,1
26,Male,No,Occasional,No,18.4,Yes,Medium,High,Rural,Moderate,0
66,Male,No,Never,Regular,26.6,No,Low,Moderate,Urban,Moderate,0
58,Male,Daily,Never,Occasional,19.8,No,Medium,High,Rural,High,0
55,Female,Occasionally,Daily (cigarette/bidi),Occasional,18.1,Yes,Medium,Low,Rural,High,1
44,Female,Daily,Daily (cigarette/bidi),Occasional,19.1,No,High,Moderate,Urban,Low,1
21,Female,No,Never,No,21.9,No,High,Moderate,Urban,Moderate,0
38,Male,No,Never,No,24.1,No,High,Moderate,Rural,Moderate,0
46,Female,No,Never,Occasional,24.8,No,High,Low,Rural,Moderate,0
26,Male,No,Never,No,30.3,No,Medium,Moderate,Rural,Low,0
51,Male,Occasionally,Daily (cigarette/bidi),No,21.6,No,Medium,Moderate,Urban,High,1
26,Male,Occasionally,Never,No,22.3,No,High,Moderate,Urban,Low,0
25,Male,No,Never,No,22.9,No,Low,Moderate,Rural,Moderate,0
78,Male,No,Never,No,24.3,Yes,High,Low,Urban,Low,0
37,Female,No,Never,Occasional,15.1,Yes,Medium,Moderate,Urban,High,0
67,Female,No,Never,No,26.3,No,Low,High,Urban,High,0
66,Female,Daily,Never,No,28.5,No,Medium,Moderate,Urban,High,1
58,Female,No,Occasional,No,23.9,No,Medium,Moderate,Urban,Moderate,0
47,Male,No,Daily (cigarette/bidi),No,20.7,No,Low,High,Urban,Moderate,0
80,Male,Daily,Never,No,26.6,No,Medium,Low,Urban,Low,1
82,Female,Occasionally,Daily (cigarette/bidi),No,20.5,No,Medium,Low,Rural,Low,1
55,Male,Daily,Never,No,21.6,No,Low,High,Urban,Low,0
74,Male,Occasionally,Daily (cigarette/bidi),No,25.9,No,Low,High,Rural,Low,0
43,Female,Occasionally,Occasional,No,28.7,No,Medium,Moderate,Urban,Low,0
31,Male,No,Never,No,28.0,No,Medium,Moderate,Urban,High,0
54,Male,No,Daily (cigarette/bidi),No,25.2,No,Low,High,Rural,Moderate,0
72,Female,No,Never,Regular,27.7,No,Medium,Low,Urban,Moderate,1
70,Female,No,Never,No,28.4,No,Low,Low,Urban,Moderate,0
75,Male,Daily,Occasional,No,31.1,No,Low,Low,Urban,Moderate,1
20,Male,Daily,Never,Occasional,26.5,Yes,Medium,Moderate,Rural,High,0
21,Male,Daily,Never,No,29.5,No,Medium,Moderate,Urban,Moderate,0
32,Male,No,Daily (cigarette/bidi),Occasional,27.2,No,Medium,Moderate,Rural,Moderate,0
18,Female,Occasionally,Never,No,21.5,No,High,Low,Urban,Low,0
31,Male,No,Occasional,No,21.9,No,Medium,Moderate,Urban,High,0
66,Female,Daily,Never,No,24.1,No,High,Moderate,Urban,Moderate,1
25,Male,No,Daily (cigarette/bidi),No,29.3,No,Low,Low,Urban,Moderate,0
23,Female,Occasionally,Never,No,16.4,No,High,High,Urban,Moderate,0
53,Female,No,Never,No,28.1,No,Low,Moderate,Urban,Moderate,0
31,Male,Daily,Never,Occasional,19.2,No,Medium,High,Rural,High,0
67,Female,Daily,Never,Occasional,26.4,No,Medium,High,Urban,Moderate,1
19,Male,No,Daily (cigarette/bidi),No,28.0,No,Medium,High,Urban,Moderate,0
83,Male,No,Never,Occasional,21.7,No,High,Low,Urban,Moderate,0
44,Male,No,Never,No,19.8,No,High,Low,Urban,High,0
46,Female,No,Daily (cigarette/bidi),No,26.7,Yes,High,Low,Rural,Low,1
33,Female,Daily,Never,No,26.2,No,Medium,Low,Rural,Moderate,0
69,Female,Daily,Never,Regular,21.5,No,Medium,High,Urban,High,1
75,Female,Occasionally,Occasional,Occasional,22.1,No,Low,High,Urban,High,0
78,Female,Daily,Never,No,22.1,No,Medium,High,Urban,Low,0
21,Male,No,Never,No,20.8,No,Low,Low,Urban,Moderate,0
63,Male,No,Never,Regular,27.4,No,Medium,High,Urban,Low,0
19,Male,No,Never,Regular,26.4,No,Medium,Low,Urban,Low,0
43,Female,No,Never,No,33.6,No,Medium,Low,Rural,Moderate,0
52,Male,No,Never,No,24.9,No,Medium,High,Rural,Moderate,0
37,Male,No,Never,Occasional,29.6,No,Low,Low,Rural,Moderate,0
30,Female,Daily,Daily (cigarette/bidi),Occasional,26.3,No,Medium,Moderate,Rural,Moderate,1
77,Female,No,Daily (cigarette/bidi),No,21.6,No,High,Low,Rural,High,1
41,Male,No,Daily (cigarette/bidi),No,22.5,No,Low,Moderate,Rural,Low,0
73,Male,No,Never,No,26.2,No,Low,Moderate,Urban,High,0
35,Male,No,Never,No,31.2,Yes,Low,Low,Urban,Low,0
71,Female,No,Occasional,No,27.9,No,High,Low,Urban,Moderate,0
59,Female,Daily,Never,No,21.1,Yes,Medium,Low,Urban,High,1
55,Female,No,Never,Regular,23.9,Yes,Low,High,Rural,High,0
58,Female,No,Never,No,29.1,No,Low,Moderate,Rural,High,0
70,Female,Occasionally,Never,No,25.2,No,Medium,High,Rural,Moderate,0
20,Male,Daily,Occasional,Regular,21.6,Yes,Medium,Low,Rural,High,1
42,Female,No,Daily (cigarette/bidi),Regular,15.0,No,Low,Moderate,Rural,Low,0
51,Male,Daily,Never,No,25.3,No,Medium,Low,Urban,Moderate,1
85,Male,No,Occasional,Occasional,23.1,No,Medium,Low,Rural,Moderate,1
19,Male,No,Occasional,No,29.8,Yes,High,High,Urban,Moderate,0
55,Female,Daily,Never,Regular,27.0,No,High,Moderate,Urban,Low,1
39,Male,No,Never,Regular,30.5,No,High,Moderate,Rural,Moderate,0
18,Female,No,Daily (cigarette/bidi),No,25.1,No,Low,Low,Urban,Moderate,0
74,Male,Occasionally,Never,No,22.3,No,Medium,Low,Rural,Low,0
31,Male,No,Never,No,28.1,No,High,Moderate,Urban,Low,0
35,Female,Occasionally,Never,Regular,25.3,No,High,Moderate,Urban,Low,0
85,Female,No,Daily (cigarette/bidi),No,21.3,No,Medium,Low,Urban,High,1
84,Female,No,Never,No,25.9,No,Low,Moderate,Urban,Low,0
51,Female,No,Never,No,19.0,No,Low,Moderate,Urban,Low,0
66,Female,No,Never,No,24.5,No,Medium,Moderate,Rural,Low,0
35,Male,Daily,Never,Occasional,22.0,No,High,Moderate,Urban,High,1
84,Female,Occasionally,Never,No,30.7,No,Low,Low,Urban,Moderate,1
57,Male,Daily,Never,Regular,27.6,No,Low,High,Urban,Moderate,1
64,Male,No,Never,No,26.4,No,High,Moderate,Urban,Moderate,0
33,Male,No,Never,No,29.5,No,Medium,Moderate,Urban,Low,0
46,Female,Daily,Never,Occasional,26.9,No,Medium,Low,Rural,Low,0
76,Male,No,Never,No,19.0,No,Low,Moderate,Rural,Low,0
22,Male,No,Daily (cigarette/bidi),No,20.4,No,Medium,Low,Rural,High,0
42,Female,Occasionally,Never,Occasional,22.3,No,High,Moderate,Urban,High,0
26,Female,Daily,Occasional,Regular,21.5,No,High,High,Rural,Low,0
73,Male,Occasionally,Occasional,No,20.2,No,Medium,Low,Urban,Moderate,1
20,Male,Daily,Never,No,22.9,Yes,Low,Moderate,Urban,Low,0
32,Male,Daily,Daily (cigarette/bidi),No,24.3,No,Medium,Low,Rural,Low,1
63,Female,No,Occasional,Occasional,29.7,No,Medium,Low,Urban,Moderate,0
67,Female,Daily,Never,No,23.2,No,Medium,High,Urban,High,0
64,Male,No,Never,Regular,24.9,No,Low,Low,Rural,High,0
42,Female,No,Daily (cigarette/bidi),No,27.1,No,Medium,Moderate,Rural,Moderate,0
34,Male,No,Never,No,26.5,No,Medium,Low,Urban,High,0
22,Male,No,Never,No,26.3,No,Low,High,Rural,High,0
46,Male,Occasionally,Never,No,25.3,No,Medium,Moderate,Urban,Low,0
52,Female,Occasionally,Never,No,22.4,No,Low,High,Urban,Moderate,0
84,Male,Occasionally,Never,No,27.9,Yes,Medium,Low,Rural,Low,1
63,Female,No,Never,No,23.0,No,Low,High,Urban,Low,0
41,Male,No,Daily (cigarette/bidi),No,21.7,No,Low,Low,Urban,Low,0
79,Female,Occasionally,Never,No,22.5,No,Medium,Moderate,Rural,Moderate,0
57,Female,No,Never,Occasional,22.3,No,Medium,Low,Rural,Low,0
81,Female,Daily,Daily (cigarette/bidi),No,30.9,No,Medium,Moderate,Urban,Low,1
55,Male,No,Never,No,29.4,Yes,Low,Moderate,Rural,High,0
40,Female,No,Daily (cigarette/bidi),No,22.7,No,Medium,Low,Urban,Moderate,0
72,Male,No,Never,Occasional,28.5,No,Low,Low,Rural,High,0
42,Female,Daily,Never,Occasional,22.2,No,Medium,Moderate,Rural,High,0
58,Female,Occasionally,Never,No,21.6,No,Medium,Moderate,Rural,Moderate,0
29,Male,No,Never,No,31.1,No,Medium,Moderate,Rural,Moderate,0
62,Male,No,Never,Regular,18.2,No,Low,Moderate,Urban,Low,0
44,Female,Occasionally,Daily (cigarette/bidi),No,22.2,No,High,Low,Urban,High,1
67,Female,No,Never,No,37.2,No,Medium,Moderate,Urban,Low,0
58,Male,No,Never,No,29.4,No,Medium,Moderate,Rural,Moderate,0
82,Female,Occasionally,Occasional,No,25.4,No,High,Low,Urban,Moderate,1
35,Female,No,Never,Regular,28.3,No,Medium,High,Rural,High,0
48,Female,No,Never,No,23.8,No,Medium,Low,Rural,Moderate,0
18,Female,No,Never,No,25.2,No,Medium,Low,Urban,High,0
85,Male,No,Never,Occasional,26.6,No,Low,Moderate,Rural,Moderate,0
76,Female,No,Never,No,20.5,Yes,Low,Moderate,Rural,High,0
62,Female,No,Daily (cigarette/bidi),Occasional,31.0,No,High,Low,Rural,Low,1
28,Female,Daily,Never,Occasional,15.9,No,Medium,High,Urban,Low,0
22,Male,Daily,Never,No,22.2,No,Medium,Moderate,Urban,Low,0
84,Female,No,Never,No,20.4,No,Medium,Low,Rural,High,0
47,Male,No,Never,No,17.6,No,High,Moderate,Urban,Low,0
54,Male,Daily,Never,No,17.4,No,High,Low,Urban,Low,1
72,Female,Daily,Occasional,No,31.5,No,Medium,Moderate,Urban,Moderate,1
19,Female,Occasionally,Never,No,27.2,No,High,Moderate,Rural,Low,0
33,Male,Occasionally,Never,No,24.3,No,Low,High,Urban,Moderate,0
59,Female,No,Never,No,18.7,No,High,Low,Rural,High,0
32,Female,No,Daily (cigarette/bidi),No,23.5,No,Medium,High,Urban,Moderate,0
54,Female,No,Occasional,Regular,31.6,No,Medium,Low,Urban,High,0
22,Female,Daily,Never,No,22.2,No,Medium,Low,Rural,Low,0
76,Male,Occasionally,Never,No,22.6,No,Medium,Low,Urban,Moderate,0
80,Male,Daily,Never,No,27.6,No,Low,High,Urban,Moderate,1
64,Male,No,Daily (cigarette/bidi),No,27.1,No,Low,High,Rural,Moderate,0
24,Male,Daily,Never,No,20.5,Yes,Medium,High,Urban,Low,0
37,Female,Occasionally,Never,No,16.4,No,Low,High,Rural,High,0
83,Male,Daily,Daily (cigarette/bidi),No,24.1,Yes,High,High,Rural,Moderate,1
51,Male,No,Daily (cigarette/bidi),Occasional,29.4,Yes,High,Moderate,Urban,Moderate,1
52,Male,Daily,Occasional,Occasional,25.5,No,High,Low,Rural,Moderate,1
45,Female,Daily,Never,No,18.7,No,High,Low,Rural,Moderate,1
69,Male,No,Occasional,Occasional,19.1,No,Medium,Moderate,Rural,Moderate,0
29,Female,No,Never,Occasional,17.3,No,High,Moderate,Rural,Moderate,0
27,Female,No,Never,Regular,20.6,Yes,Medium,Low,Urban,Low,0
41,Female,Occasionally,Never,No,23.9,No,High,Moderate,Urban,Moderate,0
21,Male,Daily,Never,No,25.2,No,High,High,Urban,Low,0
45,Male,No,Never,No,25.0,No,Medium,Moderate,Rural,Low,0
41,Male,No,Never,Occasional,29.2,No,Low,Moderate,Rural,Moderate,0
59,Female,No,Never,No,26.7,No,Medium,Low,Urban,Moderate,0
18,Female,No,Occasional,Regular,19.3,No,Low,Moderate,Rural,High,0
24,Male,Occasionally,Never,No,32.7,No,Medium,Low,Rural,Low,0
39,Male,No,Never,No,27.8,No,Medium,Low,Rural,Moderate,0
35,Male,No,Never,Regular,18.1,No,Medium,Moderate,Rural,High,0
80,Male,No,Occasional,Occasional,22.7,No,Medium,Low,Rural,Low,1
23,Male,Occasionally,Occasional,No,36.5,No,Medium,Moderate,Urban,Moderate,0
21,Female,No,Occasional,No,22.4,No,Medium,Low,Rural,High,0
84,Male,No,Occasional,No,29.7,Yes,High,High,Rural,High,1
27,Male,Occasionally,Never,No,22.9,No,High,High,Rural,Low,0
47,Female,No,Occasional,Occasional,21.6,No,Medium,Moderate,Urban,Low,0
77,Female,No,Never,No,25.4,No,Low,Moderate,Urban,Low,0
29,Female,Daily,Never,No,26.3,No,High,High,Rural,High,0
80,Female,No,Daily (cigarette/bidi),No,32.5,No,High,Moderate,Rural,Moderate,1
82,Female,No,Daily (cigarette/bidi),Regular,24.7,No,Medium,High,Urban,Moderate,1
83,Female,Daily,Occasional,No,25.3,No,Medium,Low,Rural,Low,1
34,Female,No,Occasional,No,35.0,No,High,High,Urban,High,0
80,Female,Daily,Never,No,32.0,No,Medium,Low,Urban,Moderate,1
70,Male,No,Daily (cigarette/bidi),Regular,19.1,No,Medium,Low,Rural,Moderate,1
71,Male,No,Daily (cigarette/bidi),No,23.3,No,High,Moderate,Urban,Moderate,1
18,Female,No,Never,No,24.2,No,High,Moderate,Urban,Moderate,0
77,Male,Occasionally,Never,No,22.3,No,Low,High,Urban,Low,0
22,Male,Occasionally,Daily (cigarette/bidi),Occasional,19.1,Yes,Low,High,Urban,High,0
83,Male,Daily,Never,No,22.8,No,Medium,Low,Urban,Moderate,1
43,Female,No,Never,Regular,22.1,No,Low,Moderate,Urban,High,0
53,Male,Daily,Never,No,24.2,No,Medium,Low,Rural,High,1
27,Female,No,Never,No,24.8,No,Medium,Moderate,Urban,High,0
68,Male,No,Never,No,19.7,No,Medium,High,Rural,Moderate,0
73,Female,No,Never,No,18.2,Yes,High,High,Urban,High,0
21,Male,Daily,Occasional,No,22.0,No,Medium,High,Urban,Moderate,0
68,Female,No,Daily (cigarette/bidi),No,25.6,No,Medium,Moderate,Rural,High,1
29,Female,No,Never,Occasional,28.6,No,Medium,High,Urban,Low,0
75,Male,Daily,Never,No,22.6,No,Medium,High,Rural,Low,1
59,Female,No,Never,No,27.0,No,Medium,Moderate,Urban,Moderate,0
36,Male,No,Occasional,No,20.0,No,High,High,Urban,Moderate,0
85,Male,No,Never,No,24.9,No,Low,Low,Urban,Low,0
23,Male,Daily,Never,No,15.5,No,Low,High,Urban,Low,0
51,Female,Daily,Daily (cigarette/bidi),No,25.0,Yes,High,High,Urban,High,1
19,Female,No,Never,No,20.1,No,Low,Moderate,Urban,Moderate,0
36,Female,Daily,Never,No,19.6,No,Medium,Low,Rural,Low,0
80,Male,Occasionally,Daily (cigarette/bidi),No,29.1,No,Medium,High,Rural,High,1
68,Male,Daily,Never,Occasional,24.4,No,Low,Moderate,Urban,Moderate,1
60,Male,No,Never,No,23.1,Yes,High,Moderate,Urban,High,0
43,Male,No,Occasional,Regular,20.2,No,Medium,Low,Urban,Moderate,0
22,Female,No,Never,No,32.4,No,High,Moderate,Urban,High,0
25,Male,No,Never,Regular,31.8,No,Medium,Low,Rural,High,0
57,Female,No,Daily (cigarette/bidi),Occasional,24.7,No,Low,High,Rural,Low,0
39,Male,No,Never,No,30.3,No,Low,Moderate,Urban,High,0
79,Female,Daily,Never,No,22.3,No,Low,Low,Rural,High,1
70,Male,No,Never,No,22.3,No,Medium,Moderate,Urban,High,0
67,Female,No,Daily (cigarette/bidi),No,28.2,Yes,High,Low,Rural,Moderate,1
36,Female,No,Never,No,25.1,No,Medium,Low,Urban,High,0
43,Female,No,Daily (cigarette/bidi),No,25.8,No,Medium,Moderate,Urban,Low,0
70,Female,No,Never,Occasional,24.6,No,Medium,High,Urban,High,0
80,Female,Occasionally,Never,No,18.9,No,Low,Low,Rural,Low,0
71,Female,No,Never,No,21.5,No,Medium,Moderate,Urban,High,0
78,Female,Daily,Never,No,19.9,Yes,Medium,High,Urban,Moderate,1
19,Female,No,Never,No,28.0,Yes,Medium,High,Urban,High,0
54,Male,Daily,Never,No,26.9,No,Medium,Low,Rural,Moderate,1
18,Male,No,Occasional,Occasional,23.4,No,Medium,High,Rural,Moderate,0
66,Female,No,Occasional,No,18.4,No,High,Moderate,Urban,Moderate,0
71,Female,Occasionally,Never,No,25.8,No,Low,Low,Urban,Low,0
31,Male,Daily,Never,Occasional,21.0,No,High,Low,Rural,Moderate,1
76,Male,Occasionally,Never,No,28.2,No,Low,High,Urban,High,1
72,Female,No,Occasional,Occasional,21.9,No,Medium,Moderate,Rural,Moderate,0
65,Female,Occasionally,Daily (cigarette/bidi),Occasional,22.0,No,High,Moderate,Urban,Moderate,1
85,Male,No,Never,Regular,28.0,No,Medium,High,Rural,Low,1
49,Male,No,Never,No,22.5,No,Low,High,Rural,Moderate,0
18,Female,No,Never,Occasional,16.8,No,High,Moderate,Rural,Moderate,0
77,Male,No,Never,No,24.7,No,Medium,Low,Urban,High,0
35,Female,Daily,Never,Occasional,27.8,No,Medium,Low,Rural,Moderate,0
67,Male,Daily,Never,Regular,21.3,No,Medium,Low,Urban,Low,1
45,Male,Daily,Occasional,Occasional,20.7,No,Low,High,Urban,Moderate,0
28,Male,No,Never,No,23.6,Yes,Medium,Moderate,Urban,Low,0
34,Male,Daily,Occasional,No,15.0,No,Low,Moderate,Urban,Low,0
47,Female,No,Daily (cigarette/bidi),Occasional,18.7,No,Low,High,Urban,Low,0
69,Female,No,Never,No,30.2,No,Medium,Moderate,Urban,Low,0
37,Male,No,Never,No,18.8,Yes,Medium,Low,Rural,High,0
68,Male,Daily,Daily (cigarette/bidi),No,22.4,No,High,Moderate,Urban,Low,1
40,Female,No,Daily (cigarette/bidi),No,22.7,No,High,Moderate,Rural,Moderate,0
79,Male,No,Never,No,32.4,No,Medium,Low,Urban,Low,0
39,Female,Daily,Daily (cigarette/bidi),No,20.9,No,Low,Moderate,Urban,High,0
45,Female,Daily,Daily (cigarette/bidi),No,27.2,No,High,Low,Urban,Moderate,1
69,Female,No,Daily (cigarette/bidi),No,36.4,No,Low,Low,Rural,Moderate,1
40,Female,Daily,Daily (cigarette/bidi),Regular,23.1,No,Low,Low,Rural,High,1
20,Male,Daily,Never,Occasional,24.7,No,Medium,Low,Urban,High,0
32,Male,No,Never,Occasional,17.5,No,Low,Low,Urban,Low,0
68,Female,Daily,Never,No,19.3,No,High,Moderate,Urban,Moderate,1
73,Female,Daily,Daily (cigarette/bidi),Regular,21.4,No,Low,High,Urban,Low,1
75,Male,Daily,Never,Regular,19.2,No,High,Low,Urban,Moderate,1
57,Female,No,Never,No,32.0,No,Medium,High,Rural,Moderate,0
59,Male,No,Never,No,30.3,No,Medium,Moderate,Urban,High,0
42,Male,No,Never,Occasional,19.0,No,High,Low,Urban,High,0
37,Female,Occasionally,Never,No,21.9,Yes,Low,High,Urban,High,0
46,Female,No,Daily (cigarette/bidi),No,22.8,No,Low,Moderate,Rural,High,0
61,Male,No,Never,No,24.0,Yes,Medium,Low,Urban,High,0
37,Female,No,Never,No,33.2,No,Medium,Moderate,Rural,High,0
73,Male,No,Never,No,37.0,No,Medium,Moderate,Urban,Low,0
74,Female,Daily,Never,No,27.8,No,Medium,Moderate,Rural,High,1
60,Male,No,Daily (cigarette/bidi),No,23.6,No,Medium,Moderate,Urban,Low,0
64,Male,Occasionally,Never,No,27.2,Yes,Medium,Low,Urban,Low,0
46,Male,Occasionally,Never,Occasional,28.1,No,High,Low,Urban,High,0
52,Female,No,Never,No,31.0,No,High,Low,Rural,Moderate,0
32,Female,Occasionally,Daily (cigarette/bidi),Occasional,25.2,No,Medium,Moderate,Urban,Moderate,0
27,Female,No,Never,Regular,28.7,No,Low,High,Urban,High,0
57,Female,Occasionally,Never,No,22.9,No,Medium,High,Rural,Moderate,0
83,Male,No,Never,No,21.0,No,High,High,Urban,Moderate,0
78,Female,Occasionally,Never,No,25.1,No,High,Low,Rural,High,1
81,Female,No,Occasional,No,29.2,Yes,Low,High,Urban,Low,0
43,Female,Daily,Never,No,19.9,No,High,Moderate,Rural,High,0
27,Male,No,Never,Occasional,24.3,No,Medium,Low,Rural,Moderate,0
74,Male,No,Never,No,34.8,Yes,Medium,Moderate,Urban,Moderate,1
20,Male,No,Daily (cigarette/bidi),No,22.1,No,Low,Moderate,Urban,Low,0
69,Male,No,Daily (cigarette/bidi),No,20.5,No,Low,Low,Urban,High,0
84,Male,No,Never,Occasional,16.2,No,Medium,High,Rural,Moderate,0
59,Female,Occasionally,Never,Regular,26.1,No,Low,Moderate,Rural,Moderate,1
78,Male,Occasionally,Never,No,28.2,Yes,Medium,Low,Urban,Moderate,1
25,Male,No,Daily (cigarette/bidi),Occasional,26.1,No,Low,Low,Rural,High,0
39,Male,Occasionally,Never,Occasional,32.3,Yes,High,Low,Urban,Moderate,0
61,Female,No,Never,Occasional,22.0,No,High,Low,Rural,Moderate,0
67,Male,Daily,Never,Regular,22.9,No,Low,Moderate,Rural,High,1
54,Female,No,Never,No,24.7,No,Low,Low,Rural,Moderate,0
34,Male,Daily,Never,Occasional,27.0,No,Low,Low,Rural,High,0
32,Female,No,Never,No,25.7,Yes,Medium,Low,Urban,Moderate,0
85,Male,No,Never,No,25.7,No,High,Moderate,Urban,Moderate,0
64,Male,No,Daily (cigarette/bidi),No,28.3,No,Medium,Low,Urban,Low,1
60,Male,No,Never,No,32.7,No,Low,Low,Rural,High,0
42,Male,No,Never,Occasional,28.4,Yes,Low,Moderate,Rural,High,0
64,Female,No,Daily (cigarette/bidi),No,28.7,No,Low,Moderate,Urban,High,1
74,Female,Daily,Never,No,26.6,No,Low,High,Urban,Low,0
48,Male,No,Daily (cigarette/bidi),Occasional,29.3,No,Medium,Moderate,Urban,Moderate,0
36,Male,Daily,Never,No,19.5,Yes,High,Moderate,Rural,Low,0
61,Male,No,Never,No,20.3,No,Medium,High,Urban,Moderate,0
42,Male,No,Never,Occasional,16.7,No,High,Low,Urban,Moderate,0
66,Female,No,Never,No,31.2,No,Medium,High,Urban,Moderate,0
74,Female,Daily,Never,No,31.6,No,Medium,Low,Urban,Low,1
69,Female,No,Occasional,Occasional,25.0,Yes,Medium,Low,Urban,High,1
68,Male,No,Never,No,31.1,No,Low,Moderate,Rural,Moderate,0
58,Male,No,Occasional,No,25.5,No,Medium,Moderate,Rural,Moderate,0
30,Female,No,Daily (cigarette/bidi),Occasional,18.5,No,Low,High,Urban,Low,0
34,Female,Daily,Occasional,No,27.6,No,Low,Low,Rural,Low,0
64,Female,Occasionally,Daily (cigarette/bidi),Occasional,24.3,No,Medium,High,Rural,Moderate,1
34,Male,Occasionally,Never,No,23.0,No,Medium,High,Urban,Low,0
66,Male,No,Never,No,23.0,No,Medium,Low,Urban,Moderate,0
29,Female,Daily,Never,No,22.9,No,Low,Low,Rural,Low,0
74,Female,Daily,Daily (cigarette/bidi),No,25.3,Yes,High,High,Urban,High,1
18,Female,No,Daily (cigarette/bidi),No,28.1,No,Low,Moderate,Urban,Moderate,0
20,Female,Occasionally,Occasional,No,22.2,No,Medium,Moderate,Rural,Low,0
70,Male,Daily,Never,Occasional,22.6,No,High,Moderate,Rural,High,1
57,Female,Occasionally,Never,No,22.1,No,High,Low,Rural,Low,0
58,Male,No,Never,Regular,30.5,No,High,Low,Urban,Low,0
38,Male,Daily,Never,No,19.9,No,Medium,Moderate,Rural,Moderate,0
80,Female,No,Occasional,No,18.3,No,Medium,Moderate,Rural,Low,0
34,Female,Daily,Daily (cigarette/bidi),No,26.3,No,High,Low,Urban,Moderate,1
34,Female,No,Never,Occasional,19.6,No,High,Moderate,Urban,High,0
46,Female,No,Never,Occasional,18.5,Yes,High,Moderate,Urban,Moderate,0
41,Male,No,Never,Occasional,26.3,No,Medium,High,Urban,High,0
39,Male,No,Never,No,28.7,No,Low,High,Urban,Low,0
71,Male,Occasionally,Daily (cigarette/bidi),Occasional,17.6,No,Medium,High,Urban,High,1
45,Male,No,Never,No,26.7,No,Medium,High,Urban,Moderate,0
29,Female,Daily,Daily (cigarette/bidi),No,27.7,No,Low,Low,Urban,Low,0
51,Male,Daily,Never,No,25.3,No,Low,Moderate,Urban,Moderate,0
75,Female,Occasionally,Never,Occasional,32.1,No,High,Low,Rural,Moderate,1
66,Female,No,Daily (cigarette/bidi),No,21.0,No,High,Moderate,Urban,High,1
43,Male,No,Never,No,28.1,Yes,Low,Moderate,Urban,High,0
39,Female,Daily,Occasional,Regular,22.7,No,Low,Low,Rural,High,1
61,Female,Daily,Daily (cigarette/bidi),No,20.8,No,Low,High,Urban,Moderate,1
61,Female,Daily,Daily (cigarette/bidi),No,23.8,Yes,Low,High,Urban,High,1
80,Female,No,Never,Regular,21.4,No,Medium,Low,Urban,High,0
77,Female,No,Never,No,25.7,No,High,Moderate,Urban,Low,0
57,Male,No,Never,Occasional,29.1,No,Low,High,Urban,Low,0
43,Female,No,Never,Regular,29.9,No,High,Low,Urban,High,0
72,Male,Occasionally,Never,No,19.7,No,Low,High,Urban,Low,0
84,Male,No,Never,Occasional,24.7,No,Medium,Moderate,Urban,Low,0
25,Female,Daily,Occasional,No,18.8,No,Medium,Low,Urban,Moderate,0
71,Male,No,Never,No,27.8,Yes,Medium,Low,Rural,Moderate,1
54,Female,No,Daily (cigarette/bidi),Regular,24.9,No,Medium,Moderate,Urban,Low,0
61,Male,No,Never,Regular,24.9,No,Low,High,Rural,Moderate,0
37,Male,No,Never,No,31.5,No,Medium,Low,Urban,High,0
48,Female,Daily,Daily (cigarette/bidi),No,22.6,Yes,Medium,Low,Urban,Moderate,1
63,Male,No,Daily (cigarette/bidi),Occasional,22.5,No,Medium,Low,Rural,High,1
42,Male,Daily,Never,No,29.1,No,Low,Low,Rural,Low,0
65,Female,No,Never,No,23.9,No,High,Low,Urban,High,0
77,Female,No,Daily (cigarette/bidi),Occasional,24.7,Yes,Low,High,Rural,Low,1
46,Male,No,Daily (cigarette/bidi),No,23.1,No,Medium,High,Urban,Moderate,0
28,Female,No,Daily (cigarette/bidi),No,21.4,No,Medium,Moderate,Rural,Low,0
50,Female,Daily,Occasional,No,21.2,No,Medium,Low,Rural,High,0
24,Female,No,Never,No,31.6,No,Low,Low,Urban,Moderate,0
45,Female,Occasionally,Never,No,24.4,No,Medium,High,Urban,Low,0
84,Male,No,Never,No,26.2,No,Medium,High,Rural,Low,0
48,Female,Occasionally,Never,Occasional,23.0,No,High,Low,Urban,High,1
39,Male,No,Never,No,28.4,No,Medium,Low,Urban,Low,0
59,Male,No,Daily (cigarette/bidi),No,16.1,No,High,Low,Rural,Low,0
85,Male,No,Occasional,Regular,23.0,No,Medium,Moderate,Urban,Low,1
63,Female,No,Never,No,26.4,No,Medium,Low,Urban,Low,0
69,Female,Occasionally,Never,No,20.9,No,High,High,Rural,High,1
63,Female,No,Daily (cigarette/bidi),No,23.2,No,High,High,Rural,High,1
34,Female,Daily,Never,No,28.2,No,High,Moderate,Rural,Moderate,0
41,Female,No,Never,No,29.3,No,Low,Moderate,Urban,Moderate,0
29,Male,Daily,Daily (cigarette/bidi),No,21.7,No,High,Low,Urban,Low,1
71,Female,No,Never,Regular,25.1,No,Medium,Low,Urban,Moderate,0
47,Female,Daily,Never,No,28.6,No,High,Low,Rural,Moderate,1
64,Male,Occasionally,Never,No,27.9,No,Low,Low,Rural,Low,0
30,Male,No,Never,Regular,26.9,Yes,High,High,Rural,Low,0
63,Female,No,Never,Occasional,21.9,No,Low,Moderate,Urban,High,0
44,Female,No,Never,Regular,22.2,No,Medium,Low,Urban,Moderate,0
47,Female,Daily,Never,No,26.4,No,High,Low,Rural,Moderate,1
32,Female,No,Never,Regular,26.4,No,Low,Moderate,Urban,Low,0
28,Male,No,Never,No,30.6,No,High,High,Rural,High,0
75,Male,No,Never,Occasional,27.0,No,Low,Low,Urban,High,0
53,Female,No,Never,No,21.1,No,Low,Low,Urban,Moderate,0
67,Female,Occasionally,Never,No,26.5,No,Medium,Low,Rural,Moderate,0
51,Male,Occasionally,Never,No,27.7,No,Medium,Moderate,Urban,Low,0
38,Male,Daily,Occasional,No,28.7,No,Medium,Moderate,Rural,High,0
64,Male,No,Never,No,27.2,No,Medium,Low,Rural,Moderate,0
30,Male,Daily,Never,No,22.0,No,Medium,Moderate,Rural,Moderate,0
30,Female,No,Never,No,26.4,No,Medium,Low,Urban,Moderate,0
70,Male,No,Never,Occasional,26.8,No,High,Moderate,Rural,Moderate,0
57,Male,No,Daily (cigarette/bidi),Occasional,26.7,No,High,Low,Urban,Moderate,1
77,Male,No,Never,No,24.5,No,Medium,High,Urban,Moderate,0
43,Male,No,Daily (cigarette/bidi),No,25.4,No,High,Low,Rural,Low,0
66,Female,No,Daily (cigarette/bidi),Regular,23.5,No,Low,High,Rural,Low,1
21,Female,No,Never,No,15.0,Yes,Medium,Low,Rural,High,0
63,Female,No,Never,No,26.0,Yes,Medium,High,Rural,High,0
19,Female,Daily,Never,Occasional,25.7,No,Medium,Moderate,Urban,Moderate,0
29,Male,Occasionally,Occasional,Occasional,28.0,No,High,High,Urban,High,0
77,Female,No,Occasional,Regular,32.0,No,Medium,Moderate,Urban,High,1
39,Male,Occasionally,Daily (cigarette/bidi),No,24.3,No,Medium,Low,Urban,Low,0
44,Male,No,Never,No,27.6,Yes,Medium,Moderate,Urban,High,0
83,Male,No,Daily (cigarette/bidi),No,21.6,No,Low,Moderate,Rural,High,1
32,Male,No,Never,No,26.9,No,Low,Moderate,Urban,Low,0
29,Male,Daily,Never,No,28.7,No,High,Moderate,Rural,High,0
72,Female,Occasionally,Never,Occasional,25.8,No,Medium,High,Urban,Low,0
36,Male,Daily,Never,No,28.3,No,High,Low,Urban,Low,0
42,Male,No,Never,Occasional,27.6,No,Medium,High,Rural,Moderate,0
42,Female,Occasionally,Never,Regular,23.1,No,Low,High,Urban,Moderate,0
50,Female,Daily,Never,Regular,25.8,No,High,Low,Urban,Moderate,1
60,Male,Occasionally,Never,No,24.7,No,Low,Moderate,Rural,Moderate,0
83,Female,No,Daily (cigarette/bidi),No,18.8,No,Medium,Low,Urban,Low,1
43,Female,No,Daily (cigarette/bidi),No,27.1,No,Low,Moderate,Urban,Moderate,0
79,Male,No,Daily (cigarette/bidi),No,18.5,No,High,Low,Rural,Moderate,1
45,Male,Daily,Daily (cigarette/bidi),Occasional,20.6,No,High,Low,Urban,Low,1
61,Male,No,Daily (cigarette/bidi),No,26.8,No,Medium,Moderate,Urban,High,0
78,Male,Daily,Occasional,No,24.6,No,Low,High,Rural,Moderate,1
67,Female,No,Daily (cigarette/bidi),No,23.0,No,Medium,Low,Urban,Low,1
35,Male,No,Never,No,27.0,Yes,Low,High,Urban,High,0
46,Female,No,Never,No,22.5,Yes,Medium,Moderate,Rural,Moderate,0
67,Female,Daily,Occasional,No,21.4,No,Medium,Moderate,Rural,High,1
42,Female,Daily,Daily (cigarette/bidi),No,20.8,No,High,High,Urban,High,1
25,Male,No,Never,No,24.7,No,Low,Moderate,Urban,Low,0
30,Female,No,Never,No,35.2,No,Low,Moderate,Urban,High,0
81,Female,Daily,Never,No,27.8,No,Medium,High,Rural,Moderate,1
52,Female,No,Daily (cigarette/bidi),Occasional,18.9,Yes,Medium,High,Urban,High,1
51,Female,No,Never,No,32.4,No,Medium,Low,Urban,Moderate,0
34,Male,No,Never,Regular,27.5,No,Low,Low,Rural,Moderate,0
48,Male,Occasionally,Occasional,No,27.5,No,Low,Moderate,Urban,Low,0
58,Male,Occasionally,Never,No,22.6,No,Medium,Moderate,Rural,Low,0
70,Male,Occasionally,Never,Regular,28.8,No,Medium,High,Urban,High,1
52,Male,Occasionally,Occasional,No,21.9,No,High,Low,Urban,Moderate,1
60,Male,No,Never,No,16.0,Yes,High,High,Urban,High,0
85,Male,No,Occasional,No,21.2,No,Medium,High,Urban,High,0
40,Female,No,Never,No,15.0,No,Medium,Moderate,Rural,High,0
49,Male,Occasionally,Never,No,21.9,No,High,Moderate,Urban,High,0
26,Female,No,Never,No,25.3,No,Low,Low,Rural,Low,0
53,Male,No,Never,No,26.5,No,Medium,Moderate,Rural,High,0
74,Male,Occasionally,Daily (cigarette/bidi),No,28.1,No,High,Low,Urban,High,1
49,Female,No,Daily (cigarette/bidi),No,21.0,No,Medium,Moderate,Rural,Moderate,0
39,Female,No,Occasional,Occasional,28.1,Yes,Medium,High,Rural,High,0
23,Male,No,Never,No,21.8,No,Medium,Moderate,Rural,Moderate,0
20,Male,Occasionally,Occasional,No,20.2,No,Low,High,Rural,High,0
28,Female,No,Occasional,No,22.1,Yes,Medium,Low,Rural,Low,0
46,Male,Daily,Never,No,24.6,No,Low,High,Urban,Moderate,0
76,Male,Occasionally,Never,No,27.7,No,Medium,Moderate,Urban,Moderate,0
62,Female,No,Never,Occasional,25.6,No,Low,Moderate,Rural,Moderate,0
29,Female,Occasionally,Never,No,20.8,No,Medium,Low,Urban,Low,0
26,Female,No,Never,No,22.8,No,High,Low,Urban,Moderate,0
77,Female,No,Never,No,21.9,No,Medium,Moderate,Urban,Moderate,0
49,Female,Occasionally,Occasional,Occasional,24.4,No,High,Low,Rural,Low,0
69,Male,No,Occasional,Occasional,17.4,No,Medium,Low,Urban,Low,0
58,Female,No,Never,Regular,21.9,No,Medium,Low,Urban,High,0
64,Female,No,Occasional,No,23.1,No,High,High,Urban,Moderate,0
79,Male,Occasionally,Daily (cigarette/bidi),No,27.6,No,Medium,High,Rural,Moderate,1
47,Male,Occasionally,Daily (cigarette/bidi),No,25.1,No,High,High,Urban,Low,0
44,Male,Daily,Never,No,24.6,Yes,Medium,High,Urban,Low,0
43,Female,No,Occasional,No,27.9,No,Low,High,Urban,Low,0
32,Male,No,Never,No,21.0,Yes,High,High,Rural,High,0
43,Male,No,Occasional,No,26.3,No,Low,Low,Rural,Moderate,0
30,Female,No,Never,Regular,29.7,No,Low,Low,Rural,Low,0
24,Female,No,Never,No,20.7,No,Low,Moderate,Urban,Moderate,0
58,Female,No,Occasional,No,15.0,No,High,High,Urban,High,0
65,Female,No,Occasional,No,27.9,No,Low,Moderate,Rural,Moderate,0
75,Female,No,Never,No,24.9,No,Medium,Low,Urban,Low,0
37,Female,Daily,Never,No,19.1,No,High,Low,Urban,Moderate,0
30,Male,No,Never,Regular,19.7,Yes,Low,Low,Rural,Low,0
52,Male,Occasionally,Daily (cigarette/bidi),No,20.1,No,Low,Low,Urban,High,0
70,Female,Daily,Daily (cigarette/bidi),No,33.4,No,High,Low,Rural,Low,1
28,Male,No,Never,Occasional,25.7,No,High,Moderate,Rural,Moderate,0
18,Male,No,Never,No,25.8,No,Medium,High,Urban,Moderate,0
21,Female,Occasionally,Never,No,25.1,No,High,Moderate,Urban,High,0
32,Female,No,Never,No,30.6,No,Medium,Moderate,Urban,Low,0
41,Male,Daily,Never,No,29.8,No,Low,Moderate,Urban,Moderate,0
49,Male,Occasionally,Occasional,No,28.3,No,Medium,High,Urban,High,0
34,Male,No,Never,No,19.5,No,Medium,Moderate,Rural,High,0
41,Male,No,Never,Occasional,19.3,No,Low,Low,Urban,High,0
78,Female,No,Occasional,Regular,23.3,No,High,Moderate,Rural,High,0
85,Female,No,Occasional,No,23.7,No,Medium,Low,Rural,Low,0
60,Male,No,Never,No,23.1,No,High,Moderate,Rural,High,0
83,Male,No,Never,No,26.5,No,Medium,Moderate,Rural,Low,0
79,Female,Occasionally,Never,No,23.7,No,Medium,High,Urban,Low,0
77,Female,No,Never,No,22.0,No,Medium,Moderate,Rural,High,0
79,Female,No,Never,No,28.2,No,High,Low,Rural,Low,0
26,Male,Daily,Occasional,No,27.8,No,Low,Moderate,Urban,Low,0
68,Female,No,Never,Occasional,25.5,No,High,Low,Rural,Moderate,1
20,Female,No,Daily (cigarette/bidi),No,25.0,Yes,High,Low,Urban,High,0
21,Female,No,Never,Occasional,22.6,Yes,Low,Moderate,Urban,Low,0
55,Male,Daily,Never,No,18.0,No,High,Moderate,Urban,Low,0
27,Female,No,Never,No,30.2,No,Medium,High,Rural,Low,0
54,Female,Daily,Occasional,No,28.9,No,Medium,High,Rural,Moderate,1
52,Male,No,Never,No,20.4,No,Medium,Low,Urban,High,0
38,Male,No,Never,No,24.2,No,Medium,Moderate,Urban,Low,0
54,Male,No,Occasional,Regular,26.3,Yes,High,Moderate,Urban,Moderate,0
38,Female,Daily,Daily (cigarette/bidi),No,16.9,No,Medium,Low,Rural,High,1
70,Female,No,Never,No,23.7,No,Low,Low,Urban,Moderate,0
30,Male,No,Occasional,No,26.8,Yes,Medium,High,Urban,Low,0
38,Female,No,Daily (cigarette/bidi),No,20.5,No,Low,Moderate,Urban,Moderate,0
18,Male,Occasionally,Never,No,21.0,Yes,High,Low,Urban,Moderate,0
79,Female,No,Never,No,25.4,Yes,Medium,High,Urban,Moderate,0
58,Female,Daily,Never,Occasional,22.2,No,Low,Low,Rural,Moderate,1
82,Female,No,Never,Regular,27.7,No,High,Low,Urban,High,1
67,Male,No,Never,No,27.0,No,Medium,Low,Rural,Low,0
80,Male,No,Never,Occasional,15.0,No,High,Moderate,Rural,High,1
22,Male,No,Never,No,22.0,No,Medium,Moderate,Urban,Low,0
78,Male,Daily,Never,No,24.3,No,Medium,Low,Urban,Moderate,1
32,Male,No,Never,No,24.3,No,High,Moderate,Rural,High,0
68,Female,Daily,Never,Occasional,21.3,Yes,Medium,Moderate,Urban,Low,1
21,Male,No,Daily (cigarette/bidi),No,28.9,No,Low,Low,Urban,Moderate,0
24,Female,Daily,Never,No,15.1,No,Medium,Low,Rural,Low,0
77,Female,No,Never,Regular,26.2,No,Medium,High,Rural,Low,0
38,Female,No,Never,No,23.6,Yes,Low,Moderate,Urban,Moderate,0
39,Female,No,Daily (cigarette/bidi),No,29.2,No,Medium,Low,Urban,Low,0
49,Male,No,Never,No,22.5,No,Low,Low,Rural,Moderate,0
51,Female,Daily,Never,No,19.7,No,High,High,Rural,High,0
19,Female,No,Occasional,No,28.1,No,Low,Low,Rural,Low,0
61,Male,Daily,Never,No,26.5,No,Medium,Low,Rural,Moderate,1
29,Male,Daily,Never,Occasional,24.2,No,Medium,Low,Urban,Moderate,0
84,Female,No,Never,No,21.9,No,Low,Low,Rural,High,0
70,Male,Occasionally,Never,No,27.8,Yes,High,Low,Urban,Moderate,1
49,Female,No,Daily (cigarette/bidi),No,22.0,No,Medium,Moderate,Urban,Moderate,0
25,Female,Occasionally,Daily (cigarette/bidi),No,16.6,No,High,Low,Rural,Low,0
44,Female,No,Never,No,27.4,No,High,Low,Rural,Moderate,0
38,Female,No,Never,Occasional,34.6,No,High,High,Rural,Low,0
79,Female,No,Never,Occasional,27.5,No,High,Moderate,Rural,High,1
46,Female,No,Never,No,26.5,No,Medium,Moderate,Urban,Moderate,0
21,Male,Daily,Daily (cigarette/bidi),No,36.3,No,Low,Low,Urban,Moderate,1
27,Female,No,Never,No,18.4,No,Low,Moderate,Urban,Moderate,0
21,Female,No,Occasional,No,29.1,No,Medium,Low,Rural,Moderate,0
34,Male,No,Never,No,18.9,No,Medium,Low,Urban,High,0
