city,month,temp_c,humidity,pressure_hpa,wind_kmph,cloud_cover,rain_today_mm,rain_tomorrow
Guwahati,Jan,15.9,79.1,1009.3,13.0,35.5,0.0,0
Kochi,Sep,28.8,100.0,1004.7,14.9,61.9,0.0,1
Jaipur,Mar,23.5,35.1,1008.8,1.0,47.1,0.1,0
Ahmedabad,Mar,27.1,43.9,1008.0,10.8,36.0,0.9,0
Kolkata,Nov,19.9,68.8,1012.8,9.1,13.6,0.0,0
Hyderabad,Aug,27.3,59.2,1006.6,13.8,65.6,2.3,1
Chennai,Apr,30.9,64.9,1012.6,13.7,11.5,3.3,0
Chennai,Jul,37.1,70.4,1006.2,19.7,41.0,0.0,0
Chennai,Jul,36.5,70.1,1010.7,6.0,48.2,0.0,0
Guwahati,Jun,25.4,91.7,1003.5,17.2,65.1,0.0,1
Bengaluru,Feb,18.7,60.1,1009.7,7.2,18.8,0.0,0
Jaipur,Jun,32.6,43.1,1001.8,9.2,0.5,0.0,0
Kolkata,Apr,24.4,65.6,1010.8,7.7,34.4,0.0,0
Pune,May,27.2,62.2,1011.0,4.7,33.3,1.1,0
Chennai,Jul,40.9,79.7,1010.6,19.9,43.5,0.3,0
Kolkata,Nov,22.5,58.2,1012.5,12.6,0.0,0.8,0
Pune,Jan,19.2,54.3,1006.6,20.0,12.7,0.0,0
Chennai,Jan,26.2,83.3,1008.9,20.2,8.2,0.0,0
Pune,Jul,28.7,80.5,1009.7,17.7,80.9,23.4,1
Hyderabad,Nov,24.3,36.4,1010.9,13.1,7.6,0.0,0
Mumbai,Sep,28.6,86.8,1006.2,14.1,61.9,10.0,1
Lucknow,May,26.9,60.0,1006.5,11.3,36.2,0.0,0
Lucknow,Aug,32.1,67.4,1004.1,15.4,68.3,11.9,1
Mumbai,Jan,21.0,66.9,1011.1,20.5,31.2,0.0,0
Jaipur,Apr,27.3,36.6,1008.5,13.2,27.8,0.0,0
Kochi,Dec,22.0,94.8,1014.9,5.7,32.9,0.0,0
Kolkata,Sep,27.6,96.8,1003.0,35.8,94.8,0.0,1
Ahmedabad,Oct,28.4,40.0,1007.0,11.6,17.1,0.0,0
Ahmedabad,Feb,22.0,67.8,1011.7,3.9,55.6,0.1,0
Ahmedabad,Apr,29.1,46.4,1010.9,16.5,34.9,0.0,0
Guwahati,Dec,20.8,71.7,1009.1,4.6,53.6,2.1,0
Guwahati,Mar,22.0,72.3,1011.6,21.2,20.9,0.0,0
Mumbai,Aug,29.1,100.0,1006.5,11.6,100.0,0.1,1
Jaipur,Jan,19.3,33.8,1016.6,22.5,22.5,0.0,0
Guwahati,Mar,22.3,58.8,1009.7,5.3,24.8,0.0,0
Ahmedabad,Mar,24.6,43.7,1013.0,15.8,10.4,0.0,0
Chennai,Dec,16.1,93.9,1006.1,14.3,65.5,19.3,1
Chennai,Aug,36.1,62.2,1006.9,15.5,30.1,0.2,0
Guwahati,Nov,20.5,59.2,1012.1,1.9,18.2,0.0,0
Ahmedabad,Sep,28.9,59.5,1013.9,21.6,27.3,0.0,0
Ahmedabad,Sep,27.5,49.4,1009.7,5.3,45.7,0.0,0
Hyderabad,Dec,23.8,74.2,1010.9,22.8,23.9,0.0,0
Kolkata,Sep,27.0,100.0,1005.7,9.0,79.1,18.0,1
Delhi,Sep,28.8,57.9,1011.6,19.2,34.7,29.8,0
Pune,Dec,20.7,57.7,1006.0,6.8,20.7,0.0,0
Jaipur,Sep,25.1,37.2,1009.1,12.5,21.0,0.0,0
Kochi,Nov,22.8,72.8,1010.5,13.2,29.8,0.0,0
Kolkata,Dec,22.8,82.3,1008.3,6.4,26.8,0.0,0
Jaipur,Mar,24.3,44.3,1007.7,14.7,16.1,0.0,0
Jaipur,Jan,19.2,41.1,1010.8,14.5,37.6,0.0,0
Jaipur,Apr,25.8,42.9,1006.5,2.9,15.8,0.0,0
Delhi,Jun,30.4,59.1,1005.2,13.1,14.4,2.6,0
Lucknow,Mar,19.2,54.3,1008.9,19.7,20.1,0.0,0
Jaipur,Apr,28.5,40.1,1006.5,21.8,27.3,0.0,0
Bengaluru,Aug,28.9,81.7,1004.5,24.4,56.3,0.0,0
Delhi,Jun,31.8,39.3,1014.5,9.6,30.1,0.0,0
Jaipur,Aug,28.2,70.8,1003.4,27.7,61.7,3.8,1
Kolkata,Dec,18.3,70.0,1008.9,5.4,38.5,0.0,0
Kochi,Jan,22.3,78.0,1008.6,15.6,31.8,0.0,0
Hyderabad,Oct,27.0,59.7,1012.1,11.0,43.7,0.0,0
Pune,Mar,21.0,61.2,1016.7,20.7,8.5,0.0,0
Bengaluru,Dec,18.6,56.9,1006.0,13.9,25.8,0.0,0
Hyderabad,Jan,20.0,59.9,1004.8,19.3,1.3,0.0,0
Mumbai,Jul,31.3,91.1,1001.6,27.4,85.1,4.5,1
Chennai,Nov,21.4,100.0,1005.9,20.9,98.6,0.0,1
Guwahati,Oct,24.3,83.4,1013.2,14.8,56.1,0.0,0
Hyderabad,Apr,26.5,59.3,1013.7,9.5,0.0,0.3,0
Kolkata,Mar,23.4,77.7,1008.2,21.0,33.0,0.0,0
Chennai,Jul,38.0,63.1,1011.5,15.4,22.7,0.0,0
Bengaluru,Nov,19.5,73.2,1008.0,3.3,23.7,0.0,0
Kochi,Jul,30.8,99.6,1007.4,25.5,73.8,3.4,1
Kochi,Nov,24.9,64.6,1001.5,6.5,39.3,0.0,0
Delhi,Mar,18.3,51.2,1005.0,21.9,21.4,4.0,0
Guwahati,Apr,28.2,63.9,1011.1,6.4,26.7,0.0,0
Lucknow,Jun,30.0,46.5,1003.1,0.9,0.0,0.8,0
Kolkata,Feb,19.7,73.9,1012.0,11.0,15.4,0.0,0
Lucknow,Jan,15.6,51.7,1014.5,9.0,46.0,0.0,0
Hyderabad,Aug,32.3,65.9,1002.3,15.6,53.9,0.5,0
Ahmedabad,Jan,22.5,32.8,1005.9,12.6,7.7,0.0,0
Delhi,May,27.1,43.9,1006.6,13.0,10.6,0.0,0
Hyderabad,Apr,30.4,57.2,1016.8,30.7,38.5,0.0,0
Kolkata,Sep,28.0,92.9,1005.2,13.1,82.5,18.5,1
Lucknow,Sep,25.5,71.0,1007.6,10.4,54.3,2.1,0
Guwahati,Jan,21.3,75.0,1011.4,3.7,31.5,1.3,0
Hyderabad,Sep,28.4,73.9,1004.0,9.1,48.6,0.0,0
Guwahati,Oct,28.2,88.3,1006.4,14.3,33.8,0.3,0
Kolkata,May,33.0,51.6,1007.5,8.2,8.1,0.0,0
Kochi,Apr,27.6,80.1,1009.3,17.0,50.2,0.0,0
Pune,Aug,29.1,59.9,1006.9,15.6,96.1,0.0,1
Guwahati,Jan,14.1,77.2,1014.2,15.8,53.9,0.0,0
Pune,Sep,28.3,82.0,1001.3,17.3,60.0,17.7,0
Guwahati,Jun,28.0,100.0,1009.6,14.1,75.4,0.0,1
Lucknow,Mar,22.7,60.1,1006.2,2.3,34.0,0.0,0
Hyderabad,Jan,18.1,61.7,1011.0,28.4,0.0,0.0,0
Ahmedabad,Oct,26.5,61.0,1012.0,32.8,58.2,0.0,0
Kochi,Apr,27.9,93.4,1012.0,9.5,11.9,0.7,0
Kochi,Jun,30.9,100.0,1005.3,35.0,76.2,11.1,0
Hyderabad,Jul,31.1,57.1,1008.5,8.3,41.9,22.6,0
Pune,Mar,22.3,58.7,1006.6,6.6,11.1,0.0,0
Delhi,Feb,20.0,61.0,1011.6,18.8,7.6,0.0,0
Mumbai,Dec,23.1,81.2,1008.4,6.7,23.4,0.0,0
Lucknow,Apr,28.0,62.5,1013.9,13.4,30.9,0.0,0
Lucknow,Dec,20.3,43.8,1008.5,6.1,29.1,0.0,0
Pune,Dec,18.3,38.2,1015.7,3.5,31.2,0.0,0
Bengaluru,Mar,20.5,53.0,1008.7,8.7,42.5,0.0,0
Ahmedabad,Mar,26.0,46.0,1007.3,15.0,39.9,0.0,0
Lucknow,Oct,26.1,53.0,1013.2,8.2,10.7,0.0,0
Lucknow,Feb,21.1,59.4,1010.1,12.4,18.2,0.0,0
Ahmedabad,Feb,22.1,40.4,1012.4,5.8,0.0,0.0,0
Chennai,Jul,38.4,60.4,1014.7,4.1,4.1,0.0,0
Hyderabad,Mar,23.9,47.1,1009.4,16.7,34.7,0.0,0
Hyderabad,Sep,30.0,72.1,1003.0,14.7,77.6,2.1,0
Chennai,Dec,17.8,88.9,1005.7,12.2,95.3,0.0,1
Kochi,Aug,33.4,98.6,1001.7,19.1,93.4,0.0,1
Hyderabad,Mar,22.2,56.6,1006.0,12.0,19.6,0.0,0
Pune,May,28.0,59.0,1005.0,9.1,2.6,2.4,0
Hyderabad,May,33.2,60.6,1009.8,7.2,36.1,0.0,0
Hyderabad,May,28.4,53.2,1007.5,20.3,21.4,0.0,0
Lucknow,Jul,30.5,81.7,1002.9,12.7,69.1,0.0,1
Lucknow,Oct,21.4,43.1,1011.0,7.5,14.2,0.0,0
Mumbai,Jul,31.8,80.6,1003.4,29.2,74.8,11.6,0
Hyderabad,Mar,25.2,54.0,1009.9,27.2,26.9,0.0,0
Chennai,Apr,30.5,55.2,1007.1,22.4,25.2,0.0,0
Guwahati,Sep,26.3,100.0,1009.0,16.5,67.9,9.1,0
Ahmedabad,Oct,31.5,46.3,1008.8,8.2,8.1,0.0,0
Jaipur,Aug,25.0,55.2,1006.4,15.2,51.8,42.5,0
Pune,Oct,23.4,49.9,1013.1,10.5,32.5,0.0,0
Kochi,Feb,21.7,82.0,1011.9,15.2,45.2,4.8,0
Lucknow,Jul,28.6,70.7,1006.6,28.1,62.0,3.7,1
Mumbai,Sep,25.4,86.7,996.7,22.7,64.7,0.5,1
Hyderabad,May,32.8,60.7,1016.2,11.6,24.5,0.0,0
Pune,May,33.2,56.4,1015.1,22.4,17.9,0.0,0
Kochi,Feb,23.7,80.3,1008.4,8.0,36.7,0.0,0
Guwahati,Jul,28.4,90.8,1006.0,15.3,76.4,0.0,0
Pune,Jan,19.6,56.4,1009.8,18.0,11.7,0.0,0
Hyderabad,Jun,34.7,73.9,1008.0,4.3,17.4,1.6,0
Jaipur,Jan,23.9,39.0,1005.8,6.5,20.8,0.0,0
Kolkata,Jul,33.9,100.0,1007.1,46.0,91.9,7.5,1
Jaipur,Aug,31.4,52.4,1005.4,9.6,82.4,6.1,0
Chennai,Dec,19.2,81.7,1007.6,24.0,100.0,0.0,1
Mumbai,Oct,29.3,84.8,1012.7,21.1,43.5,0.0,0
Delhi,May,25.4,68.0,1009.7,7.9,44.0,0.0,0
Lucknow,Aug,29.7,88.2,1004.2,17.3,65.9,2.4,0
Jaipur,Apr,31.4,42.5,1013.4,16.2,0.0,0.0,0
Kolkata,Mar,20.0,72.6,1009.2,6.5,10.7,0.0,0
Hyderabad,Feb,19.0,44.2,1011.9,8.4,25.4,0.0,0
Ahmedabad,Jun,35.2,41.8,1012.3,13.4,15.1,0.0,0
Mumbai,Dec,21.5,57.0,1011.1,4.9,3.8,0.0,0
Jaipur,Jan,22.9,43.2,1010.9,13.0,25.1,0.0,0
Kolkata,Apr,26.7,74.5,1011.2,12.7,42.0,5.0,0
Chennai,May,34.7,84.4,1005.1,11.9,10.8,8.2,0
Bengaluru,Mar,19.9,74.8,1014.7,12.8,3.0,0.0,0
Hyderabad,May,30.8,48.7,1006.9,7.3,9.1,0.0,0
Lucknow,Dec,18.2,68.9,1009.3,4.0,31.2,0.0,0
Bengaluru,Jun,29.6,59.7,1008.9,9.6,50.5,1.0,0
Mumbai,Jun,30.3,100.0,1006.3,38.3,74.5,3.9,1
Delhi,Jul,25.6,70.0,1002.3,11.6,75.3,14.1,1
Delhi,Dec,18.1,52.5,1009.0,15.5,52.5,0.0,0
Delhi,May,26.8,48.4,1012.2,7.9,36.0,0.0,0
Ahmedabad,Sep,28.2,52.4,1003.1,12.2,21.1,2.1,0
Kolkata,Jul,25.1,100.0,996.0,11.5,100.0,10.6,1
Hyderabad,Sep,26.5,73.4,1004.1,29.2,46.7,0.0,1
Bengaluru,Sep,24.9,76.1,1002.6,17.9,68.7,1.1,0
Kolkata,Aug,29.2,100.0,1002.3,18.6,89.5,39.0,1
Mumbai,Jun,32.9,73.3,1005.4,27.8,79.1,8.5,0
Kolkata,Mar,25.8,72.8,1011.2,12.8,23.3,0.1,0
Kolkata,Dec,23.0,78.0,1004.6,21.5,9.3,0.0,0
Ahmedabad,Mar,25.4,56.8,1011.4,27.2,42.4,0.0,0
Lucknow,Dec,21.8,52.5,1009.1,1.9,24.4,0.0,0
Jaipur,Jan,19.3,31.2,1011.5,12.2,5.8,0.0,0
Mumbai,Jan,17.5,68.3,1013.4,15.3,51.8,0.3,0
Guwahati,Dec,21.4,84.4,1010.9,4.7,20.0,0.0,0
Chennai,Jun,36.6,79.4,1006.8,8.0,18.6,0.0,0
Lucknow,Jun,35.9,56.9,1012.3,8.9,0.1,0.0,0
Guwahati,Jul,26.0,100.0,1000.8,25.0,98.7,8.0,1
Delhi,Apr,29.8,53.6,1008.5,14.1,42.2,1.7,0
Pune,Apr,29.7,45.1,1006.7,19.0,22.8,0.0,0
Kolkata,Dec,20.7,77.7,1012.6,6.1,36.2,0.0,0
Delhi,Aug,26.8,84.9,1003.6,23.0,85.5,0.0,1
Kochi,Apr,28.1,68.2,1015.1,10.8,26.7,5.8,0
Pune,Jul,28.7,85.2,1010.4,13.5,62.5,10.3,0
Jaipur,Apr,28.4,35.5,1007.8,8.4,19.6,4.0,0
Hyderabad,Oct,27.6,53.3,1003.9,15.8,43.2,0.0,0
Chennai,Feb,24.1,71.8,1012.4,19.5,58.6,0.0,0
Kochi,Dec,22.2,86.2,1005.2,5.5,39.9,0.0,0
Pune,May,30.0,46.2,1011.2,20.0,29.6,0.0,0
Guwahati,Jun,26.2,100.0,1010.7,17.1,66.7,15.6,1
Delhi,Oct,22.8,52.5,1002.4,11.9,29.1,0.0,0
Mumbai,Dec,20.6,52.6,1011.6,18.2,15.6,0.0,0
Lucknow,Feb,19.5,61.6,1014.9,14.8,30.3,0.0,0
Lucknow,Aug,27.7,68.4,1003.3,13.2,46.7,0.0,0
Jaipur,Dec,16.3,44.8,1006.1,3.5,15.4,0.0,0
Bengaluru,May,27.0,68.2,1010.2,15.8,59.0,4.6,0
Guwahati,Nov,20.7,68.2,1012.6,19.1,46.3,0.0,0
Mumbai,May,32.5,58.4,1014.3,18.1,30.5,0.7,0
Kolkata,Nov,21.9,65.5,1008.2,18.6,46.6,1.7,0
Ahmedabad,Jan,22.1,37.5,1010.0,10.3,0.0,0.0,0
Lucknow,Dec,18.0,69.0,1011.5,26.1,8.9,0.6,0
Kolkata,Apr,26.7,62.6,1011.1,18.4,60.7,0.0,0
Ahmedabad,Jul,31.1,50.9,1000.5,15.6,76.7,11.9,1
Ahmedabad,Apr,28.9,34.5,1009.3,5.5,1.3,1.1,0
Kolkata,Sep,21.9,100.0,1006.2,26.8,100.0,39.3,1
Mumbai,Jan,21.7,65.2,1007.8,6.1,33.8,0.0,0
Kochi,Sep,25.6,85.0,1005.8,13.2,76.5,15.7,1
Jaipur,Mar,20.5,41.6,1011.0,20.0,41.6,1.9,0
Chennai,Sep,34.9,66.3,1013.4,21.0,17.4,0.0,0
Ahmedabad,Aug,30.2,57.0,1006.0,16.5,67.0,0.0,0
Mumbai,Jan,23.2,61.6,1008.2,13.4,26.2,0.0,0
Hyderabad,May,30.8,59.2,1006.5,22.0,58.3,0.0,0
Ahmedabad,Jan,21.2,50.4,1013.7,29.0,18.7,0.0,0
Kochi,Jun,29.7,100.0,1001.5,11.7,90.1,0.6,1
Jaipur,Nov,19.3,38.6,1012.1,3.2,4.0,0.0,0
Lucknow,Mar,19.7,52.3,1015.4,4.6,25.4,2.4,0
Guwahati,Jun,27.1,100.0,1001.9,8.4,80.8,4.1,1
Guwahati,Jan,15.4,80.0,1013.7,10.6,22.3,0.0,0
Bengaluru,Apr,23.6,50.9,1016.5,10.4,13.1,0.0,0
Lucknow,Feb,22.1,64.6,1008.7,16.9,17.4,4.5,0
Hyderabad,Mar,23.8,63.3,1007.8,12.0,39.0,0.0,0
Delhi,Oct,24.7,43.3,1011.8,8.7,33.7,0.0,0
Kolkata,Nov,22.4,73.8,1011.5,9.3,45.5,0.0,0
Guwahati,Nov,19.9,72.0,1007.3,6.2,8.5,0.0,0
Ahmedabad,Dec,21.7,52.8,1008.9,3.7,8.6,1.1,0
Lucknow,Dec,21.4,53.7,1009.1,6.7,28.5,0.8,0
Mumbai,Apr,29.9,60.0,1011.6,11.1,19.4,1.1,0
Lucknow,Aug,29.5,94.7,1004.5,12.5,81.5,9.5,0
Kolkata,Oct,27.6,83.4,1008.4,12.9,76.0,0.0,1
Jaipur,Jul,30.3,66.7,1005.3,19.8,62.9,2.0,0
Kolkata,Feb,20.7,84.0,1010.9,3.2,40.7,0.0,0
Hyderabad,Aug,29.1,67.0,1008.8,15.3,67.9,3.5,0
Mumbai,Jun,27.4,100.0,1006.4,28.7,77.7,0.0,1
Guwahati,Sep,24.2,100.0,1006.5,23.1,75.1,10.2,1
Kolkata,Sep,26.5,95.3,1002.3,35.5,91.7,9.6,1
Delhi,May,31.3,32.9,1014.4,20.9,19.1,0.0,0
Pune,Dec,20.8,52.0,1009.8,13.8,26.8,0.0,0
Kolkata,Mar,23.4,86.6,1006.4,23.4,37.9,0.0,1
Kolkata,Jun,30.5,100.0,1003.7,17.5,79.9,0.0,1
Lucknow,Oct,24.8,35.6,1014.2,8.0,0.9,0.0,0
Delhi,Jan,17.8,34.7,1008.0,6.4,24.9,0.0,0
Bengaluru,May,29.0,72.1,1006.9,6.5,62.1,0.0,0
Mumbai,Dec,20.5,64.3,1012.0,11.0,7.4,0.2,0
Pune,Jan,21.9,34.2,1008.1,16.9,8.0,0.7,0
Kolkata,Aug,31.7,94.0,1004.4,19.8,96.9,32.7,1
Kochi,Feb,20.3,86.3,1009.9,6.3,41.8,0.0,0
Delhi,Jun,32.7,60.7,1010.0,11.0,49.5,0.3,0
Kochi,May,29.5,97.0,1004.7,12.4,56.0,4.9,0
Kochi,Jan,17.3,92.9,1010.3,8.0,81.4,0.0,1
Hyderabad,May,33.0,51.9,1007.1,3.9,24.1,1.7,0
Kochi,Nov,24.0,69.4,1007.8,11.5,8.0,1.9,0
Jaipur,Oct,28.7,57.9,1010.9,4.7,24.8,0.6,0
Kochi,Oct,25.2,90.9,1007.7,22.9,88.6,2.1,1
Mumbai,Apr,29.5,72.3,1011.3,5.9,26.7,0.0,0
Mumbai,Jun,31.3,100.0,1007.8,9.0,100.0,0.0,1
Guwahati,Nov,24.3,85.4,1005.7,5.4,56.3,3.8,0
Guwahati,Dec,17.6,77.0,1009.4,2.8,13.9,0.1,0
Lucknow,Feb,23.7,49.2,1013.9,9.8,22.5,0.0,0
Kochi,Jun,27.7,100.0,1004.0,14.6,85.2,10.3,1
Mumbai,Nov,25.9,60.5,1006.7,19.7,25.1,0.0,0
Kolkata,Mar,24.5,77.6,1006.0,12.8,18.1,0.0,0
Guwahati,Sep,27.7,100.0,1003.7,13.4,99.5,3.5,1
Jaipur,Jan,21.9,46.7,1009.3,20.2,29.4,0.0,0
Lucknow,Sep,25.0,50.5,1009.8,7.7,59.6,0.6,0
Ahmedabad,Aug,32.2,55.9,1004.3,11.8,52.0,6.0,1
Ahmedabad,Jan,19.7,50.8,1011.6,11.4,47.3,0.0,0
Bengaluru,Sep,21.1,85.4,1005.1,15.5,67.4,10.6,1
Chennai,May,34.8,69.3,1011.2,7.2,48.4,0.0,0
Chennai,Jan,21.2,73.7,1013.8,13.9,49.0,0.0,0
Lucknow,Sep,28.4,62.2,1007.5,10.1,37.9,0.0,0
Ahmedabad,May,27.2,53.1,1003.8,7.7,30.7,0.0,0
Bengaluru,Apr,24.5,59.4,1012.2,4.9,41.3,0.0,0
Hyderabad,May,28.4,62.6,1011.3,19.4,7.5,0.0,0
Hyderabad,Oct,24.3,73.8,1004.9,7.1,30.3,0.0,0
Chennai,Dec,21.4,88.7,1003.6,17.9,73.4,55.0,1
Kochi,Dec,25.8,90.1,1010.4,14.1,59.3,0.0,0
Lucknow,Mar,21.8,43.1,1011.0,8.1,0.0,1.1,0
Kolkata,Jan,21.2,62.6,1005.5,10.2,9.8,0.0,0
Guwahati,Aug,27.5,100.0,1007.6,13.4,100.0,0.9,1
Kochi,Aug,29.8,96.6,1009.4,18.4,100.0,16.0,1
Chennai,Nov,21.5,100.0,1003.7,28.5,77.3,17.0,1
Mumbai,Feb,23.6,57.5,1004.2,5.6,6.5,0.0,0
Hyderabad,Sep,30.0,73.8,1007.5,23.9,66.0,15.8,1
Ahmedabad,Sep,30.5,55.2,1009.0,23.0,38.8,0.0,0
Ahmedabad,Feb,22.2,62.8,1011.2,9.4,54.2,5.7,0
Guwahati,Jan,18.8,63.0,1013.2,6.5,14.2,0.0,0
Kolkata,Jan,19.9,74.3,1013.8,12.3,38.5,0.0,0
Kochi,Apr,29.9,63.5,1004.6,8.3,37.9,0.0,0
Delhi,Sep,25.1,56.5,1003.5,16.8,27.7,28.2,1
Kolkata,Apr,29.2,61.9,1010.5,4.1,29.6,0.0,0
Hyderabad,Aug,30.4,60.8,1001.0,8.4,68.6,3.3,1
Hyderabad,Nov,20.3,46.5,1009.6,14.5,0.0,0.0,0
Jaipur,Apr,28.2,47.0,1009.6,3.4,30.3,0.0,0
Bengaluru,Jul,28.4,67.9,1005.3,8.5,55.7,1.2,0
Delhi,May,27.6,39.9,1011.8,6.8,28.4,6.3,0
Lucknow,Apr,23.2,48.9,1013.0,14.8,20.9,1.3,0
Ahmedabad,Jul,34.9,63.1,1005.5,15.2,74.3,6.8,0
Chennai,Jul,35.0,71.6,1010.8,10.2,37.4,0.0,0
Mumbai,Oct,28.8,65.2,1008.4,6.1,39.5,0.2,0
Jaipur,May,28.0,51.5,1011.9,16.3,0.0,0.2,0
Bengaluru,May,29.8,68.4,1009.2,11.2,55.4,0.0,0
Jaipur,Feb,24.9,29.7,1003.2,10.2,26.2,0.0,0
Lucknow,Mar,28.1,48.5,1004.9,2.9,24.4,3.0,0
Mumbai,Nov,25.7,71.4,1010.7,15.0,28.2,0.0,0
Pune,Apr,25.8,51.2,1013.2,6.9,5.2,0.0,0
Delhi,Jan,15.5,49.3,1009.2,5.6,47.2,0.0,0
Guwahati,Sep,21.3,85.0,1006.6,10.9,80.9,3.5,0
Bengaluru,Sep,19.6,91.3,1008.1,15.6,82.3,2.9,1
Mumbai,Aug,30.3,95.1,1005.1,13.3,74.6,0.1,1
Kolkata,Mar,23.6,80.2,1010.0,26.0,27.3,0.0,0
Pune,Jul,28.3,70.9,1007.0,18.4,88.1,0.0,1
Ahmedabad,Aug,32.5,79.0,1002.0,10.5,91.6,0.0,1
Pune,Aug,29.4,78.5,1002.4,20.3,58.1,9.0,1
Hyderabad,Feb,20.2,65.9,1009.3,3.9,0.0,0.0,0
Jaipur,Sep,33.9,64.9,1003.7,22.2,34.7,0.0,0
Mumbai,May,27.9,74.3,1013.8,10.2,35.4,0.0,0
Bengaluru,Jun,28.3,82.0,1002.6,16.7,54.7,0.0,1
Guwahati,Apr,26.0,69.0,1011.8,19.0,24.1,0.7,0
Delhi,Apr,23.0,47.0,1010.7,6.3,23.5,1.1,0
Lucknow,Sep,28.8,47.9,1007.2,35.8,46.2,0.0,0
Hyderabad,Feb,20.5,41.4,1013.3,3.0,34.2,3.1,0
Delhi,Mar,19.5,41.3,1004.4,20.0,21.5,0.0,0
Chennai,Aug,37.3,70.9,1013.7,30.9,40.1,0.0,0
Hyderabad,May,29.1,61.8,1014.8,7.0,21.1,0.0,0
Chennai,Dec,18.3,81.6,1002.7,40.6,69.0,16.7,1
Guwahati,Feb,19.0,79.7,1004.9,7.8,0.0,1.6,0
Mumbai,Nov,26.1,64.6,1010.9,6.5,26.6,0.9,0
Pune,Feb,20.7,57.8,1014.0,11.6,1.6,0.0,0
Ahmedabad,Mar,22.9,46.1,1009.3,9.6,18.6,0.4,0
Kochi,Sep,32.2,94.3,1007.9,22.1,68.5,0.0,0
Delhi,Mar,22.2,42.9,1014.6,15.2,23.0,0.0,0
Hyderabad,Jun,36.4,57.4,1012.0,7.7,13.6,0.6,0
Hyderabad,Feb,23.6,56.0,1015.1,10.4,18.0,0.0,0
Jaipur,Jan,25.8,39.6,1014.2,8.0,0.0,0.0,0
Lucknow,Dec,20.4,45.4,1011.9,23.9,14.4,0.0,0
Chennai,Jun,34.9,70.0,1009.1,13.9,10.6,2.0,0
Kolkata,Oct,26.1,83.7,1010.9,6.7,71.1,0.0,0
Kolkata,Sep,25.6,97.7,1007.2,14.6,89.5,1.7,1
Jaipur,Feb,23.4,47.3,1011.8,2.2,10.2,1.7,0
Mumbai,Feb,25.1,67.2,1010.7,19.0,1.1,13.6,0
Lucknow,Sep,29.7,52.1,1003.9,12.0,53.1,7.6,0
Pune,Apr,28.7,60.4,1009.3,7.0,23.0,0.0,0
Lucknow,Feb,25.0,60.8,1010.5,6.5,31.4,0.0,0
Kochi,Apr,26.1,100.0,1009.0,4.2,22.1,1.5,0
Ahmedabad,Mar,25.7,49.1,1010.1,34.5,43.2,1.1,0
Ahmedabad,Sep,33.1,59.4,1011.4,5.4,33.1,1.7,0
Lucknow,Apr,27.5,37.7,1013.4,25.5,19.8,0.0,0
Guwahati,Jun,30.5,92.7,1008.7,19.4,97.0,4.4,1
Kochi,May,29.1,85.1,1005.6,15.9,69.5,0.0,0
Lucknow,Jan,18.7,58.3,1002.0,8.2,44.2,0.0,0
Delhi,Dec,17.1,47.9,1008.5,5.9,52.0,0.0,0
Kolkata,Mar,19.0,55.5,1010.0,3.2,49.8,0.7,0
Lucknow,Jan,20.9,45.5,1006.8,21.1,43.2,0.0,0
Hyderabad,Jun,34.9,50.7,1008.8,8.7,35.3,0.0,0
Lucknow,Dec,21.5,34.6,1008.1,13.0,34.2,0.0,0
Kolkata,Apr,29.1,66.6,1010.7,22.8,29.2,0.0,0
Mumbai,Mar,23.1,73.9,1008.5,11.1,6.3,4.4,0
Ahmedabad,Oct,28.6,49.5,1006.4,6.5,52.2,0.0,0
Lucknow,Jan,16.9,47.2,1012.4,28.1,19.8,2.1,0
Pune,Dec,20.5,56.2,1012.9,3.3,44.5,0.4,0
Hyderabad,Mar,25.4,53.7,1011.5,10.1,31.0,1.1,0
Mumbai,May,34.3,60.5,1005.9,15.7,20.9,0.0,0
Lucknow,Dec,20.3,48.1,1008.3,5.1,13.7,0.1,0
Mumbai,Oct,26.0,83.9,1002.9,17.1,24.8,1.4,0
Kochi,Nov,25.2,88.3,1003.8,15.1,25.5,0.2,0
Kochi,Apr,28.8,78.8,1013.1,3.1,20.4,0.0,0
Pune,Feb,19.1,61.8,1005.1,10.2,13.6,3.1,0
Hyderabad,Jul,35.0,72.2,1005.1,21.5,54.5,1.3,0
Kolkata,May,28.4,60.1,1011.6,19.6,13.2,0.0,0
Delhi,Jun,33.4,59.6,1011.9,3.3,19.4,0.0,0
Kolkata,Mar,22.4,70.7,1012.0,12.9,17.3,0.0,0
Kolkata,Oct,26.8,76.1,1012.9,13.6,63.7,3.7,1
Mumbai,Nov,23.9,74.9,1012.0,4.5,3.0,0.0,0
Bengaluru,May,26.8,72.0,1009.6,10.2,63.2,0.0,0
Jaipur,May,34.9,51.9,1006.6,16.6,33.2,0.0,0
Hyderabad,Feb,19.0,70.4,1009.7,13.1,24.6,1.2,0
Lucknow,Jul,29.9,78.9,1005.9,16.8,76.7,0.0,0
Mumbai,Aug,29.6,100.0,1003.1,12.3,100.0,2.6,1
Ahmedabad,Jul,33.3,72.9,1001.2,17.3,69.9,1.9,0
Lucknow,Sep,27.6,70.4,1010.6,34.8,55.7,0.0,0
Lucknow,Aug,27.9,81.8,1008.4,20.9,68.9,8.4,1
Jaipur,Dec,20.6,23.1,1010.5,9.6,8.0,0.0,0
Kolkata,Jul,27.2,100.0,1002.2,14.5,93.8,11.8,1
Pune,Feb,17.9,49.4,1004.7,10.6,18.6,0.0,0
Ahmedabad,Jan,22.7,44.1,1009.5,3.0,56.7,0.0,0
Bengaluru,Oct,20.5,96.4,1004.2,23.3,94.8,6.7,1
Kochi,Mar,23.3,74.2,1016.1,11.1,32.4,0.0,0
Lucknow,Dec,19.9,58.1,1008.3,14.4,24.6,0.0,0
Guwahati,Nov,21.6,90.5,1006.0,7.5,30.0,0.0,0
Kochi,Aug,34.0,87.2,1010.0,14.1,98.6,14.4,1
Ahmedabad,Sep,28.0,54.4,1003.6,22.6,55.2,0.0,0
Hyderabad,Apr,25.5,52.8,1013.1,5.4,3.4,0.0,0
Jaipur,Nov,22.5,63.1,1010.1,8.0,26.8,0.0,0
Ahmedabad,Nov,28.7,65.8,1007.9,12.4,24.6,0.0,0
Jaipur,Feb,20.9,47.4,1015.4,13.3,12.2,0.0,0
Ahmedabad,May,32.7,44.7,1007.5,16.5,6.7,0.0,0
Kolkata,May,28.3,73.9,1012.1,3.7,62.8,0.0,0
Jaipur,Feb,21.3,52.4,1009.9,7.8,26.5,0.7,0
Jaipur,Oct,27.2,56.7,1007.9,16.4,21.6,1.9,0
Kochi,Aug,30.6,93.1,1006.4,15.9,94.1,0.0,1
Guwahati,Jun,26.4,100.0,1006.2,15.6,95.3,13.9,1
Pune,Apr,22.9,60.9,1010.8,18.4,0.0,0.0,0
Bengaluru,Nov,21.7,48.1,1013.4,25.8,12.3,0.0,0
Kochi,Jun,29.9,100.0,1005.6,19.5,92.9,2.1,1
Kolkata,Oct,25.5,77.5,1005.6,12.9,43.7,0.0,0
Hyderabad,Feb,18.9,52.1,1009.8,7.8,12.2,0.0,0
Hyderabad,Aug,31.9,71.0,1004.5,13.3,45.6,0.0,0
Pune,Oct,29.5,54.9,1013.3,49.7,26.6,0.0,0
Hyderabad,Jan,18.9,61.2,1010.7,15.5,40.1,0.0,0
Delhi,Nov,16.3,62.0,1015.0,19.1,26.7,0.0,0
Lucknow,Jan,23.3,44.9,1013.5,11.9,17.1,0.0,0
Hyderabad,Jul,32.8,93.6,1009.2,10.0,56.1,7.3,0
Chennai,Mar,26.9,61.0,1007.5,2.1,37.2,0.5,0
Mumbai,Apr,28.5,71.0,1013.1,13.2,35.2,0.0,0
Mumbai,Dec,21.4,75.6,1006.8,13.6,26.8,0.0,0
Kolkata,Feb,21.3,83.4,1010.1,4.7,45.2,2.9,0
Lucknow,Dec,22.8,65.7,1007.9,1.6,36.1,0.0,0
Hyderabad,Jul,29.4,51.4,1007.8,9.6,50.6,0.0,0
Ahmedabad,Feb,22.3,45.2,1006.5,14.3,27.1,0.0,0
Mumbai,Jan,23.9,45.1,1007.7,20.5,9.6,0.0,0
Chennai,Nov,23.2,98.4,1004.7,21.2,100.0,23.9,1
Lucknow,Jun,32.6,43.3,1007.3,11.3,28.4,0.0,0
Kolkata,Nov,21.5,63.8,1005.8,18.8,0.0,0.0,0
Hyderabad,Dec,18.6,70.6,1014.4,12.1,45.6,0.0,1
Bengaluru,May,23.9,77.2,1010.0,7.3,51.5,0.0,0
Ahmedabad,Aug,32.0,65.1,1004.1,15.3,44.0,9.1,0
Pune,Jun,27.9,66.2,1009.7,7.8,56.9,2.4,0
Pune,Apr,26.8,67.0,1010.5,5.1,13.3,0.0,0
Jaipur,Oct,27.1,34.7,1009.0,10.5,2.5,0.0,0
Bengaluru,Aug,26.6,81.5,1005.3,22.2,70.0,28.3,1
Guwahati,Mar,24.2,90.4,1008.1,11.2,15.9,0.0,0
Mumbai,Apr,29.8,64.3,1013.2,8.3,16.1,0.0,0
Guwahati,Apr,23.3,74.7,1009.7,9.8,31.0,0.0,0
Delhi,Jun,35.1,51.7,1011.5,4.1,39.0,0.0,0
Hyderabad,Nov,25.3,52.9,1003.6,16.6,24.3,0.0,0
Delhi,Aug,25.7,83.0,1001.9,23.2,76.4,0.0,1
Ahmedabad,Sep,28.5,52.4,1006.6,15.0,73.7,0.0,0
Hyderabad,Apr,24.2,54.2,1007.1,11.4,34.4,0.6,0
Kolkata,Dec,20.8,79.7,1009.0,8.2,47.7,3.7,0
Bengaluru,Jun,24.7,62.7,1004.7,14.7,50.4,0.0,0
Pune,Dec,18.9,62.0,1010.8,7.4,4.3,0.0,0
Lucknow,Sep,27.0,67.6,1008.6,23.9,58.2,0.0,0
Guwahati,Feb,19.5,71.6,1011.4,21.6,52.5,7.6,0
Delhi,Dec,17.1,44.2,1008.9,9.1,7.4,0.0,0
Ahmedabad,Oct,30.4,63.1,1011.8,24.0,33.9,0.0,0
Bengaluru,Nov,19.5,71.6,1004.6,6.7,19.7,0.0,1
Kolkata,Nov,21.7,61.2,1006.4,5.4,52.2,0.0,0
Kolkata,Jan,17.6,75.2,1013.6,19.5,55.7,0.0,1
Chennai,Sep,34.9,66.1,1006.5,9.9,34.8,0.0,0
Mumbai,Oct,26.5,79.7,1008.2,17.0,25.0,0.0,1
Delhi,Apr,27.3,31.4,1012.0,13.8,16.5,0.0,0
Pune,May,32.2,49.4,1012.6,6.2,31.2,0.0,0
Hyderabad,Oct,21.0,64.5,1011.0,13.5,71.1,5.2,0
Kolkata,Jun,28.8,76.6,1010.3,11.6,84.7,10.5,0
Kolkata,Mar,21.2,75.6,1011.6,9.9,37.5,0.0,0
Mumbai,Aug,31.2,100.0,1004.6,20.2,77.5,44.9,1
Jaipur,Mar,21.2,49.1,1009.4,4.0,22.6,0.0,0
Hyderabad,Apr,25.5,60.2,1011.1,13.3,3.8,0.0,0
Delhi,Sep,24.9,70.0,1007.5,8.6,34.2,6.1,1
Lucknow,Sep,26.1,60.8,1004.6,16.9,90.6,2.4,0
Chennai,Jan,21.9,55.8,1009.7,16.3,24.1,0.0,0
Bengaluru,Dec,16.5,56.2,1012.7,19.7,5.7,0.0,0
Delhi,May,30.3,50.6,1013.2,6.9,6.7,2.7,0
Lucknow,Mar,25.2,44.8,1005.4,20.6,12.0,0.0,0
Lucknow,Oct,27.5,52.9,1005.3,9.1,46.7,0.0,0
Chennai,Aug,35.6,67.0,1012.7,8.5,11.5,1.7,0
Bengaluru,Aug,29.7,63.8,1006.8,31.3,71.8,0.0,0
Guwahati,Aug,25.7,93.6,1007.8,14.2,79.5,28.3,1
Delhi,Dec,18.6,44.4,1014.0,8.5,14.2,0.0,0
Hyderabad,Mar,23.6,53.4,1008.1,9.7,42.5,0.0,0
Bengaluru,Jan,16.7,62.6,1009.6,7.5,20.0,0.0,0
Hyderabad,Sep,26.5,74.6,1008.2,21.9,75.1,0.1,1
Bengaluru,Oct,20.2,84.5,1008.8,24.6,64.6,0.0,0
Mumbai,Mar,19.9,67.3,1007.7,20.1,28.7,0.0,0
Chennai,Dec,21.2,77.1,1005.5,17.4,74.7,0.0,0
Kochi,May,25.4,99.4,1001.7,14.3,64.0,0.3,0
Chennai,Oct,25.1,78.7,1007.3,22.0,88.7,3.1,1
Kolkata,Mar,22.0,84.4,1012.1,50.9,33.6,0.0,0
Bengaluru,May,24.4,62.7,1008.0,15.6,47.6,0.0,0
Ahmedabad,Jul,31.4,66.6,1006.1,20.2,83.9,22.5,1
Delhi,May,27.0,54.9,1010.1,4.4,31.9,0.0,0
Jaipur,Mar,22.2,50.5,1012.7,7.5,23.0,0.0,0
Guwahati,Jun,28.8,100.0,1003.7,13.4,61.9,4.0,1
Delhi,Mar,19.6,62.6,1007.8,5.1,25.1,2.1,0
Kochi,Nov,18.8,72.7,1012.8,7.1,53.7,0.0,0
Kolkata,Oct,26.6,84.3,1009.4,17.0,63.8,0.1,0
Lucknow,Mar,22.7,52.3,1014.0,11.6,8.8,0.0,0
Kochi,Mar,26.2,87.0,1012.7,5.6,12.3,1.8,0
Kolkata,Dec,17.6,75.2,1010.6,9.3,33.6,0.0,0
Delhi,Dec,19.6,36.4,1013.9,15.9,12.2,0.0,0
Jaipur,Jan,20.6,51.9,1017.6,13.6,26.5,6.1,0
Jaipur,Aug,29.7,67.4,1002.7,14.3,50.6,0.0,0
Chennai,Apr,31.5,66.6,1009.1,12.0,12.9,0.0,0
Ahmedabad,Sep,27.6,70.6,1009.7,8.1,52.8,0.0,1
Delhi,Feb,18.8,56.0,1007.3,15.0,22.9,3.0,0
Hyderabad,Mar,21.3,48.5,1008.1,17.4,10.9,0.0,0
Guwahati,Jun,28.2,78.9,1003.0,13.8,70.6,0.0,1
Ahmedabad,Jan,21.9,39.9,1014.0,5.2,0.6,0.0,0
Pune,Dec,16.9,33.7,1006.0,9.1,20.8,0.0,0
Jaipur,Dec,21.2,40.8,1011.0,7.3,13.0,0.0,0
Mumbai,Jan,23.9,73.3,1011.3,9.7,28.1,0.0,0
Mumbai,Feb,21.7,91.1,1011.9,6.7,33.5,0.0,0
Hyderabad,Aug,29.3,70.4,1008.7,13.6,95.7,8.3,0
Kochi,Sep,29.6,100.0,1005.9,15.5,55.4,8.5,1
Guwahati,Dec,23.1,77.0,1008.3,19.4,56.5,0.0,0
Jaipur,Apr,31.1,41.1,1009.5,11.3,22.3,0.0,0
Hyderabad,Jan,22.5,50.3,1011.5,11.8,11.4,0.0,0
Delhi,May,27.2,52.8,1012.9,25.5,0.0,0.0,0
Chennai,Oct,27.3,100.0,999.7,30.8,92.8,11.4,1
Kolkata,May,28.3,70.5,1009.5,9.0,16.3,0.0,0
Ahmedabad,Jul,29.9,71.6,1006.3,14.7,61.1,2.6,0
Guwahati,Aug,29.3,100.0,1005.5,15.2,100.0,25.9,1
Kochi,Feb,20.5,74.2,1009.7,10.7,32.4,0.0,0
Jaipur,Mar,22.2,36.7,1010.9,8.6,0.0,0.0,0
Ahmedabad,Jun,33.8,55.3,1011.5,7.5,2.2,0.0,0
Pune,Oct,23.3,45.4,1014.3,5.0,26.0,0.0,0
Ahmedabad,Feb,24.2,45.3,1005.7,19.2,14.8,2.8,0
Ahmedabad,Jun,33.7,46.0,1011.3,17.3,0.0,0.0,0
Ahmedabad,Dec,23.5,54.6,1010.0,5.6,71.2,0.0,0
Delhi,Jan,18.4,57.1,1015.3,9.8,37.9,2.2,0
Lucknow,Aug,29.8,89.2,1002.0,18.3,100.0,17.5,1
Hyderabad,May,31.0,58.4,1007.7,4.5,0.0,0.0,0
Bengaluru,Nov,19.8,64.5,1011.1,6.9,16.8,0.5,0
Kolkata,Jan,19.1,67.0,1007.2,13.2,37.4,0.0,0
Chennai,May,33.1,78.9,1007.9,6.9,27.1,3.2,0
Chennai,Jul,36.2,77.5,1011.3,4.3,16.5,0.0,0
Jaipur,Sep,27.3,38.8,1007.7,13.9,49.4,0.0,0
Lucknow,Jul,27.0,70.7,1001.7,15.4,73.8,3.2,1
Kochi,Mar,25.3,72.0,1014.4,11.8,21.2,0.0,0
Bengaluru,Nov,23.5,72.4,1008.9,7.8,20.5,2.3,0
Chennai,Dec,19.0,84.7,1000.7,21.3,63.6,0.0,1
Ahmedabad,Oct,29.0,41.1,1009.1,7.8,20.7,0.0,0
Kochi,Sep,29.3,100.0,1002.5,20.0,95.2,1.0,1
Hyderabad,Dec,17.0,49.7,1010.1,9.3,0.0,0.0,0
Mumbai,Feb,23.3,77.2,1012.1,11.9,31.8,0.0,0
Kolkata,Oct,22.3,89.1,1013.2,27.5,70.0,0.0,0
Mumbai,Nov,24.4,58.9,1006.7,9.5,24.1,0.0,0
Mumbai,Nov,25.1,75.2,1012.9,3.0,7.0,1.1,0
Kochi,Feb,22.7,87.7,1012.8,37.5,16.6,0.0,0
Guwahati,Oct,25.6,72.0,1013.4,10.7,32.0,3.8,0
Guwahati,Mar,19.8,61.4,1005.9,13.3,34.5,0.0,0
Delhi,May,26.5,63.2,1012.9,3.9,39.4,0.0,0
Delhi,May,29.2,55.3,1012.9,3.5,22.8,1.0,0
Ahmedabad,Nov,24.2,38.4,1010.2,7.5,26.2,0.0,0
Mumbai,Feb,22.5,64.9,1010.1,9.7,53.2,0.0,0
Jaipur,Nov,21.5,37.8,1011.2,10.3,17.1,0.0,0
Guwahati,Nov,21.6,62.0,1011.4,6.1,27.6,1.2,1
Lucknow,Jun,29.7,55.7,1010.3,9.0,48.7,0.0,0
Kochi,May,32.0,83.2,1009.2,9.3,20.3,2.2,0
Pune,Sep,28.9,77.3,1002.9,15.2,44.8,4.5,1
Delhi,Jun,29.1,38.8,1007.8,15.2,39.9,0.0,0
Ahmedabad,Jan,24.8,35.4,1007.9,11.4,24.3,5.0,0
Kolkata,Apr,27.8,82.7,1006.0,10.8,44.2,0.0,0
Delhi,Feb,16.4,62.5,1009.5,1.9,35.6,0.0,0
Lucknow,Oct,24.3,52.0,1014.3,9.5,7.7,0.0,0
Bengaluru,Jun,26.8,80.6,1009.5,11.0,89.1,8.2,0
Jaipur,Jul,32.5,62.9,1002.7,11.8,59.5,0.0,0
Kolkata,Nov,22.5,66.7,1009.8,7.9,38.9,0.1,0
Mumbai,Nov,25.0,56.8,1009.5,30.3,11.8,0.0,0
Chennai,Apr,29.3,55.2,1011.4,13.9,48.6,0.0,0
Ahmedabad,May,29.5,46.8,1008.5,9.7,1.6,0.0,0
Ahmedabad,Oct,25.3,41.8,1002.7,5.6,3.6,0.0,0
Pune,Jan,21.4,57.8,1008.5,4.6,18.4,0.2,0
Chennai,Feb,25.4,51.4,1009.8,11.3,18.9,1.2,0
Kolkata,Mar,22.5,74.5,1005.4,10.5,38.0,0.0,0
Kolkata,Aug,25.1,83.3,1004.0,14.9,70.7,11.5,0
Ahmedabad,Dec,26.3,50.4,1007.5,7.2,21.9,5.7,0
Mumbai,Jan,24.2,68.7,1010.3,9.9,32.5,0.0,0
Guwahati,Dec,18.9,85.9,1010.7,6.6,51.7,1.1,0
Ahmedabad,Jun,33.3,34.2,1010.6,8.0,4.4,0.0,0
Chennai,Mar,25.2,44.5,1008.5,49.4,2.6,0.0,0
Pune,Nov,24.5,49.5,1011.5,10.5,25.0,2.4,0
Hyderabad,Oct,21.9,67.7,1007.3,26.0,71.9,1.4,1
Ahmedabad,Nov,23.2,38.0,1013.7,22.6,5.3,4.1,0
Lucknow,Jul,32.0,82.7,1005.3,24.0,78.0,0.0,0
Mumbai,Oct,31.3,69.8,1004.3,19.5,28.7,12.0,0
Mumbai,Apr,25.7,64.7,1011.5,9.3,23.9,0.0,0
Mumbai,Nov,27.5,54.6,1010.3,5.4,8.1,0.8,0
Jaipur,Sep,30.2,51.6,1007.7,18.1,78.0,0.0,0
Mumbai,Nov,22.8,78.1,1008.8,7.4,60.1,0.0,0
Kochi,Nov,25.8,75.8,1012.2,19.1,17.4,0.0,0
Lucknow,May,28.3,51.4,1005.4,3.9,43.5,0.0,1
Mumbai,Oct,24.6,83.9,1008.8,16.3,57.0,0.0,1
Kochi,Dec,20.2,74.0,1011.4,8.9,51.3,0.0,1
Bengaluru,Dec,20.0,74.2,1005.3,2.7,34.8,0.0,0
Jaipur,Jan,20.6,51.7,1011.9,5.5,35.2,0.0,0
Ahmedabad,Dec,19.2,41.4,1005.7,8.5,18.7,0.0,0
Guwahati,Jun,29.8,100.0,1003.9,14.6,100.0,5.1,1
Kolkata,Apr,26.8,70.5,1010.2,7.4,19.2,0.8,0
Pune,Nov,24.1,51.9,1007.3,15.8,7.4,0.0,0
Guwahati,Nov,21.0,73.0,1007.7,9.2,12.2,0.0,0
Guwahati,Aug,25.9,88.9,1004.4,8.9,86.7,4.7,1
Mumbai,Mar,22.6,67.5,1008.7,10.9,15.4,0.0,0
Mumbai,Jul,29.4,100.0,1003.9,21.6,62.9,29.2,1
Guwahati,Apr,24.4,76.9,1015.0,22.9,26.1,0.0,1
Jaipur,Apr,26.7,35.5,1005.8,9.5,20.6,0.0,0
Kochi,Sep,29.2,88.4,1005.5,15.5,65.3,0.0,1
Jaipur,Mar,21.9,54.4,1011.1,2.0,32.6,0.0,0
Ahmedabad,Apr,26.4,51.6,1007.0,9.7,15.2,6.0,0
Kochi,Jan,19.8,81.3,1009.4,10.2,33.0,0.2,0
Jaipur,Aug,28.5,59.0,1010.5,12.9,57.2,4.4,1
Chennai,Dec,18.7,88.9,1006.7,26.4,52.1,0.0,1
Mumbai,Jun,31.0,95.8,1004.6,16.7,100.0,24.8,1
Bengaluru,Nov,21.7,59.5,1014.8,26.2,40.6,0.0,0
Guwahati,Mar,15.8,79.9,1006.3,10.4,0.0,0.0,0
Pune,Oct,26.4,63.3,1011.4,19.5,25.1,0.0,0
Pune,May,30.6,51.7,1014.2,7.8,3.5,0.0,0
Bengaluru,Nov,26.0,55.3,1010.0,6.0,17.1,0.8,0
Lucknow,Nov,22.6,62.3,1010.2,5.4,47.1,0.0,0
Lucknow,Nov,21.6,56.4,1014.6,10.9,11.5,0.0,0
Kochi,Jan,18.1,73.9,1008.9,8.2,30.0,0.4,0
Kolkata,Aug,27.1,100.0,1011.9,18.7,100.0,11.8,1
Kochi,Mar,18.6,90.4,1012.8,2.0,40.0,0.0,0
Guwahati,May,28.5,76.6,1006.8,10.6,70.5,0.0,0
Kochi,Sep,32.0,80.8,1007.9,10.2,55.2,0.0,0
Guwahati,Jun,28.0,93.0,1005.5,13.7,100.0,0.0,1
Lucknow,Nov,23.5,57.5,1011.1,4.4,8.6,0.0,0
Hyderabad,Aug,30.9,81.1,1002.0,27.5,79.5,0.0,1
Delhi,Mar,19.1,55.9,1005.5,11.7,8.5,0.0,0
Mumbai,Jul,32.4,95.4,1005.6,14.5,80.8,0.0,1
Pune,Mar,23.4,37.5,1011.6,30.7,28.6,0.4,0
Lucknow,Mar,24.4,41.0,1006.7,18.3,25.6,0.0,0
Pune,Nov,21.7,56.1,1006.5,18.5,28.7,0.0,0
Jaipur,Jul,28.3,65.0,1007.6,19.2,39.6,0.0,0
Jaipur,Aug,31.0,89.2,1003.9,8.1,72.6,0.0,1
Chennai,Nov,23.3,81.2,1006.7,16.3,69.3,0.0,1
Lucknow,Aug,30.3,69.3,1009.2,10.4,66.7,0.3,0
Lucknow,Oct,26.9,57.8,1008.2,10.0,23.3,0.0,0
Bengaluru,Oct,18.9,77.3,1004.4,10.4,84.1,20.0,1
Lucknow,Oct,23.6,39.1,1006.2,10.3,15.8,0.0,0
Delhi,Aug,30.2,54.2,1007.4,26.1,60.3,17.4,1
Delhi,Jul,27.4,69.1,1011.6,38.1,67.6,2.3,1
Lucknow,Jul,31.4,73.1,1010.1,13.9,61.7,0.0,1
Bengaluru,Apr,26.0,56.6,1012.7,4.6,33.4,0.0,0
Chennai,Apr,31.6,79.3,1007.5,18.5,27.5,1.6,0
Mumbai,Oct,24.6,82.6,1004.9,31.7,70.6,4.5,0
Guwahati,Apr,26.0,84.0,1013.0,23.8,33.1,0.0,0
Delhi,May,24.2,55.3,1005.0,17.1,31.7,0.0,0
Mumbai,Oct,27.6,83.1,1003.5,8.7,68.2,6.4,0
Guwahati,Oct,28.1,84.9,1011.4,8.5,25.6,1.0,0
Kochi,Aug,33.0,89.2,1007.7,16.4,67.6,4.8,1
Chennai,Mar,27.4,74.4,1014.8,14.6,0.0,0.0,0
Bengaluru,Sep,23.3,100.0,1013.7,17.8,90.4,3.8,1
Kolkata,Feb,20.5,76.4,1013.0,5.0,34.5,0.0,0
Pune,Aug,32.1,84.7,1002.1,9.5,83.7,0.0,0
Ahmedabad,Jan,24.2,53.0,1011.4,8.1,0.0,0.0,0
Pune,Sep,27.1,59.5,1013.4,13.9,45.6,3.6,1
Bengaluru,Oct,18.8,83.8,1003.5,12.4,66.7,1.3,1
Delhi,Feb,15.6,49.6,1007.4,7.8,0.0,0.0,0
Jaipur,Jan,18.9,44.2,1005.6,10.3,19.0,0.0,0
Pune,Apr,25.1,60.3,1003.7,16.8,11.5,0.0,0
Mumbai,Mar,23.9,61.0,1010.6,17.1,24.5,0.0,0
Chennai,Aug,36.4,80.2,1009.9,6.7,30.2,1.9,0
Ahmedabad,Jun,33.6,59.6,1011.5,14.1,8.8,1.3,0
Mumbai,Aug,29.4,100.0,1002.4,16.8,100.0,7.5,1
Guwahati,Nov,17.8,62.7,1010.3,13.3,17.9,0.0,0
Kolkata,Mar,22.6,77.5,1013.8,12.9,45.9,0.0,0
Mumbai,Aug,31.1,89.8,1007.2,22.1,85.9,10.3,1
Kochi,Apr,31.3,71.7,1008.5,6.5,36.8,0.0,0
Delhi,Aug,24.3,61.0,1003.8,23.1,55.6,0.8,0
Kochi,Jun,30.3,94.7,1005.8,15.9,90.5,17.0,1
Delhi,Apr,24.4,54.4,1009.8,9.6,24.6,2.6,0
Chennai,Jul,35.8,67.9,1008.7,1.3,21.1,0.5,0
Chennai,Aug,38.0,67.9,1011.5,18.2,33.5,0.0,0
Kochi,Sep,30.9,78.7,1008.4,11.7,42.3,15.9,1
Ahmedabad,Apr,29.9,54.7,1011.1,3.9,38.7,0.0,0
Bengaluru,Nov,18.0,62.3,1012.4,9.2,51.3,0.0,0
Lucknow,Apr,27.2,50.0,1014.1,10.5,39.8,0.0,0
Mumbai,Jul,31.4,95.1,1001.6,16.5,75.6,28.9,1
Guwahati,May,25.9,84.2,1013.3,10.3,58.4,4.8,1
Pune,Feb,20.9,59.3,1009.9,3.5,18.9,0.0,0
Delhi,Jul,26.6,67.2,1001.8,22.8,78.7,0.0,1
Kochi,Sep,31.5,92.9,1011.4,18.9,54.3,0.0,0
Delhi,Jul,26.1,74.7,1003.9,27.6,83.0,10.4,1
Kochi,Mar,23.0,70.8,1012.8,5.0,3.9,5.6,0
Bengaluru,Apr,22.3,60.5,1012.7,5.6,43.3,0.0,0
Hyderabad,Mar,24.7,47.8,1014.3,3.7,15.2,0.0,0
Kochi,Jan,16.8,75.8,1009.1,15.2,38.1,1.9,0
Bengaluru,Aug,27.1,83.8,1006.6,9.9,60.4,8.3,0
Ahmedabad,Oct,28.7,47.8,1006.0,5.2,39.5,0.0,0
Chennai,May,33.4,74.7,1013.7,12.3,37.7,0.0,0
Kolkata,Sep,24.7,100.0,1005.9,14.7,61.7,12.4,1
Hyderabad,May,30.7,72.2,1010.3,27.2,27.3,0.0,0
Lucknow,Jul,27.8,56.7,1006.9,28.9,71.5,23.2,0
Chennai,Jun,34.5,73.7,1009.1,12.5,43.4,0.0,0
Jaipur,May,30.7,33.3,1016.1,13.2,15.9,0.0,0
Kolkata,Dec,20.8,66.3,1015.5,7.5,11.1,0.0,0
Chennai,Jun,36.6,74.4,1012.0,14.0,37.9,0.0,0
Pune,May,30.1,40.1,1006.4,30.6,34.9,0.0,0
Lucknow,Mar,20.8,52.9,1011.5,3.7,31.0,0.0,0
Delhi,Aug,28.4,64.9,1004.4,23.2,84.7,0.0,1
Hyderabad,Jul,26.8,70.1,1003.8,29.0,69.7,0.0,0
Ahmedabad,Jun,35.4,35.9,1008.7,7.2,0.0,0.0,0
Lucknow,Feb,15.2,50.9,1011.8,9.4,36.9,0.0,0
Pune,Nov,21.9,39.9,1008.5,11.8,35.4,0.0,0
Lucknow,May,28.3,49.9,1010.5,9.5,4.5,0.0,0
Jaipur,Jun,33.0,45.3,1009.1,9.1,31.2,0.0,0
Kolkata,Dec,22.0,92.3,1008.2,13.5,16.0,0.0,0
Hyderabad,Mar,23.2,57.0,1007.3,11.4,23.6,0.0,0
Guwahati,Sep,26.1,98.3,1003.8,25.1,65.2,10.2,1
Delhi,Nov,20.1,56.0,1008.4,7.7,48.9,0.1,0
Mumbai,Jan,22.7,64.4,1012.5,6.0,5.3,0.7,0
Bengaluru,Sep,25.2,88.4,1003.7,15.1,64.2,12.3,0
Mumbai,Jan,22.8,73.3,1003.5,16.9,0.0,0.0,0
Jaipur,Jul,29.3,63.0,1005.2,21.4,52.7,0.0,1
Mumbai,Aug,28.7,100.0,1002.4,22.6,71.1,4.6,1
Guwahati,Aug,22.3,96.4,1006.7,12.3,82.5,4.5,1
Kochi,Aug,33.0,100.0,1009.2,34.9,52.1,0.0,0
Pune,Nov,22.8,54.9,1009.7,7.1,38.4,0.0,0
Ahmedabad,Aug,33.6,57.6,1007.1,7.3,44.4,7.4,0
Mumbai,Feb,18.8,81.3,1007.0,3.6,38.7,1.6,0
Ahmedabad,Jul,30.7,49.7,1008.2,12.8,57.8,0.0,0
Bengaluru,Dec,18.7,56.8,1012.5,5.2,30.3,0.1,0
Mumbai,Feb,22.5,73.9,1010.0,5.5,32.2,0.0,0
Lucknow,Apr,26.3,51.5,1010.6,8.3,55.6,0.0,0
Chennai,Aug,34.7,70.4,1005.6,7.8,21.9,0.0,0
Delhi,Nov,21.2,45.4,1010.1,4.8,29.5,0.0,0
Kolkata,Dec,23.1,66.8,1006.7,6.3,41.8,0.0,0
Lucknow,Jan,17.5,44.9,1006.4,15.1,19.1,0.0,0
Mumbai,Jul,29.0,100.0,999.0,25.0,94.5,15.7,1
Lucknow,Feb,21.3,44.9,1015.2,13.6,17.4,0.0,0
Kochi,Dec,21.6,81.6,1012.8,6.0,32.4,7.0,0
Ahmedabad,Mar,20.3,36.8,1011.1,6.1,6.2,2.8,0
Delhi,Jan,16.3,49.1,1009.9,4.5,25.9,0.7,0
Mumbai,Feb,21.7,72.3,1006.7,14.5,25.8,0.0,0
Bengaluru,Apr,23.2,56.1,1009.2,19.1,8.9,0.0,0
Ahmedabad,Sep,24.9,53.4,1008.3,23.6,44.6,0.0,0
Bengaluru,Sep,26.2,76.5,1003.3,14.2,97.3,7.7,1
Kolkata,May,30.0,80.1,1005.5,10.2,49.1,0.0,0
Guwahati,Oct,26.6,94.6,1004.9,14.2,59.5,0.0,1
Bengaluru,Apr,26.6,65.1,1014.5,18.3,28.8,4.1,0
Hyderabad,Nov,23.8,52.2,1008.3,13.2,1.8,0.0,0
Lucknow,Feb,19.9,62.6,1003.7,10.3,27.4,0.0,0
Chennai,Mar,29.2,84.9,1012.2,13.1,51.7,0.0,0
Mumbai,Mar,23.2,72.1,1010.0,6.8,31.5,0.0,0
Chennai,Oct,27.6,75.6,1007.1,12.7,60.2,6.3,1
Chennai,Nov,24.5,100.0,1006.6,26.5,74.9,18.1,1
Chennai,Nov,21.0,96.4,1010.2,13.3,93.3,3.9,1
Chennai,Jul,35.8,62.3,1009.6,35.6,30.6,0.0,0
Lucknow,Mar,25.7,65.3,1008.2,7.3,11.2,0.0,0
Jaipur,Sep,32.3,66.3,1013.4,12.0,44.4,5.4,0
Bengaluru,Sep,20.8,76.7,1003.7,10.9,80.8,2.6,1
Bengaluru,Aug,22.8,79.0,1007.2,38.0,71.5,16.3,1
Jaipur,Jun,34.6,41.0,1006.9,24.1,15.2,0.0,0
Bengaluru,Jan,16.5,57.0,1010.9,18.3,36.4,0.0,0
Bengaluru,Jan,15.1,60.2,1010.6,12.1,33.0,1.7,0
Hyderabad,Dec,22.9,43.8,1009.1,10.4,13.5,0.0,0
Kolkata,Feb,22.3,55.9,1008.8,22.4,25.4,0.0,0
Bengaluru,Sep,24.0,81.1,1011.6,24.3,87.7,0.6,0
Bengaluru,Dec,18.0,61.3,1008.2,12.7,0.0,0.0,0
Bengaluru,Dec,20.6,64.1,1011.2,17.6,8.5,0.0,0
Hyderabad,Dec,17.3,52.5,1011.2,13.0,30.2,1.7,0
Jaipur,Apr,24.8,24.5,1005.7,8.9,23.0,2.4,0
Bengaluru,May,24.3,69.9,1008.3,10.4,60.1,2.2,0
Lucknow,Apr,24.6,36.5,1009.4,19.5,29.4,0.0,0
Kolkata,Aug,27.5,90.8,1003.9,22.9,83.8,9.5,0
Jaipur,Aug,27.3,73.1,1003.4,12.9,50.5,0.0,1
Pune,Jun,26.5,93.2,1009.0,30.5,37.3,21.0,1
Lucknow,Jul,29.8,79.1,1005.2,10.4,57.8,0.0,0
Ahmedabad,May,29.8,48.1,1011.7,11.7,44.3,0.0,0
Chennai,Jun,38.1,69.6,1016.0,11.6,41.3,0.4,0
Guwahati,Sep,24.2,83.5,1004.8,22.6,71.5,0.0,0
Kolkata,Apr,29.7,80.7,1010.5,28.3,36.3,0.0,0
Pune,Jun,30.8,70.0,1005.1,22.8,61.0,4.2,0
Bengaluru,Jul,30.8,72.4,1003.5,13.9,68.4,0.0,0
Kochi,Jul,31.6,100.0,1003.9,13.6,81.8,6.8,1
Mumbai,Jul,30.1,98.0,1003.5,13.1,96.4,0.0,1
Guwahati,Oct,21.7,88.4,1008.9,7.7,42.6,7.1,0
Kolkata,Nov,25.3,53.9,1011.9,6.9,39.2,0.0,0
Bengaluru,Oct,18.3,93.2,1003.0,15.7,78.8,5.4,1
Chennai,Feb,23.4,69.6,1012.9,14.6,2.0,0.0,0
Bengaluru,Dec,14.0,58.1,1010.4,15.9,37.2,1.4,0
Kolkata,Oct,25.2,76.1,1005.1,15.2,63.6,2.3,0
Guwahati,Apr,25.5,86.0,1008.1,6.6,41.3,0.0,0
Mumbai,Aug,30.9,95.7,1006.3,24.5,100.0,0.0,1
Jaipur,Mar,27.8,40.8,1018.8,8.4,2.0,0.0,0
Guwahati,Jan,19.0,64.9,1009.4,4.7,0.0,0.2,0
Lucknow,May,28.8,43.7,1014.8,13.9,21.6,0.0,0
Chennai,Sep,34.4,64.0,1010.6,9.7,11.5,0.0,0
Pune,Sep,26.1,71.6,1003.0,15.7,94.0,0.0,1
Hyderabad,Feb,18.9,62.4,1014.7,10.7,16.5,0.0,0
Jaipur,Nov,24.8,44.1,1012.9,29.0,15.3,0.0,0
Bengaluru,Aug,25.5,76.2,1000.2,14.4,91.2,0.0,1
Delhi,Oct,25.0,44.7,1012.6,14.5,6.3,0.0,0
Mumbai,Mar,25.5,75.4,1009.7,6.0,34.1,0.0,0
Guwahati,Aug,27.2,100.0,1007.4,14.0,80.8,2.1,1
Kochi,Apr,25.3,79.1,1005.5,16.5,37.6,0.3,0
Hyderabad,Jan,15.7,57.1,1008.4,5.8,0.0,0.0,0
Guwahati,Mar,20.9,68.6,1012.9,15.3,12.6,0.0,0
Guwahati,Jul,26.9,97.5,1009.5,40.3,47.9,0.6,1
Jaipur,Apr,27.3,43.8,1006.6,7.4,27.0,1.2,0
Ahmedabad,Aug,31.5,73.6,1002.2,31.8,72.7,0.9,0
Ahmedabad,Aug,30.5,71.2,1009.7,13.9,49.4,0.0,0
Hyderabad,Jan,19.5,53.7,1007.6,19.2,37.7,10.0,0
Guwahati,Jul,25.6,100.0,999.0,17.3,81.4,23.6,1
Delhi,Feb,16.7,47.0,1006.7,14.1,40.3,0.0,0
Bengaluru,Apr,25.2,55.0,1007.7,6.5,13.6,0.6,0
Hyderabad,Nov,23.8,50.7,1005.6,4.6,20.4,0.0,0
Jaipur,Jul,31.5,75.4,1003.8,12.8,66.5,6.4,0
Guwahati,Apr,26.6,82.3,1007.2,3.4,37.5,0.0,0
Pune,Nov,19.2,47.3,1011.7,8.8,15.8,0.0,0
Delhi,Apr,24.6,45.4,1007.7,11.1,20.1,0.0,0
Jaipur,Oct,24.9,52.0,1009.9,2.5,14.0,0.0,0
Hyderabad,Mar,25.6,63.1,1012.6,19.2,34.1,2.7,1
Kochi,Nov,27.1,61.4,1009.2,2.6,23.5,0.4,0
Hyderabad,May,30.8,45.3,1009.4,16.3,8.7,0.0,0
Mumbai,Jun,30.3,100.0,1005.4,22.2,82.8,4.7,0
Hyderabad,Oct,24.7,76.4,1007.9,13.2,30.1,0.0,0
Kochi,May,28.9,66.4,1009.9,11.0,66.6,0.0,0
Kolkata,Feb,20.2,74.8,1013.6,17.3,23.5,0.0,1
Lucknow,May,29.3,50.9,1011.3,7.3,4.8,0.0,0
Mumbai,Oct,31.1,79.3,1005.7,5.4,33.0,3.8,1
Pune,Oct,29.6,67.1,1011.7,4.6,26.2,0.0,0
Jaipur,Mar,24.6,43.5,1008.9,15.3,30.5,0.0,0
Jaipur,Sep,26.2,55.3,1012.5,18.1,52.4,0.0,0
Lucknow,Apr,27.3,51.0,1009.5,10.8,43.4,0.0,0
Chennai,Aug,35.3,73.3,1007.5,18.7,20.5,0.3,0
Hyderabad,Oct,22.6,63.2,1010.0,22.5,54.2,0.0,0
Pune,Mar,23.6,53.3,1008.6,12.2,3.7,0.0,0
Jaipur,Sep,28.1,53.5,1010.6,13.8,22.8,2.6,0
Hyderabad,Aug,29.8,72.7,1007.8,21.2,53.2,11.9,1
Bengaluru,Apr,24.2,63.2,1012.0,9.7,29.5,0.0,0
Kolkata,Apr,24.0,74.0,1009.5,17.3,39.9,0.0,0
Kolkata,Sep,26.4,91.3,1004.3,15.4,66.9,16.9,1
Delhi,Sep,25.3,84.2,1002.4,13.6,55.4,0.0,0
Guwahati,Feb,22.0,68.0,1008.8,5.2,55.0,0.0,0
Hyderabad,May,28.2,39.6,1009.9,18.3,14.5,0.0,0
Guwahati,Mar,23.9,78.4,1016.3,1.3,26.6,0.2,0
Ahmedabad,Jul,32.8,60.9,1008.3,22.7,95.2,3.1,0
Hyderabad,Feb,23.0,60.4,1008.3,11.2,42.4,0.0,0
Ahmedabad,Aug,32.2,62.4,1005.4,12.8,89.3,1.6,0
Delhi,Oct,26.6,57.4,1013.8,6.8,39.9,0.0,0
Kolkata,Jul,27.3,87.8,997.2,14.4,85.1,2.5,1
Pune,Oct,23.9,64.9,1006.2,7.1,29.0,0.0,0
Hyderabad,Oct,28.3,67.4,1008.5,23.4,50.0,0.0,0
Mumbai,May,33.1,77.2,1007.4,17.8,25.0,0.0,0
Chennai,Jun,36.0,73.6,1008.1,9.1,28.3,0.0,0
Kochi,Jul,32.9,98.3,1007.1,10.1,93.7,51.5,1
Kochi,Aug,28.4,96.0,1010.9,13.5,85.9,1.3,1
Kolkata,Mar,22.6,63.6,1011.9,7.4,44.7,0.0,0
Bengaluru,May,25.7,84.5,1007.4,14.3,72.8,1.7,0
Bengaluru,Sep,22.0,86.5,1005.7,13.0,80.7,6.8,0
Delhi,Aug,25.0,61.3,1005.0,11.7,50.5,1.7,0
Lucknow,May,30.1,55.2,1013.1,2.8,12.4,0.2,0
Bengaluru,Sep,24.4,100.0,1007.5,18.7,84.8,31.2,1
Guwahati,Mar,24.0,77.3,1010.0,5.4,6.1,0.0,0
Hyderabad,Nov,23.1,47.4,1011.9,11.5,5.0,0.0,0
Kolkata,Jan,18.0,64.0,1006.9,11.5,31.0,0.0,0
Pune,Jun,28.6,87.2,1006.2,11.9,97.4,9.6,0
Delhi,Jun,28.6,39.5,1007.8,16.0,6.7,1.3,0
Guwahati,Nov,24.2,46.6,1008.6,7.3,0.0,0.9,0
Chennai,Oct,26.0,73.7,1005.9,14.5,80.8,11.2,1
Chennai,Sep,35.5,73.1,1012.2,18.4,33.5,0.0,0
Guwahati,Oct,27.4,75.9,1011.9,12.2,15.1,2.7,0
Pune,Sep,25.2,53.7,1005.7,14.9,83.6,15.0,0
Pune,Nov,22.1,56.2,1009.9,1.9,47.0,0.0,0
Pune,Apr,27.9,74.2,1001.7,5.9,12.0,0.0,0
Jaipur,Jun,32.9,32.6,1009.3,6.6,3.9,0.0,0
Guwahati,Nov,22.3,70.2,1006.5,10.2,0.0,0.2,0
Kochi,Mar,25.2,71.9,1012.4,9.8,31.4,0.0,0
Bengaluru,Dec,16.8,57.7,1009.9,14.6,21.3,0.0,0
Guwahati,Dec,19.0,61.3,1015.7,11.4,64.1,1.2,0
Lucknow,Jul,29.8,86.4,1003.9,7.9,52.1,0.0,1
Mumbai,Oct,23.7,59.8,1005.9,3.8,57.5,0.0,0
Pune,Dec,19.1,57.2,1012.4,7.6,12.6,3.7,0
Jaipur,Sep,33.9,45.4,1008.0,27.3,21.9,6.6,0
Chennai,Apr,30.1,64.7,1008.5,4.2,29.7,4.1,0
Ahmedabad,Sep,28.8,37.7,1006.1,16.2,18.3,9.8,0
Jaipur,Sep,27.7,55.9,1011.3,10.5,36.3,0.0,0
Lucknow,Oct,24.3,53.0,1011.1,14.5,9.8,0.0,0
Ahmedabad,Apr,30.3,42.2,1008.3,32.7,14.8,0.0,0
Kochi,Jan,22.6,76.6,1009.1,4.1,9.5,0.3,0
Bengaluru,Aug,30.7,77.5,998.8,18.7,44.5,3.5,1
Bengaluru,Oct,19.6,71.4,1000.1,20.1,74.3,3.2,1
Chennai,Dec,22.6,98.8,1010.0,16.3,52.9,0.0,0
Jaipur,Jun,36.0,38.5,1012.9,19.2,0.2,0.0,0
Jaipur,Apr,26.1,49.9,1006.9,24.4,34.8,0.4,0
Kolkata,May,27.9,74.4,1010.2,6.3,8.0,0.0,0
Pune,Aug,28.7,76.9,1002.8,16.8,79.1,1.7,0
Delhi,Jul,27.1,70.8,1010.7,23.0,95.7,0.0,0
Guwahati,Dec,19.9,66.1,1012.6,18.2,36.5,0.0,0
Jaipur,Aug,30.9,71.8,1006.6,26.0,51.3,3.7,0
Delhi,Jan,14.5,45.7,1006.3,5.3,29.4,0.0,0
Pune,Jan,22.0,40.9,1007.7,19.7,13.1,0.0,0
Guwahati,Nov,27.2,66.7,1005.1,20.9,24.4,0.4,0
Ahmedabad,Mar,27.8,47.4,1006.8,23.0,29.4,1.7,0
Jaipur,Aug,31.2,60.7,1004.4,9.8,87.7,18.2,0
Hyderabad,Apr,28.2,59.3,1008.4,10.9,48.9,0.0,0
Lucknow,Aug,26.9,84.6,1003.9,11.4,90.0,0.0,0
Pune,Feb,22.1,45.0,1010.8,10.7,20.1,0.0,0
Chennai,Nov,22.8,96.8,1006.4,21.9,88.4,22.8,1
Chennai,Sep,34.8,76.2,1013.1,12.7,49.6,0.0,0
Jaipur,Sep,29.4,52.3,1007.5,7.0,53.8,0.0,0
Jaipur,Nov,24.2,50.2,1010.9,7.2,21.0,0.0,0
Ahmedabad,Feb,22.9,43.9,1006.1,11.4,11.2,0.0,0
Mumbai,May,34.5,62.9,1016.5,9.3,29.7,1.3,0
Delhi,Mar,28.3,38.0,1013.7,3.4,8.8,0.0,0
Mumbai,Mar,24.1,68.5,1007.8,15.3,48.2,0.0,0
Ahmedabad,Jun,34.6,44.8,1012.0,8.2,18.9,4.0,0
Pune,Apr,23.3,55.8,1014.5,15.0,17.7,0.0,0
Bengaluru,Apr,22.6,55.5,1012.8,21.3,30.1,0.0,0
Jaipur,Apr,28.6,41.6,1008.6,8.0,38.8,0.0,0
Guwahati,Mar,21.3,61.8,1015.9,2.1,50.5,0.0,0
Chennai,Apr,28.6,63.7,1008.2,5.9,58.8,0.0,0
Jaipur,Sep,26.4,53.5,1010.4,9.1,77.6,1.9,0
Delhi,Jan,15.1,53.5,998.5,8.9,27.1,0.9,0
Mumbai,Jul,28.5,100.0,1006.9,21.0,85.0,4.8,1
Kolkata,Jan,19.1,69.5,1002.5,10.8,21.1,0.0,0
Delhi,May,26.2,44.7,1011.1,9.6,0.8,0.2,0
Kolkata,Mar,23.1,59.5,1011.7,25.5,31.9,0.0,1
Hyderabad,Jul,34.2,81.0,1007.7,23.1,66.1,0.0,0
Hyderabad,May,28.9,48.5,1012.0,8.1,37.5,0.5,0
Pune,Aug,27.3,72.6,1004.0,28.3,57.3,0.3,0
Chennai,Jan,19.6,76.8,1004.4,12.5,38.1,0.0,0
Delhi,Jan,20.8,56.5,1012.9,12.2,30.7,0.0,0
Hyderabad,Mar,26.2,75.0,1008.8,7.7,19.2,0.0,0
Chennai,Dec,20.7,87.8,1009.8,11.9,78.8,1.0,1
Bengaluru,May,27.4,67.2,1010.0,13.5,49.7,0.0,0
Kochi,Jun,29.4,100.0,1007.8,9.9,71.4,0.1,1
Guwahati,Jul,30.0,100.0,1007.1,16.3,100.0,42.6,1
Jaipur,Jul,30.3,55.5,1003.8,10.4,60.5,0.0,0
Mumbai,Jun,30.8,100.0,1005.1,20.8,83.1,13.0,0
Kochi,Jun,31.5,100.0,1000.1,19.8,92.7,80.1,1
Chennai,Apr,25.3,66.0,1006.9,17.1,26.8,0.0,0
Mumbai,May,32.6,84.4,1008.3,8.4,56.1,0.0,0
Mumbai,Aug,32.3,97.1,1000.5,16.2,96.1,19.0,1
Guwahati,Aug,29.6,100.0,1003.7,33.4,86.8,0.0,1
Mumbai,May,29.3,72.5,1011.5,6.6,26.7,0.0,0
Chennai,Apr,30.9,68.5,1009.4,9.6,27.9,5.3,0
Guwahati,Mar,19.0,77.6,1014.3,9.9,18.2,0.0,0
Kochi,Dec,19.1,70.7,1013.3,4.9,23.3,0.0,0
Delhi,Feb,23.1,56.0,1011.7,20.8,35.7,7.4,0
Guwahati,Sep,25.3,95.2,1005.0,25.0,47.0,0.0,1
Guwahati,Jul,30.4,100.0,1005.3,14.9,100.0,0.0,1
Ahmedabad,Feb,25.4,38.7,1013.3,5.6,32.7,0.0,0
Jaipur,Nov,22.8,35.0,1012.0,2.8,17.2,0.0,0
Pune,Jun,26.2,62.7,1005.8,12.8,81.9,10.6,0
Pune,Oct,23.3,60.4,1011.3,8.9,17.0,0.0,0
Kolkata,Aug,31.3,98.1,1004.3,22.7,100.0,25.9,1
Delhi,May,31.2,48.7,1012.2,14.7,17.5,0.0,0
Ahmedabad,Dec,22.0,50.8,1011.0,3.4,35.4,0.1,0
Chennai,Sep,33.4,54.4,1012.5,22.3,39.3,0.0,0
Ahmedabad,Feb,22.4,41.7,1010.8,5.4,9.0,0.6,0
Kochi,Feb,23.4,81.3,1010.1,10.7,61.5,0.0,1
Bengaluru,Apr,22.0,52.6,1003.9,10.1,0.0,0.0,0
Lucknow,Jun,31.5,58.2,1019.0,15.4,14.9,0.0,0
Bengaluru,Jan,16.5,61.7,1002.7,14.7,16.4,0.7,0
Guwahati,Aug,27.5,100.0,998.8,16.5,85.9,3.4,1
Pune,Jul,30.4,77.8,1001.5,8.7,89.8,3.2,1
Guwahati,Jun,29.8,87.0,1004.5,22.8,89.7,0.0,0
Kolkata,Sep,23.9,100.0,1001.6,10.5,71.4,0.0,1
Kochi,Feb,21.7,89.2,1009.4,6.8,14.5,0.0,0
Mumbai,Jan,19.8,70.5,1015.2,23.0,35.6,0.0,0
Delhi,Dec,20.2,31.1,1011.3,7.1,32.3,3.9,0
Mumbai,Dec,22.9,76.4,1008.8,24.7,22.2,1.0,0
Ahmedabad,Jan,25.0,48.3,1007.9,21.9,6.9,0.0,0
Kochi,Sep,28.9,100.0,1005.6,26.9,63.1,0.0,1
Lucknow,Jun,30.1,46.2,1005.6,13.4,28.0,0.0,0
Lucknow,Feb,19.7,46.7,1010.4,26.8,15.9,0.0,0
Delhi,Mar,23.7,45.6,1009.5,5.7,40.0,0.0,0
Kochi,Sep,28.9,100.0,1008.6,14.2,88.6,8.1,1
Kochi,Aug,31.0,99.3,1007.0,13.6,100.0,6.2,1
Kochi,Apr,29.4,71.3,1004.8,12.0,10.3,0.0,0
Mumbai,Feb,24.8,64.4,1006.3,12.2,8.5,1.6,0
Bengaluru,Jul,30.6,96.6,1001.9,9.4,61.3,9.1,1
Kochi,Aug,32.0,90.3,1010.5,16.9,80.4,0.0,1
Kolkata,Feb,21.9,75.4,1009.7,7.6,11.2,0.0,0
Hyderabad,Mar,25.1,52.3,1003.9,6.6,13.3,1.4,0
Kolkata,May,29.3,87.6,1012.8,6.5,11.1,1.6,0
Chennai,Dec,20.3,86.4,999.8,12.9,67.5,11.5,1
Lucknow,Nov,18.6,63.6,1017.8,13.2,25.8,2.3,0
Mumbai,Mar,24.1,52.5,1011.9,7.9,21.8,1.0,0
Pune,Mar,21.1,41.0,1011.2,5.8,14.2,2.3,0
Pune,Feb,19.7,49.2,1007.6,12.3,16.8,1.3,0
Lucknow,May,29.5,45.9,1008.4,1.2,9.8,0.1,0
Delhi,Nov,22.6,41.6,1014.0,14.9,4.1,0.0,0
Chennai,Oct,25.7,91.2,1003.1,15.5,59.2,9.9,0
Pune,Apr,26.2,61.6,1009.6,6.1,0.0,0.0,0
Ahmedabad,May,31.0,49.5,1015.4,18.9,23.9,0.0,0
Guwahati,May,27.8,99.3,1007.3,11.3,72.9,0.0,1
Kolkata,Apr,22.9,83.8,1008.7,2.6,10.1,0.3,0
Lucknow,Oct,27.4,49.0,1010.1,10.8,32.0,2.0,0
Hyderabad,Jul,32.5,81.4,1008.1,13.2,59.9,3.6,0
Kochi,Feb,20.3,80.4,1009.3,7.5,56.9,0.0,0
Jaipur,Feb,21.5,46.4,1015.7,10.2,0.0,0.0,0
Kochi,Jun,29.9,100.0,1004.6,13.8,100.0,5.3,1
Delhi,Mar,19.0,52.1,1009.0,17.0,13.5,0.0,0
Mumbai,Jan,23.1,63.1,1012.7,9.2,11.0,0.0,0
Pune,Aug,31.1,70.6,1003.2,16.9,73.2,1.7,1
Kochi,Feb,26.6,83.4,1009.1,8.0,41.0,0.4,0
Kolkata,Dec,24.9,74.0,1003.8,17.9,35.6,0.0,0
Ahmedabad,Nov,23.9,50.0,1012.7,2.4,3.6,1.9,0
Jaipur,Mar,23.4,40.9,1011.8,16.9,18.8,0.0,0
Chennai,Jun,35.4,77.7,1006.8,22.6,16.0,0.0,1
Guwahati,Oct,26.2,84.8,1014.7,18.0,36.3,0.0,0
Chennai,Sep,32.7,66.7,1011.9,7.8,37.6,0.0,0
Pune,May,27.6,60.3,1012.8,16.2,16.0,0.0,0
Pune,Sep,28.6,83.7,1009.4,13.0,64.6,0.0,0
Pune,Nov,22.1,47.6,1009.1,24.4,14.3,0.0,0
Bengaluru,Sep,19.6,67.3,1000.3,9.8,95.6,0.0,1
Jaipur,Oct,28.1,36.4,1007.5,19.6,20.4,0.0,0
Kolkata,Aug,33.3,100.0,1007.0,17.1,78.1,13.1,1
Hyderabad,May,26.8,48.5,1008.7,30.5,43.6,0.0,0
Chennai,May,33.8,58.9,1008.2,8.1,39.6,0.0,0
Pune,Nov,23.0,51.9,1015.3,12.5,40.4,0.0,0
Guwahati,Jun,29.3,100.0,1008.3,14.2,98.3,17.9,1
Kochi,Dec,22.4,65.7,1008.4,9.7,10.1,2.7,0
Lucknow,Nov,19.0,48.7,1010.5,29.4,21.4,0.0,0
Kolkata,Jul,31.2,100.0,1005.9,17.1,98.2,3.9,1
Hyderabad,Jun,35.2,52.9,1008.5,8.7,30.9,0.0,0
Delhi,May,29.3,47.1,1009.4,8.6,21.4,0.0,0
Kolkata,Jun,32.5,100.0,1002.0,20.4,64.7,2.2,1
Chennai,Sep,29.8,58.6,1012.2,2.8,12.4,0.0,0
Pune,Nov,22.1,68.3,1005.8,21.0,12.6,1.5,1
Jaipur,Apr,23.7,37.2,1009.2,7.9,12.7,0.1,0
Kolkata,Jun,30.5,100.0,1005.1,12.2,74.6,0.0,1
Pune,Apr,26.0,55.0,1009.6,18.1,35.3,0.5,0
Hyderabad,Feb,22.2,50.4,1010.5,5.5,7.5,0.0,0
Kochi,Feb,24.1,74.0,1008.9,13.4,22.1,0.0,0
Guwahati,Aug,28.0,86.5,1000.9,31.1,51.0,31.0,1
Kochi,Apr,29.7,99.6,1013.9,8.1,11.1,0.0,1
Ahmedabad,Aug,32.8,70.0,1006.2,26.3,83.6,0.0,0
Kolkata,Jun,27.1,100.0,1006.6,16.0,85.1,16.3,1
Kolkata,Dec,21.2,81.7,1009.7,7.1,22.1,0.1,0
Ahmedabad,May,29.2,30.1,1010.5,4.4,27.1,0.0,0
Guwahati,Aug,28.1,92.4,1009.0,19.8,95.6,2.6,1
Guwahati,May,25.2,73.9,1011.3,12.0,75.8,11.8,0
Hyderabad,Jan,16.1,55.0,1013.1,12.4,20.9,0.0,0
Hyderabad,Oct,26.1,87.2,1009.3,21.2,27.2,0.0,0
Pune,Apr,25.3,51.0,1004.5,20.7,30.6,3.2,0
Kolkata,Sep,27.0,87.4,1001.4,20.4,83.4,9.2,1
Pune,Aug,26.3,66.1,1001.8,18.0,100.0,18.8,1
Hyderabad,Oct,25.1,69.4,1007.8,8.3,50.4,1.7,1
Mumbai,Aug,30.0,100.0,1008.9,14.1,65.9,32.0,1
Delhi,Aug,26.5,76.0,1001.0,17.8,62.6,0.0,1
Kochi,Aug,30.7,100.0,1004.8,18.3,75.9,6.6,1
Lucknow,Feb,21.7,60.2,1010.2,5.1,35.9,1.8,0
Kochi,Feb,19.0,91.3,1008.1,2.5,38.3,0.0,0
Chennai,Dec,16.5,79.9,1004.5,45.8,61.8,0.0,0
Chennai,Dec,20.6,93.8,1010.3,10.0,100.0,3.7,0
Delhi,Jun,29.6,60.7,1006.6,11.3,17.8,1.3,0
Guwahati,May,26.5,87.6,1005.2,12.8,71.0,5.1,0
Jaipur,Jun,28.9,35.6,1007.0,13.2,25.1,0.0,0
Bengaluru,Jun,28.6,69.4,1006.0,18.8,41.4,0.0,0
Delhi,Feb,19.2,54.2,1011.9,14.7,5.5,0.0,0
Hyderabad,Oct,25.7,74.4,1007.0,12.9,62.4,11.7,0
Jaipur,Sep,29.2,40.0,1006.9,20.1,26.8,9.9,0
Guwahati,Jul,25.5,100.0,1003.0,22.1,90.0,0.0,1
Lucknow,Dec,20.8,56.2,1008.6,9.2,11.2,0.0,0
Guwahati,Mar,17.4,76.6,1009.0,11.6,22.6,0.0,0
Pune,Jan,19.6,51.7,1007.4,17.0,22.6,0.0,0
Bengaluru,May,26.1,64.6,1007.1,19.0,49.5,0.0,0
Mumbai,Sep,30.0,90.1,1008.6,14.6,36.7,10.5,0
Pune,Jul,30.9,78.5,1004.5,18.6,99.2,4.8,0
Hyderabad,Dec,21.5,49.3,1009.5,7.7,30.3,0.0,0
Bengaluru,Oct,21.7,90.6,1001.8,22.8,61.2,11.6,1
Pune,Sep,26.0,77.9,1003.0,14.2,58.3,24.3,0
Mumbai,Mar,25.6,78.1,1012.0,8.8,26.0,2.2,0
Jaipur,Oct,27.9,36.8,1009.6,9.0,31.0,5.3,0
Ahmedabad,Oct,30.0,49.5,1011.6,14.8,34.3,0.0,0
Kochi,May,27.3,90.2,1009.4,16.4,97.3,0.0,0
Kolkata,Jul,28.7,93.1,1006.6,27.3,75.3,16.9,1
Guwahati,Jul,27.7,86.4,1001.3,17.1,100.0,1.8,1
Lucknow,Aug,28.4,71.0,1001.8,10.9,93.5,10.6,1
Guwahati,Dec,21.1,67.2,1014.3,6.2,53.0,0.0,0
Mumbai,Mar,21.3,84.4,1008.3,10.1,45.7,0.0,0
Jaipur,Aug,30.7,58.6,1003.7,14.5,63.1,0.0,0
Ahmedabad,May,30.4,50.6,1005.6,26.8,20.2,0.0,0
Hyderabad,Nov,23.3,59.8,1011.3,12.9,17.3,0.0,0
Bengaluru,Nov,16.4,62.0,1005.9,3.0,29.0,0.0,0
Kolkata,Apr,22.8,57.7,1010.7,37.1,5.5,1.0,0
Kolkata,May,29.8,79.0,1012.5,31.9,51.8,0.0,0
Ahmedabad,Jan,21.8,65.3,1014.6,5.6,44.1,0.0,0
Bengaluru,Feb,16.8,51.0,1009.7,10.3,0.0,0.0,0
Delhi,Dec,22.4,43.8,1009.1,5.4,35.6,0.0,0
Ahmedabad,Mar,25.4,47.9,1015.3,21.0,25.9,0.0,0
Ahmedabad,Oct,27.8,29.5,1010.7,11.8,23.0,0.0,0
Guwahati,Oct,25.9,69.2,1011.6,8.6,11.8,0.0,0
Kochi,Aug,27.0,99.2,1000.8,22.6,77.8,11.0,1
Lucknow,Nov,22.9,47.3,1009.3,3.6,11.7,0.0,0
Hyderabad,Feb,21.6,53.1,1006.2,8.8,27.9,1.6,0
Chennai,Aug,38.3,74.2,1005.9,26.0,36.0,0.0,0
Kochi,Feb,24.8,78.4,1009.2,11.1,22.4,0.0,0
Jaipur,Apr,29.2,24.5,1008.1,16.4,22.9,2.3,0
Kochi,Mar,23.7,80.0,1014.6,3.1,24.1,0.0,0
Ahmedabad,Sep,30.9,45.2,1010.1,20.4,51.9,0.0,0
Ahmedabad,Apr,28.7,50.4,1010.1,8.5,46.8,0.0,0
Delhi,Apr,26.9,50.4,1007.4,8.6,20.7,0.6,0
Pune,Nov,24.0,58.2,1008.5,4.4,23.5,0.0,0
Ahmedabad,Apr,27.0,35.8,1007.2,10.6,6.4,0.0,0
Hyderabad,Feb,19.6,68.3,1010.7,10.4,20.1,0.0,0
Kochi,Jul,30.4,100.0,1001.8,32.6,100.0,13.2,1
Lucknow,Oct,25.3,51.3,1012.2,8.2,17.3,0.0,0
Kochi,Sep,29.4,83.6,1005.8,21.6,70.3,3.3,1
Kolkata,Oct,25.0,72.6,1007.5,10.1,32.4,1.2,0
Mumbai,Jan,20.6,63.0,1008.9,5.9,35.6,0.0,0
Kolkata,Jun,32.2,91.2,1004.5,9.2,80.5,0.0,1
Chennai,Sep,33.2,69.2,1012.1,29.5,50.9,0.0,0
Delhi,Oct,24.4,58.4,1010.0,21.2,12.9,1.1,0
Mumbai,Oct,28.1,81.6,1012.3,15.4,68.2,0.0,0
Mumbai,Feb,23.5,78.0,1007.9,23.7,50.0,0.0,0
Lucknow,May,30.7,60.2,1009.2,46.9,29.5,0.0,0
Ahmedabad,Sep,29.6,75.0,1004.9,12.7,58.1,0.0,0
Delhi,Mar,17.9,37.6,1013.8,9.5,0.0,0.7,0
Mumbai,May,34.4,65.6,1006.7,21.3,38.6,0.0,0
Lucknow,Jul,26.0,50.7,998.0,31.8,95.9,14.0,1
Ahmedabad,Nov,23.7,48.0,1005.6,14.4,12.4,0.0,0
Bengaluru,Jul,30.5,83.2,1001.0,13.7,45.5,0.4,0
Bengaluru,May,25.6,77.3,1006.5,31.3,73.3,1.2,1
Bengaluru,Nov,17.4,74.4,1015.7,20.8,13.6,0.0,0
Jaipur,Aug,28.9,38.0,1009.8,13.6,57.1,9.0,1
Delhi,Apr,23.4,56.4,1009.0,21.8,16.9,0.6,0
Pune,Dec,20.5,44.2,1006.0,9.7,3.3,0.0,0
Bengaluru,Feb,17.6,57.6,1009.2,3.0,25.4,0.0,0
Pune,Jul,28.2,79.8,1001.7,23.3,72.8,6.1,1
Ahmedabad,Jul,33.1,60.1,1004.6,12.8,57.1,7.0,1
Delhi,Dec,15.1,54.2,1009.9,12.8,12.0,0.0,0
Mumbai,May,36.4,73.9,1009.1,11.6,25.5,0.0,0
Kochi,Jul,30.7,100.0,1005.4,12.6,83.2,5.3,1
Hyderabad,Jul,30.5,79.6,1005.2,14.1,63.4,27.1,1
Ahmedabad,Sep,29.2,58.7,1009.6,10.9,12.2,0.8,0
Chennai,Mar,27.8,67.0,1006.4,11.8,29.6,1.4,0
Chennai,Mar,25.5,74.5,1010.8,7.1,20.4,0.0,0
Guwahati,Dec,18.7,74.7,1017.8,1.6,44.6,0.0,0
Guwahati,Feb,16.9,76.6,1012.0,14.7,51.0,0.0,0
Hyderabad,Oct,24.9,55.7,1008.6,15.9,35.0,10.5,0
Ahmedabad,Nov,24.5,22.6,1000.9,20.9,38.4,0.0,0
Kochi,Jul,28.2,99.7,1008.6,9.7,92.6,7.9,1
Chennai,Nov,23.5,86.4,1006.6,29.4,92.9,7.2,1
Delhi,Dec,13.5,56.3,1006.9,16.2,25.2,0.0,0
Lucknow,Nov,21.3,62.0,1009.5,6.3,28.0,0.0,0
Guwahati,Jan,17.6,83.1,1012.0,17.9,29.1,0.8,0
Kolkata,Nov,24.3,63.1,1013.7,3.5,15.4,0.0,0
Kolkata,Jun,29.4,93.1,1005.1,23.6,95.8,19.0,1
Lucknow,Jun,29.1,42.9,1007.9,5.7,14.4,0.0,0
Hyderabad,Apr,27.9,40.4,1008.8,6.5,10.1,0.0,0
Guwahati,Feb,21.1,79.5,1009.2,4.7,12.7,0.0,0
Delhi,Nov,17.4,55.8,1015.0,8.1,13.5,0.0,0
Guwahati,Oct,26.7,63.9,1013.9,18.7,11.2,3.8,0
Mumbai,Jun,29.4,84.5,1002.2,15.9,90.4,0.2,1
Delhi,Feb,14.9,58.7,1002.8,10.4,24.1,0.0,0
Mumbai,Jun,30.5,78.3,1000.3,18.5,87.1,40.6,1
Hyderabad,Jul,32.9,69.4,1005.4,14.9,75.6,0.0,1
Hyderabad,May,32.3,65.7,1013.0,3.4,32.4,1.9,0
Lucknow,May,30.1,78.7,1008.7,12.6,14.3,0.0,0
Jaipur,Jan,22.7,55.2,1010.4,11.0,27.1,0.0,0
Jaipur,Sep,26.1,55.8,1004.4,15.3,12.6,0.0,0
Chennai,May,35.2,62.8,1009.1,26.8,50.1,0.2,0
Ahmedabad,Jul,32.9,77.7,1007.0,33.4,92.7,26.1,1
Jaipur,Dec,22.0,26.9,1013.2,7.8,7.4,0.0,0
Kochi,Jun,27.8,100.0,1004.0,19.8,83.8,1.0,1
Lucknow,Apr,28.7,59.6,1005.2,11.2,26.9,0.5,0
Kochi,May,28.1,93.9,1008.2,14.2,67.2,0.0,0
Guwahati,Aug,29.2,97.9,1005.8,22.0,81.6,38.4,1
Hyderabad,Jul,31.5,86.2,1006.2,21.5,58.5,11.8,1
Kochi,Jul,25.7,93.5,1002.8,13.4,78.7,4.7,1
Jaipur,Jun,33.9,37.7,1004.5,10.8,4.7,0.0,0
Mumbai,Jul,29.6,100.0,1008.7,11.2,89.3,21.0,1
Bengaluru,May,25.8,72.2,1004.5,11.2,47.1,2.6,0
Guwahati,Aug,30.8,100.0,1005.2,19.1,100.0,0.0,1
Kolkata,Feb,22.8,60.6,1011.3,11.5,21.9,0.0,0
Bengaluru,Nov,17.6,54.3,1005.2,8.7,26.7,0.0,0
Guwahati,Jan,19.7,62.0,1011.1,29.1,26.8,5.2,0
Jaipur,Feb,19.9,37.4,1010.0,11.9,0.0,0.0,0
Kolkata,Jul,30.8,94.4,999.2,18.4,100.0,14.4,1
Pune,Jun,31.3,84.3,1011.6,23.8,56.5,4.4,0
Lucknow,Jun,31.3,45.2,1010.4,10.7,40.1,2.4,0
Delhi,May,28.9,47.5,1008.5,12.8,19.9,0.0,0
Kochi,Jul,31.5,91.8,1008.0,13.6,84.0,12.0,1
Delhi,Nov,21.0,36.4,1009.8,10.4,0.0,0.0,0
Delhi,Jan,16.9,50.1,1014.2,14.0,23.5,0.0,0
Hyderabad,Jul,31.5,65.5,1008.5,21.0,92.1,18.1,1
Kochi,May,29.7,96.2,1009.3,28.6,70.2,1.3,0
Pune,Apr,25.8,48.5,1010.2,11.9,25.7,3.1,0
Ahmedabad,Dec,23.4,54.9,1007.3,18.1,9.4,2.8,0
Hyderabad,Jun,35.9,56.3,1015.3,16.3,0.8,0.0,0
Lucknow,Apr,25.0,65.5,1011.1,17.8,0.0,0.0,0
Kochi,Oct,23.0,100.0,1005.8,21.7,64.4,1.1,1
Guwahati,Feb,15.9,86.0,1013.1,7.7,43.3,0.0,0
Hyderabad,Apr,24.7,57.2,1008.3,21.1,31.7,0.4,0
Pune,Feb,20.3,57.2,1007.2,24.5,22.7,0.0,0
Lucknow,Jan,18.1,65.0,1004.4,16.3,46.3,0.0,0
Pune,Sep,25.9,76.8,1002.4,21.7,61.2,0.0,1
Pune,May,30.3,52.5,1011.8,7.1,17.9,0.0,0
Lucknow,May,30.9,45.2,1004.5,19.6,30.8,0.0,0
Pune,May,26.6,45.2,998.7,12.2,0.0,0.0,0
Hyderabad,Feb,18.8,86.0,1007.8,2.8,10.1,0.0,0
Guwahati,Aug,23.2,97.1,1003.8,15.2,86.0,0.0,1
Delhi,May,29.4,51.0,1007.7,10.8,43.0,0.0,0
Mumbai,Jun,28.8,74.9,1005.1,19.3,87.4,0.0,1
Bengaluru,Sep,21.0,93.8,1001.4,20.2,68.2,9.8,1
Pune,Feb,17.7,35.3,1006.6,15.0,0.0,5.5,0
Jaipur,Jul,31.6,59.8,1005.7,22.1,53.0,0.5,0
Kochi,May,29.7,99.8,1007.2,13.5,48.7,0.8,0
Kochi,Oct,23.2,79.7,1006.8,13.7,60.3,21.2,0
Jaipur,Jun,30.1,37.2,1009.1,10.7,30.0,0.0,0
Chennai,Mar,27.9,68.1,1008.9,6.0,49.3,0.0,0
Guwahati,Feb,20.4,74.4,1008.6,3.5,18.0,0.0,0
Guwahati,Feb,17.4,62.1,1010.3,3.2,18.9,0.0,0
Kolkata,Jul,29.4,100.0,1004.2,19.5,100.0,47.2,1
Hyderabad,Oct,24.8,72.2,1007.3,18.9,42.2,28.0,0
Bengaluru,Jun,25.3,81.0,1007.0,30.3,76.5,10.2,1
Bengaluru,Mar,19.0,58.2,1009.6,10.7,19.5,1.2,0
Delhi,Aug,28.6,79.3,1005.7,29.5,87.2,2.4,1
Ahmedabad,Oct,28.8,50.5,1016.2,9.8,30.1,0.0,0
Mumbai,Sep,32.7,91.3,1006.4,11.9,75.3,17.3,1
Mumbai,Mar,22.0,68.1,1007.6,10.7,0.0,3.5,0
Jaipur,Nov,21.5,38.8,1012.9,3.8,9.2,5.2,0
Jaipur,Aug,29.8,65.2,1007.3,31.2,74.0,7.5,1
Lucknow,May,24.3,48.5,1008.6,8.4,15.1,2.4,0
Lucknow,May,29.3,63.7,1006.3,16.9,25.7,0.0,0
Kochi,Jun,31.7,100.0,1009.1,16.2,100.0,1.7,1
Lucknow,Feb,17.2,51.0,1007.4,19.8,17.8,1.9,0
Hyderabad,Sep,24.7,81.9,1004.0,10.3,64.8,2.3,1
Pune,Jul,27.8,70.0,1003.7,14.4,86.7,0.0,0
Jaipur,Jan,19.3,46.4,1011.2,26.0,23.1,0.0,0
Delhi,May,30.9,53.3,1012.4,3.4,37.6,0.0,0
Pune,Nov,23.3,57.7,1012.4,9.4,26.4,0.0,0
Delhi,Nov,21.3,58.6,1011.9,16.2,16.2,0.0,0
Mumbai,Dec,20.4,62.8,1007.3,9.4,15.7,0.0,0
Ahmedabad,Oct,29.2,64.6,1005.2,7.3,28.6,0.0,0
Kochi,Sep,31.7,100.0,1004.6,12.3,43.4,0.0,1
Hyderabad,Apr,25.9,43.1,1010.2,4.8,13.5,1.8,0
Kolkata,Sep,28.0,100.0,1004.1,10.8,95.8,10.2,1
Kochi,Mar,24.1,77.0,1011.1,7.1,38.7,0.3,0
Mumbai,Oct,27.7,80.2,1008.6,7.5,46.8,0.0,0
Chennai,Sep,39.0,52.8,1009.1,7.7,23.8,0.0,0
Delhi,Mar,22.9,34.2,1013.6,15.3,21.8,0.0,0
Chennai,Jul,39.3,69.8,1008.6,15.3,34.9,0.0,0
Jaipur,Dec,21.2,45.1,1010.9,8.6,19.5,2.3,0
Jaipur,Apr,27.7,40.8,1012.1,2.8,31.9,0.0,0
Jaipur,Jan,21.2,56.7,1009.8,5.0,47.8,0.0,0
Kochi,Dec,19.8,80.1,1008.1,27.2,30.8,0.0,0
Delhi,Jul,28.7,71.0,1005.4,34.0,45.7,0.0,0
Ahmedabad,Feb,22.3,37.7,1007.2,18.7,27.8,0.0,0
Bengaluru,Sep,29.1,69.6,1006.5,23.8,75.2,16.1,0
Pune,Jun,32.5,70.9,1008.8,17.3,53.4,0.0,0
Guwahati,Aug,30.9,100.0,1004.5,14.7,100.0,40.7,1
Bengaluru,Mar,18.7,77.6,1000.5,10.0,44.3,0.0,0
Kolkata,Mar,20.7,72.3,1018.0,3.2,8.3,1.8,0
Kolkata,Feb,24.6,67.7,1010.0,3.5,53.3,0.0,0
Delhi,Nov,20.9,52.2,1006.2,17.7,0.0,0.0,0
Pune,Feb,21.2,58.8,1006.3,11.5,27.8,0.0,0
Hyderabad,Aug,33.6,79.6,1010.0,21.9,64.9,0.0,1
Ahmedabad,Nov,32.1,40.7,1014.7,5.1,33.6,0.0,0
Kolkata,Aug,26.8,100.0,1004.9,23.8,80.3,26.0,1
Mumbai,Jan,21.4,73.3,1012.5,11.6,26.9,0.0,0
Bengaluru,Dec,17.2,48.3,1010.5,10.8,11.4,0.0,0
Lucknow,Oct,26.1,48.5,1009.6,5.6,16.8,2.4,0
Lucknow,Feb,18.8,65.9,1007.1,14.9,10.3,0.1,0
Delhi,Nov,22.3,57.1,1005.6,5.9,28.0,0.0,0
Ahmedabad,Nov,24.4,42.4,1010.9,10.3,44.4,1.0,0
Hyderabad,Oct,29.2,65.2,1009.3,18.5,63.3,0.0,0
Hyderabad,Aug,28.3,74.5,1004.5,14.8,88.1,2.3,0
Mumbai,Nov,22.0,62.5,1014.7,8.0,5.5,3.4,0
Jaipur,Mar,27.2,31.6,1010.8,6.6,30.7,0.0,0
Lucknow,Jan,20.6,61.2,1008.6,19.5,32.2,0.0,0
Bengaluru,Oct,19.3,79.5,1004.7,22.2,82.9,0.0,1
Chennai,Aug,37.0,65.2,1009.1,4.2,0.0,0.0,0
Kochi,Nov,27.8,84.8,1009.4,12.1,34.1,0.0,0
Mumbai,May,30.4,64.6,1010.4,15.9,13.7,0.0,0
Lucknow,May,31.7,60.1,1008.2,10.6,23.9,0.0,0
Jaipur,Jul,30.4,52.1,1007.3,30.8,50.4,0.0,0
Chennai,Mar,23.8,81.9,1006.9,9.0,30.1,0.0,0
Kochi,Oct,25.1,100.0,1006.9,16.5,75.8,11.3,1
Guwahati,Feb,22.8,73.0,1011.3,34.0,7.2,0.0,0
Guwahati,Oct,27.1,79.0,1010.3,42.0,27.7,0.0,0
Guwahati,Jan,17.3,82.6,1012.8,18.8,18.7,0.0,0
Pune,Apr,26.0,67.8,1006.4,3.8,11.7,0.0,0
Delhi,Oct,26.4,44.2,1007.2,4.7,0.0,0.0,0
Lucknow,Sep,28.2,83.1,1004.3,6.2,63.3,0.0,0
Guwahati,May,29.4,89.4,1010.7,8.4,80.0,0.0,0
Ahmedabad,Nov,23.7,46.1,1006.0,16.1,15.5,0.0,0
Kochi,Jan,20.8,74.9,1011.3,9.7,55.8,0.0,0
Bengaluru,Aug,27.5,100.0,1007.6,13.1,59.2,6.8,1
Lucknow,Jul,28.5,76.9,998.7,11.0,64.5,0.0,0
Kochi,Oct,29.3,86.1,1006.5,22.8,65.2,0.0,0
Guwahati,Oct,24.7,69.2,1011.1,16.9,21.0,0.0,0
Mumbai,Jun,30.4,100.0,1007.6,15.9,95.2,0.0,1
Bengaluru,Feb,16.1,59.0,1013.2,14.8,35.1,0.0,0
Chennai,Oct,23.1,84.1,1004.6,9.6,75.9,18.4,1
Pune,Dec,19.1,70.4,1006.6,7.5,6.5,0.0,0
Kolkata,Aug,28.8,90.3,1005.4,16.3,100.0,6.2,1
Ahmedabad,Mar,22.8,67.0,1012.9,14.8,21.6,0.0,0
Kochi,Sep,27.7,95.7,1005.0,19.4,78.6,0.0,1
Jaipur,Jun,30.4,50.7,1017.0,7.9,25.3,0.0,0
Chennai,Feb,21.3,78.5,1011.9,3.5,26.9,1.9,0
Bengaluru,Sep,23.2,84.6,1006.8,12.5,90.6,10.5,1
Jaipur,Jan,20.5,46.0,1008.1,8.5,18.5,10.1,0
Bengaluru,Jun,29.0,83.1,1005.9,14.5,63.2,0.0,0
Delhi,Jan,19.1,45.7,1014.6,9.0,47.4,5.5,0
Mumbai,Jun,30.5,91.0,1009.4,25.3,95.6,20.5,1
Kolkata,Mar,20.7,69.4,1012.9,16.0,41.5,0.0,0
Chennai,Jul,37.7,72.4,1010.6,5.3,3.8,0.0,0
Hyderabad,Jan,19.7,55.7,1010.0,6.6,13.6,0.0,0
Delhi,Feb,16.3,50.4,1015.2,6.5,20.6,0.0,0
Bengaluru,Jul,29.4,72.1,1008.4,11.7,60.2,0.0,1
Ahmedabad,Jun,33.1,42.2,1009.9,30.2,27.3,0.0,0
Kochi,Apr,30.1,75.9,1011.4,11.6,26.0,2.4,0
Delhi,Jan,15.4,60.8,1012.7,3.8,33.4,0.0,0
Kolkata,Aug,28.9,100.0,1003.5,24.9,69.9,0.0,1
Hyderabad,Apr,26.8,37.9,1010.4,10.4,13.7,0.0,0
Kolkata,Sep,26.5,100.0,1002.8,14.9,100.0,0.0,1
Hyderabad,Mar,21.9,54.8,1006.6,3.9,26.2,0.0,0
Kolkata,Sep,28.2,100.0,1005.6,11.6,71.6,26.7,1
Chennai,May,33.6,84.6,1010.7,16.2,27.2,1.3,1
Jaipur,Nov,20.6,43.7,1001.5,10.1,0.0,0.0,0
Pune,May,30.5,53.7,1007.8,10.4,31.0,0.0,0
Guwahati,Jan,16.1,67.3,1009.2,6.9,25.2,0.0,0
Pune,May,28.9,43.6,1014.0,30.6,14.2,1.6,0
Chennai,Aug,39.0,62.6,1004.2,17.3,11.9,3.7,0
Delhi,Jun,33.2,29.9,1011.5,7.2,34.7,0.0,0
Delhi,May,30.8,52.8,1011.7,8.9,27.8,0.0,0
Guwahati,Nov,23.5,65.1,1012.0,9.8,41.7,0.0,0
Pune,Jan,21.9,56.1,1012.7,21.5,17.8,4.1,0
Guwahati,Jun,26.0,97.9,1008.1,12.6,90.6,18.0,1
Hyderabad,Jun,32.0,68.1,1007.6,10.4,0.0,0.0,0
Ahmedabad,Nov,24.5,51.0,1005.6,9.5,36.9,0.0,0
Kochi,Sep,26.8,86.7,1006.0,10.4,85.4,1.3,0
Bengaluru,Sep,25.9,75.5,1002.9,19.9,94.0,22.0,1
Jaipur,Sep,30.7,47.3,1007.3,7.7,21.9,0.0,0
Ahmedabad,Nov,25.6,41.6,1003.7,17.6,23.1,0.0,0
Guwahati,Jan,18.0,59.8,1013.7,3.0,0.0,0.0,0
Kochi,Jun,28.3,99.2,1005.5,26.5,77.8,0.2,0
Chennai,May,31.9,65.7,1015.7,8.1,22.1,2.6,0
Guwahati,Apr,21.1,88.2,1012.1,22.3,30.6,0.0,0
Pune,Feb,16.0,66.2,1012.2,13.7,40.0,4.7,0
Guwahati,Jan,18.4,83.5,1010.8,15.9,28.3,0.0,0
Mumbai,Jan,21.8,60.8,1005.0,7.7,29.6,3.7,0
Kolkata,Mar,24.6,73.3,1011.9,5.1,59.1,0.0,0
Hyderabad,Oct,23.2,65.1,1013.1,60.0,41.4,3.5,0
Pune,Feb,18.6,52.4,1009.0,1.0,39.2,0.0,0
Kochi,Oct,30.6,90.4,1012.4,21.3,42.9,0.0,0
Ahmedabad,Sep,29.2,67.7,1010.0,16.8,41.2,0.0,0
Kolkata,Sep,28.0,91.2,1001.3,22.7,92.8,15.6,1
Bengaluru,May,23.8,80.5,1005.9,17.4,45.0,0.0,0
Hyderabad,May,30.3,57.4,1009.6,3.0,10.7,0.0,0
Kochi,Nov,24.0,63.9,1013.7,21.1,13.4,0.0,0
Jaipur,Feb,23.2,40.5,1009.4,6.8,6.8,0.0,0
Jaipur,Sep,28.4,47.5,1008.6,14.6,41.4,0.0,0
Bengaluru,Aug,29.8,70.9,1012.7,16.3,61.1,7.2,0
Jaipur,Apr,29.4,55.3,1005.9,1.3,31.3,0.0,0
Bengaluru,Jan,16.8,52.3,1013.0,13.8,19.7,0.0,1
Pune,Oct,28.3,60.9,1007.9,12.5,28.0,0.0,0
Jaipur,Mar,23.4,54.3,1009.5,21.0,23.9,3.1,0
Mumbai,Oct,26.2,73.9,1008.9,11.7,44.8,0.0,0
Pune,Apr,27.5,76.8,1007.9,3.2,8.3,0.0,0
Delhi,Feb,23.2,41.4,1009.6,10.6,8.9,0.6,0
Pune,Jul,25.5,84.6,996.2,22.2,96.9,41.7,1
Hyderabad,Jan,19.4,57.6,1005.7,24.2,43.0,1.2,0
Mumbai,Dec,24.3,78.7,1004.8,10.4,40.2,0.0,0
Hyderabad,Dec,22.7,42.8,1008.8,1.4,27.6,0.0,0
Kochi,Sep,28.7,84.1,1001.5,31.2,90.4,0.0,1
Hyderabad,Jan,22.1,59.3,1007.0,6.8,26.4,0.0,0
Hyderabad,Nov,22.3,65.7,1013.5,21.6,29.2,0.0,0
Kolkata,Jan,19.4,66.1,1005.2,17.9,22.7,0.0,0
Kolkata,Oct,24.1,83.5,1002.4,5.3,57.0,18.0,1
Ahmedabad,Dec,23.7,60.3,1005.5,10.0,19.9,0.0,0
Pune,Apr,25.0,38.8,1010.6,8.1,0.0,0.0,0
Pune,Feb,21.1,62.3,1011.3,14.7,40.7,3.4,0
Kolkata,Jun,34.7,96.7,1007.3,13.5,100.0,2.4,1
Ahmedabad,Dec,23.2,63.2,1009.4,12.0,29.9,0.0,0
Hyderabad,Jun,34.2,45.3,1008.4,7.1,61.9,0.0,0
Guwahati,May,27.9,90.2,1004.9,6.5,43.5,3.9,0
Guwahati,Jan,21.4,68.8,1015.7,4.2,40.5,0.0,0
Bengaluru,Apr,22.1,54.5,1012.3,13.4,2.6,0.0,0
Kochi,Aug,30.2,89.7,1000.4,10.4,79.1,0.0,1
Ahmedabad,Oct,27.9,57.1,1010.7,16.5,19.5,0.0,0
Ahmedabad,Feb,21.3,48.3,1012.2,15.0,20.0,0.0,0
Ahmedabad,Aug,31.6,66.1,1006.4,8.3,58.2,19.5,0
Lucknow,Oct,26.4,43.3,1011.0,7.6,3.4,0.0,0
Delhi,Jul,29.0,74.5,1006.0,20.8,50.2,13.2,0
Mumbai,Apr,28.0,75.1,1009.8,10.4,37.4,3.1,0
Delhi,Jun,30.8,57.8,1013.2,13.2,22.2,0.0,0
Delhi,Jun,32.6,58.5,1010.9,13.7,37.4,0.0,0
Lucknow,Sep,26.0,70.8,1008.5,17.8,46.4,24.6,0
Kolkata,Apr,26.2,50.3,1013.1,7.2,46.0,0.0,0
Kochi,Apr,26.5,81.4,1004.4,21.8,8.5,0.0,0
Ahmedabad,Feb,22.4,40.0,1012.2,9.3,21.9,0.0,0
Hyderabad,Aug,31.0,67.6,1003.2,8.9,91.9,0.0,0
Pune,Mar,21.7,51.4,1012.4,17.5,14.0,0.2,0
Mumbai,Jun,30.3,87.1,1006.8,15.9,55.4,0.0,0
Ahmedabad,Oct,28.8,53.8,1009.3,6.8,15.0,0.0,0
Kolkata,Mar,25.9,59.0,1009.9,22.5,29.6,0.0,0
Guwahati,Jan,16.3,78.3,1009.6,6.4,32.4,0.0,0
Chennai,Dec,19.8,92.1,1004.8,17.2,80.1,4.4,1
Delhi,Feb,21.0,37.4,1007.0,6.7,0.0,1.5,0
Bengaluru,May,26.0,79.7,1007.7,11.2,46.9,1.0,1
Jaipur,Aug,29.9,56.7,999.9,23.3,67.6,10.1,1
Ahmedabad,Aug,31.0,84.5,1007.4,14.0,76.6,12.2,1
Pune,Mar,21.8,65.8,1008.1,34.1,0.5,0.0,0
Jaipur,Sep,25.5,46.0,1010.6,26.0,50.6,5.3,0
Kolkata,Dec,19.9,84.1,1006.7,14.9,39.2,0.0,0
Kochi,Aug,32.5,92.5,1004.7,31.4,67.1,26.8,1
Ahmedabad,Aug,30.1,52.6,999.9,17.0,69.6,3.8,0
Pune,Jan,21.1,52.9,1007.6,13.6,45.2,0.0,0
Chennai,Mar,25.5,75.4,1007.6,5.4,36.0,0.0,0
Guwahati,Dec,15.9,75.2,1012.5,15.7,13.8,6.4,0
Kolkata,Jan,22.2,82.8,1005.2,8.4,55.7,0.0,0
Mumbai,Jan,20.3,64.7,1006.2,6.7,6.9,3.1,1
Jaipur,Jun,32.6,36.5,1012.0,16.0,6.1,7.4,0
Pune,Jul,31.3,82.4,1005.1,33.1,84.2,1.3,0
Kolkata,Feb,23.1,67.2,1009.2,22.2,28.8,0.0,0
Kolkata,Nov,20.8,71.8,1006.3,6.0,36.2,0.0,1
Kochi,Jun,34.2,100.0,1004.9,13.0,100.0,6.2,1
Pune,Sep,29.0,83.5,1010.3,12.3,49.7,10.5,1
Jaipur,Feb,21.8,49.9,1006.6,9.9,21.3,0.0,0
Bengaluru,May,24.4,82.6,1007.9,16.6,54.8,13.6,0
Ahmedabad,Mar,23.6,36.4,1008.8,12.5,29.9,0.0,0
Hyderabad,Mar,21.4,49.3,1006.2,19.4,11.0,0.0,0
Guwahati,Dec,24.1,78.7,1008.0,11.7,24.1,0.0,0
Chennai,Nov,23.1,92.6,1006.2,24.2,88.5,4.1,1
Jaipur,Aug,32.1,53.3,1001.9,16.8,63.2,21.0,0
Kochi,Nov,20.4,79.1,1011.0,15.0,17.7,0.0,0
Lucknow,May,31.8,50.2,1009.6,10.3,36.7,0.2,0
Kolkata,Aug,30.5,97.7,1005.2,24.3,100.0,0.0,0
Bengaluru,Mar,22.3,65.1,1008.5,10.4,29.2,2.8,0
Pune,Nov,26.2,55.1,1008.6,19.6,29.2,0.0,0
Guwahati,Apr,26.3,68.1,1007.4,9.7,38.5,0.0,0
Jaipur,Jun,33.8,20.8,1012.6,13.1,20.2,0.0,0
Hyderabad,Aug,33.2,91.1,1003.5,10.9,69.9,0.1,1
Delhi,Mar,19.6,50.1,1003.7,3.4,22.3,0.0,0
Ahmedabad,Feb,21.2,40.5,1015.3,14.2,10.9,1.7,0
Lucknow,Jul,28.5,89.6,1005.9,23.5,61.7,0.0,1
Kolkata,Jul,28.4,100.0,999.0,23.9,97.3,9.5,1
Guwahati,Jun,27.5,88.1,1003.4,22.8,88.0,22.6,1
Delhi,Sep,25.9,56.9,1006.1,17.0,26.8,0.0,0
Pune,Aug,28.6,70.3,1000.1,33.8,70.7,3.9,1
Jaipur,Oct,25.8,45.3,1008.7,11.3,1.6,0.0,0
Kolkata,Nov,21.0,57.4,1009.6,7.6,22.9,0.0,0
Kochi,May,28.0,79.3,1002.2,19.4,49.9,0.0,0
Jaipur,Oct,27.6,49.4,1013.2,7.2,22.1,0.0,0
Kolkata,Jul,30.2,87.6,1009.7,21.4,80.5,0.0,1
Guwahati,Dec,19.0,77.4,1011.2,10.6,14.7,0.0,0
Bengaluru,Oct,16.7,70.2,1005.0,11.9,81.7,36.8,1
Mumbai,May,30.1,63.6,1015.4,12.5,43.0,0.0,0
Delhi,Dec,18.9,59.2,1014.5,7.6,36.1,0.0,0
Kolkata,Jan,20.8,61.4,1008.9,13.4,39.2,0.0,0
Lucknow,Apr,27.4,42.4,1012.2,24.8,0.0,0.0,0
Ahmedabad,Mar,23.5,34.5,1015.4,21.1,23.1,0.0,0
Bengaluru,Dec,17.4,61.0,1010.9,5.7,37.4,0.0,0
Kochi,Sep,28.3,99.8,1011.0,19.1,96.0,0.0,0
Guwahati,Jan,18.2,85.4,1009.0,12.5,42.7,0.0,0
Ahmedabad,Aug,32.0,66.7,1002.9,25.4,57.2,1.9,0
Lucknow,Oct,25.0,58.2,1006.8,10.2,0.0,0.0,0
Bengaluru,May,25.8,75.3,1001.6,5.6,69.0,0.0,0
Kolkata,Aug,25.9,100.0,999.6,20.5,100.0,14.6,1
Hyderabad,May,34.6,68.1,1007.1,18.1,29.9,0.0,0
Ahmedabad,Mar,23.7,41.5,1001.3,17.4,50.8,0.0,0
Kolkata,Jan,23.6,76.7,1007.6,10.6,24.0,0.0,0
Pune,Dec,22.7,46.3,1008.3,14.7,41.6,0.0,0
Guwahati,May,28.2,91.1,1015.4,26.7,61.2,7.8,1
Pune,Apr,28.7,49.1,1014.0,13.2,23.1,0.0,1
Guwahati,Nov,20.9,59.9,1008.6,6.0,15.4,0.0,0
Guwahati,Jul,30.8,100.0,1009.2,23.5,100.0,18.9,1
Ahmedabad,Jul,33.1,59.1,1004.9,12.6,66.6,13.7,0
Jaipur,Feb,20.0,30.3,1008.2,14.8,31.2,0.0,0
Lucknow,Apr,25.0,64.3,1010.0,29.0,33.3,0.0,0
Chennai,Feb,22.0,80.3,1009.6,6.8,33.5,0.6,0
Hyderabad,Jul,28.7,67.0,1008.2,16.4,57.2,1.5,0
Chennai,Dec,21.0,88.5,1001.3,16.1,70.7,0.0,1
Guwahati,Nov,20.8,79.2,1009.0,13.6,58.6,0.0,0
Mumbai,Jan,18.6,71.5,1007.5,9.4,32.4,0.2,0
Chennai,Feb,23.0,61.0,1011.3,19.3,25.2,0.0,0
Chennai,Jun,32.2,66.2,1016.2,9.1,27.7,0.0,0
Kolkata,Oct,26.2,73.3,1008.1,12.9,61.7,19.0,1
Chennai,Jul,35.6,65.0,1008.8,4.8,11.8,0.0,0
Chennai,Jul,38.1,43.6,1018.8,3.4,1.4,0.0,0
Delhi,May,28.4,56.5,1008.9,38.0,48.6,0.0,0
Pune,Oct,25.3,72.9,1009.4,9.6,35.6,1.1,0
Jaipur,Dec,19.4,48.7,1016.8,14.8,42.8,0.0,0
Hyderabad,Jun,33.8,46.8,1012.3,7.8,27.5,0.0,0
Chennai,May,32.2,75.5,1008.7,18.1,26.1,0.0,0
Kochi,Feb,23.6,66.5,1014.3,5.1,17.5,0.0,0
Guwahati,Apr,24.9,69.6,1013.4,8.4,36.7,0.0,0
Lucknow,Mar,22.7,44.4,1009.2,10.0,29.1,0.9,0
Jaipur,Jul,30.6,53.4,1006.6,13.6,62.3,6.4,0
Ahmedabad,Nov,22.1,50.8,1009.8,4.9,16.0,0.0,0
Bengaluru,Feb,17.8,61.7,1009.9,9.4,27.1,0.0,0
Pune,Feb,21.2,62.6,1011.6,15.0,29.2,0.0,0
Mumbai,Mar,22.6,83.4,1007.5,11.9,50.6,0.0,0
Chennai,Oct,25.4,99.3,1008.6,27.7,89.1,2.6,1
Bengaluru,Oct,22.0,57.2,1005.2,23.8,43.6,14.3,0
Ahmedabad,Jan,21.5,53.8,1008.8,5.4,57.1,3.5,0
Mumbai,Jun,28.5,100.0,1010.2,14.5,97.6,2.2,1
Pune,Feb,19.2,36.4,1007.2,18.2,19.1,0.1,0
Hyderabad,Jan,18.8,72.0,1008.2,10.1,22.4,0.4,0
Ahmedabad,Nov,25.1,39.7,1012.8,18.7,20.0,0.0,0
Ahmedabad,Mar,23.9,42.2,1009.0,3.9,23.9,0.0,0
Ahmedabad,Sep,31.3,41.5,1012.2,15.3,21.9,5.9,0
Jaipur,May,29.5,54.2,1013.8,2.9,19.9,0.0,1
Pune,Jan,20.1,61.5,1007.9,24.3,30.8,0.0,0
Chennai,Oct,25.7,95.5,1006.2,9.3,89.0,0.0,1
Guwahati,Feb,18.9,64.1,1015.0,7.9,36.1,0.0,0
Pune,Jul,27.2,91.2,1003.5,16.7,91.4,0.8,1
Jaipur,Oct,27.0,47.7,1012.8,14.5,8.2,0.0,0
Lucknow,Feb,19.6,58.3,1012.2,14.3,14.4,0.0,0
Lucknow,Sep,28.5,71.3,1010.4,8.2,71.4,0.0,0
Lucknow,Sep,28.8,50.3,1010.8,21.2,37.3,3.8,0
Guwahati,Jul,26.7,95.5,1002.0,35.6,87.9,3.0,1
Hyderabad,Sep,28.6,84.6,1007.3,20.8,92.0,0.0,1
Jaipur,Aug,30.2,39.8,1008.5,23.4,46.6,4.0,0
Ahmedabad,May,30.7,59.1,1007.7,12.1,29.2,1.6,0
Bengaluru,Sep,20.8,96.3,1002.3,21.7,72.8,4.9,1
Delhi,Oct,21.8,45.3,1008.2,4.5,25.9,0.0,0
Kochi,Mar,24.4,100.0,1010.6,18.1,45.3,2.3,0
Pune,Mar,22.9,67.9,1010.6,17.5,31.0,0.0,0
Guwahati,Apr,24.3,81.4,1007.2,13.4,35.2,3.3,0
Delhi,May,28.6,59.1,1008.0,8.6,48.5,4.7,0
Delhi,Oct,24.7,38.1,1012.1,8.4,21.8,0.0,0
Bengaluru,Apr,22.5,56.0,1004.1,30.0,26.6,0.7,1
Jaipur,Jan,19.9,19.6,1010.4,18.1,35.9,0.0,0
Pune,Jan,16.7,38.4,1011.4,3.0,21.0,0.0,0
Kochi,Sep,30.1,90.8,1002.0,14.2,89.6,41.2,1
Kolkata,Feb,21.1,73.5,1005.5,19.0,58.4,0.0,0
Chennai,Apr,30.0,62.8,1010.3,8.1,28.0,0.0,0
Hyderabad,Jun,32.2,64.5,1013.0,7.5,11.7,0.0,0
Jaipur,Jan,25.6,42.4,1013.0,5.7,45.5,0.0,0
Delhi,Jan,17.4,55.9,1015.4,18.6,30.6,0.0,0
Chennai,May,33.9,75.6,1002.0,8.2,17.3,0.0,0
Delhi,Nov,27.7,60.1,1011.3,26.2,29.6,0.0,0
Guwahati,Apr,25.5,64.4,1012.8,7.6,35.3,0.8,0
Chennai,Jun,34.5,64.7,1010.4,28.7,39.4,0.0,0
Pune,Nov,26.2,40.3,1019.8,13.7,0.0,0.0,0
Kochi,Dec,22.1,83.7,1007.4,22.7,22.6,0.0,0
Pune,Jul,31.5,91.6,1011.8,25.6,100.0,10.4,1
Guwahati,Nov,23.0,74.0,1008.6,6.1,45.9,0.0,0
Ahmedabad,Jan,19.4,48.9,1004.0,13.0,2.1,0.0,0
Ahmedabad,Apr,29.2,54.5,1010.7,8.6,15.2,0.0,0
Kochi,Jun,29.1,100.0,998.0,24.1,63.1,0.0,1
Bengaluru,Jan,18.4,63.8,1007.9,3.0,24.7,0.0,0
Mumbai,Aug,27.6,98.4,1002.7,11.8,93.8,0.0,1
Jaipur,Jul,29.9,59.8,1000.8,7.7,48.4,9.4,1
Mumbai,Jul,30.1,97.2,1004.9,19.3,77.9,2.1,1
Hyderabad,Jan,20.9,52.4,1007.4,8.9,34.0,0.0,0
Delhi,Jun,30.9,46.2,1009.2,12.1,0.0,0.0,0
Mumbai,Feb,23.2,70.2,1012.7,5.7,35.6,0.0,0
Hyderabad,Aug,30.3,73.6,1006.8,12.7,52.2,1.7,0
Delhi,Dec,19.1,50.0,1010.0,12.0,2.4,0.0,0
Delhi,Jul,28.6,64.2,1004.0,14.6,63.1,0.0,1
Pune,Nov,23.5,67.1,1008.8,2.7,43.5,1.9,0
Kochi,Nov,21.2,86.8,1015.3,13.3,37.7,0.0,0
Kochi,Nov,25.5,78.7,1009.5,12.1,13.1,0.0,0
Kolkata,Sep,23.3,95.5,1003.7,18.7,95.2,13.4,1
Kolkata,Jan,19.9,78.6,1006.8,14.0,31.7,4.2,0
Kochi,Jun,30.0,100.0,1000.9,16.4,100.0,0.8,1
Kochi,Dec,22.7,88.8,1007.8,5.9,30.5,0.0,0
Mumbai,Apr,24.9,71.6,1015.4,24.9,15.4,0.0,0
Kolkata,May,28.1,63.5,1011.5,20.3,49.6,0.0,0
Bengaluru,Dec,18.7,59.6,1006.4,24.2,20.3,0.0,0
Hyderabad,Jan,20.6,58.9,1012.0,17.1,23.2,0.0,0
Hyderabad,Jan,25.4,32.4,1008.3,13.6,9.7,0.0,0
Lucknow,Sep,24.8,57.0,1009.1,31.6,45.3,0.8,0
Chennai,Jan,25.6,69.4,1013.8,8.2,27.3,0.0,0
Mumbai,Oct,28.0,71.5,1011.3,18.8,73.0,2.7,0
Delhi,May,31.1,54.9,1009.8,9.2,34.8,0.0,0
Jaipur,Sep,30.1,68.3,1007.0,7.8,56.0,3.0,0
Guwahati,Oct,26.8,68.5,1011.8,3.7,36.5,0.0,0
Chennai,Jun,32.9,71.5,1010.9,9.7,36.0,0.0,0
Guwahati,Aug,30.8,96.7,1008.9,12.5,46.3,61.1,1
Kolkata,Dec,18.6,72.5,1010.6,6.7,23.2,0.4,0
Chennai,May,37.1,67.1,1006.1,7.0,23.2,0.0,0
Lucknow,Sep,27.5,73.9,1004.0,11.0,54.4,22.3,0
Lucknow,Sep,27.3,78.3,1008.4,7.3,44.0,5.3,1
Chennai,Jul,37.6,69.0,1009.4,11.9,14.8,0.0,0
Guwahati,Sep,24.9,100.0,1006.9,16.3,85.4,0.0,1
Kolkata,Sep,23.4,100.0,1006.3,27.0,89.7,30.7,1
Kochi,Aug,28.9,95.9,1006.4,9.6,90.4,3.5,1
Jaipur,Mar,23.3,37.3,1001.5,13.7,9.4,5.9,0
Mumbai,Oct,27.8,79.5,1008.7,8.9,21.2,0.0,0
Guwahati,Jan,16.1,64.6,1012.3,10.6,37.8,0.0,0
Mumbai,Mar,23.3,76.4,1008.8,5.8,14.4,3.5,0
Guwahati,Jan,16.8,70.2,1016.5,5.3,49.0,0.0,0
Delhi,Feb,19.4,54.7,1005.3,20.8,49.7,0.0,0
Kolkata,Sep,27.2,88.3,1008.2,17.0,79.2,40.0,1
Chennai,Sep,34.7,59.5,1014.3,4.4,25.4,2.0,0
Pune,Apr,27.4,54.3,1008.9,11.6,9.3,0.0,0
Chennai,Jan,23.1,61.2,1007.6,38.5,24.1,0.0,0
Kochi,Aug,30.2,100.0,1004.2,18.7,99.5,0.7,0
Chennai,Jun,37.0,63.4,1007.5,8.8,20.2,0.0,0
Kolkata,Feb,23.4,65.9,1009.9,9.7,11.7,0.0,0
Ahmedabad,Nov,25.7,38.0,1004.4,16.0,19.4,0.0,0
Chennai,Nov,20.6,88.0,999.9,13.0,78.4,0.9,1
Jaipur,Feb,21.0,47.1,1011.9,13.9,44.7,2.7,0
Chennai,Jan,21.6,56.6,1015.9,9.2,0.0,0.0,0
Delhi,Sep,26.0,74.5,1006.7,22.8,34.5,20.0,1
Mumbai,May,30.3,54.6,1010.3,9.1,1.1,0.0,0
Lucknow,Dec,15.3,54.7,1010.1,18.4,31.7,0.0,0
Chennai,Dec,22.4,87.4,1004.7,15.7,53.5,0.0,1
Kolkata,Oct,25.0,80.0,1011.8,13.3,51.0,20.0,1
Chennai,Jan,22.5,80.7,1012.3,2.7,60.2,0.0,0
Delhi,Jan,16.9,59.3,1012.2,18.6,39.5,2.8,0
Mumbai,Jan,20.9,66.6,1011.8,17.8,39.4,0.0,0
Pune,Jan,16.2,66.6,1005.8,10.1,0.0,0.0,0
Delhi,Oct,26.1,53.0,1009.8,7.4,37.6,0.0,0
Jaipur,Jul,27.9,56.1,1006.9,17.0,76.6,0.5,0
Bengaluru,May,27.2,74.9,1010.9,10.1,74.6,17.2,1
Ahmedabad,Apr,26.9,39.8,1004.7,20.9,21.9,0.0,0
Kochi,Apr,30.1,84.7,1016.0,12.8,19.3,0.0,0
Guwahati,Oct,24.7,71.2,1004.5,13.3,22.0,0.0,0
Lucknow,Jan,19.4,58.2,1008.0,3.2,20.0,0.3,0
Kolkata,Nov,22.3,71.1,1008.1,14.3,21.0,0.0,0
Kolkata,Jul,30.4,100.0,1003.2,21.8,100.0,0.2,1
Lucknow,Dec,16.3,70.0,1011.5,13.9,7.9,0.0,0
Hyderabad,Feb,19.5,55.5,1009.6,4.3,24.0,1.2,0
Kolkata,Apr,24.3,71.6,1009.3,8.0,9.3,0.0,0
Jaipur,Feb,25.8,35.4,1010.8,8.2,42.1,0.0,0
Delhi,Jul,28.1,68.1,999.4,12.7,80.4,9.5,1
Kochi,Oct,30.0,91.2,1007.5,13.3,68.6,0.0,0
Chennai,Sep,34.6,74.9,1011.2,8.1,2.5,0.0,0
Kochi,Aug,33.6,100.0,1010.0,14.5,67.3,4.8,0
Jaipur,Dec,23.1,42.6,1017.0,3.9,40.3,0.0,0
Hyderabad,May,31.9,54.9,1008.3,14.1,0.0,2.2,0
Kochi,Sep,32.8,68.5,1003.7,16.0,53.8,0.0,0
Mumbai,Aug,27.4,100.0,1007.5,13.0,90.2,9.1,1
Ahmedabad,Mar,23.2,35.7,1014.0,3.8,28.8,0.7,0
Chennai,Sep,31.6,73.8,1004.6,16.3,28.5,0.7,0
Bengaluru,Jul,32.0,74.9,999.9,17.1,57.3,4.4,0
Hyderabad,Jul,28.7,61.8,1007.8,14.2,30.7,11.7,0
Mumbai,Jan,22.1,84.6,1007.5,20.5,22.8,0.0,0
Chennai,Jan,24.7,69.9,1004.8,7.3,31.0,0.0,0
Kochi,Nov,26.1,97.7,1006.7,13.3,24.5,0.0,1
Ahmedabad,Feb,19.9,68.6,1011.1,9.5,20.0,0.0,0
Delhi,Jul,28.5,70.9,1002.9,21.5,81.7,0.0,0
Jaipur,Nov,22.9,33.1,1010.1,7.9,34.2,0.0,0
Kochi,Dec,20.7,91.3,1013.0,4.3,34.3,0.0,0
Chennai,Sep,31.7,67.8,1015.7,8.3,25.9,1.5,0
Pune,Jun,28.4,77.5,1004.1,10.2,66.5,8.3,0
Guwahati,Nov,19.0,82.2,1004.4,13.3,25.2,0.0,0
Pune,Jun,29.2,88.1,1004.9,13.0,73.9,14.1,1
Ahmedabad,Jul,35.3,76.5,1004.4,21.7,62.7,4.2,0
Hyderabad,Sep,27.3,100.0,1007.8,41.9,100.0,0.0,0
Jaipur,Jul,31.7,64.2,1008.7,23.1,58.4,0.0,0
Chennai,May,31.7,78.4,1007.1,11.1,34.1,0.0,0
Mumbai,Jul,30.3,78.8,1007.2,22.8,81.7,55.6,1
Jaipur,Jul,33.6,66.3,1006.8,10.6,48.6,0.0,0
Pune,Feb,20.1,49.9,1007.9,17.9,24.0,0.0,0
Chennai,Sep,33.1,73.5,1009.3,10.3,47.5,0.0,0
Kolkata,Apr,26.9,75.4,1010.5,10.7,40.5,0.0,0
Lucknow,Feb,21.8,72.9,1012.9,14.8,25.7,0.0,0
Jaipur,Jul,31.0,74.2,1005.1,14.2,25.9,0.0,1
Delhi,Jul,29.6,80.0,1003.9,18.0,65.5,1.0,1
Kochi,May,28.5,86.1,1007.6,14.3,61.1,4.5,0
Chennai,Nov,24.3,77.8,1003.0,18.3,65.1,17.8,1
Guwahati,Jun,23.3,100.0,1008.7,27.0,88.6,20.8,1
Ahmedabad,Oct,28.6,48.5,1011.9,11.4,23.7,0.0,0
Kolkata,Jan,23.4,79.0,1012.7,7.8,56.1,0.5,0
Kolkata,Jan,21.9,75.0,1012.3,19.5,34.9,0.0,0
Hyderabad,Jan,18.9,49.6,1017.0,14.5,0.0,4.6,0
Jaipur,Sep,24.7,55.4,1004.1,10.2,31.5,0.0,0
Guwahati,Mar,20.6,57.1,1007.5,9.1,26.9,0.0,0
Kochi,Oct,28.7,80.2,1005.3,17.1,56.9,0.1,1
Kolkata,Jul,32.5,91.2,1012.1,17.7,75.5,3.7,1
Pune,Oct,25.0,60.3,1005.4,19.3,37.9,0.0,0
Mumbai,Apr,29.3,61.3,1005.0,4.6,22.4,0.0,0
Hyderabad,Aug,32.1,75.0,1008.4,19.5,64.8,9.0,0
Lucknow,Oct,26.7,66.0,1010.3,13.4,8.3,0.0,0
Mumbai,Oct,28.5,75.0,1009.0,8.3,33.0,0.0,0
Kochi,Jul,32.0,100.0,1006.6,14.0,100.0,42.7,1
Jaipur,May,29.9,46.9,1014.0,8.7,44.5,0.0,0
Kolkata,Nov,22.6,60.5,1012.1,6.8,39.0,0.0,0
Kolkata,Jun,32.5,85.0,1005.8,20.4,59.5,0.7,0
Bengaluru,Jul,29.4,69.4,1007.4,18.5,58.8,0.0,0
Pune,Jan,22.5,53.1,1005.2,16.7,30.7,0.0,0
Mumbai,Nov,24.3,65.5,1005.8,14.3,14.1,0.0,0
Lucknow,Aug,28.4,75.2,1002.2,16.2,86.1,0.0,1
Kochi,Oct,27.4,92.0,1006.8,25.1,66.6,14.8,1
Mumbai,Jul,27.9,100.0,998.5,16.3,94.0,33.5,1
Chennai,Aug,36.4,72.6,1009.4,31.3,14.5,0.0,0
Ahmedabad,Jan,18.7,55.4,1004.6,9.9,3.9,0.0,0
Kolkata,Oct,28.4,81.0,1013.5,23.5,26.8,4.1,0
Hyderabad,Jul,33.0,59.0,1005.3,21.9,53.6,3.5,0
Jaipur,Mar,22.9,62.9,1010.8,7.6,36.7,0.0,0
Kolkata,Apr,28.5,67.3,1007.0,12.8,18.5,0.0,0
Mumbai,Mar,24.7,69.9,1010.5,11.6,8.1,0.4,0
Kolkata,Feb,22.9,84.6,1002.9,14.3,33.4,0.0,0
Lucknow,Dec,16.7,71.4,1011.1,10.1,26.0,0.0,0
Kolkata,Jun,32.4,100.0,1007.7,13.9,68.5,11.5,0
Guwahati,Dec,17.5,69.4,1014.3,12.7,0.0,0.0,0
Mumbai,Nov,24.2,69.5,1005.9,12.7,0.0,0.0,0
Bengaluru,Oct,19.1,90.2,1004.3,29.4,100.0,11.1,1
Kolkata,Dec,20.1,70.4,1011.5,10.5,42.4,0.0,0
Jaipur,Oct,24.4,39.4,1005.0,5.5,7.9,0.0,0
Mumbai,Apr,28.5,64.1,1005.0,5.8,8.2,0.0,0
Kolkata,Oct,24.3,85.4,1013.3,10.8,51.5,0.0,1
Bengaluru,Jan,17.4,48.9,1010.8,12.5,44.9,1.7,0
Lucknow,Aug,29.7,63.8,997.9,10.3,61.3,2.1,1
Hyderabad,Apr,29.8,68.2,1011.9,6.3,9.1,0.0,0
Mumbai,Jan,18.1,83.7,1005.8,5.3,2.1,0.0,0
Jaipur,Jan,19.0,56.6,1013.3,10.6,15.3,1.9,0
Chennai,Sep,31.0,65.5,1009.7,25.8,25.1,3.4,0
Lucknow,Jul,32.2,85.3,1002.7,14.3,63.5,20.7,1
Hyderabad,Apr,25.1,42.9,1006.1,3.2,7.8,0.0,0
Ahmedabad,Oct,29.0,36.9,1007.0,23.0,18.0,0.8,0
Hyderabad,Jun,28.9,48.6,1008.2,11.5,0.0,0.0,0
Delhi,Jul,26.7,71.5,1004.6,19.2,58.1,0.0,0
Guwahati,Dec,20.1,74.0,1018.1,4.0,31.0,0.0,0
Jaipur,Oct,29.4,57.5,1013.0,8.8,18.8,0.0,0
Pune,Sep,22.9,84.1,1001.6,13.1,60.6,0.0,1
Hyderabad,Jan,20.7,53.5,1015.0,12.3,37.7,4.5,0
Delhi,May,29.1,51.0,1008.8,4.5,14.2,0.0,0
Chennai,Aug,35.5,51.8,1001.8,5.2,3.5,0.0,0
Delhi,Jul,28.3,79.1,1006.6,16.3,53.6,7.7,0
Chennai,Apr,27.8,72.6,1002.9,4.1,26.8,0.0,0
Delhi,Nov,21.1,28.4,1015.8,10.8,11.1,1.7,0
Kolkata,Sep,24.4,100.0,1002.9,13.8,68.0,10.7,1
Ahmedabad,Aug,30.5,65.0,1006.5,13.4,41.0,8.5,1
Hyderabad,Dec,23.2,59.6,1010.2,11.9,4.5,0.0,0
Delhi,Nov,18.8,54.3,1005.2,11.3,30.6,0.0,0
Chennai,Feb,25.2,75.3,1009.6,5.4,69.9,1.6,0
Mumbai,Dec,23.2,72.7,1012.2,14.2,5.7,0.0,0
Jaipur,Oct,23.9,28.9,1010.9,15.2,28.1,0.0,0
Kolkata,Mar,23.9,75.5,1008.6,12.8,48.4,0.0,0
Hyderabad,Apr,27.2,50.8,1008.1,9.5,8.4,0.0,0
Chennai,Nov,20.2,100.0,1003.5,29.5,94.3,0.4,1
Mumbai,Nov,25.8,70.0,1006.0,21.4,3.9,0.0,0
Kolkata,Jan,18.7,77.1,1009.2,11.3,32.7,0.0,0
Delhi,May,29.9,30.0,1007.9,19.6,18.1,0.0,0
Bengaluru,Oct,19.6,71.0,1009.8,12.4,81.1,18.4,1
Chennai,Nov,22.7,93.2,1005.8,19.1,96.8,5.0,1
Chennai,Jul,38.9,78.3,1009.8,13.6,42.4,0.0,0
Lucknow,May,28.6,31.8,1015.1,3.0,0.0,0.0,0
Jaipur,Feb,24.2,55.0,1014.3,16.5,45.4,0.0,0
Hyderabad,Mar,23.1,46.6,1008.6,16.4,20.7,1.8,0
Guwahati,Mar,24.2,75.8,1011.9,4.7,2.8,0.0,0
Delhi,Dec,19.4,52.5,1010.9,6.6,20.7,0.0,0
Chennai,Jun,35.2,75.4,1006.3,14.6,39.7,0.0,0
Lucknow,Sep,33.2,64.8,1003.2,17.3,64.3,2.5,0
Ahmedabad,Sep,28.9,61.6,1010.4,26.1,36.1,17.9,0
Kolkata,Sep,26.4,91.8,1005.7,30.3,100.0,1.7,1
Chennai,Oct,24.6,94.1,1007.5,15.6,75.4,8.5,1
Bengaluru,Jul,30.5,73.8,1008.3,30.8,39.3,0.0,0
Lucknow,Sep,29.3,83.4,1010.1,19.1,58.7,3.2,1
Chennai,Nov,24.3,100.0,1005.9,15.8,93.8,0.2,1
Kochi,Dec,23.3,77.1,1011.1,9.7,32.5,0.0,0
Bengaluru,Dec,18.2,63.1,1010.3,7.6,44.9,0.0,1
Kolkata,Nov,23.0,71.8,1014.0,6.7,19.6,0.0,0
Jaipur,Jul,32.5,39.2,1005.6,21.4,36.4,0.9,0
Guwahati,Nov,22.7,67.5,1010.7,13.6,40.9,0.4,0
Bengaluru,Mar,19.0,62.3,1009.9,8.4,31.8,6.9,0
Lucknow,Dec,21.5,52.8,1013.5,14.9,18.4,0.3,0
Delhi,Oct,23.7,51.0,1011.7,16.0,36.8,0.0,1
Ahmedabad,Feb,21.6,40.7,1011.6,5.1,34.8,2.6,0
Guwahati,Feb,17.5,60.8,1007.2,5.4,34.3,0.0,0
Guwahati,Apr,25.0,87.9,1012.0,14.4,34.3,2.1,1
Jaipur,Nov,20.9,65.9,1009.1,24.1,46.9,1.5,0
Mumbai,Jul,33.2,98.0,1006.5,23.1,100.0,5.9,1
Kochi,Jun,30.8,100.0,1002.7,12.8,100.0,2.1,1
Mumbai,Dec,20.2,71.5,1006.5,14.9,23.5,0.0,0
Kochi,Aug,28.2,93.9,1006.1,20.9,81.4,1.1,1
Bengaluru,Jul,29.6,87.9,1003.5,13.3,55.6,3.0,0
Ahmedabad,Aug,27.3,63.1,1011.7,12.8,51.9,0.0,0
Hyderabad,May,30.1,62.5,1006.7,19.3,17.4,1.2,0
Jaipur,Oct,27.8,23.9,1009.4,3.9,18.9,2.2,0
Bengaluru,Jul,27.7,81.2,1010.8,14.7,56.0,0.0,1
Delhi,Apr,26.8,52.6,1012.1,16.9,0.2,0.0,0
Jaipur,Aug,30.7,60.2,1007.5,13.2,63.1,19.5,0
Delhi,May,27.2,42.6,1012.7,18.0,25.1,0.0,0
Chennai,Mar,29.4,75.4,1010.6,19.3,30.6,0.0,0
Jaipur,Apr,26.1,46.4,1011.2,7.8,9.7,0.0,0
Chennai,Jun,31.9,83.8,1012.6,14.9,46.7,0.0,0
Mumbai,Feb,24.4,63.3,1005.2,11.6,36.4,2.1,0
Jaipur,Feb,22.6,50.3,1007.9,13.8,27.7,0.0,0
Bengaluru,Jul,28.3,81.6,1004.4,27.6,54.5,3.2,1
Ahmedabad,Feb,20.2,24.0,1015.3,12.4,12.4,0.0,0
Guwahati,Jun,27.4,84.3,1004.9,28.4,87.4,0.0,1
Chennai,Apr,30.1,73.5,1009.6,10.8,20.7,0.0,0
Ahmedabad,Dec,21.7,31.2,1008.2,10.3,0.0,0.0,0
Delhi,Aug,25.8,81.1,1003.5,8.0,48.9,8.7,0
Ahmedabad,Jun,27.7,32.0,1007.6,9.9,20.5,0.0,0
Jaipur,Aug,30.3,61.3,1008.8,8.1,39.8,2.8,0
Kochi,Jul,30.7,100.0,1005.5,25.1,100.0,49.1,1
Delhi,Apr,24.2,54.2,1010.8,5.6,21.5,0.0,0
Jaipur,Apr,24.6,40.4,1001.8,16.0,6.9,0.0,0
Lucknow,May,31.5,59.3,1013.5,8.0,14.0,0.0,0
Mumbai,Mar,23.1,64.5,1013.6,3.4,34.5,0.0,0
Mumbai,Aug,34.4,85.6,1004.0,11.6,97.6,24.5,1
Delhi,Dec,15.4,49.1,1009.9,11.2,46.8,0.0,0
Kochi,Jun,29.9,100.0,1005.7,17.4,100.0,28.7,1
Kochi,Aug,28.7,100.0,1004.5,11.4,100.0,7.8,1
Guwahati,Dec,17.1,79.6,1010.7,3.9,11.0,0.0,0
Kochi,Feb,22.5,67.7,1008.0,9.5,3.1,0.0,0
Chennai,Dec,18.7,75.5,1007.7,16.7,56.8,0.0,0
Lucknow,Sep,22.5,55.8,1010.0,45.3,64.4,3.6,0
Kolkata,Aug,29.6,100.0,1005.2,17.0,94.9,0.0,1
Pune,May,31.6,54.8,1008.8,6.1,50.6,0.0,0
Ahmedabad,May,31.2,58.2,1009.8,7.2,37.0,0.0,0
Bengaluru,Mar,19.9,65.6,1005.9,1.7,27.6,0.0,0
Kolkata,Jul,30.6,96.2,1008.0,17.0,94.8,13.2,1
Lucknow,May,31.8,45.0,1008.6,13.2,11.4,0.0,0
Kochi,Dec,21.4,64.0,1007.0,3.8,43.7,0.8,0
Bengaluru,May,24.1,57.6,1008.3,10.8,26.0,4.7,0
Bengaluru,Dec,16.6,40.7,1016.7,3.3,19.3,0.0,0
Lucknow,May,28.2,59.6,1006.9,11.5,4.5,0.0,0
Kolkata,Dec,21.0,51.7,1012.0,17.1,24.5,0.0,0
Ahmedabad,Sep,31.2,40.2,1008.1,10.8,31.1,0.0,0
Bengaluru,Mar,20.8,61.2,1010.1,5.4,42.1,0.0,0
Pune,Feb,21.0,49.6,1017.0,31.3,16.8,0.0,0
Kochi,Jan,18.7,96.1,1011.4,5.5,30.5,0.0,0
Bengaluru,Nov,18.6,52.9,1009.2,8.1,53.2,0.0,0
Ahmedabad,Nov,25.5,52.0,1011.4,11.0,40.8,0.0,0
Mumbai,May,35.0,80.2,1012.4,13.4,13.8,0.0,0
Guwahati,Nov,23.2,85.8,1009.9,8.9,34.9,0.5,0
Hyderabad,Jun,32.6,55.2,1004.3,6.7,40.0,0.0,0
Kolkata,Apr,25.0,59.6,1012.4,6.9,46.3,0.0,0
Delhi,Mar,24.0,48.2,1012.9,2.8,17.8,0.0,0
Mumbai,Feb,21.8,80.9,1015.1,11.3,39.7,0.0,0
Ahmedabad,Apr,31.4,33.7,1009.8,16.0,0.2,1.0,0
Kochi,Jan,23.0,69.8,1013.5,3.9,29.6,0.0,0
Chennai,Mar,27.2,69.3,1005.4,6.3,26.7,3.9,0
Guwahati,Dec,20.5,73.7,1010.5,17.9,64.4,0.0,0
Bengaluru,Mar,19.4,64.1,1008.4,6.2,16.7,1.5,0
Hyderabad,Apr,26.9,57.8,1010.9,11.0,38.1,4.9,1
Lucknow,Jan,16.1,51.8,1002.8,16.5,42.2,0.0,0
Ahmedabad,Jan,21.8,40.9,1009.2,27.8,34.4,0.1,0
Bengaluru,Apr,25.4,52.8,1010.8,17.5,3.9,2.2,0
Jaipur,Dec,20.5,52.8,1008.4,9.1,7.1,0.0,0
Pune,Apr,20.3,54.3,1007.3,11.5,5.7,0.0,0
Kolkata,Apr,26.7,68.6,1009.6,3.8,3.5,0.0,0
Delhi,Feb,20.3,62.4,1009.8,13.1,34.1,2.1,0
Jaipur,Mar,24.2,32.0,1011.4,6.8,23.3,0.0,0
Bengaluru,Jan,19.0,53.2,1011.5,18.0,3.2,0.0,0
Kochi,Aug,30.7,100.0,1009.9,15.7,54.0,18.1,1
Guwahati,Jul,24.6,88.7,1007.3,13.7,100.0,1.2,1
Bengaluru,Sep,23.0,95.7,1006.4,23.9,68.0,21.1,0
Kochi,Mar,23.4,84.9,1007.9,4.2,43.5,0.0,0
Hyderabad,Jun,33.9,62.2,1009.4,8.5,22.5,1.4,0
Mumbai,Mar,24.2,71.9,1010.6,10.1,1.4,0.0,0
Delhi,Oct,23.9,40.6,1009.5,6.3,24.8,0.0,0
Jaipur,Jun,31.1,49.5,1010.7,1.6,26.3,0.0,0
Guwahati,Aug,24.8,100.0,1005.5,18.0,62.0,0.0,1
Mumbai,Jan,22.9,73.0,1011.1,21.1,36.0,0.0,0
Chennai,May,28.7,59.6,1015.3,1.8,48.3,0.0,0
Kochi,Sep,31.9,95.6,1007.9,22.2,62.8,5.6,0
Delhi,Mar,17.9,54.5,1003.8,12.3,21.4,0.0,0
Chennai,May,33.1,52.3,1006.7,19.5,30.3,1.6,0
Ahmedabad,Sep,30.4,60.8,1004.9,12.1,39.8,21.5,0
Delhi,Apr,20.8,62.2,1006.1,7.9,27.0,0.0,0
Bengaluru,Feb,17.4,61.6,1006.2,12.1,9.4,0.0,0
Pune,Dec,20.0,50.8,1009.9,10.4,5.4,0.0,0
Kochi,Jul,33.0,100.0,1008.0,14.4,98.2,50.0,0
Guwahati,Sep,23.9,96.5,1002.1,11.1,100.0,10.4,1
Jaipur,May,29.7,46.7,1014.3,20.6,34.4,3.3,0
Lucknow,Sep,27.2,66.0,1006.0,12.0,46.0,0.0,0
Ahmedabad,Apr,26.6,57.4,1009.0,2.6,22.2,1.1,0
Jaipur,Feb,21.6,35.5,1009.0,7.9,1.4,0.0,0
Bengaluru,Sep,29.3,87.8,1002.6,22.5,80.7,20.6,1
Mumbai,Aug,31.0,96.5,1007.1,21.4,82.3,25.2,1
Chennai,Jul,34.0,69.7,1008.4,11.8,61.6,3.0,0
Pune,Feb,16.5,49.3,1010.8,3.8,30.8,0.0,0
Mumbai,May,30.2,51.7,1012.4,9.2,31.6,0.0,0
Guwahati,Feb,17.2,76.4,1009.5,13.6,0.0,2.6,0
Guwahati,Oct,20.5,66.7,1007.6,8.5,53.0,0.0,1
Jaipur,Nov,27.5,49.4,1013.0,7.5,20.0,0.0,0
Pune,Jun,28.2,64.1,1003.2,12.0,57.7,0.0,0
Hyderabad,Jun,30.8,50.3,1015.8,16.5,16.6,0.0,0
Bengaluru,Aug,27.6,79.0,1004.3,20.5,73.7,6.7,1
Mumbai,Jul,30.6,100.0,1006.1,30.9,100.0,16.1,1
Mumbai,Jul,32.7,100.0,1004.3,22.3,100.0,0.0,1
Chennai,Jun,36.0,67.4,1008.3,20.5,23.4,0.0,0
Delhi,Jan,19.0,45.2,1011.1,8.3,16.8,0.0,0
Pune,Dec,18.2,63.2,1008.2,21.8,33.0,0.0,0
Guwahati,Jun,31.9,94.4,1009.3,26.1,76.1,2.7,1
Mumbai,May,28.6,58.9,1006.0,19.9,0.0,0.0,0
Mumbai,Feb,19.1,67.4,1007.9,13.3,44.7,0.0,0
Chennai,Sep,29.0,68.7,1013.2,9.0,28.8,0.0,0
Bengaluru,Jan,19.4,63.5,1008.8,8.1,32.0,0.8,0
Ahmedabad,May,29.6,33.0,1009.5,7.3,11.4,0.0,0
Lucknow,Jul,30.2,81.8,1004.4,17.6,82.6,8.9,1
Jaipur,Dec,20.0,41.1,1010.6,8.9,10.9,0.0,0
Delhi,Apr,25.6,41.3,1005.8,10.9,15.2,0.0,1
Jaipur,Feb,21.1,50.0,1009.4,8.2,23.6,0.0,0
Guwahati,Jul,26.3,100.0,1003.6,16.2,68.8,0.0,1
Mumbai,Jun,30.0,100.0,1005.2,15.5,85.6,10.4,1
Jaipur,Jul,30.7,61.2,1002.0,20.8,57.4,15.2,1
Chennai,Oct,27.9,93.7,1006.0,27.5,77.0,4.2,1
Hyderabad,Nov,24.5,53.0,1009.6,6.5,37.2,0.0,0
Pune,May,26.1,46.9,1007.0,8.2,21.6,0.0,0
Delhi,Apr,23.4,42.7,1010.2,9.9,16.6,0.0,0
Chennai,Dec,21.8,93.7,1006.9,38.6,64.3,3.9,1
Kochi,Mar,25.6,96.9,1013.1,27.0,39.0,0.0,1
Lucknow,Sep,28.1,70.8,1009.3,15.4,58.0,0.0,1
Ahmedabad,Sep,27.5,50.8,1008.9,7.6,61.1,0.7,0
Kochi,Jun,31.8,99.5,1006.2,18.1,96.5,16.7,1
Ahmedabad,Feb,23.7,58.8,1013.1,8.1,6.6,0.0,0
Delhi,Mar,22.4,55.6,1008.1,17.8,48.5,0.0,0
Guwahati,Jan,19.7,84.2,1009.8,11.2,16.4,0.0,0
Kochi,Aug,27.6,82.0,1003.2,18.3,69.1,1.5,1
Mumbai,May,32.1,77.1,1005.9,7.5,21.4,0.0,0
Guwahati,Sep,23.8,82.1,1006.3,12.4,68.4,17.9,1
Ahmedabad,Mar,26.2,47.8,1007.3,12.9,24.8,0.0,0
Guwahati,Jan,17.5,68.4,1006.8,9.8,30.6,0.0,0
Guwahati,Jun,27.3,96.1,1001.9,13.9,78.0,2.3,1
Jaipur,Apr,24.9,37.9,1005.2,4.5,15.7,1.6,0
Kochi,May,28.6,83.8,1003.6,10.0,43.3,4.3,0
Jaipur,Aug,31.7,65.5,1003.7,26.5,64.7,5.4,1
Bengaluru,May,24.1,84.1,1005.1,22.7,82.7,0.0,0
Bengaluru,Jul,29.2,75.8,1004.9,10.9,79.8,0.0,1
Guwahati,Dec,20.5,62.1,1008.3,7.5,5.2,0.0,0
Lucknow,Jan,18.0,42.1,1009.9,22.7,32.3,0.0,0
Ahmedabad,Mar,26.1,50.1,1011.0,3.7,15.7,0.0,0
Guwahati,Feb,18.4,91.6,1013.7,17.2,44.0,0.0,0
Kochi,Nov,25.5,66.0,1006.1,29.0,15.4,0.0,1
Kochi,Oct,27.0,100.0,1001.2,11.4,53.9,0.0,0
Mumbai,Dec,25.0,74.7,1006.0,12.1,22.1,0.0,0
Lucknow,Nov,25.1,56.2,1007.1,12.9,19.8,0.0,0
Lucknow,Nov,21.1,47.9,1010.7,12.5,40.1,0.0,0
Guwahati,Apr,31.2,59.7,1008.1,11.2,28.7,0.3,0
Chennai,Apr,31.8,81.3,1014.1,0.5,59.5,0.0,0
Kochi,Mar,25.2,73.2,1014.3,6.6,35.5,2.8,0
Mumbai,Jun,29.7,90.2,1002.2,14.5,84.6,4.5,1
Kochi,Aug,33.0,81.9,1000.0,13.3,74.3,19.7,1
Guwahati,Feb,22.5,70.8,1012.8,3.2,16.9,0.0,0
Mumbai,Feb,19.3,65.2,1011.1,18.0,32.2,0.0,0
Mumbai,May,32.4,56.2,1007.0,21.7,37.1,0.0,0
Kochi,Mar,24.8,76.4,1009.8,6.8,3.7,0.0,0
Hyderabad,May,31.4,43.6,1008.1,14.0,10.0,0.0,0
Chennai,Sep,35.1,56.9,1012.3,11.4,7.6,0.0,0
Kochi,Jul,29.4,100.0,1005.4,19.6,99.0,6.8,1
Kochi,Sep,27.2,100.0,1004.9,15.2,83.1,0.0,1
Guwahati,Jan,17.4,78.4,1007.8,15.5,36.6,0.0,0
Guwahati,Jan,19.4,78.4,1010.8,3.0,34.7,0.0,0
Jaipur,Jul,35.0,60.4,993.4,17.6,56.9,0.0,1
Jaipur,Jul,32.9,62.6,1003.4,20.3,30.1,1.5,0
Hyderabad,Nov,22.2,54.6,1008.3,18.7,38.6,0.0,0
Chennai,May,32.8,65.6,1014.3,3.2,34.0,0.0,0
Jaipur,Sep,30.4,46.9,1009.9,11.9,46.2,0.0,0
Pune,Mar,21.5,60.1,1011.0,12.7,11.5,0.0,0
Pune,Jun,30.2,74.6,1006.4,17.5,69.6,0.0,0
Jaipur,Jul,36.5,54.0,1006.9,11.8,74.0,4.3,0
Ahmedabad,Jan,21.0,46.7,1012.1,11.8,0.0,0.0,0
Lucknow,Mar,23.2,45.2,1013.7,12.0,2.0,0.5,0
Kochi,Nov,24.7,82.8,1009.5,5.6,10.9,0.0,0
Chennai,Jul,34.4,73.2,1009.4,26.7,44.4,1.2,0
Mumbai,Feb,22.2,81.6,1005.4,4.0,31.2,0.0,0
Guwahati,Dec,18.3,78.1,1007.6,3.8,41.8,0.0,0
Kolkata,Sep,26.4,97.8,1004.3,17.9,83.2,6.4,1
Jaipur,May,34.5,55.1,1009.0,17.0,0.0,0.0,0
Chennai,Aug,37.0,61.2,1017.6,14.9,20.5,0.0,0
Mumbai,Sep,29.1,95.3,1004.4,21.8,89.9,0.0,1
Kolkata,Dec,20.4,75.7,1009.6,3.8,2.0,3.6,0
Delhi,Sep,28.9,74.8,1008.4,18.1,46.6,11.1,0
Chennai,Jun,38.0,86.1,1010.4,11.6,13.4,9.3,0
Chennai,Nov,22.0,95.7,1006.7,14.5,77.4,20.9,1
Pune,Sep,26.1,66.3,1005.8,10.1,81.2,0.0,0
Delhi,Dec,18.3,47.8,1012.0,19.3,0.0,0.0,0
Kochi,Jun,29.3,92.8,1005.7,18.1,100.0,0.4,1
Jaipur,Oct,29.0,37.7,1007.1,11.0,2.1,1.8,0
Ahmedabad,Feb,19.0,66.3,1008.9,25.6,40.1,0.4,0
Kolkata,Aug,26.5,90.6,1004.3,30.1,78.7,4.6,1
Hyderabad,May,32.5,49.4,1004.1,23.3,5.0,0.0,0
Jaipur,Nov,26.8,37.6,1012.9,21.5,0.0,1.5,0
Kolkata,Jun,31.8,100.0,1003.5,11.2,100.0,3.7,1
Bengaluru,Apr,24.6,66.8,1012.1,9.8,25.5,0.0,0
Mumbai,Nov,28.5,77.7,1010.8,12.8,44.0,4.9,0
Chennai,May,34.5,70.3,1007.8,8.0,47.3,0.0,0
Pune,Nov,22.8,46.7,1012.3,14.7,21.7,0.0,0
Kochi,Jul,31.4,100.0,1006.9,21.5,100.0,3.4,1
Hyderabad,Feb,22.6,48.9,1008.9,11.3,1.9,0.0,0
Hyderabad,Jun,36.4,48.7,1004.4,4.1,0.0,0.4,0
Chennai,Mar,28.3,62.0,1012.4,18.8,39.5,1.9,0
Lucknow,Jul,28.0,72.3,1011.8,16.7,75.6,21.5,0
Delhi,Apr,20.9,59.2,1016.4,21.9,19.2,0.0,0
Chennai,Oct,24.1,68.4,1008.2,17.3,84.4,11.3,1
Ahmedabad,Jul,32.8,75.5,1003.1,16.1,100.0,21.5,1
Pune,May,29.7,54.0,1011.9,27.1,11.2,0.0,0
Delhi,Jul,29.4,59.5,1007.7,24.0,55.4,2.6,0
Kolkata,Jan,18.1,71.3,1005.8,3.4,25.1,0.0,0
Kochi,Apr,30.5,90.4,1007.1,10.1,49.8,0.0,0
Delhi,Sep,26.6,60.4,1010.2,24.2,44.3,8.4,0
Guwahati,Feb,18.3,67.0,1011.3,11.2,29.2,0.4,0
Chennai,Sep,31.6,65.3,1012.8,14.8,34.3,0.0,0
Mumbai,Jan,21.3,60.5,1014.5,13.6,37.8,0.0,0
Lucknow,Jan,16.5,61.7,1009.5,10.7,37.5,0.0,0
Bengaluru,May,26.6,61.6,1005.4,44.5,54.6,0.0,1
Chennai,Apr,29.5,79.8,1013.5,3.8,40.7,0.0,0
Mumbai,Feb,17.7,78.7,1008.4,28.9,41.4,0.0,0
Ahmedabad,Jan,17.9,37.6,1007.2,10.5,28.8,0.0,0
Chennai,Apr,29.2,78.0,1011.0,6.9,27.5,0.0,0
Lucknow,Dec,20.8,48.7,1005.0,15.4,0.5,0.0,0
Chennai,Mar,22.2,75.0,1009.1,24.5,45.0,2.7,0
Kochi,Feb,20.7,69.4,1015.8,6.1,11.4,0.0,0
Delhi,Oct,28.6,39.7,1008.9,5.3,0.0,0.0,0
Hyderabad,Nov,20.1,43.7,1013.1,9.4,26.0,3.5,0
Lucknow,Dec,19.8,34.0,1009.4,16.2,5.2,4.9,0
Ahmedabad,Oct,25.8,52.2,1010.0,5.3,49.9,0.0,0
Kolkata,Dec,16.8,79.7,1011.0,1.9,18.0,0.0,0
Kolkata,Feb,24.9,73.5,1010.8,9.7,46.9,0.0,0
Pune,Mar,21.3,54.8,1016.0,21.7,0.0,0.0,0
Guwahati,Jun,25.8,100.0,1012.6,15.1,95.8,0.0,1
Kochi,Feb,19.5,80.7,1009.6,8.9,9.5,0.0,0
Bengaluru,May,29.2,64.7,1008.3,33.1,54.2,1.2,0
Pune,Nov,19.4,68.1,1006.6,13.3,27.3,0.0,0
Jaipur,May,29.6,43.8,1013.3,8.2,5.1,0.7,0
Mumbai,Jun,33.3,89.9,1007.7,21.2,81.7,1.9,0
Delhi,Dec,18.7,33.7,1010.1,12.0,18.5,0.4,0
Chennai,Mar,23.9,72.0,1007.6,23.6,19.0,1.3,0
Hyderabad,Jul,33.2,70.6,1007.1,13.4,71.6,5.3,0
Pune,May,29.2,69.2,1007.6,14.9,0.0,0.0,0
Bengaluru,Oct,21.6,90.8,1006.1,21.3,84.5,0.0,1
Kochi,Jan,24.8,74.7,1007.1,4.6,0.0,2.6,0
Lucknow,Aug,29.0,65.5,1005.9,22.3,67.9,18.3,1
Delhi,Feb,18.9,47.3,1015.2,9.5,11.6,0.0,0
Jaipur,Apr,26.2,59.4,1008.4,4.6,4.8,0.0,0
Mumbai,Apr,25.1,69.0,1008.1,5.4,39.9,0.0,0
Ahmedabad,Aug,32.9,82.0,1006.6,27.7,46.7,22.8,1
Delhi,Oct,25.6,47.5,1013.7,14.7,33.4,0.0,0
Bengaluru,Dec,14.6,47.1,1012.3,9.8,36.1,0.0,0
Hyderabad,Aug,29.7,72.6,1003.6,10.5,72.8,13.6,0
Guwahati,Apr,23.5,71.2,1013.5,16.7,24.2,0.0,0
Mumbai,Jun,32.5,92.9,1006.3,8.9,34.8,3.7,1
Delhi,Jul,29.1,66.1,1003.6,12.6,55.3,3.9,0
Hyderabad,Jun,36.3,54.8,1013.1,20.5,1.9,0.0,0
Lucknow,Mar,22.6,60.7,1010.7,21.4,41.3,0.0,0
Guwahati,Mar,22.6,73.2,1007.5,12.3,50.1,0.0,0
Bengaluru,Oct,13.7,71.8,1002.8,13.1,68.4,16.5,0
Guwahati,Mar,22.6,59.1,1010.0,6.1,49.6,0.0,0
Chennai,Feb,28.2,54.8,1008.0,21.7,17.9,0.0,0
Mumbai,Feb,20.9,71.5,1007.4,6.0,13.9,0.0,0
Lucknow,Jun,32.7,47.4,1005.9,14.3,28.3,0.0,0
Bengaluru,Jul,29.2,74.8,1008.1,11.5,58.9,0.0,1
Mumbai,Jul,32.6,100.0,1010.1,31.9,100.0,37.3,1
Jaipur,Nov,21.1,43.0,1008.8,8.0,14.4,0.9,0
Jaipur,Feb,19.1,44.6,1010.0,17.0,4.7,0.0,0
Mumbai,Jun,31.5,89.6,1009.0,12.8,58.5,18.6,1
Ahmedabad,Jan,23.6,40.4,1011.2,10.6,42.8,0.0,0
Bengaluru,Jan,15.7,64.0,1008.2,4.7,64.1,0.0,0
Ahmedabad,Jul,33.0,63.8,1007.9,12.6,55.1,0.0,0
Chennai,Jan,21.4,59.4,1009.1,2.3,25.2,0.0,0
Hyderabad,Oct,27.1,62.1,1006.2,18.1,33.2,0.0,0
Guwahati,Dec,21.3,59.4,1009.6,6.2,33.4,0.0,0
Lucknow,May,29.2,41.4,1005.8,15.4,24.7,0.0,0
Guwahati,Dec,18.8,69.6,1008.8,6.8,20.9,0.9,0
Bengaluru,Feb,19.3,36.8,1011.3,7.5,39.4,0.0,0
Lucknow,Dec,22.0,67.4,1014.0,2.3,32.4,1.2,0
Mumbai,Nov,26.4,68.1,1011.3,6.6,20.0,0.0,0
Kochi,Mar,22.5,93.7,1013.1,26.0,73.3,0.0,0
Kochi,Feb,22.8,79.9,1011.7,8.3,36.0,0.0,0
Ahmedabad,Jun,33.4,41.0,1008.0,23.0,13.4,0.0,0
Kochi,Feb,21.1,80.1,1010.6,6.0,31.0,0.0,0
Chennai,Jan,25.0,61.3,1010.3,23.5,26.3,0.0,0
Delhi,Oct,26.5,37.7,1013.0,13.4,17.7,0.0,0
Pune,Dec,20.2,47.3,1012.3,37.5,35.3,0.0,0
Guwahati,May,26.8,70.5,1006.4,12.0,35.1,0.0,0
Bengaluru,Jul,27.3,89.9,1004.1,13.7,54.6,0.5,1
Kochi,Oct,25.7,100.0,1005.4,13.3,66.5,3.3,1
Delhi,Apr,23.1,61.3,1012.4,31.3,9.4,0.0,0
Kochi,Mar,26.0,77.2,1008.6,10.2,61.6,0.0,0
Kolkata,Aug,30.6,93.8,1006.4,24.3,100.0,0.3,1
Guwahati,Feb,16.2,61.5,1012.4,15.6,28.6,0.0,0
Chennai,Oct,24.4,88.7,1000.3,13.6,100.0,1.9,1
Kolkata,Feb,22.3,72.6,1007.5,5.9,42.5,0.0,1
Kolkata,Aug,29.3,100.0,1008.4,18.6,97.8,0.6,1
Mumbai,Apr,30.4,66.9,1008.6,10.9,52.6,0.0,0
Pune,Oct,22.0,56.2,1009.0,8.1,41.3,0.0,0
Kochi,Oct,27.3,100.0,1007.6,11.2,55.4,2.3,1
Pune,Feb,18.1,52.5,1011.1,24.4,17.0,0.0,0
Pune,Jul,28.5,65.5,1009.8,19.5,62.7,0.0,0
Kolkata,Aug,25.9,100.0,1004.2,15.6,78.0,5.6,1
Delhi,Jun,29.2,33.3,1007.4,20.4,25.6,0.0,0
Pune,Feb,18.5,69.0,1009.6,3.5,3.9,0.0,0
Bengaluru,Jan,16.0,42.1,1008.3,18.7,34.2,0.0,0
Chennai,Sep,33.7,78.5,1005.7,29.1,21.9,0.0,0
Mumbai,Oct,28.7,62.6,1014.2,20.0,42.4,0.0,0
Lucknow,Nov,21.6,56.8,1011.6,6.1,20.2,0.0,0
Guwahati,Oct,25.4,83.3,1010.9,19.6,24.5,1.6,0
Delhi,Oct,26.2,43.8,1008.5,16.6,19.9,0.0,0
Mumbai,Sep,28.2,96.4,1006.7,14.3,99.3,6.8,0
Pune,Jan,20.2,53.8,1005.9,3.5,10.7,0.4,0
Bengaluru,Feb,16.3,57.1,1016.7,5.9,46.3,0.0,0
Jaipur,Apr,26.9,42.0,1014.2,10.3,42.4,0.0,0
Guwahati,Sep,26.7,82.4,1003.3,24.5,81.2,5.5,0
Chennai,Aug,34.5,67.0,1009.4,5.8,22.4,0.0,0
Bengaluru,Apr,27.5,64.4,1004.1,14.6,20.7,0.0,0
Hyderabad,May,31.3,59.5,1013.6,14.2,32.2,1.0,0
Delhi,May,27.0,35.6,1009.9,16.9,12.0,0.0,0
Lucknow,Oct,22.1,41.9,1007.0,12.2,24.1,0.0,0
Hyderabad,Jun,32.7,62.4,1007.5,12.2,1.8,0.0,0
Delhi,Aug,23.8,76.5,1003.8,14.1,86.4,3.9,1
Hyderabad,Sep,26.3,79.4,1002.4,22.8,65.6,0.0,1
Kolkata,Aug,31.0,100.0,1006.3,16.9,100.0,8.8,1
Hyderabad,May,30.3,52.8,1007.4,18.5,2.3,1.3,0
Delhi,Sep,25.5,63.6,999.9,11.9,74.6,0.0,0
Chennai,Aug,35.2,82.1,1013.3,11.1,25.1,0.0,0
Bengaluru,Sep,22.3,77.4,1008.6,13.6,72.4,7.0,0
Chennai,Jan,23.3,84.7,1012.9,2.4,59.1,9.2,0
Mumbai,Dec,19.7,61.5,1011.0,8.9,34.9,0.0,0
Pune,Aug,27.8,78.6,1003.6,27.0,73.4,27.3,1
Bengaluru,Mar,21.0,62.0,1010.0,13.8,0.0,0.0,0
Hyderabad,Apr,24.8,60.5,1008.3,9.8,6.3,0.0,0
Jaipur,Dec,20.5,44.6,1007.5,9.7,0.0,0.0,0
Mumbai,Aug,30.8,95.8,999.6,11.1,93.3,30.7,1
Hyderabad,Dec,20.6,51.5,1009.1,8.3,19.7,0.0,0
Hyderabad,May,28.1,87.2,1010.9,22.6,30.7,0.0,0
Jaipur,May,30.5,60.6,1013.3,11.3,4.0,0.0,0
Kochi,Feb,20.5,87.6,1010.3,10.4,37.9,0.0,0
Mumbai,Aug,34.1,93.1,1003.3,14.3,90.6,5.7,1
Guwahati,Feb,21.6,72.3,1007.9,9.7,38.3,0.0,0
Kochi,Mar,22.3,67.1,1010.2,11.8,62.4,0.0,0
Ahmedabad,Nov,24.6,49.8,1007.1,10.7,30.9,0.0,0
Lucknow,Jul,28.7,67.0,1009.1,24.8,68.7,4.8,1
Lucknow,Apr,28.0,51.1,1007.4,16.7,42.7,0.0,0
Kolkata,Dec,21.7,87.6,1010.5,10.9,16.8,1.0,0
Guwahati,Aug,25.4,100.0,998.5,18.8,86.4,31.8,1
Kolkata,Feb,24.0,65.0,1007.7,8.1,15.9,0.0,0
Delhi,Jan,15.9,39.2,1007.4,9.0,30.2,0.0,0
Bengaluru,Feb,19.2,68.6,1008.6,17.2,23.1,0.0,0
Ahmedabad,Feb,21.8,47.7,1012.3,23.1,10.1,0.0,0
Ahmedabad,May,32.2,46.0,1011.9,23.4,10.1,0.0,0
Kolkata,Apr,25.5,67.4,1009.1,5.4,19.6,0.0,0
Kochi,Oct,25.8,99.7,1007.9,24.0,55.5,8.1,0
Jaipur,Jun,35.7,53.3,1010.6,9.6,19.9,1.1,0
Bengaluru,Sep,24.4,96.3,1003.6,28.6,75.5,16.8,1
Chennai,Dec,22.6,85.2,1002.3,18.0,100.0,3.4,0
Bengaluru,Nov,19.8,57.6,1008.7,6.7,18.7,0.0,0
Pune,Feb,20.9,70.7,1006.0,13.9,34.2,0.0,0
Delhi,Dec,17.5,30.8,1010.0,19.1,28.2,0.0,0
Hyderabad,Jun,30.9,55.0,1011.8,12.2,21.7,0.1,0
Pune,Oct,25.0,48.4,1007.4,10.4,0.0,0.0,0
Kochi,May,27.5,74.2,1007.3,19.6,51.3,7.7,0
Jaipur,May,32.6,52.3,1009.5,11.6,3.4,2.5,0
Kochi,Nov,24.6,77.5,1008.0,28.2,5.8,0.0,0
Chennai,Jan,23.7,76.8,1014.6,7.5,45.0,0.0,0
Guwahati,Dec,18.4,83.6,1012.3,13.1,56.5,0.0,0
Delhi,Aug,27.0,56.5,999.9,14.7,61.9,2.4,0
Pune,Nov,24.2,68.6,1007.9,11.4,19.5,0.0,0
Lucknow,Nov,25.1,36.9,1010.1,15.3,26.8,0.0,0
Kochi,Feb,23.4,65.2,1006.4,4.9,14.8,0.0,0
Kochi,Apr,27.6,68.6,1010.1,5.9,0.0,0.0,0
Delhi,Mar,21.1,55.0,1004.4,4.0,0.0,0.0,0
Lucknow,Apr,30.6,52.7,1010.6,5.8,20.7,4.4,0
Guwahati,Apr,22.5,85.1,1010.0,6.7,46.7,0.0,0
Mumbai,Feb,24.2,52.7,1008.1,26.9,3.1,0.0,0
Delhi,Oct,27.0,47.0,1014.2,15.0,17.8,0.2,0
Jaipur,Apr,26.6,47.2,1010.9,5.1,41.9,0.0,0
Jaipur,Jul,30.9,65.5,1005.0,16.4,80.7,5.5,0
Hyderabad,Mar,23.1,68.1,1012.1,15.4,26.9,0.0,0
Bengaluru,Oct,21.1,74.1,999.1,24.7,86.1,25.7,1
Mumbai,Sep,29.4,85.9,1001.5,20.3,91.6,12.5,1
Jaipur,May,27.8,24.3,1010.5,5.4,32.3,0.0,0
Pune,Dec,19.1,43.9,1013.3,14.8,30.0,0.0,0
Kolkata,Mar,19.3,70.2,1011.8,14.0,31.7,0.0,0
Lucknow,Aug,25.8,77.1,1006.6,21.2,100.0,8.5,1
Ahmedabad,Jul,35.5,60.1,1010.4,14.7,68.1,3.1,0
Delhi,Aug,27.1,62.6,1007.3,25.8,61.2,0.0,0
Kolkata,Apr,25.2,76.1,1007.8,7.0,31.3,0.2,1
Delhi,May,29.6,46.8,1010.6,7.7,27.9,0.0,0
Delhi,Jan,16.9,62.5,1012.9,8.8,11.5,0.0,0
Mumbai,Oct,23.1,81.3,1006.8,8.2,36.8,0.0,0
Kochi,Jan,22.8,78.3,1015.9,15.0,40.9,0.0,0
Lucknow,Feb,21.2,55.0,1013.8,10.8,32.0,0.0,0
Lucknow,Apr,27.5,57.7,1011.4,4.1,9.9,0.0,0
Chennai,Apr,26.4,91.4,1012.8,4.7,30.7,0.0,0
Bengaluru,Jan,19.6,43.6,1010.0,3.3,42.3,0.0,0
Delhi,Apr,24.6,47.1,1011.1,11.5,9.0,0.6,0
Ahmedabad,Nov,23.6,46.9,1004.6,11.5,67.2,0.0,0
Kochi,Mar,25.3,71.2,1012.0,5.6,0.0,0.8,0
Ahmedabad,Oct,24.9,38.3,1010.0,2.4,9.8,0.0,0
Lucknow,Mar,22.0,45.5,1007.0,21.1,7.5,0.0,0
Kolkata,Aug,29.9,100.0,1003.2,26.0,84.2,62.4,1
Delhi,Apr,22.7,55.1,1011.1,15.4,20.3,0.0,0
Chennai,Aug,35.7,64.7,1007.6,4.3,35.8,0.0,0
Jaipur,Jul,29.5,64.5,1003.0,12.7,59.6,3.6,1
Chennai,Apr,31.4,58.6,1009.7,6.2,0.0,0.0,0
Pune,May,29.0,56.3,1011.3,6.9,23.3,0.3,0
Chennai,Feb,24.3,72.3,1015.1,0.8,40.9,1.6,0
Hyderabad,Sep,29.7,79.0,1006.0,7.0,76.7,0.0,1
Hyderabad,Jan,23.7,66.8,1007.0,12.7,31.1,0.0,0
Pune,Oct,24.5,48.8,1013.9,11.5,8.4,0.7,0
Mumbai,Sep,29.2,92.3,1004.2,12.1,82.0,24.0,1
Bengaluru,Feb,19.2,73.2,1011.7,2.9,34.5,0.0,0
Hyderabad,Oct,25.1,86.2,1012.1,27.9,55.1,0.0,1
Pune,Feb,17.3,56.2,1009.2,19.0,40.4,0.0,0
Ahmedabad,Feb,21.8,55.0,1004.7,11.1,21.2,0.4,0
Mumbai,Dec,22.4,71.9,1008.6,14.1,27.0,0.0,0
Guwahati,Jul,25.6,100.0,1003.5,22.6,100.0,1.1,1
Ahmedabad,Dec,20.9,37.7,1006.6,20.0,7.2,3.3,0
Jaipur,Sep,30.7,42.0,1006.3,13.6,23.0,0.0,0
Delhi,Mar,20.7,46.9,1010.9,2.8,14.8,0.0,0
Bengaluru,Dec,17.5,64.5,1014.5,16.7,3.1,0.0,0
Guwahati,Aug,29.7,100.0,1002.7,25.7,89.6,10.1,1
Kochi,May,30.4,99.5,1006.4,16.7,72.2,1.3,0
Mumbai,Sep,27.1,92.9,1010.2,23.1,89.7,4.7,1
Pune,Jun,29.9,85.9,1005.0,26.2,80.2,32.8,1
Hyderabad,Jan,17.7,53.0,1012.7,8.0,35.7,0.0,0
Lucknow,Dec,19.6,52.0,1012.7,11.3,12.6,0.0,0
Delhi,May,30.4,47.5,1013.4,9.6,67.8,0.0,0
Guwahati,Feb,23.5,70.2,1009.7,15.9,35.9,0.0,0
Chennai,Feb,22.6,80.9,1010.0,11.4,39.0,0.0,0
Chennai,Dec,20.1,93.3,1006.6,16.9,81.1,2.2,0
Chennai,Jul,38.2,67.3,1009.1,8.9,23.4,0.0,0
Delhi,Jan,18.7,37.3,1009.7,11.6,25.2,0.0,0
Jaipur,Dec,19.7,34.3,1007.3,10.1,20.2,0.0,0
Kolkata,May,30.4,80.5,1012.2,7.2,18.5,0.0,0
Bengaluru,Jul,31.7,72.4,1007.2,11.4,60.6,2.5,0
Chennai,Jun,34.3,74.3,1005.1,9.4,27.8,0.0,0
Hyderabad,Sep,28.3,64.2,1009.6,15.9,68.7,0.7,0
Mumbai,Jul,34.3,100.0,998.7,25.5,91.3,35.5,1
Kochi,Feb,21.2,72.4,1012.3,9.9,37.2,0.0,0
Mumbai,Oct,23.8,77.6,1011.0,18.0,48.9,0.0,0
Ahmedabad,Oct,30.1,38.0,1009.8,5.1,30.6,0.0,0
Pune,Sep,27.0,79.1,1006.2,12.1,77.6,2.2,1
Delhi,Sep,28.7,50.8,1005.3,15.4,35.5,1.1,0
Delhi,Apr,24.4,40.6,1014.0,27.7,0.0,0.0,0
Delhi,Jun,32.0,45.8,1013.1,10.9,21.3,0.0,0
Guwahati,May,26.1,85.5,1001.9,26.1,58.6,0.0,0
Jaipur,Mar,24.2,50.7,1009.4,18.9,48.4,0.0,0
Jaipur,Oct,24.0,39.4,1012.2,7.2,35.1,0.0,0
Mumbai,Nov,21.7,75.8,1010.5,12.9,17.5,1.5,0
Mumbai,Feb,21.3,79.4,1007.3,20.6,21.9,0.0,0
Kolkata,May,26.4,68.6,1005.8,9.5,41.9,0.0,0
Hyderabad,Jan,16.6,56.1,1010.2,13.9,12.4,0.0,0
Pune,Sep,27.0,84.4,1004.0,25.2,53.8,0.0,0
Kochi,Jun,32.4,100.0,1004.8,19.4,80.8,0.4,1
Kochi,Jan,22.0,72.0,1009.5,10.6,29.8,5.3,0
Guwahati,Jul,27.3,98.3,1002.8,16.0,94.1,18.8,1
Lucknow,Jan,20.6,53.7,1015.6,17.4,54.3,1.4,0
Guwahati,Jun,26.8,100.0,1005.1,15.8,100.0,16.5,1
Delhi,Dec,20.6,59.0,1013.7,5.3,18.4,0.7,0
Kochi,Apr,28.9,92.8,1011.6,3.1,33.0,0.0,0
Pune,Nov,23.5,59.7,1017.3,19.5,1.3,0.0,0
Kolkata,Aug,29.1,100.0,1003.0,24.6,100.0,19.8,1
Kochi,Jan,18.6,78.1,1006.9,19.1,25.1,2.7,0
Delhi,Dec,20.4,41.6,1015.5,11.6,4.1,0.0,0
Bengaluru,Nov,19.3,73.6,1011.5,17.0,36.1,0.0,0
Kolkata,May,32.5,81.2,1006.0,7.2,4.8,0.0,0
Mumbai,Jul,30.9,100.0,998.9,31.5,73.6,21.6,1
Kolkata,Jun,29.6,88.4,1006.4,13.7,69.8,23.6,1
Hyderabad,Jun,34.3,58.9,1008.6,9.8,0.0,0.7,0
Guwahati,Oct,25.1,79.7,1009.5,12.0,26.6,0.9,0
Guwahati,Feb,17.2,77.4,1006.3,3.4,21.8,0.0,0
Delhi,Aug,29.0,77.0,1007.7,10.8,63.3,0.0,1
Hyderabad,Dec,17.8,82.2,1010.6,1.9,2.0,1.5,0
Guwahati,Jun,27.8,95.2,1002.6,27.4,90.3,0.0,1
Bengaluru,Jul,30.5,80.3,1005.6,6.4,38.8,0.0,0
Kochi,Oct,22.5,100.0,1007.0,22.0,69.8,15.2,1
Bengaluru,May,27.7,72.3,1002.5,11.7,37.6,0.0,0
Kolkata,Jun,28.8,100.0,1007.1,14.2,82.6,14.0,1
Ahmedabad,Nov,20.1,44.9,1016.5,14.5,9.7,0.0,0
Ahmedabad,Feb,23.5,50.1,1009.1,9.5,18.8,0.0,0
Kochi,Oct,24.7,100.0,1009.7,10.9,25.4,0.0,0
Pune,Nov,25.7,60.1,1009.3,1.4,40.2,0.0,0
Hyderabad,Mar,23.4,51.0,1004.6,7.0,26.7,0.0,0
Chennai,Aug,35.0,72.4,1011.8,9.1,29.0,0.0,0
Kochi,Jul,30.6,100.0,1001.6,21.8,81.9,18.2,1
Chennai,May,30.9,87.4,1006.1,8.4,0.0,0.0,0
Guwahati,Oct,29.2,75.9,1008.6,5.1,14.4,0.0,0
Delhi,Nov,22.0,34.7,1012.6,3.9,75.2,0.0,0
Jaipur,Oct,31.1,37.7,1012.4,25.7,23.5,0.0,0
Pune,Nov,19.9,41.7,1010.3,25.4,14.5,0.3,0
Guwahati,May,28.4,78.4,1007.5,16.3,83.0,10.0,0
Bengaluru,Nov,22.0,67.4,1012.6,21.4,5.9,0.0,0
Bengaluru,Jan,18.7,65.5,1009.5,4.2,35.7,0.3,0
Kolkata,Aug,31.6,100.0,1006.2,11.0,86.6,24.7,1
Kolkata,Jun,30.4,84.4,1005.3,40.2,100.0,14.9,0
Kolkata,Jan,22.4,82.5,1010.9,9.1,46.3,0.0,0
Chennai,Jul,36.3,64.7,1014.1,15.1,53.1,1.5,0
Guwahati,Jun,28.3,91.2,1002.0,11.7,78.6,2.9,0
Hyderabad,Mar,21.4,41.4,1010.2,21.0,27.3,1.9,0
Lucknow,Dec,20.1,58.5,1008.3,11.5,19.1,0.0,0
Ahmedabad,May,35.5,55.3,1008.9,7.4,27.6,0.0,0
Lucknow,Dec,21.0,65.3,1007.2,16.5,17.8,0.0,0
Chennai,Sep,34.7,76.3,1006.5,9.3,51.9,0.0,0
Pune,Jan,17.6,53.1,1006.2,7.0,52.5,0.0,0
Bengaluru,Oct,20.2,88.1,1010.3,12.1,86.8,3.7,1
Pune,May,27.2,56.0,1012.7,16.1,0.0,0.0,0
Kolkata,Jun,34.4,90.2,1004.8,50.4,76.3,18.1,1
Bengaluru,Jun,29.0,77.1,1005.6,7.7,50.3,11.0,0
Delhi,Dec,22.5,61.5,1003.8,2.2,32.0,0.3,0
Lucknow,May,29.4,43.7,1008.4,18.4,8.2,0.0,0
Bengaluru,Apr,22.2,70.9,1011.1,21.9,15.0,0.0,0
Lucknow,Feb,20.4,54.8,1012.8,3.0,26.0,0.0,0
Hyderabad,Jan,22.4,40.3,1012.6,15.3,13.7,0.0,0
Ahmedabad,Oct,30.3,45.8,1011.0,17.8,18.6,5.5,0
Ahmedabad,Mar,25.2,36.1,1010.5,8.7,0.0,0.0,0
Kolkata,Aug,29.7,95.5,1010.1,26.9,97.7,16.5,1
Kochi,Oct,26.6,91.9,1005.0,13.2,39.9,0.0,0
Jaipur,Apr,24.8,57.1,1011.2,38.2,10.8,0.0,0
Lucknow,Mar,22.4,53.6,1008.1,20.6,0.0,2.7,0
Jaipur,Nov,26.7,29.5,1010.3,8.6,1.3,0.0,0
Ahmedabad,Oct,27.9,58.5,1012.8,14.9,17.0,0.0,0
Jaipur,Apr,29.1,45.4,1010.2,21.0,0.0,0.0,0
Hyderabad,Aug,28.3,65.6,1005.5,17.4,42.0,0.0,0
Hyderabad,Sep,26.6,82.0,1005.9,23.3,100.0,8.5,1
Bengaluru,May,27.3,69.9,1009.4,13.6,70.2,9.0,0
Lucknow,Apr,26.8,51.3,1010.9,10.8,1.8,0.0,0
Kochi,Oct,30.2,100.0,1008.6,15.5,73.9,11.9,1
Chennai,Nov,21.5,81.0,1001.3,31.9,70.1,15.9,1
Chennai,Jan,24.2,82.4,1009.2,14.9,21.7,0.0,0
Chennai,Apr,32.8,54.2,1007.4,7.4,30.9,0.0,0
Chennai,Feb,28.3,64.5,1007.6,5.1,25.5,0.0,0
Lucknow,Jan,20.4,77.8,1009.0,7.9,37.8,6.3,0
Delhi,Oct,23.3,32.9,1006.4,13.4,0.0,0.0,0
Jaipur,Mar,22.6,33.0,1013.1,11.6,0.0,0.0,0
Mumbai,Nov,22.6,70.6,1012.1,21.6,20.6,5.2,0
Hyderabad,Feb,19.5,47.7,1012.0,7.8,15.6,0.3,0
Delhi,Sep,28.3,61.9,1001.9,10.4,59.6,0.0,0
Kochi,Jan,19.8,84.2,1008.8,34.8,18.5,0.0,0
Kolkata,Jan,18.9,74.9,1016.1,4.7,17.5,0.0,0
Guwahati,Jan,20.6,86.7,1010.1,13.0,33.0,0.0,0
Ahmedabad,May,32.8,48.4,1007.8,11.4,31.7,0.0,0
Kolkata,Feb,20.3,61.5,1007.2,10.7,31.0,0.0,0
Kochi,Dec,20.3,74.4,1002.6,26.0,9.5,0.0,0
Bengaluru,Jan,16.9,56.0,1009.7,5.9,51.7,1.5,0
Pune,Apr,25.7,44.5,1006.3,3.8,4.2,0.0,0
Hyderabad,Jun,33.6,61.3,1004.6,2.4,53.5,11.1,0
Chennai,Jun,37.3,76.4,1011.4,2.6,42.8,0.0,0
Kochi,Dec,21.4,79.9,1010.8,3.8,9.7,1.0,0
Guwahati,May,26.6,79.0,1005.0,15.9,67.8,2.4,1
Lucknow,Mar,20.8,57.3,1010.9,21.7,45.7,0.0,0
Chennai,Feb,24.4,61.8,1008.0,9.2,16.6,0.0,0
Delhi,Oct,25.2,51.3,1007.6,8.1,3.3,0.0,0
Mumbai,Dec,22.9,69.6,1009.4,13.4,31.2,0.0,0
Pune,Jul,27.8,81.9,1006.8,11.2,100.0,14.6,0
Chennai,Feb,20.3,55.6,1007.3,5.8,33.5,0.0,0
Chennai,Feb,23.2,81.8,1011.7,16.6,11.2,0.0,0
Jaipur,Nov,21.7,48.5,1013.5,17.1,53.5,0.0,0
Jaipur,Jul,33.2,73.2,1004.0,9.6,44.7,6.3,0
Jaipur,Nov,25.1,32.0,1008.0,0.6,15.8,0.3,0
Lucknow,Dec,22.3,54.2,1006.1,12.7,53.4,0.0,0
Bengaluru,Nov,17.6,52.8,1014.5,9.1,25.5,0.0,0
Bengaluru,Mar,19.3,52.8,1007.7,15.0,26.2,0.0,0
Jaipur,Sep,27.7,56.8,1012.3,8.3,31.4,5.5,0
Hyderabad,May,27.2,65.8,1011.0,9.5,27.8,0.0,0
Kochi,Nov,24.5,87.6,1007.2,13.4,23.5,0.0,0
Mumbai,Jul,34.6,93.3,1003.1,12.4,99.1,11.9,1
Bengaluru,Jun,30.2,82.4,1010.0,16.7,87.3,0.0,0
Bengaluru,Oct,17.7,86.1,1006.6,11.4,67.3,11.6,1
Mumbai,Jan,23.5,62.6,1011.8,25.6,30.6,0.0,0
Bengaluru,Jun,26.8,89.3,1012.2,8.2,68.0,0.0,0
Pune,Apr,23.9,69.1,1008.9,12.2,26.8,0.0,0
Guwahati,Nov,20.1,77.8,1010.8,13.9,21.2,0.0,0
Kochi,Jun,31.8,100.0,1001.3,23.6,81.0,0.7,1
Mumbai,Aug,27.2,95.5,1003.3,23.2,100.0,0.2,1
Hyderabad,Oct,28.9,56.1,1009.3,18.2,2.2,2.4,0
Hyderabad,Jul,31.1,74.1,1010.4,11.7,69.0,6.0,0
Kolkata,May,31.6,80.5,1007.9,3.3,4.4,0.0,1
Delhi,Sep,28.9,69.3,1009.0,23.8,36.8,12.1,0
Bengaluru,Sep,27.2,94.3,1001.0,14.7,93.0,7.5,1
Chennai,Jul,31.9,74.4,1012.3,10.3,28.7,0.0,0
Ahmedabad,May,27.6,31.2,1009.3,8.7,32.8,0.0,0
Pune,Mar,20.8,55.8,1015.1,19.9,0.0,0.0,0
Delhi,Jun,32.8,55.6,1011.5,3.6,23.2,0.0,0
Kochi,Aug,32.9,88.1,1005.3,33.2,80.5,51.8,1
Ahmedabad,Dec,20.7,27.7,1015.0,15.5,22.1,0.0,0
Kochi,Feb,21.5,78.1,1015.5,5.9,25.7,0.0,0
Kochi,Apr,26.9,87.2,1010.2,6.6,38.8,0.0,0
Ahmedabad,Mar,23.5,41.4,1014.3,31.8,10.7,0.0,0
Delhi,Aug,30.8,68.5,998.3,29.9,77.6,2.3,1
Pune,Nov,21.6,69.5,1010.8,29.6,1.9,0.0,0
Chennai,Dec,24.6,95.3,1003.3,19.1,99.1,19.4,1
Kolkata,Apr,25.7,64.5,1014.6,8.1,12.2,4.1,0
Chennai,May,33.3,73.4,1008.7,8.6,8.4,0.0,0
Chennai,Sep,34.3,67.0,1012.2,10.2,39.6,0.0,0
Kochi,Sep,30.6,89.1,1006.8,19.4,76.8,0.0,0
Delhi,Nov,22.1,30.0,1011.6,10.3,28.9,0.0,0
Hyderabad,Jul,29.8,71.1,1005.3,8.0,51.7,1.9,0
Mumbai,Mar,25.9,80.0,1010.2,15.7,16.9,0.0,0
Mumbai,Feb,22.4,60.4,1008.3,6.5,30.4,0.0,0
Jaipur,Dec,19.7,36.0,1007.6,10.7,39.1,0.0,0
Lucknow,Jan,18.5,52.8,1011.3,6.2,34.5,0.0,0
Kochi,Aug,30.8,100.0,1008.3,7.9,64.5,10.1,1
Jaipur,Apr,26.0,23.5,1013.9,16.6,33.5,0.0,0
Pune,Mar,23.4,36.7,1012.6,15.4,6.7,0.4,0
Mumbai,Mar,23.9,72.7,1009.7,13.7,39.0,0.0,0
Chennai,Aug,34.6,70.4,1008.7,11.1,29.9,0.0,0
Guwahati,Jun,26.3,93.8,1001.8,16.0,70.3,0.0,1
Hyderabad,Dec,21.9,55.6,1008.9,21.8,18.5,0.0,1
Guwahati,May,25.5,87.9,1005.3,17.5,80.1,0.0,0
Kochi,Jul,30.1,91.2,1005.5,25.7,100.0,0.0,1
Kochi,Apr,28.0,80.5,1003.3,6.6,45.1,0.0,0
Delhi,Feb,17.3,36.0,1006.3,5.2,0.0,0.0,0
Pune,Mar,25.2,65.3,1003.1,21.3,29.8,0.0,0
Bengaluru,Jan,16.7,66.0,1011.6,12.8,48.2,0.4,0
Guwahati,Mar,22.1,68.1,1007.0,4.0,36.2,0.0,0
Jaipur,Jul,30.3,57.2,1007.5,27.3,61.4,6.6,0
Kolkata,Mar,23.3,68.7,1007.5,9.7,13.4,0.0,0
Guwahati,May,26.8,87.2,1000.0,14.9,63.0,0.0,1
Delhi,Apr,27.1,41.8,1008.8,1.3,23.8,0.1,0
Jaipur,Apr,29.1,45.7,1009.0,6.0,36.3,0.0,0
Guwahati,Nov,22.8,73.6,1016.3,12.4,8.1,0.0,0
Lucknow,Jun,31.7,49.7,1013.6,19.2,22.0,0.4,0
Lucknow,Nov,20.6,63.2,1012.3,14.7,51.2,0.0,0
Jaipur,Nov,22.6,31.3,1006.6,8.3,21.4,0.0,0
Kochi,Apr,24.5,77.8,1007.2,4.4,29.1,0.0,0
Bengaluru,Sep,31.5,92.9,1003.5,18.2,72.4,2.5,1
Kolkata,Jun,33.1,100.0,1005.5,26.1,90.3,16.1,1
Kolkata,Apr,27.8,70.5,1008.5,7.4,40.6,0.0,0
Hyderabad,Mar,24.2,59.4,1009.0,17.1,4.7,0.0,0
Kolkata,Jan,19.6,70.8,1012.1,10.7,6.0,0.0,0
Kochi,Jun,30.8,98.5,1000.3,34.8,81.8,2.8,1
Delhi,Dec,20.6,37.9,1008.7,4.8,9.4,0.0,0
Chennai,Sep,37.8,76.4,1008.9,9.8,39.1,4.2,0
Guwahati,Apr,25.0,72.7,1012.8,8.6,46.2,2.1,0
Lucknow,Aug,29.3,68.8,1011.7,8.4,61.9,13.5,1
Jaipur,Apr,26.3,48.5,1011.0,25.2,16.7,0.0,0
Bengaluru,Aug,29.0,73.5,1007.1,8.7,78.1,11.6,0
Guwahati,Feb,18.3,66.3,1010.1,8.3,12.3,0.0,0
Pune,Feb,20.1,50.4,1016.0,8.3,19.7,3.4,0
Pune,Dec,23.7,45.0,1008.4,11.7,10.9,0.0,0
Delhi,Sep,27.3,63.5,1009.5,11.1,44.8,0.0,0
Pune,May,29.5,52.1,1003.4,15.9,30.8,1.7,0
Hyderabad,Feb,23.0,68.6,1007.8,3.4,39.1,0.0,0
Guwahati,Oct,22.0,62.6,1011.6,26.1,15.0,0.0,0
Pune,Dec,16.2,63.3,1009.7,7.9,12.4,1.4,0
Bengaluru,Dec,15.8,54.0,1006.1,15.5,17.7,0.0,0
Jaipur,Jun,33.1,35.5,1008.2,7.0,0.0,0.0,0
Delhi,Apr,22.1,48.7,1017.7,12.2,15.6,0.0,0
Hyderabad,Nov,23.0,57.3,1011.1,13.4,18.2,0.0,0
Chennai,Dec,19.5,79.9,1004.5,11.0,100.0,0.0,0
Kolkata,Oct,24.7,80.4,1010.1,12.8,41.6,0.0,1
Kochi,Apr,27.4,70.4,1018.5,5.1,51.5,5.5,0
Chennai,Dec,23.3,96.5,1005.7,9.9,63.4,20.3,1
Chennai,Sep,35.8,81.8,1006.1,3.4,8.8,0.7,0
Delhi,Apr,28.3,44.3,1005.3,14.9,21.2,0.0,0
Delhi,Aug,30.3,68.9,999.5,9.5,52.5,30.6,1
Jaipur,Jan,23.5,29.7,1010.3,6.9,0.6,0.0,0
Kolkata,Mar,22.0,87.3,1014.2,12.3,2.3,0.0,0
Hyderabad,Apr,23.1,48.7,1007.9,4.5,13.8,0.0,0
Chennai,Jan,21.6,64.9,1007.5,4.7,46.0,0.7,0
Ahmedabad,Sep,31.1,62.4,1004.8,8.8,58.6,2.1,0
Delhi,Jul,33.0,70.9,1001.7,30.6,85.9,0.0,0
Hyderabad,Oct,26.9,75.4,1007.7,17.4,54.0,0.0,0
Lucknow,Oct,27.5,51.6,1004.3,18.6,27.4,0.0,0
Hyderabad,Jan,20.2,62.7,1012.2,10.4,28.4,0.0,0
Lucknow,Sep,29.0,62.8,1006.2,22.9,72.3,3.1,0
Kolkata,Jul,32.2,100.0,1001.8,25.9,86.9,2.9,1
Delhi,Nov,19.9,31.2,1012.7,7.5,6.1,0.0,0
Bengaluru,Oct,20.1,93.5,1001.8,16.2,55.9,0.4,1
Guwahati,Oct,27.3,85.2,1015.8,7.4,46.1,0.0,1
Ahmedabad,Nov,25.6,45.7,1012.4,12.0,0.0,0.0,0
Hyderabad,Feb,21.0,64.5,1011.3,13.3,40.0,0.0,0
Pune,Jul,31.4,73.3,1011.2,23.0,62.0,15.7,1
Bengaluru,Aug,27.8,89.9,1007.1,9.8,72.2,11.3,1
Pune,Mar,22.6,69.9,1006.9,16.3,24.0,0.2,0
Ahmedabad,Nov,26.7,46.4,1013.2,9.0,9.4,0.0,0
Pune,Nov,22.9,49.1,1010.3,17.8,16.7,0.0,0
Kolkata,Apr,26.7,75.5,1008.3,6.6,17.3,0.0,0
Pune,Aug,28.0,54.5,1004.8,12.9,77.9,0.0,0
Jaipur,Jun,31.2,39.1,1008.2,9.4,0.0,0.0,0
Jaipur,Oct,29.8,28.4,1010.3,8.9,0.0,0.0,0
Kolkata,Jan,18.3,68.5,1007.3,16.6,48.3,0.0,0
Kochi,Apr,28.1,66.9,1007.5,9.4,13.4,0.0,0
Kochi,Nov,23.6,82.2,1011.3,5.5,27.3,0.0,0
Lucknow,Sep,26.5,53.8,1006.7,17.9,65.8,2.7,0
Pune,Sep,26.8,78.6,1005.3,23.0,43.0,15.4,1
Kochi,Jun,27.8,97.4,1007.8,25.8,84.3,0.0,1
Delhi,Apr,22.9,58.7,1007.6,14.6,42.0,0.0,0
Pune,Dec,20.5,54.9,1011.6,11.4,7.6,0.0,0
Kochi,Dec,22.7,68.3,1008.0,12.5,21.7,0.0,0
Mumbai,Feb,21.6,77.8,1009.5,8.0,40.0,0.0,0
Lucknow,Oct,25.7,42.7,1011.6,12.2,9.7,0.0,0
Kolkata,Feb,19.1,68.5,1012.9,14.0,36.5,0.3,0
Pune,Dec,22.6,46.4,1008.2,11.6,0.0,0.0,0
Delhi,Mar,22.0,56.7,1009.2,15.0,48.5,0.9,0
Delhi,Aug,29.7,61.9,1008.4,23.2,63.5,0.0,1
Lucknow,Jul,32.8,90.8,1002.5,31.1,57.8,0.8,1
Kochi,Mar,22.7,88.3,1005.8,3.8,24.9,2.2,0
Mumbai,Dec,20.0,61.6,1015.2,12.9,7.0,0.0,0
Jaipur,Jun,32.4,49.7,1009.6,4.6,23.7,0.0,0
Mumbai,Mar,22.4,77.7,1011.4,6.0,21.6,1.9,0
Chennai,Aug,33.4,80.0,1010.1,15.7,39.1,0.6,0
Lucknow,Jul,31.7,68.3,1009.5,19.8,54.1,4.5,0
Kochi,Sep,32.2,93.8,998.3,10.0,68.2,1.0,1
Mumbai,Mar,23.5,54.3,1005.1,22.2,43.0,0.0,0
Bengaluru,Oct,19.3,100.0,1001.4,15.6,79.5,5.1,1
Jaipur,Sep,27.8,51.7,1007.9,18.0,28.9,0.0,0
Lucknow,Jul,32.8,74.8,1002.4,23.3,54.3,14.1,1
Bengaluru,Apr,23.6,56.1,1012.2,27.0,22.9,0.3,0
Hyderabad,Mar,22.4,47.5,1010.4,8.8,0.0,0.0,0
Pune,Aug,31.9,71.3,1004.1,22.2,62.7,10.3,1
Mumbai,Mar,24.2,78.2,1012.2,18.3,26.6,0.0,0
Kochi,Apr,26.6,70.1,1008.9,11.4,24.9,0.0,0
Pune,Oct,25.1,41.3,1011.5,12.8,8.5,0.0,0
Bengaluru,Jul,28.1,87.1,1007.7,26.9,48.3,0.0,1
Pune,Feb,18.5,60.4,1011.3,18.4,34.7,0.0,0
Lucknow,Apr,26.8,38.6,1008.9,24.1,7.3,0.0,0
Hyderabad,Jan,19.5,70.2,1008.7,15.4,9.7,0.0,0
Lucknow,Jul,28.0,68.6,1001.0,24.0,67.3,24.1,1
Ahmedabad,Mar,22.9,39.0,1012.5,17.4,21.4,0.0,0
Ahmedabad,Mar,25.3,53.0,1006.6,13.6,5.7,0.0,0
Hyderabad,Aug,32.8,80.9,1007.5,15.1,51.0,20.8,1
Pune,Jan,18.9,37.5,1011.8,24.0,20.5,0.0,0
Lucknow,Jan,18.1,53.7,1011.4,8.4,55.8,0.0,0
Kolkata,Oct,26.0,96.5,1005.9,22.6,60.0,0.0,0
Chennai,Jul,35.5,78.4,1004.7,10.6,47.9,0.0,0
Jaipur,Oct,30.2,16.9,1010.4,8.0,5.0,2.3,0
Jaipur,Aug,34.4,60.6,1009.1,10.9,34.1,30.1,0
Delhi,Apr,26.9,41.3,1012.6,2.4,22.2,1.2,0
Kochi,Mar,22.8,80.3,1010.2,16.4,28.3,0.0,0
Guwahati,Jul,24.7,100.0,1005.3,19.0,92.5,2.9,1
Chennai,Jan,21.5,71.2,1016.5,15.6,32.5,1.0,0
Mumbai,May,28.7,72.3,1009.0,8.0,20.6,0.0,0
Delhi,Feb,17.1,40.8,1009.5,18.2,23.1,0.0,0
Bengaluru,Jan,16.3,42.0,1011.9,11.4,16.1,0.0,0
Mumbai,Jan,22.0,77.3,1008.8,7.8,32.5,0.0,0
Kochi,Sep,24.6,100.0,999.6,34.3,72.2,1.0,1
Jaipur,Feb,24.2,35.5,1008.5,9.7,20.8,0.0,0
Guwahati,Oct,27.4,83.1,1012.5,3.5,12.5,3.9,0
Kochi,Mar,25.4,75.2,1007.2,15.3,49.9,1.8,0
Jaipur,Aug,31.5,58.6,1012.3,11.3,62.3,0.0,0
Guwahati,Apr,26.1,50.2,1010.4,12.8,11.4,0.2,0
Lucknow,Oct,26.7,58.2,1008.7,22.9,49.3,0.0,0
Pune,Mar,25.4,54.7,1006.5,6.8,11.4,0.0,0
Delhi,Sep,28.4,67.6,1005.4,25.9,55.4,15.2,0
Guwahati,May,24.3,100.0,1005.5,5.7,71.6,1.0,1
Guwahati,Dec,18.9,71.1,1010.4,10.6,41.1,0.0,0
Kolkata,Apr,22.3,77.1,1012.6,29.1,66.9,0.0,0
Ahmedabad,Nov,26.7,47.1,1010.0,16.4,23.1,0.4,0
Mumbai,Sep,29.7,92.0,1005.6,25.6,82.7,0.0,0
Kolkata,Feb,20.9,72.6,1007.2,5.3,14.4,0.0,0
Guwahati,Jun,29.1,100.0,999.9,32.3,94.8,30.9,1
Guwahati,Apr,25.8,79.7,1012.1,11.1,35.9,0.0,0
Hyderabad,Jan,21.0,77.6,1008.4,13.2,30.6,0.0,0
Jaipur,Jul,31.2,63.7,1002.7,14.8,54.8,0.0,0
Chennai,Jun,35.0,77.7,1005.9,20.6,28.7,0.0,0
Lucknow,Dec,18.7,39.8,1012.3,12.0,17.9,0.0,0
Kolkata,May,33.5,67.2,1012.8,4.3,17.9,0.0,0
Lucknow,Nov,18.5,48.3,1008.4,10.6,21.3,0.0,0
Lucknow,Jan,21.2,46.7,1014.3,32.1,3.4,0.0,0
Hyderabad,May,27.9,66.2,1015.9,7.0,43.2,0.0,0
Mumbai,Dec,20.0,68.7,1011.0,17.2,6.3,1.5,0
Mumbai,May,32.6,67.7,1011.5,2.1,32.9,0.1,0
Delhi,Jun,29.2,50.8,1009.5,9.3,44.7,0.0,0
Bengaluru,Feb,17.8,69.7,1013.0,19.7,49.7,2.9,0
Mumbai,Mar,23.9,71.3,1009.6,9.1,46.1,0.0,1
Kochi,Feb,25.3,86.5,1010.4,27.7,18.4,0.0,0
Kolkata,May,26.6,80.4,1009.8,6.7,47.1,0.0,0
Kochi,Jan,20.3,82.8,1008.8,20.5,6.1,0.0,0
Ahmedabad,Dec,22.0,43.5,1008.1,14.9,27.3,2.3,0
Kolkata,Nov,23.9,74.7,1007.5,18.0,8.1,0.0,0
Pune,Oct,23.9,72.6,1013.8,11.3,30.7,0.0,0
Ahmedabad,Aug,32.8,57.1,1010.5,21.7,90.0,0.0,0
Ahmedabad,Dec,22.0,32.7,1012.3,8.0,7.6,0.0,0
Bengaluru,Nov,17.4,69.7,1009.1,15.4,16.8,0.0,0
Guwahati,May,27.1,91.1,1006.7,7.2,69.1,7.3,1
Bengaluru,May,30.4,57.4,1006.5,19.9,39.2,0.0,0
Kochi,Dec,17.3,76.8,1009.9,5.6,29.7,1.2,0
Ahmedabad,Jul,32.5,75.3,1009.5,11.4,51.7,2.4,0
Kochi,Jan,18.3,86.3,1009.9,12.1,0.0,0.0,0
Delhi,Jun,30.6,60.5,1008.4,8.8,20.0,2.7,0
Bengaluru,Jul,27.3,72.8,1007.9,17.6,66.1,14.8,1
Jaipur,Dec,23.9,36.8,1011.1,3.4,20.8,4.1,0
Ahmedabad,Oct,27.8,29.6,1013.1,20.4,27.6,0.0,0
Pune,Mar,22.1,57.6,1012.2,5.6,9.3,0.0,0
Bengaluru,Mar,18.7,61.4,1009.1,8.5,15.1,0.0,0
Hyderabad,Aug,26.1,75.9,1010.2,11.8,66.1,21.5,0
Bengaluru,Nov,21.8,66.0,1012.4,15.5,18.7,0.6,0
Mumbai,Nov,22.1,66.0,1014.5,9.4,4.1,0.0,0
Kolkata,Jan,17.5,56.8,1013.5,11.2,17.6,2.8,0
Ahmedabad,Nov,21.7,46.2,1013.8,17.6,5.3,0.0,0
Chennai,Dec,18.2,94.5,1004.8,18.1,76.0,0.0,1
Pune,Sep,26.0,84.4,1001.7,11.5,67.9,7.3,1
Mumbai,Apr,27.7,68.4,1009.2,8.8,38.6,0.0,0
Lucknow,Jul,30.4,68.0,1001.7,18.1,98.8,13.9,1
Mumbai,Nov,25.1,81.9,1011.6,2.4,22.2,0.0,0
Kochi,Mar,28.9,72.6,1011.7,4.9,12.8,0.0,0
Mumbai,Oct,30.3,61.3,1000.1,6.9,71.0,0.0,1
Lucknow,Apr,24.5,59.9,1006.6,8.0,24.1,0.0,0
Pune,Oct,27.6,56.3,1011.8,7.5,28.8,0.0,0
Delhi,Jan,20.9,66.6,1011.3,10.5,54.6,1.6,0
Hyderabad,Jun,35.3,45.3,1008.1,29.2,30.6,0.0,0
Lucknow,Oct,27.2,62.6,1009.3,19.9,42.4,0.0,0
Mumbai,Feb,20.3,78.7,1008.3,20.5,44.9,0.0,0
Mumbai,Oct,29.2,65.6,1007.8,20.2,43.0,0.0,0
Kolkata,Jan,22.7,73.6,1015.8,13.8,19.1,0.0,0
Jaipur,Feb,20.8,30.0,1014.9,19.7,0.0,0.0,0
Hyderabad,Jan,19.2,67.7,1009.0,5.9,32.0,0.0,0
Ahmedabad,Dec,21.7,55.5,1006.0,9.3,0.0,0.0,0
Kochi,Jan,21.0,80.9,1014.7,11.4,30.8,1.5,0
Kochi,Feb,21.4,65.6,1013.7,22.1,18.7,0.0,0
Chennai,Jun,32.5,64.1,1005.8,15.0,34.9,0.0,0
Hyderabad,Mar,23.3,53.1,1004.7,7.8,14.9,0.0,0
Ahmedabad,Jan,18.6,45.3,1010.0,23.9,0.0,0.0,0
Ahmedabad,Jan,23.1,34.4,1006.0,11.5,7.3,0.0,1
Kolkata,Jan,24.5,56.2,1012.1,23.5,29.4,0.0,0
Delhi,Jan,16.6,55.6,1013.7,6.3,60.0,0.0,0
Jaipur,Jun,36.0,38.0,1010.3,5.1,26.3,0.0,0
Mumbai,May,30.4,84.5,1011.4,5.6,17.6,0.0,0
Pune,Jan,19.3,41.6,1009.4,13.5,34.7,0.0,0
Pune,Sep,25.4,65.4,1004.7,17.2,37.5,3.6,0
Guwahati,Dec,16.4,76.2,1010.1,39.3,23.2,2.0,0
Kochi,Feb,24.9,77.3,1006.8,9.3,19.9,1.0,0
Jaipur,Sep,27.0,64.3,1008.4,10.0,51.3,0.0,0
Guwahati,Feb,17.6,73.6,1008.2,10.8,35.4,0.7,0
Hyderabad,Feb,22.5,45.9,1011.6,9.1,22.7,2.7,0
Kochi,Feb,21.2,74.5,1009.7,15.6,24.2,0.0,0
Lucknow,Dec,17.3,32.3,1007.6,11.2,27.0,0.5,0
Delhi,Apr,20.6,40.4,1015.5,11.4,8.8,2.9,0
Pune,Oct,25.4,45.9,1008.0,4.6,23.7,0.0,0
Guwahati,Dec,18.7,82.6,1006.9,13.7,40.4,3.9,1
Ahmedabad,Dec,22.6,43.0,1008.4,7.0,8.2,1.0,0
Bengaluru,Jun,27.0,74.1,1008.6,11.6,59.1,0.0,0
Kochi,Jun,32.3,100.0,1008.1,18.9,100.0,5.1,1
Delhi,Dec,18.6,46.5,1016.3,15.4,30.5,3.1,0
Pune,Nov,23.6,50.9,1010.5,7.9,31.4,0.0,0
Delhi,Mar,21.6,46.8,1009.6,18.4,27.0,0.0,0
Lucknow,Nov,25.0,42.4,1012.4,17.6,42.0,0.0,0
Delhi,Jul,25.4,67.3,1010.1,27.6,54.9,16.7,1
Kolkata,Sep,28.9,93.2,998.8,13.9,88.5,19.4,1
Pune,Jan,18.6,55.1,1009.4,21.0,7.7,0.0,0
Jaipur,Dec,21.8,49.0,1013.0,8.5,12.3,0.0,0
Chennai,Oct,27.7,85.7,1010.0,16.4,45.6,26.4,0
Lucknow,Jun,35.6,60.0,1009.4,9.1,8.1,0.0,0
Kolkata,Jun,32.0,100.0,1009.6,12.5,75.1,20.6,1
Kochi,Jun,33.1,98.0,998.3,18.3,90.9,9.8,1
Delhi,Dec,18.7,39.3,1008.9,5.5,24.2,0.1,0
Ahmedabad,Jul,30.9,76.2,1004.5,11.9,63.1,13.3,1
Jaipur,Aug,29.0,69.3,1003.7,10.2,67.6,1.2,0
Guwahati,Sep,26.4,90.2,1007.0,10.3,80.3,24.3,1
Pune,Aug,26.9,83.6,1009.1,27.0,87.9,3.8,1
Jaipur,Apr,23.4,48.6,1011.9,25.8,16.2,0.0,0
Jaipur,Dec,21.3,47.8,1016.7,10.1,8.9,0.0,0
Kochi,May,27.8,85.9,1008.0,27.6,56.5,6.2,0
Bengaluru,Sep,21.6,91.1,1001.8,13.5,94.7,0.0,1
Guwahati,May,26.9,83.7,1005.1,16.5,50.5,0.0,0
Jaipur,Jul,32.1,63.4,1008.4,9.9,66.7,0.0,0
Guwahati,Jan,13.7,81.6,1009.1,9.4,40.0,0.0,0
Chennai,Jul,31.2,71.6,1008.0,4.8,5.0,0.0,0
Jaipur,Aug,31.9,67.3,1006.4,14.2,66.5,0.0,0
Ahmedabad,Apr,27.9,41.4,1009.6,16.6,33.7,0.7,0
Guwahati,Nov,20.5,66.0,1011.3,3.2,31.6,0.2,0
Pune,Jul,33.4,64.6,1003.4,32.5,50.4,29.4,1
Kochi,Jun,25.4,100.0,1003.6,15.1,83.6,3.1,1
Chennai,Nov,24.2,99.9,1007.9,23.6,95.5,33.2,1
Mumbai,May,30.5,59.6,1007.7,19.5,38.6,0.6,0
Pune,Oct,28.2,39.9,1011.9,4.6,28.2,0.0,0
Kolkata,Aug,28.8,100.0,1003.4,14.5,60.8,0.0,1
Chennai,Jul,39.6,78.7,1007.9,11.3,32.6,0.0,0
Chennai,Jun,38.4,69.7,1006.7,18.5,72.3,0.0,0
Guwahati,Jul,25.5,100.0,1000.7,18.8,92.1,5.1,1
Chennai,Dec,19.8,89.1,1005.3,13.9,88.2,10.1,1
Bengaluru,Jun,31.9,73.4,1005.4,5.9,51.9,0.0,0
Lucknow,Dec,19.7,44.5,1011.1,2.6,0.0,0.0,0
Kolkata,Dec,18.6,75.5,1016.2,6.7,26.2,0.0,0
Ahmedabad,Dec,21.9,42.4,1009.6,14.6,21.2,0.0,0
Lucknow,Oct,25.1,40.8,1005.7,12.1,42.3,2.1,0
Chennai,Jul,37.7,48.1,1016.3,3.0,19.0,0.0,0
Hyderabad,Sep,27.6,72.7,1000.9,16.1,67.9,10.7,0
Guwahati,Aug,27.0,97.8,1005.3,21.2,100.0,0.0,1
Bengaluru,Sep,23.3,79.1,1001.3,16.5,62.6,1.4,1
Delhi,Feb,17.5,44.9,1009.3,17.6,11.5,1.1,0
Kolkata,Aug,33.7,100.0,1006.1,10.9,72.9,4.0,1
Bengaluru,Jan,16.9,64.0,1012.9,8.8,50.0,0.0,0
Pune,Nov,22.6,70.0,1007.1,27.0,53.2,0.0,0
Mumbai,Jun,30.7,84.8,1007.9,16.3,96.4,0.0,1
Pune,Jul,33.3,80.2,1001.5,15.1,83.1,14.6,1
Delhi,Aug,29.0,61.2,1003.8,13.2,69.4,0.6,0
Lucknow,Aug,32.0,69.4,1012.0,15.3,88.5,2.4,0
Hyderabad,Jun,32.9,52.1,1009.5,8.4,0.7,0.0,0
Lucknow,Aug,30.7,79.7,1008.1,19.5,50.1,3.1,0
Kochi,Oct,24.9,100.0,1009.2,18.7,78.4,4.5,1
Lucknow,Mar,19.6,43.8,1007.7,7.8,15.7,5.5,0
Mumbai,Jun,30.2,99.7,1008.7,15.3,71.4,3.5,1
Lucknow,May,31.7,43.5,1006.3,12.4,39.2,0.0,0
Jaipur,Sep,30.0,59.3,1011.0,20.1,53.6,0.0,0
Chennai,Oct,28.2,100.0,1002.7,10.3,60.9,9.1,1
Kolkata,Oct,22.4,86.2,1000.3,7.7,67.3,2.8,0
Guwahati,Jul,29.7,100.0,1000.4,12.2,96.3,0.1,1
Mumbai,Jul,31.8,100.0,1002.1,15.6,100.0,49.8,1
Ahmedabad,Nov,24.6,29.1,1010.3,10.5,32.9,0.0,0
Mumbai,Jan,17.4,72.3,1011.5,16.9,16.0,0.0,1
Hyderabad,Mar,24.5,61.3,1015.8,17.8,11.7,0.0,0
Kochi,Sep,27.9,87.0,1006.5,11.4,83.0,9.3,1
Ahmedabad,Jul,36.3,61.4,1008.8,14.8,75.3,7.2,0
Pune,Jan,21.2,54.0,1012.0,16.4,47.5,0.0,0
Guwahati,Aug,26.9,99.4,1002.8,11.5,76.6,4.0,1
Kolkata,Nov,23.9,53.6,1009.6,5.8,19.7,0.0,0
Delhi,Feb,20.2,29.7,1009.6,13.4,16.4,0.0,0
Jaipur,Sep,28.3,47.5,1007.9,39.7,33.6,0.0,0
Ahmedabad,May,29.9,50.3,1002.3,5.2,20.2,0.0,0
Mumbai,Mar,22.8,70.7,1008.8,17.0,19.9,4.0,0
Delhi,Dec,19.0,41.6,1011.6,14.4,18.4,0.0,0
Lucknow,Oct,27.3,60.2,1004.4,31.8,1.4,0.0,0
Kolkata,Mar,24.3,73.1,1012.4,11.0,3.1,3.9,0
Kochi,Aug,30.7,96.8,1009.1,18.3,87.1,25.4,1
Mumbai,Jul,31.1,96.6,1002.3,12.6,100.0,6.9,1
Kolkata,Aug,29.9,100.0,1002.0,16.0,86.9,26.6,1
Guwahati,Apr,24.6,72.8,1010.8,6.4,35.4,0.0,0
Delhi,Jun,29.4,49.6,1010.0,5.5,6.0,0.9,0
Hyderabad,Feb,15.9,63.9,1011.6,16.2,14.5,4.2,0
Ahmedabad,Oct,30.6,42.6,1011.2,4.2,4.2,0.0,0
Pune,Aug,33.8,88.2,1000.5,34.8,80.0,3.0,0
Jaipur,Jan,22.4,38.1,1007.3,19.2,43.1,0.0,0
Kolkata,May,26.3,78.1,1013.7,10.9,14.0,0.0,0
Bengaluru,Jul,28.1,83.1,1007.7,11.0,100.0,20.1,1
Mumbai,May,32.1,60.0,1013.6,9.5,2.0,3.1,0
Pune,May,30.9,54.7,1016.9,5.1,26.5,0.0,0
Delhi,Jul,30.9,62.2,1004.3,11.7,86.2,15.1,1
Delhi,Mar,21.6,65.3,1011.8,5.8,19.3,0.0,0
Kochi,Jan,21.1,81.1,1010.3,13.0,15.7,0.0,0
Guwahati,Dec,19.4,71.0,1008.8,6.9,42.6,0.0,0
Chennai,Oct,28.3,76.9,1011.6,13.1,64.2,2.2,1
Jaipur,May,32.8,46.5,1008.9,7.1,17.1,2.4,0
Hyderabad,Jul,32.2,74.3,1005.4,26.4,69.3,10.4,1
Kochi,Jan,21.0,75.4,1011.4,7.8,27.2,0.0,0
Bengaluru,Jun,27.4,71.7,1006.2,36.3,21.2,9.5,1
Pune,Aug,30.1,89.9,1002.6,12.3,72.9,17.2,1
Hyderabad,Oct,25.5,63.9,1004.3,23.6,28.6,0.0,0
Hyderabad,May,34.5,48.1,1008.9,3.3,17.7,0.0,1
Pune,Feb,22.6,58.7,1010.2,11.3,2.0,0.8,0
Delhi,Aug,26.1,86.6,1004.8,12.3,55.9,0.0,1
Jaipur,Nov,26.1,43.1,1009.6,2.5,25.2,1.7,0
Ahmedabad,Jan,24.0,37.9,1007.7,8.0,16.5,0.0,0
Kolkata,Apr,26.3,72.7,1011.0,27.7,52.8,1.7,0
Ahmedabad,Mar,21.0,50.4,1011.8,6.5,27.3,0.0,0
Ahmedabad,Oct,32.0,48.0,1008.8,19.2,38.4,0.0,0
Kochi,May,29.3,91.6,1002.6,16.2,80.8,15.4,1
Ahmedabad,Apr,28.9,39.9,1012.1,18.8,47.3,0.0,0
Ahmedabad,Dec,20.9,34.3,1005.3,9.8,38.3,0.0,0
Kolkata,Jan,21.0,75.5,1008.1,19.8,34.2,0.0,0
Hyderabad,Nov,21.3,54.2,1017.1,8.2,35.4,0.0,0
Bengaluru,Feb,17.4,63.8,1012.9,5.9,25.5,1.9,0
Delhi,Mar,20.5,51.3,1013.6,8.4,25.8,0.0,0
Kolkata,Oct,27.3,95.0,1002.8,10.1,70.3,11.4,1
Pune,Oct,27.6,56.5,1009.2,11.6,35.5,2.4,0
Delhi,Feb,18.8,51.1,1011.4,10.1,11.0,0.3,0
Ahmedabad,Jan,21.6,41.8,1012.2,16.4,24.4,0.0,0
Pune,Feb,21.2,56.4,1008.0,19.7,16.4,0.0,0
Hyderabad,Jul,31.9,66.3,1006.7,10.4,66.2,0.0,0
Kolkata,Oct,24.1,92.6,1009.8,7.8,76.9,0.0,0
Guwahati,Mar,24.6,69.1,1011.7,13.4,7.7,0.0,0
Bengaluru,Nov,22.2,69.9,1010.1,8.2,0.0,0.0,0
Pune,Sep,25.2,87.0,1009.4,16.8,68.1,1.3,1
Pune,Jul,29.3,84.6,1009.9,16.9,78.2,0.0,0
Hyderabad,Mar,24.1,71.0,1003.7,16.9,28.0,0.0,0
Chennai,Jul,37.4,67.7,1008.9,6.3,29.5,0.0,0
Delhi,Jan,20.8,43.4,1010.5,7.7,26.5,0.0,0
Jaipur,Aug,30.9,79.8,1006.6,16.8,64.7,0.0,1
Bengaluru,Feb,17.2,45.3,1008.1,4.2,15.2,0.0,0
Bengaluru,Jun,27.5,77.7,1005.7,10.8,84.6,0.0,1
Jaipur,Sep,31.3,48.4,1009.8,11.7,48.7,0.0,0
Delhi,Feb,17.8,36.5,1014.8,8.9,20.6,6.3,0
Pune,Sep,26.1,86.7,1006.3,15.8,70.5,0.0,1
Hyderabad,Nov,27.4,65.5,1022.9,16.7,19.2,0.0,0
Ahmedabad,Oct,27.4,61.4,1012.7,5.4,7.9,0.0,0
Pune,Dec,22.1,54.5,1005.0,16.0,45.1,0.7,0
Chennai,Mar,26.7,73.0,1008.2,13.8,14.2,0.0,0
Ahmedabad,Jul,28.8,68.5,1002.0,15.6,66.8,27.4,0
Kolkata,Aug,32.5,96.8,1001.7,31.8,100.0,11.7,1
Mumbai,Apr,31.6,61.6,1014.3,11.4,39.4,0.0,0
Ahmedabad,Sep,29.0,57.1,1002.1,14.2,34.8,1.9,0
Hyderabad,Oct,26.2,77.1,1006.1,7.5,87.4,18.8,0
Jaipur,Jan,20.5,51.6,1009.2,24.5,1.0,0.0,0
Bengaluru,Aug,29.2,77.2,1007.3,27.1,64.6,37.3,1
Kolkata,Aug,27.2,100.0,1004.0,17.5,94.3,4.0,1
Mumbai,Oct,29.1,75.5,1012.4,20.9,51.1,0.0,0
Kolkata,Apr,26.2,75.5,1007.8,5.4,38.5,0.9,0
Pune,Jul,29.4,98.4,1001.2,27.3,51.3,10.8,1
Mumbai,Feb,22.3,76.7,1009.5,3.3,43.8,0.0,0
Jaipur,Feb,23.9,36.5,1011.2,12.2,38.9,0.0,0
Ahmedabad,Feb,23.7,40.3,1011.8,9.9,0.0,0.0,0
Kolkata,Mar,26.8,83.2,1012.6,6.8,34.2,0.0,0
Kochi,Mar,24.6,94.6,1009.1,12.4,22.7,0.0,0
Lucknow,Mar,21.2,59.8,1010.7,12.6,28.7,0.0,0
Guwahati,Sep,25.6,98.4,1006.9,29.3,58.7,1.2,1
Hyderabad,Dec,22.0,52.9,1011.8,10.5,35.0,0.0,0
Guwahati,Aug,25.9,100.0,1006.1,11.6,100.0,16.6,1
Delhi,Mar,20.4,50.1,1008.8,7.2,14.3,0.0,0
Guwahati,Sep,25.0,100.0,1008.2,24.7,81.6,0.0,1
Mumbai,May,33.1,64.8,1009.8,16.3,16.0,0.0,0
Delhi,Jan,19.2,48.2,1009.8,15.1,19.2,0.0,0
Chennai,Dec,20.6,94.6,998.5,21.9,100.0,11.0,1
Mumbai,May,33.6,60.4,1009.3,10.9,13.5,1.8,0
Kolkata,Sep,28.2,100.0,1004.9,13.1,83.3,7.2,1
Delhi,Sep,26.0,51.9,1010.5,26.0,57.3,17.9,1
Hyderabad,May,29.3,75.9,1013.0,13.5,32.3,0.0,0
Kochi,May,26.2,100.0,1012.4,26.3,43.7,4.1,0
Kochi,May,31.9,92.5,1005.6,8.9,48.0,6.4,0
Bengaluru,Dec,16.2,42.1,1010.9,12.0,5.1,4.9,0
Kolkata,Jun,27.5,99.5,1005.1,12.1,91.3,0.0,0
Kochi,Oct,27.2,70.5,1004.4,11.0,58.0,0.0,0
Lucknow,Jun,29.0,58.7,1006.1,10.3,9.6,1.2,0
Kolkata,Jul,28.7,100.0,1008.1,41.2,76.7,0.3,1
Bengaluru,Sep,23.8,84.9,1003.1,12.8,100.0,19.1,1
Guwahati,Jul,29.6,94.4,1000.2,16.5,76.3,24.9,1
Hyderabad,Aug,30.4,61.6,1006.1,13.6,52.8,0.0,1
Guwahati,Nov,23.1,81.2,1010.7,1.5,17.0,3.0,0
Kochi,Dec,23.3,63.1,1004.7,12.0,15.1,0.7,0
Mumbai,Jan,20.6,84.2,1010.3,17.7,37.0,0.0,0
Kolkata,Sep,27.5,80.3,1004.6,14.0,100.0,8.5,1
Delhi,Feb,17.8,68.2,1010.3,13.0,0.4,0.0,0
Mumbai,Feb,20.3,66.8,1009.1,10.7,3.0,0.0,0
Delhi,Aug,25.7,61.5,1006.8,18.1,69.4,2.8,1
Delhi,Nov,21.5,29.4,1010.1,5.2,14.9,0.0,0
Hyderabad,Jun,33.5,63.9,1012.8,11.8,28.5,0.0,0
Lucknow,Feb,19.6,53.1,1014.1,10.5,16.5,0.0,0
Lucknow,Aug,27.8,87.2,1005.6,36.3,62.4,7.5,1
Delhi,Feb,21.9,45.7,1012.6,8.7,42.7,0.0,0
Bengaluru,Dec,16.5,70.5,1009.3,30.8,21.4,0.9,0
Kochi,Jan,21.6,69.5,1009.0,9.5,42.4,0.1,0
Guwahati,Jan,17.3,73.7,1007.6,11.4,27.3,0.2,0
Bengaluru,Dec,20.7,61.1,1011.5,8.6,8.9,0.0,0
Jaipur,Jul,28.8,50.3,1006.2,20.8,88.9,7.0,0
Pune,Nov,23.2,61.3,1009.6,8.8,46.0,0.0,0
Guwahati,Apr,27.2,74.1,1010.4,8.5,22.2,1.1,0
Ahmedabad,Jan,18.7,42.1,1012.2,15.7,0.0,0.0,0
Pune,Jan,21.7,51.9,1008.1,10.3,7.8,0.0,0
Bengaluru,Jun,26.5,72.3,1008.7,8.9,47.9,0.0,0
Kochi,Feb,25.6,77.7,1006.8,9.0,36.5,1.3,0
Ahmedabad,Jul,30.7,67.1,1006.7,15.5,53.8,0.0,0
Guwahati,Mar,21.0,53.9,1011.4,17.3,40.9,0.0,0
Ahmedabad,Oct,26.4,44.0,1004.8,21.8,7.4,0.1,0
Guwahati,Jan,18.8,68.4,1011.8,3.6,12.5,0.5,0
Bengaluru,Jun,30.9,71.6,1007.3,9.5,51.2,0.0,0
Kolkata,Nov,25.5,65.2,1002.0,5.4,38.9,0.0,0
Chennai,Apr,32.0,67.5,1006.6,8.1,25.5,3.3,0
Delhi,Aug,29.6,57.8,1001.8,20.6,59.7,0.0,0
Kochi,May,29.8,85.3,1008.4,17.6,74.9,15.4,1
Kolkata,Feb,16.1,94.2,1010.2,5.8,5.8,0.0,0
Pune,Jul,31.4,86.7,1002.6,22.0,96.4,19.4,1
Hyderabad,Sep,27.1,87.6,1007.4,18.2,75.9,30.9,1
Lucknow,Dec,23.9,63.6,1011.1,21.6,33.4,2.4,0
Lucknow,Jun,28.6,52.0,1010.6,6.4,24.4,0.0,0
Kolkata,Sep,26.9,93.4,1002.7,22.8,86.5,0.0,1
Kolkata,Apr,28.1,81.5,1011.4,21.7,22.9,1.7,0
Pune,Dec,24.2,50.7,1010.1,8.0,27.8,0.0,0
Kochi,Nov,22.3,75.3,1009.9,19.8,41.6,0.0,0
Delhi,Aug,26.1,88.4,1005.0,15.2,66.2,44.8,1
Bengaluru,Jan,18.9,58.2,1009.3,4.9,55.9,1.8,1
Lucknow,Jul,31.1,64.9,1007.0,15.2,90.0,3.2,0
Delhi,Jul,27.8,71.3,1009.1,12.4,96.4,4.0,0
Guwahati,Apr,23.3,63.6,1010.4,12.7,31.4,0.0,0
Bengaluru,Feb,21.7,69.3,1012.1,17.4,49.8,0.0,0
Pune,Jun,28.7,79.1,1006.9,18.6,87.3,3.8,1
Hyderabad,Feb,19.5,45.7,1004.7,15.6,38.3,0.0,0
Ahmedabad,Oct,26.6,50.6,1013.2,3.9,18.0,0.0,0
Bengaluru,Sep,28.1,88.6,1004.1,21.9,79.2,24.3,1
Guwahati,Mar,20.5,83.7,1013.5,9.2,36.4,0.0,0
Pune,Apr,27.7,73.4,1006.8,19.1,24.0,0.0,0
Delhi,Dec,18.0,63.6,1009.2,6.7,18.6,0.0,0
Kochi,Feb,21.4,67.8,1009.9,2.7,50.7,0.0,0
Jaipur,Dec,24.9,40.0,1011.7,6.7,30.7,0.0,0
Bengaluru,Jun,28.5,87.2,1003.1,12.5,88.2,4.7,1
Pune,Apr,26.9,48.2,1013.6,19.5,6.9,0.0,0
Chennai,Jun,34.3,89.3,1012.8,4.6,38.8,0.0,0
Jaipur,Feb,24.7,39.3,1013.8,17.0,45.4,4.8,0
Chennai,Dec,21.7,100.0,1005.9,9.4,59.9,1.4,1
Chennai,Nov,25.9,100.0,1004.3,36.1,92.1,9.9,1
Kochi,Jun,32.0,100.0,1008.7,15.5,99.3,0.0,1
Pune,Jun,28.9,50.9,1004.3,18.4,50.7,9.7,0
Ahmedabad,Nov,25.3,42.4,1014.0,6.2,35.6,0.0,0
Bengaluru,Jul,29.5,73.1,1002.4,17.7,42.0,21.3,1
Chennai,Mar,25.9,69.8,1012.6,15.5,26.1,0.0,0
Bengaluru,Apr,24.1,58.9,1011.2,10.1,37.2,0.0,0
Hyderabad,Sep,27.2,77.2,1002.1,20.4,41.6,4.3,1
Guwahati,Sep,23.1,91.7,1008.5,23.1,70.4,1.4,1
Kolkata,Apr,29.7,79.8,1013.7,4.7,21.2,0.0,0
Hyderabad,Nov,19.9,44.6,1008.0,3.6,0.4,0.0,0
Lucknow,Jun,31.5,58.6,1012.5,8.0,47.3,0.0,0
Kolkata,Jan,21.1,61.7,1003.9,13.9,51.5,0.0,0
Mumbai,Dec,23.5,67.9,1010.9,18.8,56.0,3.7,0
Delhi,Jun,26.0,44.3,1007.6,9.1,45.5,0.0,0
Pune,Nov,23.1,78.8,1011.0,14.5,38.9,0.2,0
Lucknow,Aug,34.1,75.9,1001.1,10.0,79.8,0.0,1
Hyderabad,Feb,24.4,52.4,1013.7,4.3,43.1,1.2,0
Mumbai,Nov,25.0,63.5,1012.7,8.5,53.9,0.0,0
Chennai,Sep,35.1,69.6,1010.0,14.1,11.9,0.0,0
Pune,Sep,22.2,78.2,1007.3,15.5,71.2,1.7,1
Ahmedabad,Sep,31.3,62.3,1013.5,19.9,51.1,0.0,0
Lucknow,Jan,19.3,37.6,1013.3,11.8,44.0,0.0,0
Kochi,Feb,22.1,80.1,1006.0,15.7,41.9,0.5,0
Mumbai,Apr,28.2,82.0,1009.9,4.7,38.9,0.0,1
Pune,May,30.3,50.8,1015.9,15.3,7.3,0.0,0
Mumbai,Jun,31.4,80.2,1009.6,16.0,76.9,0.0,1
Kochi,Sep,31.2,81.4,1006.1,22.0,59.7,2.7,0
Mumbai,Jan,21.0,65.1,1010.3,8.2,35.9,0.9,0
Bengaluru,Oct,20.3,86.5,1002.9,12.7,78.7,0.0,1
Jaipur,Jan,23.0,51.4,1013.9,9.6,40.8,0.0,0
Kochi,Jan,19.8,89.7,1010.1,20.0,37.5,0.0,0
Ahmedabad,Mar,27.3,37.3,1006.4,14.5,23.3,0.8,0
Kolkata,May,34.2,64.3,1011.9,15.3,19.7,0.0,0
Mumbai,Jul,34.5,85.5,1010.5,18.8,42.3,14.4,1
Lucknow,Mar,20.3,67.4,1011.5,16.5,49.0,0.0,0
Lucknow,Mar,21.3,60.2,1010.8,14.8,28.4,2.7,0
Mumbai,Dec,22.3,77.8,1006.2,12.0,0.0,0.0,0
Kochi,May,30.0,100.0,1007.9,6.6,64.0,4.2,1
Mumbai,Mar,25.6,75.9,1010.2,12.2,22.3,0.0,0
Guwahati,Apr,21.9,78.0,1012.5,6.3,35.8,0.0,0
Guwahati,Nov,23.7,71.9,1010.1,10.9,4.3,0.0,0
Ahmedabad,Feb,18.8,45.3,1010.5,8.1,0.0,0.3,0
Lucknow,Jun,32.9,52.0,1012.0,18.5,33.2,0.0,0
Delhi,Nov,22.2,56.2,1007.7,13.1,30.0,0.0,1
Jaipur,Oct,23.3,37.9,1007.2,5.8,14.1,0.0,0
Jaipur,Oct,27.0,37.6,1008.0,11.8,7.1,0.0,0
Pune,May,30.5,51.2,1009.2,11.0,19.2,0.0,0
Guwahati,Apr,25.4,65.7,1005.7,21.1,46.2,0.0,0
Ahmedabad,Aug,29.7,52.0,1004.1,10.6,73.0,0.0,0
Bengaluru,Aug,26.9,77.0,1008.5,18.5,52.1,8.3,0
Kochi,Nov,24.1,85.9,1012.2,8.7,35.9,0.0,0
Kochi,Jan,18.3,75.0,1008.2,13.1,18.7,0.0,0
Guwahati,Sep,21.5,90.2,1005.4,10.6,82.4,7.3,1
Mumbai,Dec,21.5,58.5,1010.7,22.2,22.9,0.0,0
Ahmedabad,Jun,36.2,49.0,1015.8,5.9,25.3,0.0,0
Kolkata,Aug,25.6,100.0,1002.9,12.7,92.8,0.0,1
Hyderabad,Apr,25.2,51.4,1014.4,7.5,32.1,8.9,0
Hyderabad,Apr,25.2,59.2,1010.6,4.8,9.2,0.0,0
Mumbai,Dec,20.3,67.4,1010.7,11.3,54.7,0.0,0
Pune,Jun,29.5,77.0,1007.5,8.9,51.2,17.6,0
Guwahati,Jul,28.9,98.6,1005.2,16.3,93.5,28.2,1
Delhi,Feb,19.9,49.9,1010.5,11.2,29.0,1.0,0
Guwahati,Feb,18.2,53.9,1011.5,10.8,21.1,1.0,0
Delhi,Jan,14.3,66.3,1008.5,6.6,56.5,3.4,0
Kolkata,Jul,33.5,100.0,1002.7,15.5,90.8,0.0,1
Kochi,Oct,25.0,95.0,1014.0,23.0,70.1,12.1,1
Delhi,Dec,21.8,38.6,1016.4,5.0,30.5,0.0,0
Jaipur,Jul,29.7,52.3,1007.2,18.9,74.8,2.3,0
Ahmedabad,Jan,22.3,32.9,1011.9,12.5,67.9,0.0,0
Kolkata,Mar,21.7,65.1,1012.4,16.2,21.3,2.9,0
Jaipur,Jul,33.4,57.6,1007.0,15.6,40.3,0.0,0
Ahmedabad,Apr,26.3,56.9,1013.0,8.5,32.6,0.0,0
Kochi,Dec,20.3,79.5,1012.0,8.2,25.2,0.0,0
Jaipur,Jan,20.5,28.6,1008.6,22.1,0.0,0.0,0
Delhi,Jun,32.6,54.5,1005.4,13.3,32.3,0.0,0
Kochi,Jun,31.1,100.0,1005.6,17.2,100.0,0.0,1
Bengaluru,Apr,25.6,74.4,1004.9,11.2,22.3,0.0,0
Pune,Mar,22.7,61.3,1008.5,19.1,29.1,0.0,0
Hyderabad,Dec,22.3,58.5,1009.2,8.6,20.1,0.3,0
Pune,Jan,14.2,49.0,1011.8,10.0,17.8,0.0,0
Hyderabad,Nov,24.7,46.4,1008.2,13.7,28.2,0.0,0
Kolkata,Jun,32.1,99.8,1003.5,11.3,91.7,4.0,1
Jaipur,Sep,31.1,54.6,1006.8,12.1,58.1,0.0,0
Lucknow,May,32.6,58.1,1007.3,6.2,55.9,0.0,0
Bengaluru,Jan,16.0,71.0,1012.0,7.7,31.6,0.0,0
Delhi,Dec,21.1,49.3,1008.8,6.3,25.8,0.0,0
Guwahati,Mar,23.9,63.2,1007.8,3.3,8.6,0.0,0
Kolkata,Nov,21.7,74.2,1012.0,11.9,15.5,0.0,0
Jaipur,Sep,32.0,50.2,1003.6,16.9,33.3,10.9,0
Pune,Apr,26.3,57.2,1006.6,9.6,60.3,0.0,0
Kochi,Apr,24.9,83.5,1011.6,8.5,26.4,0.0,0
Mumbai,Jan,19.5,52.3,1008.0,4.5,26.9,0.0,0
Hyderabad,Jan,22.0,70.8,1006.8,8.3,27.3,5.3,0
Lucknow,Jul,27.2,65.8,1004.5,37.0,42.4,54.8,0
Guwahati,Jun,27.6,87.1,1007.0,20.0,100.0,19.6,1
Mumbai,Aug,33.3,90.3,1001.2,19.6,100.0,34.7,1
Hyderabad,Aug,29.0,46.7,1008.0,7.2,47.8,0.0,1
Chennai,Nov,23.7,100.0,1009.0,17.0,73.3,0.0,0
Chennai,Jan,22.2,65.9,1011.1,5.8,56.9,0.0,0
Bengaluru,Aug,24.6,74.2,1006.7,34.8,60.3,6.7,1
Kochi,Nov,22.2,69.7,1014.3,12.2,48.7,0.0,0
Kolkata,Dec,23.3,64.8,1016.1,7.1,35.6,0.0,0
Pune,Apr,27.0,52.8,1012.4,21.9,0.0,0.0,0
Guwahati,May,28.4,100.0,1004.3,20.7,70.7,4.6,0
Kolkata,Mar,22.8,86.7,1011.0,12.6,49.7,0.0,0
Pune,Oct,25.8,59.3,1006.2,10.7,31.6,0.0,0
Bengaluru,Jul,26.8,86.3,1003.4,17.1,81.2,11.2,1
Bengaluru,Feb,18.6,64.8,1009.4,4.0,24.5,0.0,0
Kolkata,Mar,27.1,67.5,1012.0,12.1,26.6,0.0,0
Pune,Dec,18.1,61.0,1004.8,13.1,36.6,0.0,0
Kochi,Oct,25.6,75.3,1004.8,26.6,52.4,0.0,0
Lucknow,Dec,18.5,55.6,1012.8,14.5,3.1,0.0,0
Pune,Nov,26.7,55.2,1008.1,8.9,0.0,0.0,0
Kochi,Dec,22.0,81.1,1012.6,11.8,33.3,0.0,0
Pune,Jun,27.7,65.3,1003.6,15.2,100.0,0.0,1
Jaipur,Aug,29.8,66.9,999.8,11.9,68.3,0.0,1
Mumbai,Mar,25.7,74.3,1004.3,5.7,42.5,0.6,0
Pune,Dec,22.1,39.6,1005.5,9.4,22.7,0.0,0
Ahmedabad,Jan,19.9,41.6,1010.7,9.5,3.8,0.0,0
Hyderabad,Mar,25.2,70.4,1009.2,10.6,9.7,3.4,0
Guwahati,Nov,20.6,59.1,1009.2,6.4,1.9,0.0,0
Kolkata,Sep,27.9,91.6,1001.5,11.1,85.4,10.2,1
Chennai,Dec,19.4,99.1,1005.6,19.5,81.0,11.2,1
Delhi,May,28.4,47.3,1011.9,14.5,13.5,0.0,0
Ahmedabad,Dec,25.7,43.3,1011.4,25.5,11.4,0.0,0
Chennai,Jun,36.6,56.6,1010.3,32.1,20.2,1.3,0
Ahmedabad,Apr,31.0,48.9,1004.2,10.6,20.4,0.0,0
Mumbai,Jan,20.4,79.5,1008.0,27.3,40.4,0.0,0
Lucknow,Aug,28.9,55.6,1003.3,21.8,65.5,5.1,0
Hyderabad,Oct,27.6,39.3,1008.8,21.9,33.0,6.7,0
Pune,Jan,20.4,55.3,1005.8,14.6,32.2,0.0,0
Kolkata,Dec,20.2,59.0,1013.5,10.0,22.3,0.0,0
Hyderabad,Jul,34.0,83.1,1004.3,14.1,44.5,0.0,1
Kolkata,Mar,24.0,60.8,1011.5,3.0,54.3,0.0,0
Ahmedabad,Nov,26.2,30.4,1010.8,4.5,19.9,0.0,0
Mumbai,Oct,31.3,80.5,1003.7,23.9,67.0,0.0,0
Delhi,Feb,18.3,33.3,1006.2,9.8,0.0,0.0,0
Kolkata,Dec,17.3,67.9,1007.5,17.3,21.9,0.0,0
Ahmedabad,Jan,19.4,46.6,1013.1,17.4,8.0,0.0,0
Ahmedabad,Aug,32.2,74.2,1004.5,12.2,52.4,13.0,0
Hyderabad,Jul,27.0,64.5,1007.5,15.7,67.0,0.0,0
Hyderabad,Aug,32.4,76.3,1006.4,12.0,63.5,7.2,1
Kolkata,Oct,23.2,88.9,1011.9,11.3,34.0,0.0,0
Bengaluru,Apr,23.5,70.3,1012.0,5.5,11.6,4.0,0
Pune,Apr,23.5,61.2,1009.9,14.7,18.7,0.0,0
Ahmedabad,Nov,23.7,52.1,1012.5,14.8,23.6,0.7,0
Kolkata,May,33.7,74.3,1006.4,7.3,56.1,0.0,1
Kochi,May,27.8,89.4,1003.6,23.7,40.2,10.4,1
Chennai,Nov,23.1,76.8,1005.3,11.3,88.6,0.0,0
Bengaluru,Aug,24.7,87.1,1009.3,14.2,58.3,0.1,1
Pune,Oct,24.1,57.4,1013.9,9.6,65.5,0.0,1
Chennai,Dec,19.3,91.9,1010.5,10.2,100.0,1.9,1
Bengaluru,Mar,23.4,52.8,1011.3,16.2,26.2,0.0,0
Mumbai,May,33.8,72.4,1012.5,14.2,33.3,0.0,0
Hyderabad,Dec,22.3,57.7,1012.4,18.7,29.5,1.0,0
Ahmedabad,Aug,32.8,62.0,1003.8,22.7,41.9,0.0,0
Chennai,Jul,39.9,76.4,1012.3,11.6,31.5,0.0,0
Kolkata,Feb,23.5,61.6,1010.5,6.1,49.9,5.4,0
Guwahati,Apr,22.5,74.2,1010.8,12.4,50.4,0.0,0
Lucknow,Jan,17.6,47.6,1015.5,20.8,24.6,0.0,0
Jaipur,Apr,27.0,33.1,1009.1,3.0,1.9,0.0,0
Ahmedabad,Dec,26.3,51.7,1011.5,8.6,26.3,3.1,0
Mumbai,Jul,29.8,83.9,1003.9,31.9,95.8,7.9,1
Kolkata,Mar,23.6,57.1,1005.0,16.9,17.5,0.0,0
Guwahati,Jan,18.4,73.3,1010.2,15.3,24.2,0.0,0
Guwahati,Jan,19.8,74.4,1009.9,11.2,25.1,0.0,0
Ahmedabad,Feb,24.0,49.3,1008.7,7.1,22.7,0.2,0
Kochi,Dec,22.7,67.6,1004.7,5.4,35.4,3.5,0
Bengaluru,Apr,25.4,55.9,1006.2,11.5,41.2,0.0,0
Jaipur,Jul,31.9,65.0,1004.0,11.9,49.2,0.0,1
Ahmedabad,Aug,32.2,68.0,1011.6,18.6,26.3,0.0,0
Kochi,Apr,32.0,95.8,1012.1,26.7,48.1,0.0,1
Mumbai,Jan,18.0,64.8,1009.0,7.7,0.0,0.0,0
Delhi,Dec,19.5,37.1,1008.4,2.9,14.9,0.0,0
Guwahati,Mar,21.1,54.2,1005.9,22.5,0.0,0.8,0
Pune,Aug,25.3,89.8,1001.2,19.5,96.7,5.7,1
Chennai,Nov,25.5,100.0,1006.1,18.1,100.0,7.8,1
Chennai,Apr,32.3,64.6,1009.6,7.0,32.1,0.0,0
Kolkata,Jun,31.2,85.1,1009.9,16.1,75.8,33.9,1
Bengaluru,Dec,15.6,60.9,1013.7,14.1,18.6,0.0,0
Delhi,Aug,31.1,53.5,1003.7,17.0,66.3,36.9,1
Bengaluru,Dec,17.5,58.1,1013.4,15.8,7.9,0.0,0
Pune,Dec,19.9,67.3,1010.4,13.7,35.7,0.0,0
Hyderabad,May,32.6,36.8,1013.0,3.8,23.8,0.0,0
Bengaluru,Jun,27.2,81.0,1005.1,35.1,51.5,2.4,1
Ahmedabad,Oct,27.5,43.9,1011.4,10.7,21.7,0.0,0
Jaipur,Mar,22.0,38.8,1004.0,22.6,27.4,0.0,0
Kochi,Mar,20.4,71.5,1007.7,7.3,13.7,0.0,0
Kochi,Sep,29.1,79.1,1007.2,9.6,63.4,0.0,0
Kolkata,Jul,32.2,100.0,1005.3,11.3,92.8,4.5,1
Ahmedabad,Apr,26.2,49.0,1005.0,20.4,37.4,0.0,0
Mumbai,Jan,23.2,61.0,1007.3,12.9,0.0,0.0,0
Guwahati,Apr,25.0,70.8,1005.4,10.2,48.1,2.8,0
Guwahati,Jan,17.5,56.3,1010.8,7.1,51.6,5.0,0
Pune,Feb,21.2,49.0,1011.8,6.0,20.0,0.0,0
Guwahati,Aug,28.5,96.9,1010.3,33.0,73.2,9.1,1
Hyderabad,Jan,23.1,47.6,1004.7,9.0,30.1,0.0,0
Pune,Apr,28.0,52.3,1008.6,9.6,37.6,2.3,0
Ahmedabad,Sep,29.6,79.5,1000.5,25.1,19.4,0.0,0
Kolkata,Sep,25.5,93.7,1001.6,20.4,100.0,0.0,1
Kolkata,Dec,17.8,60.6,1011.0,8.5,18.7,0.0,0
Guwahati,Dec,18.8,86.2,1015.4,11.2,53.1,2.2,0
Kochi,Dec,22.3,80.3,1012.9,19.8,45.6,0.0,0
Kolkata,Jun,31.5,93.9,1006.5,34.5,84.3,0.0,0
Jaipur,Dec,18.5,49.1,1017.0,19.9,27.9,0.0,0
Kolkata,Mar,18.7,62.6,1014.1,18.9,19.1,0.0,0
Kochi,May,29.3,89.0,1005.2,12.7,53.3,4.9,0
Mumbai,Nov,20.7,67.4,1012.0,15.1,44.8,0.0,0
Kolkata,Oct,26.9,80.5,1008.6,15.0,66.7,5.8,0
Lucknow,Jan,21.4,61.8,1009.2,28.9,17.4,0.4,0
Ahmedabad,Jan,20.0,49.9,1009.4,8.7,28.5,0.0,0
Kolkata,Sep,30.4,98.9,1000.3,16.4,78.9,2.5,1
Jaipur,Oct,31.5,29.2,1008.6,12.6,5.9,0.0,0
Kolkata,Feb,24.2,75.0,1011.4,12.5,30.4,0.3,0
Kochi,Dec,24.3,87.7,1012.8,13.1,40.7,0.0,0
Lucknow,Aug,27.8,94.4,1007.3,35.2,88.2,0.0,1
Lucknow,Jan,20.8,50.6,1005.6,11.8,15.4,0.0,0
Kochi,Dec,19.2,73.4,1008.8,22.1,13.7,0.0,0
Hyderabad,Mar,22.0,61.8,1010.2,10.2,11.5,0.0,0
Guwahati,Mar,22.0,71.2,1011.8,3.9,31.2,0.0,0
Bengaluru,May,22.3,65.5,1008.2,13.4,83.3,0.0,0
Delhi,Jun,29.1,49.8,1011.2,3.0,0.0,0.0,0
Lucknow,Aug,28.1,75.8,1005.5,12.2,66.6,1.4,0
Bengaluru,May,21.6,79.0,1007.8,14.4,56.0,15.3,0
Guwahati,May,23.3,80.7,1003.5,7.6,36.2,8.3,0
Guwahati,Mar,20.4,67.1,1011.3,18.4,39.2,0.7,0
Hyderabad,Sep,27.9,61.4,1003.3,20.9,85.1,24.9,1
Kochi,Aug,28.4,100.0,1004.0,30.9,80.5,0.0,1
Chennai,Jan,22.2,88.9,1008.9,9.9,48.6,1.0,0
Guwahati,Dec,20.3,59.4,1004.1,8.3,57.9,1.8,0
Kochi,Nov,25.0,74.1,1011.0,11.8,33.1,0.1,1
Mumbai,Sep,32.1,86.0,1009.2,13.5,97.4,0.9,0
Jaipur,Feb,22.4,32.9,1008.5,13.7,28.3,0.0,0
Bengaluru,Jul,28.9,73.3,1009.2,20.2,47.9,0.0,0
Jaipur,Dec,17.1,46.1,1010.4,4.8,33.3,0.0,0
Mumbai,May,32.7,71.1,1010.8,8.8,29.4,0.0,0
Ahmedabad,Jul,31.2,63.2,1005.8,23.6,87.0,0.0,1
Kochi,Aug,28.6,100.0,1006.1,19.2,55.3,0.0,1
Jaipur,Feb,22.4,48.7,1015.1,9.9,0.0,0.8,0
Delhi,Feb,20.3,45.2,1011.3,12.2,2.1,0.0,0
Bengaluru,Jun,27.7,80.6,1004.7,15.1,57.2,0.0,0
Ahmedabad,Aug,27.6,48.3,1004.5,25.5,87.0,8.1,1
Bengaluru,Apr,27.2,52.2,1013.4,8.2,6.7,1.7,0
Mumbai,Feb,27.0,79.7,1007.1,12.2,29.5,0.0,0
Chennai,Mar,26.1,83.7,1011.1,6.1,45.3,0.0,0
Pune,Mar,25.5,50.3,1007.0,7.9,12.9,0.0,0
Chennai,Jan,24.8,76.1,1008.7,8.4,28.7,0.0,0
Ahmedabad,Mar,20.6,38.1,1010.1,17.5,3.5,0.0,0
Guwahati,Jun,31.4,91.8,1005.3,19.1,86.2,0.7,1
Kolkata,Jan,22.4,81.9,1001.2,3.7,0.0,0.0,0
Bengaluru,Mar,21.4,58.2,1010.5,10.8,9.1,3.4,0
Hyderabad,Mar,21.7,54.0,1009.5,11.5,34.2,0.0,0
Guwahati,Jan,18.0,83.4,1007.6,19.1,28.9,0.0,0
Lucknow,Feb,24.2,67.9,1008.7,14.9,45.4,1.4,0
Delhi,Jan,18.7,51.0,1008.1,6.5,48.8,1.0,0
Ahmedabad,Jul,33.0,83.1,1006.7,14.7,56.2,0.0,0
Ahmedabad,Jun,32.5,44.1,1009.2,22.0,34.9,0.0,0
Guwahati,Oct,24.7,80.0,1012.6,6.5,40.7,0.0,0
Hyderabad,Dec,23.2,57.8,1010.0,13.6,37.9,0.0,0
Jaipur,Mar,24.0,15.3,1007.8,12.9,0.0,0.0,0
Guwahati,Feb,25.0,66.6,1010.0,4.3,0.0,0.0,0
Hyderabad,Dec,19.6,61.6,1016.4,20.7,20.8,1.2,0
Jaipur,May,30.8,37.7,1013.3,6.5,38.0,0.0,0
Bengaluru,Mar,21.7,57.6,1011.0,6.5,49.3,0.0,0
Kolkata,Sep,25.2,96.2,1005.6,10.9,100.0,9.9,1
Hyderabad,Dec,22.0,58.5,1012.8,4.8,23.1,0.1,0
Ahmedabad,Apr,23.8,51.1,1015.1,4.9,27.3,0.0,0
Lucknow,Dec,20.6,47.8,1014.4,8.5,0.8,1.8,0
Bengaluru,Sep,25.9,100.0,1002.1,15.2,78.3,10.6,1
Guwahati,Nov,21.1,65.8,1010.1,8.9,7.8,0.0,0
Pune,Jul,31.2,84.7,1002.7,28.0,80.6,28.0,1
Guwahati,Dec,20.8,77.9,1006.8,14.3,54.0,0.0,0
Bengaluru,Nov,23.5,62.0,1012.0,27.6,33.4,0.0,0
Ahmedabad,May,31.9,54.8,1014.9,14.5,11.7,0.0,0
Hyderabad,Feb,19.8,65.7,1011.0,17.1,21.6,0.0,0
Guwahati,May,25.5,62.0,1005.5,12.8,42.8,0.3,0
Ahmedabad,Nov,21.3,38.7,1009.8,6.5,21.2,0.0,0
Guwahati,Jun,28.9,100.0,1009.8,15.1,85.6,0.0,1
Hyderabad,Mar,24.2,58.5,1006.1,8.4,8.9,0.0,0
Kochi,Jun,31.6,100.0,1003.7,17.8,100.0,24.5,1
Mumbai,Jan,21.5,84.9,1014.1,11.6,52.3,0.0,0
Guwahati,Nov,21.7,88.4,1009.5,16.6,31.7,0.1,0
Chennai,Feb,23.2,71.7,1008.2,16.8,8.3,2.1,0
Bengaluru,Sep,25.0,89.6,1005.9,22.9,91.0,3.4,1
Chennai,Jun,33.9,69.7,1007.8,5.4,36.4,3.7,0
Ahmedabad,Aug,30.5,70.0,1007.2,12.9,83.1,6.9,1
Kochi,Nov,23.7,70.7,1010.2,20.3,32.0,0.0,0
Hyderabad,Aug,25.2,72.4,1011.1,26.5,61.3,0.0,0
Hyderabad,Aug,34.6,75.7,1005.9,17.1,60.8,0.0,0
Hyderabad,Oct,25.4,55.6,1008.3,9.6,14.3,8.6,0
Delhi,Oct,26.1,53.6,1010.5,2.3,38.9,0.0,0
Kochi,Jul,28.1,100.0,1003.5,14.3,100.0,0.0,1
Delhi,Dec,15.4,46.7,1002.2,17.8,57.5,0.0,0
Ahmedabad,Oct,31.0,32.0,1008.5,4.3,14.0,0.0,0
Mumbai,Nov,24.6,61.4,1005.0,24.7,4.0,0.0,0
Hyderabad,May,32.6,53.5,1010.7,2.3,0.0,0.0,0
Kochi,Sep,27.1,99.8,1006.5,14.3,97.4,27.9,1
Kochi,Nov,25.8,81.7,1006.0,10.5,47.7,0.0,0
Chennai,Dec,21.4,89.4,1006.4,10.2,90.2,0.0,0
Bengaluru,Aug,26.8,90.8,1011.6,17.5,83.8,0.0,0
Delhi,Nov,19.7,39.3,1011.9,3.6,18.9,0.0,0
Lucknow,Feb,19.7,40.2,1014.4,19.1,15.3,3.6,0
Ahmedabad,Nov,23.7,40.8,1011.7,3.4,10.2,0.0,0
Mumbai,Jul,27.9,100.0,1007.4,22.2,91.0,0.3,1
Lucknow,Jul,33.5,78.9,1003.8,14.1,80.9,0.0,1
Pune,Nov,25.8,62.2,1013.9,11.9,8.9,0.0,0
Kolkata,Aug,32.2,100.0,1006.0,16.0,69.6,4.6,1
Guwahati,Nov,22.0,80.0,1009.8,5.9,9.8,1.6,0
Kolkata,Jun,27.8,91.9,1001.1,20.4,90.0,0.0,1
Kochi,Nov,25.4,79.3,1009.7,12.5,18.8,0.0,0
Jaipur,Nov,22.2,47.8,1010.1,7.0,34.6,2.1,0
Jaipur,Jun,31.5,45.3,1009.7,2.5,21.4,0.0,0
Kolkata,Jul,32.8,99.9,999.5,15.9,100.0,5.3,1
Mumbai,Feb,24.6,53.9,1010.7,23.6,35.9,0.0,0
Bengaluru,Dec,18.9,82.4,1015.4,12.3,23.5,0.0,0
Chennai,Aug,37.7,66.7,1009.0,8.7,29.6,0.0,0
Mumbai,Feb,21.8,71.1,1008.1,6.9,25.4,0.0,0
Hyderabad,Apr,24.9,61.3,1010.5,17.1,27.8,0.0,1
Delhi,Apr,21.5,50.1,1010.4,6.0,32.5,0.0,0
Jaipur,May,29.7,40.5,1011.3,13.6,16.3,1.8,0
Hyderabad,Jan,20.4,55.7,1011.1,9.8,31.7,0.0,0
Pune,Feb,18.1,52.1,1003.4,8.2,0.0,0.0,0
Pune,Jun,30.5,69.7,1006.1,17.8,61.3,11.8,1
Guwahati,Mar,24.1,64.6,1005.7,12.9,13.8,3.1,0
Hyderabad,Feb,22.4,64.0,1007.5,8.2,34.2,0.0,0
Hyderabad,Aug,34.2,86.6,1009.0,13.3,56.3,48.0,0
Pune,Aug,29.4,95.0,1011.4,15.3,63.4,6.6,1
Jaipur,Nov,24.3,35.1,1009.5,3.2,46.0,0.0,0
Ahmedabad,Dec,24.1,55.9,1004.4,6.3,26.7,0.0,0
Hyderabad,May,31.8,49.6,1005.6,4.7,4.1,0.0,0
Delhi,Jul,27.3,63.6,1005.7,25.8,65.3,3.1,0
Pune,Feb,19.2,38.2,1012.1,31.2,17.1,0.0,0
Mumbai,Dec,20.4,65.9,1012.2,18.3,38.4,0.0,0
Chennai,Jul,35.0,74.7,1011.4,12.4,45.9,0.0,0
Jaipur,Jan,20.9,49.1,1013.3,11.5,43.9,0.7,0
Kolkata,Aug,28.4,100.0,1006.8,14.6,100.0,7.2,1
Guwahati,Apr,24.5,86.7,1010.7,14.4,1.8,1.3,0
Jaipur,May,30.9,31.5,1011.7,9.4,0.2,0.0,0
Lucknow,Apr,25.0,45.7,1010.8,3.0,0.0,0.0,0
Lucknow,Feb,17.2,62.2,1011.0,15.0,18.6,0.0,0
Lucknow,Feb,20.6,59.3,1012.3,6.7,12.9,0.0,0
Guwahati,Dec,17.0,79.8,1011.8,12.9,5.3,0.0,0
Hyderabad,Nov,24.5,42.9,1010.8,6.0,41.5,0.0,0
Lucknow,Oct,27.7,58.7,1010.1,11.6,35.5,0.0,0
Bengaluru,Jun,30.8,74.9,1005.5,19.5,50.3,0.0,0
Lucknow,Apr,21.7,36.4,1005.3,15.7,17.8,0.0,0
Kolkata,Mar,23.9,68.9,1015.2,7.3,42.8,0.0,0
Jaipur,Feb,20.0,51.1,1012.9,14.7,13.9,0.0,0
Delhi,Feb,18.1,54.6,1008.9,2.5,28.4,0.2,0
Bengaluru,Aug,27.8,79.4,1003.8,24.5,49.9,11.9,1
Mumbai,Jun,29.9,85.7,1003.2,14.0,100.0,1.9,0
Guwahati,Jan,18.3,82.4,1008.6,18.9,36.7,0.3,0
Lucknow,Jan,20.4,32.9,1011.0,19.5,21.0,0.0,0
Kolkata,Dec,16.6,72.4,1011.6,8.8,37.8,0.0,0
Lucknow,Jun,31.5,62.4,1007.4,4.3,0.0,0.0,0
Hyderabad,Apr,26.1,53.3,1010.4,6.1,33.2,0.0,0
Jaipur,Aug,26.5,65.4,1004.5,11.7,50.4,9.1,0
Jaipur,Jul,32.1,45.1,1003.3,11.4,50.5,13.1,0
Delhi,Dec,16.7,35.9,1010.7,4.3,39.0,0.0,0
Chennai,Jan,24.0,75.1,1005.6,14.6,17.3,0.0,0
Ahmedabad,Sep,30.5,61.8,1012.7,26.7,26.7,0.0,0
Ahmedabad,Nov,25.6,28.2,1007.7,9.7,24.7,0.0,0
Hyderabad,Apr,31.8,38.1,1010.7,5.8,33.4,0.0,0
Kochi,Apr,25.8,69.5,1013.1,9.3,37.9,1.7,0
Hyderabad,May,28.7,44.0,1011.0,5.9,35.4,0.0,0
Guwahati,May,28.3,81.7,1006.8,21.3,40.2,0.0,0
Delhi,Jan,18.5,50.8,1006.1,5.9,8.7,0.4,0
Kolkata,Jan,19.6,82.4,1014.8,15.3,6.2,0.0,0
Kolkata,Apr,26.0,80.8,1012.9,2.6,61.4,0.0,0
Guwahati,Nov,20.0,64.6,1011.0,8.3,16.9,0.0,0
Mumbai,Mar,22.2,73.7,1007.5,16.0,53.4,3.3,1
Chennai,May,31.3,80.9,1010.2,8.2,20.6,0.0,0
Kolkata,Jan,19.6,80.5,1009.8,4.8,45.3,2.8,0
Delhi,Mar,25.3,47.5,1011.1,25.8,33.7,5.0,0
Ahmedabad,Mar,26.4,33.6,1000.4,6.8,0.0,2.4,0
Pune,May,31.2,61.1,1015.9,10.6,10.8,0.0,0
Kochi,Feb,20.7,63.6,1016.0,8.7,48.8,0.0,0
Hyderabad,Jan,20.0,59.1,1011.5,6.8,18.7,0.0,0
Chennai,Nov,21.7,96.1,1004.8,28.0,70.1,0.0,1
Guwahati,Jul,31.3,99.6,1003.2,22.8,93.1,12.9,1
Hyderabad,Nov,24.3,65.4,1014.2,14.9,37.6,0.3,0
Guwahati,Jun,28.3,98.8,1006.8,18.9,80.3,1.9,1
Delhi,Jan,20.4,53.7,1006.2,16.2,33.7,1.0,0
Kolkata,Dec,20.2,76.2,1014.8,5.0,52.3,0.0,0
Ahmedabad,Mar,22.8,33.0,1013.2,11.1,15.1,0.0,0
Guwahati,Apr,24.0,85.6,1005.3,10.3,31.7,0.0,0
Lucknow,May,31.5,48.9,1008.9,6.8,29.1,0.0,0
Chennai,Nov,24.3,92.8,1003.0,14.0,88.0,42.0,1
Delhi,Jun,32.6,60.0,1009.9,21.6,38.9,0.0,0
Kolkata,Jun,28.2,94.4,1000.3,18.4,61.9,0.0,0
Delhi,Jan,16.1,59.0,1009.2,9.7,30.2,0.0,0
Lucknow,May,30.8,69.8,1007.7,18.8,15.2,0.0,1
Mumbai,May,30.3,62.0,1007.4,17.1,48.3,0.0,0
Lucknow,Jun,36.7,54.2,1011.8,7.6,18.1,0.0,0
Kolkata,Feb,19.5,66.3,1006.9,4.6,1.2,0.0,0
Kolkata,Oct,23.2,79.8,1007.1,18.8,44.8,2.6,0
Kolkata,Jun,31.3,83.7,1006.5,8.8,79.6,3.3,1
Kochi,Feb,20.7,83.1,1009.8,5.2,25.2,0.0,0
Hyderabad,Feb,18.1,53.3,1011.1,17.1,7.2,0.0,0
Pune,Nov,20.2,61.9,1012.6,9.9,17.1,0.0,0
Kolkata,Oct,23.2,83.5,1006.7,23.1,74.9,4.7,1
Delhi,Nov,20.7,48.8,1012.8,32.6,27.8,0.0,0
Chennai,Dec,20.2,90.5,1007.4,27.8,82.7,2.6,1
Pune,Sep,27.5,79.0,999.0,20.0,83.1,0.0,1
Pune,Aug,31.5,52.3,1002.6,21.8,55.0,19.9,1
Chennai,Apr,32.2,66.5,1008.3,7.7,41.2,0.0,0
Kochi,Dec,22.5,71.1,1013.9,4.1,12.1,0.0,0
Kochi,Nov,25.5,76.6,1012.0,7.1,9.8,0.0,0
Kochi,Feb,22.0,92.0,1011.5,6.8,28.3,0.0,1
Kochi,Jun,32.1,100.0,1001.3,16.6,100.0,0.0,1
Chennai,Mar,22.6,82.3,1008.1,4.2,18.3,0.0,0
Mumbai,Oct,28.0,82.5,1011.0,8.2,71.2,0.0,1
Bengaluru,Oct,22.1,77.7,1005.0,21.8,63.1,5.3,1
Mumbai,Aug,29.2,98.0,999.4,36.9,100.0,20.7,1
Bengaluru,Jan,14.8,74.1,1006.0,11.7,9.3,0.1,0
Pune,Jan,19.8,50.1,1008.3,6.9,14.6,0.5,0
Chennai,Nov,19.3,94.0,1006.6,14.2,66.3,20.4,1
Pune,Jul,30.0,88.8,1005.2,21.3,83.2,15.3,1
Kolkata,Jun,32.2,91.5,1007.8,13.3,84.0,0.0,1
Lucknow,Mar,22.3,62.2,1006.9,7.5,27.2,0.0,0
Kochi,Nov,26.3,82.3,1008.4,18.4,54.6,1.3,0
Chennai,Aug,36.2,71.2,1016.1,5.4,16.2,0.0,0
Jaipur,Feb,22.2,49.0,1007.9,15.9,36.9,0.0,0
Chennai,Mar,28.0,69.6,1012.9,6.1,35.7,0.0,0
Kochi,Aug,31.4,91.6,1003.6,19.3,100.0,9.1,1
Chennai,Feb,23.2,82.0,1010.0,18.8,35.8,0.0,0
Mumbai,Nov,21.4,78.9,1010.3,16.3,34.5,0.0,0
Mumbai,Oct,25.1,69.7,1017.1,7.7,38.5,0.0,0
Guwahati,Mar,24.6,81.4,1007.1,3.7,18.0,12.1,0
Mumbai,Jan,21.8,58.1,1013.2,12.6,32.7,0.1,0
Jaipur,Nov,22.7,19.2,1011.7,8.3,15.6,5.0,0
Kolkata,May,28.7,73.9,1011.2,28.4,33.7,0.0,0
Lucknow,Oct,23.9,47.1,1014.0,14.4,20.9,0.0,0
Lucknow,Feb,16.8,45.1,1009.5,13.1,15.4,0.0,0
Guwahati,Mar,19.1,79.5,1013.5,8.0,10.2,0.0,0
Jaipur,Oct,25.0,62.5,1011.9,8.0,8.2,1.5,0
Hyderabad,Mar,22.8,40.7,1010.9,7.4,28.5,0.0,0
Delhi,Jul,28.8,68.5,999.5,18.1,79.4,4.3,1
Kochi,Mar,25.4,79.3,1011.0,12.2,0.0,0.0,0
Chennai,Jul,34.8,50.2,1010.1,19.7,0.5,1.9,0
Guwahati,Dec,19.9,76.4,1011.5,6.0,53.3,1.5,0
Mumbai,Jan,22.1,59.0,1010.1,13.9,17.4,1.2,0
Guwahati,Jun,30.2,100.0,1002.0,24.4,78.8,25.1,1
Ahmedabad,Jun,38.3,18.6,1010.8,13.7,12.0,0.0,0
Delhi,Dec,19.2,36.5,1014.5,11.1,26.6,0.9,0
Hyderabad,Jul,34.2,75.9,1005.9,12.6,51.7,1.7,1
Kochi,Dec,21.0,68.1,1013.7,20.3,0.0,0.0,0
Delhi,Nov,23.1,34.4,1010.2,11.8,50.1,0.0,0
Mumbai,Feb,22.2,77.1,1014.3,19.1,31.9,0.0,0
Chennai,Jun,36.7,84.4,1011.5,4.9,23.6,3.7,0
Jaipur,May,33.5,36.2,1007.0,12.0,46.6,0.0,0
Delhi,Oct,26.1,54.2,1008.7,15.7,38.2,0.0,0
Mumbai,Oct,25.6,78.2,1005.7,5.9,59.2,0.0,0
Lucknow,Nov,25.9,39.3,1008.6,14.3,20.7,0.0,0
Chennai,Nov,23.3,92.2,1003.2,18.2,90.4,7.1,1
Mumbai,Feb,18.6,57.0,1003.4,10.1,28.4,0.0,0
Mumbai,May,32.8,75.5,1008.5,13.7,4.3,0.0,0
Lucknow,Jan,19.1,61.7,1008.6,6.7,41.2,0.0,0
Guwahati,Mar,24.7,71.1,1008.3,1.4,21.1,8.0,0
Pune,Feb,15.9,40.2,1014.0,4.4,43.6,3.2,0
Mumbai,Jun,29.8,95.5,998.6,14.9,59.9,9.7,1
Kolkata,Nov,21.7,75.9,1008.9,12.7,46.2,0.0,0
Lucknow,Mar,20.3,53.9,1004.2,4.8,0.0,0.0,0
Jaipur,Jul,31.7,52.5,1004.8,13.8,40.8,0.0,0
Delhi,Nov,21.5,46.9,1008.6,8.4,9.4,0.0,0
Delhi,Apr,25.7,44.0,1012.4,16.1,4.3,0.3,0
Chennai,Apr,33.8,73.5,1005.8,14.1,31.8,2.0,0
Chennai,Mar,27.0,65.4,1012.1,26.1,45.0,0.0,0
Jaipur,May,31.7,41.7,1009.6,36.0,3.3,0.0,0
Bengaluru,Feb,15.7,72.5,1010.5,4.3,22.6,0.0,0
Jaipur,Jan,22.3,34.0,1011.2,3.1,16.8,0.0,0
Ahmedabad,Aug,29.5,74.5,1003.2,10.7,54.6,33.9,1
Lucknow,Oct,23.3,40.5,1007.1,10.3,9.4,0.0,0
Pune,Feb,18.3,58.5,1011.9,6.5,2.0,0.4,0
Guwahati,May,28.3,85.2,1011.1,11.2,34.7,0.0,0
Kochi,Oct,20.3,96.8,1010.3,10.9,66.4,0.0,1
Delhi,Mar,22.4,43.5,1013.6,6.7,41.0,7.5,0
Hyderabad,Oct,23.8,64.3,1003.2,14.5,25.8,0.0,0
Kochi,Apr,29.3,59.1,1011.8,24.4,0.0,0.0,0
Pune,May,30.3,46.5,1019.3,11.3,3.9,1.3,0
Mumbai,Jul,29.1,100.0,1007.1,17.7,67.3,2.6,1
Guwahati,Nov,26.3,81.6,1010.1,4.6,13.6,0.0,0
Lucknow,Nov,23.3,75.0,1006.7,11.5,33.6,0.0,0
Kochi,Jan,23.5,71.7,1011.2,13.4,51.1,0.0,0
Jaipur,Dec,19.8,28.2,1011.4,14.2,38.1,0.0,0
Lucknow,Nov,24.1,46.1,1014.1,19.2,31.8,0.0,0
Chennai,Sep,34.4,64.0,1007.4,8.5,41.1,0.0,0
Kolkata,Feb,17.4,79.4,1013.1,7.6,30.3,0.0,0
Kochi,Jan,21.3,74.1,1008.0,11.8,50.3,2.3,0
Pune,Jan,19.7,47.7,1006.9,4.1,18.1,0.0,0
Mumbai,Sep,24.9,81.3,1002.9,21.0,84.8,2.3,1
Mumbai,Sep,28.8,90.2,1003.3,12.9,72.4,11.4,1
Bengaluru,Sep,23.4,92.7,1002.4,13.4,56.7,1.8,1
Pune,Jun,29.1,88.3,1001.9,14.1,79.6,0.0,1
Kochi,Jan,23.2,79.7,1008.7,11.4,43.5,0.0,0
Ahmedabad,Oct,27.2,48.2,1007.5,11.6,7.5,0.0,0
Hyderabad,Feb,21.3,50.2,1007.8,18.7,49.1,0.0,0
Lucknow,Sep,26.5,76.5,1007.4,7.7,46.1,0.0,0
Bengaluru,Aug,29.3,97.4,1007.4,26.5,80.2,0.3,0
Kolkata,Mar,22.5,62.5,1013.4,12.1,26.6,6.3,0
Jaipur,May,30.9,40.2,1013.5,7.3,19.0,0.0,0
Mumbai,Nov,22.5,75.8,1014.9,6.8,28.0,0.0,0
Pune,Jun,28.0,72.7,1012.5,12.1,70.8,19.6,0
Delhi,May,29.1,51.2,1017.0,5.6,15.4,2.4,0
Hyderabad,Sep,26.9,85.6,1006.4,14.2,100.0,34.9,1
Bengaluru,Aug,24.8,98.1,1009.6,13.0,94.7,0.0,1
Delhi,Jun,29.9,45.2,1013.8,6.7,39.2,1.5,0
Kolkata,May,32.5,72.1,1004.3,7.5,21.4,0.0,0
Mumbai,Jan,21.7,52.8,1008.4,17.1,20.5,0.0,0
Mumbai,Nov,21.3,65.0,1005.9,15.3,28.3,3.7,0
Kolkata,Feb,21.7,78.0,1011.8,11.3,15.3,0.0,0
Pune,Nov,23.1,55.5,1007.3,2.3,31.8,0.0,0
Lucknow,Sep,27.7,50.3,1007.7,25.5,51.8,4.3,0
Chennai,Nov,21.9,100.0,1003.7,33.1,100.0,32.5,1
Bengaluru,Apr,21.8,68.9,1010.7,16.8,0.0,0.0,0
Ahmedabad,Oct,29.4,52.5,1007.9,14.9,30.2,0.0,0
Bengaluru,Apr,24.9,60.7,1005.3,15.0,24.9,0.0,0
Delhi,May,28.1,57.6,1008.0,6.7,24.9,0.0,0
Ahmedabad,Jan,26.7,45.9,1004.0,4.9,49.8,0.8,0
Ahmedabad,Oct,25.8,47.2,1011.3,20.9,34.8,0.0,0
Kochi,Apr,29.1,67.7,1006.2,2.1,46.5,0.5,0
Delhi,Feb,15.3,55.1,1007.1,9.0,28.0,0.0,0
Kolkata,Apr,28.5,75.9,1012.4,8.2,54.3,0.0,0
Mumbai,Jun,34.7,88.8,1005.3,13.5,83.5,0.0,1
Kochi,May,27.8,100.0,1006.5,16.7,66.6,17.3,1
Ahmedabad,Dec,24.4,36.4,1008.4,4.3,6.8,1.4,0
Jaipur,Jan,23.4,54.2,1011.8,20.0,41.7,0.0,0
Ahmedabad,Jan,19.2,64.8,1006.9,2.8,54.4,0.0,0
Bengaluru,Jun,28.9,52.5,1008.7,22.6,70.6,2.7,0
Hyderabad,Apr,28.7,52.9,1010.0,10.7,14.4,0.0,0
Pune,Sep,28.4,80.8,1009.3,19.6,51.1,0.0,0
Chennai,May,34.8,73.4,1013.6,8.8,31.7,0.0,0
Chennai,Oct,25.9,83.7,1004.6,21.8,75.2,5.6,1
Jaipur,Jan,22.8,22.5,1012.6,8.1,36.1,0.0,0
Guwahati,Mar,22.5,85.3,1006.3,23.3,33.6,1.3,0
Kolkata,Jul,26.1,99.5,1005.8,16.5,92.1,0.0,1
Pune,May,31.1,57.0,1008.1,8.2,45.2,0.0,0
Pune,Feb,20.6,49.2,1008.7,17.4,18.7,0.0,0
Mumbai,Oct,26.4,87.5,1005.6,29.9,71.3,0.0,1
Kolkata,Jul,29.8,93.3,1004.3,20.5,60.1,20.6,1
Delhi,Feb,18.8,40.9,1008.4,8.5,33.7,2.6,0
Delhi,Aug,26.7,60.0,1008.2,12.4,73.2,0.2,0
Chennai,Apr,30.2,87.6,1009.4,18.2,36.2,0.0,0
Delhi,Dec,18.1,44.4,1015.5,24.2,31.6,0.0,0
Pune,Aug,29.4,81.6,1000.2,24.3,69.8,27.9,1
Pune,Apr,25.6,75.8,1005.5,12.4,61.2,0.1,0
Delhi,Mar,19.7,65.8,1011.5,8.6,45.7,0.0,0
Kolkata,Jan,21.3,74.7,1006.7,11.2,46.3,0.0,0
Ahmedabad,Nov,23.8,45.3,1012.2,5.9,25.5,2.4,0
Pune,Nov,24.9,52.8,1011.8,7.6,0.0,5.3,0
Ahmedabad,Mar,23.9,42.8,1011.3,9.5,0.0,0.0,0
Delhi,Jun,32.5,36.3,1003.8,9.7,11.0,0.0,0
Chennai,Oct,29.1,74.7,1005.3,15.0,68.0,17.5,1
Ahmedabad,Jun,31.5,56.4,1007.9,8.0,7.1,0.0,0
Kochi,Aug,29.2,96.8,1006.3,24.2,100.0,14.7,1
Delhi,May,23.6,59.2,1010.0,16.2,38.4,2.0,0
Pune,Jul,27.6,85.8,1008.7,14.5,90.1,7.7,1
Pune,Jan,21.0,72.4,1009.3,12.7,13.9,0.0,0
Lucknow,Apr,27.5,45.9,1011.0,12.3,34.9,0.0,0
Hyderabad,Jan,20.1,48.4,1008.7,20.3,44.4,0.0,0
Bengaluru,May,27.4,72.8,1004.9,34.7,68.9,1.2,0
Bengaluru,Feb,17.4,64.7,1013.1,10.4,5.4,0.0,0
Delhi,Jun,30.4,43.7,1012.5,10.8,28.6,0.0,0
Kochi,Mar,24.0,84.2,1009.9,7.3,20.5,0.0,0
Hyderabad,Jan,23.2,60.7,1014.7,4.1,42.8,0.0,0
Guwahati,Jan,14.1,75.0,1014.5,15.0,20.2,0.0,0
Jaipur,Oct,28.2,37.0,1008.8,15.2,33.0,0.0,0
Chennai,Jul,38.5,58.3,1008.8,6.8,29.4,0.0,0
Ahmedabad,Mar,25.4,41.4,1008.7,3.3,3.9,0.0,0
Bengaluru,Dec,17.2,80.1,1008.3,13.6,42.6,2.3,0
Guwahati,Mar,22.8,85.3,1006.3,20.1,9.6,0.0,0
Hyderabad,Jul,30.5,62.5,1010.3,35.5,32.9,0.0,0
Pune,Aug,29.9,89.1,1008.9,29.5,51.7,33.2,0
Chennai,Jul,38.8,75.2,1009.2,10.9,33.4,0.0,0
Ahmedabad,Jun,31.2,47.3,1007.9,8.0,25.3,0.0,0
Pune,Apr,25.9,44.9,1012.2,18.6,27.9,0.0,0
Mumbai,Apr,30.1,85.9,1008.3,10.8,29.2,0.2,0
Chennai,Feb,25.5,76.3,1013.8,9.9,52.6,0.0,0
Jaipur,Apr,29.0,47.0,1008.5,10.3,21.1,0.6,0
Hyderabad,Feb,23.9,47.6,1012.3,3.8,12.0,0.0,0
Hyderabad,Oct,29.6,71.7,1012.1,6.5,48.6,9.6,0
Jaipur,Oct,28.9,47.7,1006.1,14.2,16.8,0.0,0
Guwahati,Aug,29.1,90.1,1003.8,11.8,95.5,9.3,1
Kochi,Feb,22.7,67.4,1007.0,6.0,14.6,0.0,0
Kolkata,Nov,24.8,67.8,1010.7,10.2,11.4,0.0,0
Kolkata,Dec,24.1,57.2,1007.6,12.2,21.9,0.0,0
Lucknow,Sep,25.8,52.8,1008.2,6.8,66.3,0.0,0
Guwahati,Feb,20.8,85.7,1008.8,8.6,10.8,0.0,0
Chennai,Apr,30.2,73.4,1005.8,3.4,10.8,0.0,0
Lucknow,Apr,28.2,52.6,1009.1,20.5,39.2,0.0,0
Bengaluru,May,25.1,68.2,1003.3,32.6,41.9,1.4,0
Guwahati,Jul,28.5,88.2,1003.6,16.6,100.0,16.9,1
Jaipur,May,26.5,32.3,1012.4,6.0,5.6,0.0,0
Lucknow,Feb,19.8,49.7,1012.9,20.2,4.1,0.0,0
Lucknow,Feb,17.6,52.7,1009.0,23.5,34.0,0.0,0
Pune,Mar,19.9,68.4,1016.0,19.3,40.9,0.0,0
Pune,Mar,22.0,39.9,1006.1,10.1,27.4,0.0,0
Bengaluru,Apr,21.3,59.0,1008.3,7.1,13.1,0.0,0
Guwahati,Apr,24.7,75.1,1007.8,32.4,12.8,0.0,0
Guwahati,Jun,28.9,89.5,1007.2,18.7,66.5,1.4,0
Lucknow,Apr,27.3,65.4,1009.1,15.0,23.8,0.0,0
Lucknow,Apr,26.3,44.7,1015.0,17.8,0.0,0.0,0
Pune,Sep,27.1,85.2,1002.4,13.8,74.3,7.8,1
Guwahati,Oct,23.9,70.0,1008.3,11.7,35.7,0.0,0
Hyderabad,Apr,26.6,67.9,1006.7,15.5,42.6,0.8,0
Guwahati,Oct,21.0,99.6,1011.1,7.0,18.0,0.0,0
Ahmedabad,Jul,30.2,64.3,1007.2,20.6,43.5,10.4,0
Ahmedabad,Oct,25.5,31.5,1008.3,26.6,20.1,0.0,0
Pune,Jul,30.4,82.3,1003.0,17.1,66.7,7.0,1
Kolkata,Apr,27.1,82.8,1008.5,7.5,8.9,0.0,0
Mumbai,Sep,23.8,100.0,1008.4,15.7,82.2,0.0,1
Chennai,Jun,36.3,74.6,1001.5,20.2,39.1,0.0,0
Chennai,Mar,31.1,65.0,1007.7,6.4,7.3,0.0,0
Delhi,Dec,16.4,39.7,1016.6,29.0,35.1,0.0,0
Bengaluru,Apr,24.0,40.5,1008.2,19.5,0.0,0.0,0
Pune,May,31.8,57.4,1006.5,2.7,11.1,1.1,0
Bengaluru,Jan,18.4,58.1,1014.6,17.5,10.5,0.0,0
Kolkata,Oct,28.9,80.0,1009.5,12.2,22.6,5.0,0
Jaipur,May,30.2,42.2,1008.7,17.7,27.4,0.0,0
Chennai,Nov,23.7,93.9,1006.5,18.0,83.0,19.1,1
Kochi,Apr,29.1,69.0,1011.7,9.5,17.4,0.0,0
Bengaluru,Jan,15.0,65.4,1006.4,4.7,39.0,0.1,0
Mumbai,May,32.9,64.4,1012.2,18.1,1.8,0.0,0
Guwahati,Oct,25.2,77.0,1009.5,2.3,35.1,0.0,0
Chennai,Dec,20.5,81.6,1007.3,18.3,77.1,14.3,1
Hyderabad,Mar,22.1,49.1,1013.2,20.7,0.0,0.3,0
Kolkata,Mar,22.6,78.3,1010.5,20.8,50.5,0.0,0
Lucknow,Sep,28.4,70.8,1009.5,20.0,44.1,2.6,0
Mumbai,May,28.5,64.9,1011.1,9.4,32.5,0.0,0
Kochi,Nov,26.2,74.3,1009.3,10.7,36.9,2.1,0
Bengaluru,Jan,17.7,55.2,1010.4,7.5,32.2,4.5,0
Kochi,Jul,30.8,100.0,1006.5,28.2,72.4,16.6,1
Pune,Sep,24.7,83.2,1009.9,8.8,87.4,0.0,0
Delhi,Feb,18.5,26.1,1011.2,12.1,10.9,0.0,0
Delhi,Apr,23.5,37.7,1010.0,6.6,41.3,2.9,0
Guwahati,Jul,27.8,100.0,1008.8,19.6,100.0,22.2,1
Guwahati,Jul,31.3,100.0,1001.0,21.9,68.1,4.9,1
Kolkata,Oct,27.1,81.2,1006.0,14.2,56.1,2.1,0
Jaipur,Nov,22.8,24.2,1010.1,34.8,0.2,0.0,0
Jaipur,Jul,31.2,63.4,1007.8,26.2,61.8,0.0,0
Kolkata,Aug,32.7,91.8,1001.4,19.9,64.6,1.8,1
Lucknow,Jul,26.9,72.9,1004.4,14.1,55.9,25.3,0
Mumbai,Oct,25.9,79.7,1012.8,18.1,52.5,6.2,0
Jaipur,Apr,21.7,34.4,1008.3,19.4,2.1,0.0,0
Ahmedabad,Jun,32.9,45.7,1005.7,29.8,13.6,0.0,0
Jaipur,Aug,31.8,58.5,1006.4,12.4,71.5,3.5,0
Mumbai,Apr,25.8,84.4,1011.7,26.8,28.7,0.0,0
Mumbai,Oct,26.8,81.5,1005.4,18.1,24.5,0.8,0
Kolkata,Sep,20.4,76.5,1003.6,18.8,98.2,49.2,1
Lucknow,May,26.9,56.9,1010.9,13.4,29.0,0.0,0
Guwahati,Jul,30.0,100.0,1005.5,11.9,100.0,3.0,1
Kochi,May,27.7,93.6,1010.0,20.5,33.5,8.5,1
Kochi,Oct,26.4,100.0,1003.6,22.0,59.4,4.1,1
Jaipur,Jul,30.8,62.3,1004.9,10.8,69.6,17.6,0
Kochi,Jan,18.9,78.6,1011.6,9.9,44.9,0.4,0
Hyderabad,Jun,31.4,51.2,1007.7,9.3,15.5,0.0,0
Kolkata,Oct,21.8,78.7,1012.0,18.1,63.0,10.3,0
Mumbai,May,32.3,62.7,1012.2,11.6,24.6,2.1,0
Guwahati,Jan,23.1,72.4,1004.5,17.2,42.8,1.7,0
Jaipur,Feb,21.0,48.4,1014.3,26.6,20.6,0.0,0
Pune,Sep,27.2,73.1,1004.0,16.6,66.1,21.9,0
Lucknow,Aug,28.3,81.4,1007.3,13.1,92.7,0.0,0
Lucknow,Jan,17.8,33.8,1009.5,21.3,27.5,0.0,0
Kolkata,Jul,29.5,93.6,1002.1,17.6,91.8,8.9,1
Jaipur,Feb,20.5,43.0,1010.1,19.3,42.9,2.3,0
Chennai,Nov,23.3,99.0,1005.1,45.7,100.0,20.4,1
Chennai,Aug,33.4,56.5,1011.4,7.1,18.7,0.5,0
Delhi,Jul,28.0,66.2,1005.3,33.1,96.2,33.1,1
Bengaluru,Sep,25.6,65.9,1002.1,12.3,62.9,16.6,0
Lucknow,Nov,26.0,64.2,1001.8,4.2,20.7,5.0,1
Mumbai,Feb,20.6,86.9,1009.0,13.6,24.4,0.0,0
Jaipur,Mar,19.3,38.3,1008.5,22.9,11.9,0.0,0
Guwahati,Mar,14.4,74.9,1019.8,6.4,38.3,0.0,0
Pune,May,28.3,60.1,1008.1,11.5,28.2,0.0,0
Kolkata,Aug,29.7,100.0,1006.4,37.6,88.1,26.9,1
Lucknow,Oct,27.0,48.4,1005.8,27.6,20.9,0.0,0
Chennai,Dec,22.4,90.6,1009.2,33.8,100.0,3.3,1
Mumbai,May,30.6,68.0,1005.2,8.5,1.3,4.8,0
Bengaluru,Oct,20.3,97.2,1008.2,19.2,58.9,16.3,1
Pune,May,30.7,74.9,1010.5,11.4,25.3,0.0,0
Delhi,Sep,23.5,41.1,1006.1,9.8,22.6,22.2,0
Pune,Dec,21.3,45.6,1012.2,8.4,31.8,0.0,0
Kolkata,Aug,28.5,99.3,1001.5,11.6,87.4,13.9,1
Kochi,Feb,18.9,74.5,1007.9,21.5,35.1,0.0,0
Pune,Jan,15.1,64.6,1007.5,8.5,46.2,0.0,0
Ahmedabad,Aug,30.4,63.1,1008.1,26.6,72.6,11.4,0
Guwahati,Jan,20.1,57.9,1011.3,9.3,0.0,0.0,0
Guwahati,Sep,26.1,84.7,1003.0,10.0,65.2,7.8,1
Chennai,Mar,24.4,62.8,1013.1,13.3,4.2,0.3,0
Bengaluru,Aug,29.6,55.8,1005.7,34.9,40.8,0.0,0
Ahmedabad,Jun,33.4,48.5,1006.8,20.5,30.6,0.0,0
Chennai,May,32.1,63.7,1013.0,5.0,33.2,3.0,0
Kolkata,Aug,34.1,97.4,1003.5,10.4,58.4,52.3,1
Mumbai,Oct,24.9,80.0,1006.4,11.6,77.0,0.0,0
Pune,Jul,30.2,86.7,1004.3,17.6,80.0,0.0,1
Mumbai,May,31.3,69.5,1013.2,17.5,6.2,0.0,0
Bengaluru,May,23.7,70.5,1007.1,21.8,33.5,7.4,1
Lucknow,Dec,18.9,65.8,1008.0,2.9,16.0,0.0,0
Chennai,Mar,25.9,53.7,1008.5,10.4,44.9,0.0,0
Kochi,Sep,26.1,99.4,1002.5,16.0,71.4,7.9,1
Ahmedabad,Jan,19.9,48.4,1012.3,6.1,33.0,0.0,0
Chennai,Jun,30.8,67.8,1009.1,17.4,16.8,2.0,0
Hyderabad,Sep,27.4,71.2,1009.3,18.7,74.5,5.0,0
Jaipur,Oct,27.8,39.4,1008.5,21.7,0.0,0.0,0
Bengaluru,Feb,18.9,75.8,1010.4,13.5,29.9,0.0,0
Pune,Oct,25.5,38.7,1010.8,9.3,25.8,0.0,0
Hyderabad,May,32.1,43.0,1006.8,9.4,38.8,0.0,0
Guwahati,Nov,22.7,74.3,1006.4,9.9,41.7,0.0,0
Kochi,Jan,20.5,80.1,1007.5,18.4,32.9,0.0,0
Chennai,Feb,26.8,66.7,1011.4,11.5,44.7,2.0,0
Pune,Mar,21.2,49.7,1011.6,8.3,10.4,0.0,0
Hyderabad,Jan,20.2,52.0,1004.5,13.9,15.0,0.0,0
Jaipur,Sep,29.6,65.6,1007.2,14.4,51.9,0.0,0
Kolkata,Jan,21.1,68.8,1012.5,4.0,26.8,0.0,0
Lucknow,Sep,28.6,63.4,1001.5,36.1,33.0,10.1,1
Jaipur,Sep,27.9,56.1,1003.3,16.6,60.1,0.0,0
Hyderabad,May,30.6,63.3,1011.4,13.7,43.8,0.0,0
Mumbai,Nov,23.2,73.9,1005.8,15.2,12.8,0.0,0
Jaipur,Dec,15.7,37.6,1011.6,18.0,30.8,0.0,0
Guwahati,Sep,22.6,100.0,1004.3,15.2,88.5,0.0,1
Kolkata,May,30.4,82.8,1009.3,19.7,37.1,0.3,0
Ahmedabad,Sep,30.1,59.2,1004.0,16.2,40.4,0.0,0
Ahmedabad,Oct,25.6,68.6,1008.2,13.8,34.8,0.0,0
Delhi,Dec,18.0,33.4,1006.6,11.6,12.9,0.0,0
Hyderabad,Apr,28.1,45.8,1000.8,4.7,5.7,0.0,0
Jaipur,Nov,24.8,51.9,1006.0,9.0,4.5,0.0,0
Hyderabad,Jun,31.6,44.4,1010.3,8.9,7.5,0.0,0
Bengaluru,Jul,26.6,79.5,1012.7,28.3,70.9,17.1,1
Lucknow,Sep,28.8,62.9,1007.4,18.8,65.3,13.0,1
Jaipur,Jun,34.1,65.5,1009.8,18.1,17.3,0.0,0
Kochi,Oct,25.3,100.0,1007.0,35.6,59.2,16.6,1
Hyderabad,Jul,30.0,67.0,1007.8,14.4,57.0,12.8,0
Guwahati,Jan,20.8,81.2,1007.7,11.0,51.3,2.5,0
Ahmedabad,Sep,30.3,66.9,1012.7,15.5,74.2,0.0,0
Kolkata,May,28.8,75.0,1009.1,7.6,28.9,3.6,0
Bengaluru,Aug,27.5,87.7,1007.5,13.7,70.9,0.0,1
Chennai,Apr,35.3,60.8,1013.4,8.0,16.1,0.0,0
Kochi,May,31.0,94.4,1003.8,21.1,96.2,0.0,0
Lucknow,May,27.5,53.4,1005.6,21.5,20.3,0.0,0
Ahmedabad,Jul,35.2,59.2,1010.2,19.0,62.3,0.0,0
Mumbai,Oct,29.5,83.5,1010.5,20.2,51.1,0.0,0
Pune,Jan,17.2,62.2,1012.0,24.1,20.9,0.0,0
Bengaluru,Jun,29.8,75.5,1006.7,14.3,45.2,0.0,0
Kolkata,May,29.3,75.1,1004.3,5.6,24.7,0.0,0
Kolkata,Sep,26.0,88.0,1008.5,13.2,70.2,26.5,1
Kolkata,Feb,22.5,87.7,1010.2,12.6,24.5,0.4,0
Kolkata,Dec,22.9,75.9,1005.9,11.7,59.2,0.0,0
Ahmedabad,Jan,20.2,36.1,1010.0,15.2,17.5,0.0,0
Pune,Jan,16.7,61.4,1011.1,16.2,12.6,0.0,0
Pune,Nov,18.2,60.8,1003.2,3.2,37.3,0.0,0
Kochi,Sep,29.2,90.9,1004.0,11.3,52.6,0.0,0
Mumbai,Dec,19.9,68.6,1010.8,24.3,6.1,1.0,0
Mumbai,Apr,28.1,76.6,1011.1,2.5,23.7,0.0,0
Jaipur,Jun,31.7,34.4,1014.0,10.0,13.0,0.0,0
Delhi,Aug,23.1,67.3,1002.4,10.6,81.1,0.0,0
Chennai,Dec,18.7,94.0,1003.9,11.7,73.7,8.0,1
Delhi,Sep,27.3,50.0,1011.2,7.0,68.1,0.0,0
Kochi,Sep,30.5,97.6,1006.7,22.7,85.3,0.0,1
Guwahati,Feb,19.8,76.3,1014.4,23.6,34.3,0.0,0
Jaipur,Aug,29.2,64.7,1005.9,17.2,67.3,1.2,0
Bengaluru,Jul,29.8,78.8,1005.2,18.7,68.0,5.7,0
Ahmedabad,Jun,34.9,44.0,1006.5,8.3,43.2,0.0,0
Mumbai,Jun,29.8,91.4,1006.9,9.2,89.2,9.9,0
Lucknow,Dec,21.4,52.6,1009.2,3.6,21.7,0.0,0
Jaipur,Dec,24.6,52.6,1008.4,22.2,18.6,0.0,0
Chennai,May,34.6,81.8,1008.0,7.6,28.1,0.0,0
Mumbai,Jun,33.5,82.6,1005.2,23.3,79.4,8.1,0
Bengaluru,Jun,31.7,70.2,1005.2,16.0,34.7,0.0,0
Pune,Jun,27.0,87.1,1007.1,18.9,40.1,0.0,0
Ahmedabad,Nov,23.4,50.2,1007.7,32.4,13.6,0.0,0
Ahmedabad,Feb,22.9,51.0,1011.1,13.6,46.9,0.0,0
Pune,Feb,19.7,49.5,1010.7,17.2,14.0,0.0,0
Chennai,Jun,35.5,84.6,1006.3,24.3,43.1,0.1,0
Bengaluru,Aug,27.4,78.7,1006.5,9.8,72.4,12.6,1
Kochi,Sep,31.4,86.5,1007.1,18.1,54.4,1.9,1
Chennai,Jul,35.2,62.3,1008.1,6.3,4.7,0.0,0
Hyderabad,Apr,23.0,43.0,1011.6,25.6,0.0,0.3,0
Mumbai,Sep,24.9,87.1,1002.1,16.8,69.3,0.0,1
Mumbai,Oct,24.4,81.4,1006.4,15.6,62.5,0.0,1
Kolkata,Jul,29.9,100.0,1007.8,26.0,86.8,2.4,1
Ahmedabad,Apr,28.6,54.1,1014.6,4.9,15.3,0.0,0
Chennai,Mar,26.6,63.2,1014.2,6.7,50.5,0.0,0
Kolkata,Dec,21.1,87.1,1008.5,8.9,42.2,0.1,0
Mumbai,Apr,26.6,61.4,1011.5,16.5,17.0,0.0,0
Bengaluru,Dec,17.2,68.4,1007.7,4.2,9.8,0.0,0
Kolkata,May,28.4,62.2,1009.4,20.4,22.3,0.0,0
Kolkata,Apr,26.4,87.6,1010.9,13.2,50.5,0.0,0
Bengaluru,Sep,23.1,84.4,1001.9,8.3,74.5,9.7,1
Kochi,Jun,30.9,100.0,1003.9,29.7,100.0,1.6,1
Hyderabad,Apr,24.5,55.2,1011.2,13.9,1.9,0.0,0
Mumbai,Jul,31.3,100.0,1001.6,20.1,100.0,107.0,1
Pune,Feb,22.0,53.8,1010.5,6.5,11.0,0.0,0
Hyderabad,Feb,21.9,42.7,1009.7,10.2,0.0,0.0,0
Lucknow,Jan,16.6,45.7,1011.1,11.2,10.9,0.0,0
Jaipur,May,30.2,47.9,1011.4,16.6,63.6,0.0,0
Chennai,Oct,27.0,85.9,1009.3,11.8,50.5,0.0,1
Mumbai,Nov,19.6,57.8,1007.1,10.8,14.1,0.0,0
Hyderabad,Nov,24.6,62.1,1013.0,14.3,17.5,0.0,0
Jaipur,Jan,21.2,44.0,1010.5,10.4,37.7,0.0,0
Lucknow,Dec,22.7,45.5,1009.6,14.8,27.4,0.0,0
Guwahati,Jan,20.8,44.4,1013.0,14.3,9.6,0.0,0
Mumbai,Apr,29.6,73.4,1008.2,1.8,55.5,0.0,0
Ahmedabad,Feb,25.2,50.6,1012.5,11.1,14.6,0.0,0
Delhi,Sep,26.8,65.4,1008.6,10.2,13.6,1.0,0
Delhi,Nov,22.1,57.1,1009.8,17.8,31.0,0.7,1
Hyderabad,Feb,19.3,58.8,1008.4,17.9,45.4,0.0,0
Delhi,Oct,24.0,46.1,1008.1,32.1,10.4,3.2,0
Bengaluru,Nov,18.1,73.0,1009.5,18.3,30.0,0.0,0
Lucknow,Dec,18.1,47.8,1009.9,16.5,37.9,0.0,0
Mumbai,Jan,20.2,69.7,1008.7,13.2,18.5,2.8,0
Kochi,Dec,19.7,71.8,1012.6,20.6,1.5,0.0,0
Kochi,Jul,33.9,100.0,1010.8,10.6,87.0,39.6,1
Jaipur,Oct,28.9,40.4,1012.2,14.1,4.6,0.0,0
Kochi,Feb,21.1,83.3,1004.5,19.4,33.4,0.0,0
Delhi,Mar,23.1,49.2,1008.3,6.6,28.5,0.0,0
Lucknow,Feb,20.6,66.4,1008.1,16.2,17.8,0.0,0
Guwahati,Dec,17.9,65.0,1010.3,12.0,12.4,0.0,0
Kochi,May,31.7,89.8,1009.2,5.2,45.7,5.6,0
Pune,Mar,20.4,64.5,1007.0,15.2,28.6,0.5,0
Chennai,May,35.7,71.1,1006.7,9.6,47.7,0.0,0
Mumbai,Jan,21.6,73.6,1010.1,11.7,13.6,0.0,0
Kochi,Apr,29.2,87.4,1014.6,13.0,26.4,13.3,0
Lucknow,Jun,29.4,47.0,1010.6,18.0,28.1,6.0,0
Guwahati,Feb,19.3,80.9,1008.2,28.5,14.1,0.0,0
Delhi,May,31.3,47.4,1008.1,3.4,7.8,0.0,0
Delhi,Jun,32.4,44.9,1012.7,31.1,3.6,0.0,0
Delhi,Mar,20.8,54.5,1009.9,6.1,19.7,0.0,0
Pune,Sep,26.1,83.1,1005.6,16.3,96.2,3.1,1
Kolkata,May,31.9,77.6,1007.7,10.1,12.5,0.0,0
Ahmedabad,Dec,21.4,42.1,1004.8,16.3,6.1,1.1,0
Kochi,Jan,22.2,81.2,1011.3,39.5,29.3,0.0,0
Lucknow,Feb,20.7,47.8,1012.2,7.3,24.0,0.0,0
Kochi,Mar,23.8,85.4,1002.1,12.5,28.4,1.7,0
Guwahati,Apr,23.1,73.0,1011.1,15.4,44.4,1.5,0
Ahmedabad,Feb,18.3,31.8,1008.2,3.7,16.5,0.0,0
Bengaluru,Aug,27.1,82.2,1005.5,10.1,76.4,17.7,1
Delhi,Mar,22.3,50.4,1012.5,2.9,26.7,1.2,0
Lucknow,May,28.3,55.2,1001.5,11.8,29.6,0.0,0
Delhi,Jun,30.5,44.0,1010.4,6.6,16.8,0.0,0
Chennai,Mar,24.2,71.1,1009.0,14.5,41.4,0.0,0
Delhi,Mar,21.7,50.9,1007.5,6.5,0.0,0.0,0
Ahmedabad,Oct,26.0,53.5,1007.8,17.5,41.0,0.0,0
Hyderabad,Aug,28.0,82.3,1001.3,12.6,77.6,12.2,1
Kochi,Dec,21.9,64.9,1008.2,14.1,24.0,0.0,0
Kochi,Oct,29.4,96.2,1003.8,16.1,56.7,0.0,1
Bengaluru,Apr,23.5,34.8,1012.4,27.3,5.8,0.0,0
Lucknow,Sep,26.2,73.0,1003.8,31.6,49.3,0.0,1
Kochi,Apr,26.1,69.5,1014.6,2.2,0.3,0.0,0
Hyderabad,Mar,24.7,53.7,1013.8,9.1,0.0,0.0,0
Ahmedabad,Aug,30.9,64.2,1006.7,27.7,63.6,51.5,1
Mumbai,Nov,25.6,75.6,1011.6,22.9,13.3,0.0,0
Kochi,May,29.7,87.7,1011.0,27.0,79.2,3.1,1
Pune,Aug,31.0,82.5,1007.3,12.0,66.1,0.0,0
Lucknow,Nov,22.7,58.8,1014.4,10.9,36.7,1.0,0
Guwahati,Jan,15.8,80.1,1007.6,20.7,21.1,0.0,0
Delhi,Nov,20.5,57.5,1009.3,8.7,22.8,0.0,0
Hyderabad,Aug,30.6,78.0,1005.9,13.7,52.7,0.4,1
Hyderabad,May,32.7,48.1,1012.8,29.8,22.7,0.0,0
Mumbai,Oct,28.2,76.7,1006.2,13.0,53.4,0.6,0
Lucknow,Feb,23.6,61.9,1011.4,27.8,30.8,1.2,0
Mumbai,Jun,36.6,98.5,1002.2,22.8,67.9,4.2,1
Kolkata,Jul,32.2,100.0,1006.9,15.2,95.1,18.6,1
Jaipur,Aug,29.4,71.0,1011.1,13.5,100.0,0.4,1
Bengaluru,Mar,17.4,61.6,1011.4,14.9,0.0,0.0,0
Guwahati,Jul,27.9,100.0,1002.8,19.7,89.6,0.0,1
Guwahati,Feb,17.8,95.3,1010.8,12.3,33.0,0.0,0
Kochi,Feb,21.1,70.0,1006.3,21.4,53.1,5.8,0
Pune,Feb,19.1,37.7,1004.9,26.2,14.6,0.0,0
Bengaluru,Dec,19.4,62.0,1010.1,9.9,46.1,0.0,1
Ahmedabad,Oct,25.8,43.3,1012.4,4.8,16.1,0.0,0
Kochi,Dec,26.0,72.8,1007.9,17.0,32.0,0.0,0
Bengaluru,Jun,27.7,84.9,1008.2,23.7,46.1,0.0,1
Delhi,Jun,31.1,57.4,1007.9,7.8,0.0,0.0,0
Ahmedabad,Feb,20.3,51.8,1007.8,3.8,0.0,0.0,0
Pune,Apr,27.5,63.5,1008.4,7.6,29.4,0.8,0
Kochi,May,29.2,94.3,1009.3,23.5,91.5,8.2,0
Kolkata,Sep,26.6,100.0,1005.8,22.4,87.1,5.7,1
Jaipur,Apr,23.4,35.3,1012.4,3.9,32.2,0.0,0
Jaipur,Feb,19.7,36.3,1008.7,3.7,13.5,0.0,0
Chennai,Feb,26.3,76.0,1015.6,23.6,39.9,0.0,0
Kolkata,Oct,22.6,73.1,1002.8,12.7,61.4,2.1,0
Jaipur,Sep,29.5,22.3,1015.7,19.1,24.7,13.0,0
Jaipur,Nov,22.9,36.8,1011.8,10.7,2.6,1.8,0
Hyderabad,Dec,17.8,59.5,1010.0,6.8,31.5,0.0,0
Delhi,Sep,26.1,67.3,1010.7,8.3,29.8,12.5,0
Delhi,May,30.9,49.7,1012.2,10.2,11.6,0.0,0
Mumbai,May,30.8,62.4,1013.1,3.2,38.1,4.8,0
Bengaluru,Jun,28.3,53.5,1007.1,13.5,22.8,0.0,0
Kochi,May,29.3,85.3,1004.7,33.4,55.7,32.1,1
Pune,Sep,27.6,71.0,1003.6,8.1,73.2,13.9,0
Kochi,Oct,23.9,97.7,1005.5,13.9,91.7,7.4,1
Ahmedabad,Jan,21.3,55.7,1008.0,8.6,32.4,0.0,0
Bengaluru,Mar,21.9,63.9,1010.5,5.9,22.4,0.0,0
Kochi,Jun,28.4,100.0,1007.9,28.4,100.0,30.2,1
Hyderabad,Dec,19.6,56.2,1008.4,26.4,38.1,0.7,0
Kolkata,Apr,23.9,78.5,1013.5,7.3,40.9,0.2,0
Mumbai,Dec,21.8,85.7,1012.5,28.8,0.0,0.0,0
Mumbai,Jan,20.3,91.0,1010.3,27.7,17.5,0.0,0
Bengaluru,Dec,18.7,48.2,1010.6,8.7,26.9,0.0,0
Jaipur,Sep,26.5,49.5,1007.4,34.6,46.3,2.6,0
Lucknow,Feb,21.6,43.7,1005.3,9.4,1.9,1.4,0
Chennai,Oct,24.2,86.6,1005.0,13.3,76.9,8.5,0
Chennai,Sep,33.4,63.9,1011.5,11.2,25.3,0.0,0
Kochi,Feb,19.4,82.4,1012.4,12.4,29.7,0.0,0
Ahmedabad,Apr,26.7,42.0,1009.3,16.6,17.8,1.5,0
Bengaluru,Mar,20.0,71.8,1008.3,17.5,39.2,0.0,0
Pune,Jan,22.4,64.1,1017.3,7.1,40.6,0.0,0
Lucknow,Nov,23.1,69.4,1013.1,19.4,27.6,1.0,0
Lucknow,Apr,26.5,61.4,1010.0,5.3,30.6,0.0,0
Hyderabad,Jun,33.1,51.9,1016.5,6.9,2.8,0.0,0
Kolkata,Aug,27.3,96.4,1003.9,16.8,87.7,16.7,1
Hyderabad,Aug,28.1,76.7,1005.3,24.2,60.5,8.8,0
Kolkata,Feb,20.5,52.5,1006.5,14.1,25.8,0.6,0
Mumbai,Dec,20.6,86.4,1006.1,1.6,64.5,0.0,0
Hyderabad,Apr,30.5,54.4,1010.7,7.0,40.7,0.0,0
Chennai,Apr,28.7,61.0,1008.2,30.9,16.9,0.4,0
Jaipur,Apr,32.5,52.4,1009.5,8.8,0.0,0.4,0
Chennai,Apr,28.1,71.3,1011.4,7.6,41.1,0.0,0
Lucknow,Dec,20.4,52.1,1011.6,12.5,57.5,0.0,0
Kolkata,Apr,25.6,51.8,1006.3,13.9,48.8,0.0,0
Ahmedabad,Aug,31.6,58.1,1005.7,8.5,63.0,7.2,0
Mumbai,Jan,20.0,58.9,1010.2,12.4,31.6,0.0,0
Guwahati,Aug,27.1,99.1,1005.3,16.3,100.0,0.0,1
Delhi,Nov,23.1,51.8,1010.5,16.9,34.5,0.0,0
Jaipur,Jun,34.2,30.4,1007.7,9.9,24.0,0.0,0
Lucknow,Jul,27.7,67.1,1002.9,11.2,79.2,14.2,0
Guwahati,Sep,25.9,85.4,1005.6,13.6,64.5,1.2,1
Lucknow,Nov,24.0,51.0,1008.7,2.6,13.0,0.0,0
Hyderabad,Mar,25.1,44.0,1009.7,14.8,25.3,3.8,0
Pune,Sep,28.2,76.2,1008.4,11.0,62.8,6.4,1
Lucknow,Nov,22.5,49.2,1012.7,6.1,42.3,0.5,0
Pune,Nov,21.7,68.3,1015.8,17.5,0.0,0.0,0
Kolkata,Aug,30.3,100.0,1008.5,22.4,80.7,0.0,1
Ahmedabad,Nov,20.9,52.5,1014.8,21.5,14.3,0.0,0
Ahmedabad,Mar,23.4,35.6,1005.2,15.4,11.0,0.0,0
Kolkata,Mar,21.7,83.9,1008.5,8.7,28.2,0.0,0
Delhi,May,26.9,34.0,1011.6,16.3,21.5,1.9,0
Mumbai,Dec,16.3,66.9,1009.7,7.0,14.7,0.0,0
Delhi,Jan,16.0,53.6,1013.0,16.7,24.0,0.0,0
Ahmedabad,Jun,38.7,37.3,1005.3,18.9,0.0,0.0,0
Hyderabad,Dec,20.5,71.3,1010.5,14.9,26.0,0.0,1
Jaipur,Nov,26.8,50.1,1013.9,5.5,37.9,0.0,0
Pune,Aug,31.8,78.9,1004.1,12.9,83.9,2.6,1
Lucknow,Feb,21.8,56.7,1007.8,11.2,5.4,0.0,0
Guwahati,May,28.5,78.5,1005.2,10.8,46.6,0.0,0
Chennai,Aug,35.5,67.6,1010.2,14.5,34.4,0.9,0
Kochi,Oct,29.3,94.6,1006.4,12.7,83.4,0.0,0
Kochi,Sep,28.0,85.8,1008.5,8.9,76.7,2.1,1
Lucknow,Dec,21.5,53.3,1006.7,8.4,24.6,0.0,0
Jaipur,Aug,33.0,66.4,1005.4,13.3,64.0,0.0,0
Lucknow,Mar,22.7,63.2,1010.1,11.8,14.7,0.0,0
Hyderabad,Mar,21.0,46.2,1011.7,15.3,15.2,5.0,0
Pune,May,28.9,56.6,1013.5,8.8,16.4,0.7,0
Bengaluru,Jun,23.1,80.0,1008.0,10.8,35.9,0.0,0
Bengaluru,Oct,23.6,94.0,1005.5,8.1,82.2,20.1,1
Kolkata,Aug,32.2,90.5,1000.6,27.6,89.8,18.4,1
Kolkata,Oct,25.0,76.1,1005.2,14.4,38.7,0.0,1
Bengaluru,Jan,18.0,68.5,1012.4,5.3,25.7,1.1,0
Delhi,Sep,28.4,62.4,1009.8,22.5,48.9,0.9,0
Lucknow,Aug,26.5,69.3,1008.4,11.8,65.4,4.9,0
Kochi,Jun,32.6,100.0,1002.3,15.8,77.2,1.7,1
Ahmedabad,Apr,28.8,46.0,1008.2,16.2,17.0,0.0,0
Hyderabad,Mar,24.5,50.7,1010.8,3.1,30.5,7.6,0
Pune,Feb,16.7,55.4,1007.7,11.6,53.2,0.0,0
Kolkata,Jul,30.4,89.4,1000.0,18.7,72.1,16.7,1
Hyderabad,Jun,31.9,67.7,1009.6,9.8,14.1,0.0,0
Kochi,Nov,23.3,94.5,1009.8,4.8,29.3,0.0,0
Chennai,Sep,30.7,64.4,1011.0,19.2,60.0,0.0,0
Bengaluru,Aug,28.1,87.1,1009.9,12.9,84.8,13.3,1
Kolkata,Aug,32.5,100.0,1003.5,14.6,100.0,6.0,1
Mumbai,Jul,30.0,98.5,997.7,20.7,87.7,4.2,1
Mumbai,Nov,22.9,77.7,1012.7,13.5,45.1,0.0,0
Kochi,Mar,24.9,82.7,1015.5,8.3,41.1,0.1,0
Delhi,Jan,19.2,49.7,1008.1,6.3,39.3,0.2,0
Ahmedabad,Aug,32.0,77.8,1003.0,29.8,44.6,2.0,1
Ahmedabad,Jun,32.9,37.7,1005.5,16.1,37.9,0.6,0
Ahmedabad,Jul,33.6,54.4,1010.7,25.4,71.2,6.5,0
Kochi,Apr,31.5,63.0,1016.0,3.0,37.8,0.0,0
Kochi,Feb,20.1,70.7,1008.0,16.7,7.8,0.0,0
Kochi,Jun,27.4,100.0,1006.3,16.9,91.0,0.0,1
Kochi,Nov,22.1,82.7,1002.4,18.3,22.7,0.0,0
Chennai,Jun,39.9,76.1,1013.7,4.6,34.1,1.4,0
Chennai,Nov,22.8,87.9,1004.2,29.5,97.4,0.0,1
Delhi,Sep,26.4,61.1,1005.9,14.4,43.2,0.0,0
Bengaluru,Jun,24.9,70.4,1007.6,12.7,58.1,8.5,0
Kolkata,Jan,23.1,75.7,1010.8,7.7,59.1,0.0,0
Lucknow,May,27.9,51.8,1007.7,11.8,17.2,0.0,0
Hyderabad,May,30.4,56.6,1009.2,4.8,34.5,0.0,0
Guwahati,Nov,22.1,69.6,1010.3,6.4,37.0,0.0,0
Kolkata,Sep,26.8,86.0,1005.7,18.1,49.6,6.1,0
Kochi,Nov,22.2,82.8,1008.4,7.2,29.6,5.5,0
Delhi,Mar,18.7,47.5,1014.7,10.1,34.3,3.1,0
Kolkata,Jul,31.3,100.0,1000.8,21.0,75.9,1.1,1
Bengaluru,May,24.8,76.7,1005.4,28.0,40.0,0.0,0
Pune,Feb,15.4,43.2,1010.4,4.5,29.6,1.4,0
Ahmedabad,Dec,21.5,49.9,1012.7,15.7,33.0,0.0,0
Delhi,Jun,29.1,45.7,1013.6,10.7,23.8,0.0,0
Jaipur,Jul,29.6,71.5,1001.3,20.7,93.2,0.0,1
Ahmedabad,Oct,33.3,47.9,1010.5,9.6,21.1,1.2,0
Kolkata,Sep,27.0,93.2,1003.7,22.2,90.4,0.0,1
Bengaluru,Aug,29.7,100.0,1002.2,13.4,62.1,0.0,1
Jaipur,Feb,19.7,45.8,1009.4,26.6,19.0,0.0,0
Ahmedabad,Jul,33.8,51.9,1009.8,23.2,47.6,0.0,0
Ahmedabad,Nov,22.8,41.9,1007.9,9.5,37.5,0.0,0
Chennai,Dec,24.8,93.1,1011.0,11.1,100.0,8.8,1
Lucknow,Oct,24.5,48.0,1006.9,25.4,2.5,0.0,0
Kolkata,Dec,20.2,62.3,1007.3,8.1,20.9,0.0,0
Jaipur,Aug,29.1,51.6,1007.3,29.3,74.0,23.0,0
Chennai,May,37.0,59.6,1007.5,6.8,10.0,0.0,0
Kolkata,Apr,27.7,64.6,1011.1,13.8,33.6,0.0,0
Hyderabad,Aug,30.7,76.3,1005.1,36.0,91.3,2.9,1
Mumbai,Dec,22.0,76.7,1011.5,8.0,12.9,0.0,0
Chennai,Oct,28.5,88.8,1007.4,21.9,63.5,8.9,0
Bengaluru,Nov,21.5,79.5,1013.2,3.0,47.2,0.0,0
Mumbai,Sep,26.0,100.0,1009.5,13.3,75.1,0.0,1
Mumbai,Oct,27.0,92.0,1006.7,15.1,56.7,0.0,0
Lucknow,Mar,21.9,61.6,1016.6,2.9,35.1,0.0,0
Bengaluru,Jan,15.4,62.6,1010.0,8.7,41.4,0.0,0
Bengaluru,Oct,19.8,90.2,1006.3,22.4,90.5,0.0,1
Kolkata,Feb,18.9,74.3,1011.4,14.5,31.5,0.0,0
Ahmedabad,Mar,25.3,41.9,1008.0,7.6,21.3,3.7,0
Hyderabad,Oct,22.7,53.3,1008.0,17.1,45.7,0.0,0
Delhi,Feb,13.4,48.2,1012.2,2.2,11.7,0.0,0
Lucknow,May,29.3,50.4,1012.5,11.7,33.3,0.0,0
Ahmedabad,May,31.0,52.2,1008.0,8.4,17.4,0.0,0
Kolkata,Oct,26.8,89.3,1007.3,20.5,89.5,0.0,0
Chennai,Oct,28.0,89.3,1007.1,19.5,72.7,6.0,1
Guwahati,Mar,22.1,63.9,1007.4,18.1,11.7,2.7,0
Bengaluru,Aug,30.0,85.4,1002.1,18.2,66.7,2.6,0
Bengaluru,Jul,27.1,76.0,1005.9,22.5,78.0,0.4,0
Kolkata,May,32.6,81.1,1014.2,5.5,30.3,0.0,0
Ahmedabad,Mar,22.7,57.9,1007.7,5.3,10.9,0.0,0
Ahmedabad,Oct,26.4,42.6,1010.4,21.3,12.9,1.0,0
Lucknow,Dec,19.9,51.4,1014.4,12.0,23.3,0.0,0
Chennai,Mar,25.8,71.1,1002.7,13.3,15.1,0.0,0
Pune,Apr,25.1,63.2,1009.3,9.1,17.9,0.0,0
Guwahati,Sep,25.7,83.7,1005.6,19.2,59.4,23.4,1
Kochi,Apr,27.2,85.9,1009.4,12.7,39.5,1.7,0
Chennai,Feb,25.5,85.0,1007.7,6.6,47.2,0.0,0
Jaipur,Jun,34.4,29.7,1012.8,12.1,20.6,0.0,0
Bengaluru,Mar,22.8,70.6,1010.6,1.9,33.8,0.1,0
Delhi,Oct,25.2,31.7,1011.1,17.1,23.8,0.0,0
Lucknow,Feb,19.3,52.7,1009.7,12.7,18.7,0.0,0
Guwahati,Jun,27.4,100.0,1008.0,28.7,100.0,25.8,1
Lucknow,Oct,29.7,53.0,1013.2,6.7,26.5,0.0,0
Ahmedabad,Jun,33.3,35.8,1014.2,7.4,18.8,0.0,0
Kochi,Dec,20.1,65.1,1011.6,5.4,28.8,0.0,0
Hyderabad,Feb,20.4,60.8,1010.1,4.4,27.6,0.0,0
Pune,Mar,22.8,47.8,1006.8,12.3,12.7,0.0,0
Kolkata,Aug,28.7,98.7,999.2,13.4,100.0,3.2,1
Lucknow,Feb,20.1,46.1,1007.2,9.2,0.0,0.0,0
Ahmedabad,Dec,21.4,40.6,1009.6,23.6,25.8,0.0,0
Delhi,Jul,27.5,60.2,1008.3,17.8,61.0,11.7,1
Kolkata,Jul,27.1,95.4,1009.0,13.5,68.9,22.8,1
Ahmedabad,Oct,30.1,43.7,1007.5,10.8,11.5,0.0,0
Lucknow,Apr,29.7,31.8,1011.3,11.8,34.7,0.0,0
Delhi,Aug,28.2,60.2,1006.3,16.2,57.5,14.5,1
Hyderabad,Dec,19.7,53.4,1008.8,8.2,4.0,0.0,0
Kochi,Jul,33.0,99.9,1008.0,17.7,73.7,4.3,1
Pune,Apr,23.9,63.7,1009.6,29.8,10.5,2.3,0
Chennai,Jan,24.7,51.9,1012.5,11.6,17.8,0.0,0
Pune,Jun,30.1,81.3,1001.9,7.1,65.4,4.3,1
Delhi,Jul,26.2,78.1,1007.2,20.0,56.1,0.0,0
Mumbai,Feb,20.2,70.1,1009.7,13.4,43.1,0.0,0
Bengaluru,Jun,29.7,74.7,1007.3,21.8,61.3,1.2,0
Hyderabad,Apr,26.8,50.1,1004.7,7.4,4.4,0.0,0
Hyderabad,Sep,25.4,73.1,1005.6,10.6,100.0,2.1,1
Kochi,Jul,27.2,97.8,1006.9,12.8,81.3,2.3,1
Chennai,Sep,33.1,58.8,1012.0,7.8,42.0,0.4,0
Chennai,Mar,28.7,55.0,1008.2,18.6,20.4,0.0,0
Guwahati,Feb,18.6,76.8,1006.4,14.1,27.4,3.3,0
Bengaluru,May,27.1,76.8,1006.6,14.7,42.4,0.0,0
Lucknow,Jul,27.5,85.7,1008.0,14.5,94.1,20.6,1
Bengaluru,Dec,18.1,67.2,1010.1,12.4,14.8,0.0,0
Delhi,Nov,24.9,53.2,1006.1,3.7,4.3,0.3,0
Delhi,Mar,18.0,71.3,1006.2,6.0,40.8,0.0,0
Jaipur,Nov,25.7,48.5,1013.2,11.7,18.3,0.0,0
Kolkata,Sep,26.0,91.8,1007.0,12.7,76.2,3.2,0
Delhi,May,32.5,50.3,1015.6,8.8,7.5,0.0,0
Chennai,Jun,36.3,57.9,1007.6,15.6,36.7,0.0,0
Mumbai,Sep,28.5,85.4,1008.9,27.2,89.2,16.4,1
Delhi,Aug,26.8,75.0,1004.7,13.3,43.2,2.9,0
Guwahati,Mar,22.0,62.8,1012.6,26.7,0.0,0.0,0
Guwahati,Jan,17.7,73.0,1011.2,3.7,15.9,0.0,0
Kolkata,Jan,19.0,67.2,1013.9,10.1,42.5,0.0,0
Chennai,Sep,32.7,65.8,1008.8,1.3,0.0,0.4,0
Bengaluru,Mar,19.1,55.0,1007.7,16.9,25.8,0.0,0
Ahmedabad,Aug,31.8,75.6,1006.0,22.6,59.1,0.0,0
Hyderabad,Jun,31.3,63.6,1007.3,2.9,35.3,3.2,0
Ahmedabad,Jul,35.1,62.5,1003.2,12.8,71.4,8.5,0
Bengaluru,Jan,19.4,50.6,1010.4,21.2,24.9,1.6,0
Bengaluru,May,21.9,70.9,1007.9,17.4,36.3,8.4,1
Ahmedabad,Aug,31.5,69.2,1004.7,15.0,63.4,8.0,1
Pune,May,29.3,40.2,1011.3,20.7,2.5,0.2,0
Lucknow,Aug,31.8,86.5,1004.3,26.7,83.2,0.0,1
Kolkata,Aug,27.9,100.0,1006.9,26.7,100.0,3.9,1
Bengaluru,Dec,21.0,61.7,1017.0,9.0,46.8,0.0,0
Lucknow,May,29.3,46.6,1009.5,16.2,42.1,0.0,0
Jaipur,Apr,24.6,55.3,1008.7,10.1,19.1,0.0,0
Chennai,Nov,20.0,86.1,1006.6,10.0,54.9,13.9,1
Jaipur,Feb,23.6,51.8,1012.9,8.3,7.2,0.0,0
Hyderabad,Jan,20.6,44.8,1007.5,3.7,36.4,0.9,0
Ahmedabad,Nov,24.0,44.4,1009.1,11.8,20.4,0.0,0
Kochi,Jul,31.5,99.2,998.8,11.1,100.0,8.1,1
Pune,Jun,32.3,74.1,1008.9,15.9,56.7,0.6,1
Delhi,Apr,25.2,48.5,1004.7,10.6,18.6,0.0,0
Bengaluru,Jul,33.6,85.0,1004.8,20.7,74.1,6.9,1
Guwahati,Dec,22.0,87.7,1013.7,14.0,29.2,0.0,0
Ahmedabad,Sep,28.4,45.5,1012.4,6.5,56.8,1.5,0
Hyderabad,Sep,29.7,81.8,1007.2,11.8,56.9,0.0,1
Pune,Jul,30.9,82.0,1004.1,20.3,71.3,1.8,0
Chennai,Nov,21.5,94.2,1007.0,16.3,83.2,0.4,1
Pune,Feb,22.9,67.8,1007.5,9.2,35.8,0.0,0
Delhi,Feb,20.5,49.8,1013.0,8.7,42.8,0.0,0
Ahmedabad,Feb,20.9,47.1,1007.2,6.6,21.7,0.0,0
Bengaluru,Sep,21.8,88.8,1004.1,19.8,72.6,9.9,1
Delhi,Oct,24.3,44.8,1009.6,22.9,25.6,0.0,0
Kochi,May,30.1,78.1,1001.5,24.4,40.5,0.0,1
Pune,Dec,22.2,39.0,1007.8,28.8,6.4,0.0,0
Hyderabad,Oct,23.9,73.1,1004.0,16.5,44.0,0.0,0
Guwahati,Jul,25.4,100.0,1002.7,26.3,95.1,0.0,1
Jaipur,Jan,18.1,47.2,1010.1,7.2,25.8,0.0,0
Lucknow,Jul,32.0,72.7,1000.1,18.5,50.7,2.2,1
Kochi,Mar,27.2,79.0,1010.1,18.4,60.7,0.0,0
Delhi,May,28.8,32.3,1008.1,16.9,24.3,0.0,0
Hyderabad,Sep,26.2,72.8,1004.6,19.8,77.6,0.0,1
Kochi,Feb,25.3,80.4,1011.6,1.4,48.7,3.0,0
Mumbai,May,29.5,77.8,1012.2,8.7,37.7,6.0,0
Jaipur,Mar,24.7,49.9,1008.7,13.6,32.0,4.6,0
Mumbai,Nov,21.8,70.4,1012.0,5.6,33.6,0.0,0
Chennai,May,33.3,75.6,1007.7,20.1,43.6,0.0,0
Kolkata,Sep,26.5,92.7,1005.1,10.4,78.6,9.8,1
Chennai,May,31.4,65.0,1012.7,21.3,33.2,0.0,0
Kolkata,May,27.3,72.7,1008.7,9.2,36.8,0.0,0
Jaipur,Nov,23.8,39.1,1006.9,15.6,0.0,0.0,0
Pune,Jun,29.4,52.1,1004.8,28.3,49.5,11.9,0
Hyderabad,Sep,26.6,63.0,1005.5,14.1,49.6,14.0,0
Chennai,Jun,34.3,73.0,1006.8,6.6,46.8,3.5,0
Mumbai,Oct,21.5,78.3,1016.9,12.5,60.4,0.0,0
Kochi,Aug,31.3,97.3,1001.9,12.5,72.5,0.0,1
Delhi,Nov,23.1,43.7,1009.6,15.9,24.4,2.4,0
Chennai,Dec,22.4,75.2,1007.4,21.5,55.3,23.1,0
Jaipur,Jan,19.2,49.4,1013.5,15.7,18.0,0.0,0
Pune,Aug,31.4,74.0,1007.1,13.1,50.1,0.0,0
Ahmedabad,Jun,35.2,54.9,1010.7,4.8,0.0,1.3,0
Chennai,Aug,33.9,70.8,1009.5,4.6,31.7,0.0,0
Mumbai,Mar,25.7,73.8,1009.5,10.8,33.4,0.0,0
Pune,Mar,22.7,54.7,1005.6,14.2,7.9,0.0,0
Kochi,Nov,20.2,73.0,1014.7,8.1,25.3,0.0,0
Hyderabad,May,29.3,56.3,1016.1,13.0,20.8,0.0,0
Chennai,Jul,40.5,65.5,1006.7,7.6,23.5,2.5,0
Kolkata,Jul,29.9,96.4,1000.0,37.2,64.1,43.5,1
Kolkata,Nov,17.5,56.2,1005.6,13.0,0.0,0.0,0
Mumbai,Oct,25.6,68.2,1005.8,8.2,61.7,0.0,0
Bengaluru,Apr,23.8,48.4,1005.7,9.8,33.3,0.0,0
Jaipur,Nov,24.0,53.3,1007.1,16.7,28.4,0.0,0
Hyderabad,Oct,25.4,63.1,1010.6,14.4,27.6,0.0,0
Pune,Dec,22.0,38.3,1014.8,2.0,23.9,0.0,0
Kochi,May,28.0,95.8,1004.4,13.2,58.4,0.0,0
Lucknow,Apr,24.8,57.9,1008.7,17.9,24.9,0.0,0
Pune,Dec,21.0,48.8,1014.3,4.4,16.5,0.2,0
Mumbai,Jan,22.0,49.6,1011.6,2.8,15.0,0.0,0
Hyderabad,Apr,25.1,50.1,1016.0,15.7,13.6,0.0,0
Pune,May,26.5,60.2,1004.4,14.1,22.8,1.0,0
Ahmedabad,Sep,26.9,50.0,1003.4,13.0,49.8,0.0,0
Kochi,Feb,22.9,81.1,1007.6,32.7,36.8,0.0,0
Delhi,Mar,19.8,54.6,1008.6,21.0,27.1,0.0,0
Delhi,Nov,26.0,43.3,1014.0,18.1,11.1,0.0,0
Pune,Apr,24.5,47.3,1012.0,14.6,38.2,0.0,0
Bengaluru,Jul,26.7,90.6,1010.7,15.8,51.2,4.0,1
Lucknow,Feb,18.2,44.3,1009.6,5.0,0.0,0.0,0
Chennai,May,31.1,59.0,1012.1,5.3,30.4,0.0,0
Pune,Oct,24.6,52.9,1011.1,5.1,0.0,2.0,0
Bengaluru,Sep,28.7,66.8,1004.7,9.7,81.9,0.0,0
Kochi,Apr,29.9,87.8,1006.1,11.5,25.9,3.5,1
Kolkata,May,29.6,61.6,1006.3,19.8,21.5,0.0,0
Bengaluru,Mar,21.3,69.7,1007.3,11.7,15.5,0.3,0
Delhi,Oct,24.5,53.7,1005.1,4.3,33.1,0.0,0
Pune,Oct,24.9,69.4,1012.3,11.2,45.4,0.0,0
Mumbai,Apr,27.7,82.9,1007.3,14.3,20.1,0.0,0
Guwahati,Mar,21.0,64.9,1009.6,22.5,35.7,0.0,0
Lucknow,Sep,29.1,66.9,1005.0,16.2,40.8,13.8,0
Ahmedabad,Nov,22.8,40.5,1012.1,12.6,15.2,0.0,0
Guwahati,May,25.3,74.1,1010.8,40.3,57.4,0.0,0
Kochi,Feb,21.5,68.7,1011.7,14.5,47.5,7.7,0
Mumbai,May,30.9,65.0,1007.5,18.1,28.5,0.0,0
Pune,Jul,27.1,78.8,1003.3,23.6,78.7,16.1,1
Delhi,Dec,18.0,37.7,1010.4,7.9,26.2,0.0,0
Guwahati,Jun,30.3,100.0,1007.2,12.9,100.0,11.3,1
Ahmedabad,Jan,19.7,45.3,1010.3,9.5,1.4,3.0,0
Ahmedabad,Feb,19.4,33.1,1010.8,9.6,11.2,0.0,0
Kochi,Jun,31.8,97.0,1006.9,24.6,100.0,8.2,0
Ahmedabad,Apr,26.8,52.3,1017.3,11.8,35.7,0.0,0
Pune,Jul,29.5,85.5,999.7,13.1,93.8,1.7,1
Delhi,May,29.0,40.4,1007.0,17.0,19.0,0.0,0
Pune,Oct,27.0,29.2,1012.3,15.4,31.2,0.0,0
Delhi,Nov,21.2,53.0,1004.3,10.8,16.7,0.2,0
Kochi,Sep,29.4,94.9,1005.1,10.3,48.5,0.0,1
Kochi,Mar,23.3,61.8,1018.5,9.1,1.0,0.0,0
Kochi,Mar,25.8,78.3,1015.6,7.1,45.3,0.2,0
Ahmedabad,Nov,26.0,39.8,1007.0,13.7,0.0,0.4,0
Ahmedabad,Mar,24.0,41.1,1009.4,19.8,7.2,0.0,0
Mumbai,Oct,20.6,63.2,1012.4,24.9,46.1,10.3,0
Mumbai,Mar,27.9,87.8,1008.1,22.6,27.0,0.0,0
Pune,Aug,31.1,77.7,1003.7,27.4,52.3,0.0,1
Hyderabad,Jul,31.8,89.1,1006.0,16.6,86.4,0.0,1
Lucknow,Feb,18.8,64.0,1010.7,7.9,32.0,0.2,0
Guwahati,Oct,26.2,78.9,1007.5,4.0,18.3,0.0,0
Bengaluru,Aug,29.1,81.8,1005.0,13.1,71.7,0.0,1
Chennai,Jun,36.5,86.0,1007.4,7.5,57.7,0.0,1
Kochi,Mar,27.4,83.5,1010.7,9.8,27.1,0.0,0
Kochi,Jun,29.4,98.2,1005.3,12.8,100.0,61.3,1
Lucknow,Oct,26.2,42.1,1010.0,17.3,55.4,0.0,0
Hyderabad,Sep,25.9,81.7,1004.8,19.8,71.8,25.2,1
Kochi,Sep,25.5,100.0,1008.1,11.4,75.0,0.4,1
Delhi,Jun,32.4,57.8,1005.2,8.7,45.2,0.0,0
Ahmedabad,Jul,34.3,73.9,1007.7,13.5,67.1,46.1,1
Ahmedabad,May,31.6,60.4,1012.4,5.1,21.6,1.7,0
Kolkata,Dec,20.5,90.4,1012.5,12.5,15.5,2.0,0
Kolkata,Feb,20.3,78.0,1013.8,10.5,40.5,0.0,0
Delhi,Aug,24.8,87.5,1007.2,14.8,91.7,23.6,1
Bengaluru,Jan,21.2,73.6,1009.6,14.9,6.8,0.1,0
Ahmedabad,Aug,30.9,69.5,1001.2,8.7,85.5,4.4,0
Jaipur,Nov,24.2,34.6,1009.1,6.3,10.7,1.8,0
Jaipur,Apr,26.3,50.3,1007.6,5.2,3.8,0.0,0
Jaipur,Dec,20.0,34.1,1014.0,13.2,50.5,0.1,0
Mumbai,Feb,20.1,62.4,1010.7,5.2,23.6,0.0,0
Jaipur,Feb,20.2,48.6,1010.3,7.0,9.6,2.7,0
Kolkata,Jul,34.3,100.0,998.1,17.0,100.0,0.8,1
Kochi,Jan,19.5,83.0,1012.7,5.2,21.9,0.0,0
Kochi,Feb,23.0,68.2,1008.0,11.5,20.6,0.0,0
Ahmedabad,Aug,30.4,66.9,1006.9,18.8,45.6,15.5,0
Lucknow,Sep,29.4,80.7,1008.9,8.8,35.1,5.3,1
Guwahati,Feb,18.3,76.4,1006.8,9.3,33.4,0.0,0
Ahmedabad,Dec,23.2,49.1,1011.5,8.3,28.9,0.0,0
Pune,Oct,26.2,49.5,1010.0,9.1,21.0,0.0,0
Kochi,Sep,30.7,91.2,1010.9,22.4,53.1,0.0,0
Kolkata,Aug,29.5,100.0,1012.7,13.5,69.6,37.3,1
Mumbai,Jun,31.4,100.0,1010.6,11.7,63.6,0.0,0
Lucknow,Oct,25.5,58.9,1009.3,8.9,22.8,0.0,0
Mumbai,May,30.2,75.2,1011.7,13.2,27.0,2.0,0
Bengaluru,Apr,25.5,55.5,1008.4,28.7,26.6,0.0,0
Kolkata,Apr,23.8,42.9,1011.1,5.5,32.9,0.0,0
Jaipur,Sep,26.9,50.9,1010.3,5.7,38.2,0.0,0
Chennai,Aug,36.8,71.7,1014.9,15.0,0.0,0.0,0
Guwahati,Sep,27.5,93.5,1007.6,10.6,86.9,0.0,1
Pune,Mar,22.9,55.8,1008.8,2.4,46.4,0.0,0
Jaipur,May,30.8,36.6,1007.5,10.3,0.0,2.7,0
Guwahati,Jun,25.4,100.0,1000.7,27.5,49.5,0.6,1
Jaipur,Mar,27.7,49.7,1007.8,8.2,22.2,2.0,0
Pune,Jul,28.8,86.3,1003.1,9.6,82.2,28.7,1
Chennai,Nov,23.9,98.0,1002.2,16.1,76.4,17.3,1
Jaipur,Oct,25.0,51.0,1021.2,6.2,25.8,0.1,0
Kolkata,Nov,27.2,72.3,1008.9,0.8,5.3,0.0,0
Bengaluru,Sep,26.6,83.6,1002.6,16.2,67.3,7.8,1
Lucknow,Sep,25.2,58.9,1010.5,12.4,59.3,0.0,0
Kolkata,Jun,30.7,83.4,1001.6,18.0,84.3,4.8,1
Pune,Mar,22.9,67.3,1009.5,22.9,5.4,0.0,0
Pune,Sep,28.9,69.1,1004.0,14.8,47.2,0.9,1
Bengaluru,Jun,24.1,82.4,1009.3,12.8,47.5,0.0,0
Kolkata,Apr,25.7,83.6,1005.5,9.7,51.6,0.0,0
Jaipur,Jul,28.6,54.6,1007.6,17.4,59.5,7.4,0
Delhi,Apr,26.5,72.2,1011.6,14.7,24.2,0.0,0
Chennai,Jun,37.7,76.6,1010.7,18.8,45.4,1.1,0
Pune,Mar,21.8,57.3,1011.7,9.8,25.9,0.0,0
Kolkata,Mar,24.0,82.4,1008.5,9.5,20.1,0.0,0
Jaipur,Dec,19.5,18.1,1010.6,20.8,31.8,0.0,0
Kolkata,Dec,20.2,61.7,1008.4,14.8,14.3,0.0,0
Kochi,Apr,26.9,72.5,1015.3,1.8,47.5,0.0,0
Lucknow,Apr,27.3,45.7,1008.1,6.9,24.8,0.0,0
Jaipur,Dec,15.9,57.3,1012.4,11.1,17.9,0.0,0
Chennai,Oct,24.2,91.4,1002.3,11.1,83.1,27.5,1
Bengaluru,Feb,16.0,53.2,1008.2,11.1,29.8,0.0,0
Chennai,Aug,35.9,49.4,1014.1,22.1,17.0,2.9,0
Pune,Apr,27.8,35.1,1006.5,19.3,0.0,0.0,0
Kochi,Apr,25.9,88.4,1008.4,4.2,29.1,0.0,0
Pune,Jul,35.5,81.9,1004.4,12.7,54.5,29.7,1
Jaipur,Sep,28.2,42.7,1012.0,11.4,56.8,0.0,0
Kochi,Jun,24.5,100.0,998.1,35.4,95.6,14.9,1
Ahmedabad,Aug,30.0,67.7,1006.8,37.5,59.6,10.5,0
Kochi,Apr,27.2,91.8,1015.1,8.7,52.0,0.9,0
Guwahati,Jul,27.7,100.0,1000.5,16.1,82.1,5.2,1
Guwahati,May,28.1,72.8,1009.1,15.6,50.5,0.1,0
Chennai,Mar,23.1,47.6,1007.8,26.3,6.2,0.0,0
Ahmedabad,Jun,35.2,56.7,1007.4,17.4,1.6,0.0,0
Mumbai,Oct,30.3,84.7,1002.4,19.4,64.5,2.1,0
Hyderabad,Mar,24.4,45.6,1006.2,12.1,39.2,0.0,0
Delhi,Aug,26.1,75.4,1007.5,21.5,64.9,4.1,0
Lucknow,Jun,34.5,47.6,1012.7,12.8,4.2,0.0,0
Bengaluru,Jun,28.6,64.4,1006.0,7.8,63.2,1.5,0
Bengaluru,Feb,17.0,59.7,1010.9,12.8,10.4,0.0,0
Chennai,Jun,36.1,70.9,1015.8,2.4,30.1,1.7,0
Ahmedabad,Mar,23.9,54.3,1005.3,4.2,31.2,0.0,0
Kochi,Jul,34.3,100.0,1016.3,24.9,98.4,24.0,1
Kolkata,Apr,26.1,75.9,1005.9,19.7,6.3,3.5,0
Lucknow,Oct,26.3,60.8,1007.3,11.8,48.2,0.0,0
Kochi,Oct,23.6,92.2,1006.9,16.6,49.2,0.0,1
Delhi,Nov,23.4,53.5,1010.2,6.1,39.7,0.0,0
Ahmedabad,Apr,27.7,34.2,1015.9,14.7,39.7,0.0,0
Kolkata,Jan,20.0,83.7,1009.9,7.1,34.8,0.0,0
Hyderabad,Mar,22.0,61.1,1005.5,16.6,38.5,0.0,0
Jaipur,May,29.1,49.3,1006.5,7.0,25.5,0.0,0
Ahmedabad,Oct,27.5,31.8,1011.8,12.8,3.3,0.0,0
Bengaluru,Nov,19.6,59.5,1013.8,3.5,15.7,0.0,0
Chennai,Nov,20.4,88.9,1003.6,25.1,88.3,0.0,1
Kolkata,Apr,25.0,68.7,1011.7,7.1,24.6,0.0,0
Pune,Oct,24.4,35.7,1008.7,14.1,14.8,0.0,0
Lucknow,Mar,20.9,38.4,1008.5,12.6,17.9,0.0,0
Lucknow,May,29.0,49.5,1009.1,23.4,13.0,0.0,0
Guwahati,Oct,25.9,83.2,1008.6,4.0,5.0,0.0,0
Chennai,Feb,21.5,77.9,1013.4,16.6,23.1,0.0,0
Ahmedabad,Jun,31.6,42.6,1011.4,7.8,10.8,0.4,0
Guwahati,Mar,19.7,79.6,1010.9,11.5,26.6,7.0,0
Hyderabad,Sep,27.0,80.5,1008.8,16.4,67.7,8.7,0
Hyderabad,Aug,34.4,72.1,1005.8,8.0,67.9,4.5,0
Pune,Mar,26.3,51.9,1008.2,10.0,3.9,0.7,0
Kochi,Apr,29.2,84.1,1008.2,11.3,32.0,0.0,0
Chennai,Jun,35.8,98.2,1009.4,5.2,40.1,1.4,0
Mumbai,Dec,18.2,72.2,1008.8,14.8,34.5,0.0,0
Bengaluru,Feb,18.7,69.7,1008.8,35.9,35.2,0.0,0
Mumbai,Aug,31.0,95.3,1005.0,17.1,88.6,9.7,1
Lucknow,Feb,18.9,52.6,1013.8,26.6,16.7,0.0,0
Bengaluru,Nov,19.5,68.6,1009.2,9.7,20.7,0.0,0
Jaipur,Mar,22.5,44.0,1011.9,1.8,43.0,0.0,0
Jaipur,Feb,22.8,55.9,1008.9,5.8,6.5,0.0,0
Pune,May,29.0,57.0,1008.6,9.4,29.1,0.0,0
Jaipur,Sep,31.4,40.3,1007.6,17.5,42.7,4.0,0
Kochi,Mar,28.3,78.6,1008.7,10.5,25.7,0.0,0
Jaipur,Jul,30.0,55.2,1005.0,35.0,39.3,0.0,0
Delhi,Sep,27.8,61.4,1007.6,22.8,55.9,1.5,0
Delhi,Feb,19.8,47.2,1009.7,6.4,7.8,0.0,0
Ahmedabad,May,32.8,40.3,1006.5,33.6,17.5,0.6,0
Chennai,Jun,33.2,75.6,1015.5,4.9,50.4,0.0,0
Chennai,Jan,22.0,61.5,1014.2,13.3,25.7,0.0,0
Ahmedabad,Dec,21.0,38.3,1008.9,12.6,29.5,0.0,0
Guwahati,Apr,27.9,66.6,1009.4,13.2,12.1,0.0,0
Pune,Sep,25.4,71.3,1003.8,20.7,64.9,3.2,1
Bengaluru,Mar,21.2,66.5,1008.8,13.1,33.2,0.0,0
Kolkata,Aug,28.9,93.5,1006.9,14.6,100.0,2.8,0
Kochi,Apr,27.8,78.3,1007.2,8.8,30.7,0.1,0
Hyderabad,Sep,30.2,89.6,1009.9,14.5,73.7,0.0,0
Delhi,Sep,28.8,70.0,1011.1,13.9,70.9,1.2,0
Ahmedabad,Jan,26.6,50.7,1014.5,13.2,25.9,0.0,0
Lucknow,Nov,22.3,52.3,1012.5,8.7,26.0,0.0,0
Kochi,Aug,33.6,100.0,1000.8,17.1,77.7,7.9,0
Mumbai,Dec,22.8,60.8,1011.7,6.0,39.3,0.0,0
Kochi,Dec,21.1,80.6,1011.3,1.9,42.1,3.8,0
Hyderabad,Jun,34.0,51.5,1007.2,24.0,36.0,0.0,0
Kochi,Jun,30.9,100.0,1001.6,17.4,80.6,19.0,1
Jaipur,Nov,21.7,28.2,1008.2,4.7,16.1,3.5,0
Kolkata,Apr,28.8,63.4,1012.2,19.2,18.3,0.0,0
Kolkata,Mar,25.1,59.4,1007.3,13.9,40.0,4.9,0
Hyderabad,Dec,21.3,46.7,1009.7,5.3,14.1,0.0,0
Mumbai,Sep,28.6,79.9,1007.3,11.8,66.9,1.1,0
Hyderabad,Jan,21.2,58.2,1010.7,10.0,5.6,0.0,0
Lucknow,Jun,33.4,55.9,1012.8,14.3,27.7,0.0,0
Ahmedabad,Feb,25.2,49.6,1006.9,21.3,61.1,0.0,0
Delhi,May,29.2,47.3,1011.3,34.6,34.5,0.6,0
Delhi,Feb,19.9,51.3,1009.0,10.6,22.2,0.0,0
Delhi,Dec,17.8,51.3,1010.4,3.7,3.2,0.0,0
Jaipur,Dec,22.9,39.3,1008.0,10.1,22.0,0.0,0
Kochi,Sep,27.9,100.0,1006.3,15.8,54.3,0.0,0
Ahmedabad,Aug,31.8,74.3,1004.5,9.7,62.0,1.1,1
Guwahati,Aug,26.7,100.0,1002.1,22.8,77.5,19.7,1
Pune,Oct,23.0,58.0,1012.3,5.7,25.9,6.5,1
Hyderabad,Aug,32.1,73.6,1004.4,25.0,57.4,29.4,1
Delhi,Feb,18.9,48.9,1008.7,5.8,18.0,0.4,0
Lucknow,Jul,30.2,73.6,1005.0,10.4,65.5,0.4,0
Ahmedabad,Sep,30.5,54.1,1010.2,16.4,69.6,0.0,0
Lucknow,Jun,34.3,45.7,1012.1,21.3,21.7,0.0,0
Guwahati,Jul,30.6,87.7,1000.0,15.9,100.0,16.2,1
Hyderabad,Nov,24.4,60.9,1011.6,14.6,38.1,0.0,0
Ahmedabad,Feb,22.0,43.9,1015.9,17.8,20.9,0.0,0
Kolkata,Feb,20.3,75.9,1008.2,4.5,24.4,0.0,0
Mumbai,Jan,22.2,58.8,1010.7,23.5,39.6,0.3,0
Jaipur,Feb,21.0,59.2,1010.6,9.3,27.4,0.0,0
Jaipur,May,28.3,46.1,1003.6,10.7,20.8,0.0,0
Bengaluru,Apr,25.7,75.3,1008.9,16.1,12.9,0.0,0
Guwahati,Jul,31.8,98.4,1006.3,24.5,100.0,71.5,1
Jaipur,Jul,30.7,44.7,1004.9,6.9,64.0,9.8,0
Ahmedabad,Aug,30.6,74.0,1002.5,10.1,37.5,19.7,1
Jaipur,Nov,23.1,31.5,1010.6,14.5,0.0,3.9,0
Bengaluru,Mar,21.0,63.4,1010.6,9.2,28.2,2.6,0
Hyderabad,Nov,20.2,52.4,1008.2,3.9,32.0,0.0,0
Kolkata,Jan,19.8,77.1,1012.8,12.9,34.3,0.1,0
Jaipur,Feb,22.1,36.8,1011.5,15.2,6.0,0.0,0
Lucknow,Sep,29.7,75.3,1012.8,14.5,57.0,0.0,0
Hyderabad,Dec,23.0,54.4,1011.6,11.8,26.3,0.0,0
Mumbai,Nov,25.0,63.0,1013.2,7.9,14.2,0.0,0
Guwahati,Feb,20.2,76.9,1011.3,17.2,31.0,1.3,0
Delhi,Feb,19.6,40.1,1001.3,11.8,37.3,0.0,0
Pune,May,26.1,63.8,1012.6,4.6,2.9,0.0,0
Delhi,Jan,15.5,33.2,1009.0,5.0,21.0,12.7,0
Chennai,Oct,23.8,87.1,1001.7,20.0,72.2,0.0,1
Lucknow,May,23.0,62.7,1009.4,23.8,6.7,0.0,0
Jaipur,Aug,31.5,55.5,1000.1,18.8,40.3,1.7,0
Delhi,Feb,20.5,48.0,1006.0,8.3,14.7,0.0,0
Chennai,Feb,22.5,48.0,1011.1,4.5,29.4,0.0,0
Jaipur,Dec,24.4,48.6,1009.2,28.7,20.3,0.0,0
Kolkata,Aug,30.4,94.7,1002.9,18.3,71.4,0.3,1
Mumbai,Nov,24.1,56.6,1011.2,3.6,17.1,0.0,0
Kolkata,Nov,25.8,83.6,1007.9,15.6,51.4,0.0,0
Ahmedabad,Jun,32.4,57.2,1010.7,3.4,4.9,0.0,0
Mumbai,Jan,22.9,77.2,1014.3,15.3,33.7,0.0,0
Pune,Apr,26.2,48.7,1016.2,11.5,11.6,0.0,0
Guwahati,Jan,18.5,81.9,1011.1,9.5,12.7,0.0,0
Bengaluru,May,23.3,78.3,1010.3,11.8,67.3,0.0,0
Ahmedabad,Apr,26.2,53.8,1016.0,4.6,30.3,0.0,0
Bengaluru,Dec,18.6,56.3,1007.5,13.4,43.4,0.0,0
Ahmedabad,Oct,30.6,39.2,1013.0,7.0,26.2,1.1,0
Ahmedabad,Aug,31.6,68.5,1007.8,15.6,48.2,0.9,0
Chennai,Sep,32.0,79.9,1008.4,6.7,21.1,0.0,0
Delhi,Sep,25.5,69.1,1007.5,10.7,34.6,0.0,0
Bengaluru,Apr,25.2,77.7,1006.8,11.1,30.6,0.0,0
Ahmedabad,Feb,21.2,26.9,1016.3,8.3,35.4,0.0,0
Delhi,Aug,26.3,79.6,1003.7,20.7,61.5,0.0,1
Kolkata,May,31.3,75.9,1009.1,7.1,25.8,0.0,0
Kolkata,Dec,19.8,71.7,1010.3,7.1,50.1,0.0,0
Pune,Jun,31.1,77.9,1001.3,17.9,65.4,8.9,0
Delhi,Nov,21.9,52.1,1011.0,20.8,36.7,0.0,0
Mumbai,May,32.4,52.2,1012.8,5.9,9.6,0.0,0
Chennai,Jul,38.9,69.2,1012.1,17.0,38.3,0.0,0
Guwahati,Mar,23.1,66.9,1008.1,9.4,9.3,0.0,0
Lucknow,Jun,32.3,54.4,1009.5,30.1,21.6,0.0,0
Mumbai,Jul,27.2,100.0,1003.4,10.6,100.0,0.0,1
Kochi,Nov,23.8,72.8,1005.7,16.8,37.1,0.0,0
Kochi,Dec,22.3,85.7,1011.6,25.2,41.5,0.5,0
Kolkata,Feb,20.9,73.4,1010.5,6.9,57.1,0.5,0
Delhi,Mar,19.9,52.6,1008.4,6.2,12.9,0.0,0
Jaipur,Nov,23.0,53.6,1006.8,15.7,59.5,0.0,0
Guwahati,Jan,16.6,74.9,1007.4,9.4,32.9,2.7,0
Ahmedabad,Jun,33.9,56.7,1012.9,17.4,35.9,0.0,0
Chennai,Aug,35.4,82.5,1006.2,8.3,42.6,0.0,0
Bengaluru,May,24.6,71.0,1005.3,23.8,54.8,0.0,0
Pune,Nov,22.4,57.2,1012.6,11.4,36.4,1.2,0
Chennai,Jan,22.6,75.1,1010.4,11.5,21.8,0.0,0
Ahmedabad,Mar,26.5,36.0,1008.8,21.0,16.3,3.2,0
Kochi,Sep,27.9,100.0,1006.6,9.1,88.4,9.9,0
Pune,Nov,20.8,52.1,1012.7,24.7,8.6,0.0,0
Kochi,Apr,31.2,64.3,1011.1,5.4,4.3,0.0,0
Pune,Jun,29.0,82.6,1001.5,10.7,70.5,1.6,1
Guwahati,May,21.8,85.3,1001.2,18.0,47.9,11.2,1
Guwahati,May,26.8,76.9,1003.0,8.5,70.3,6.7,0
Kolkata,Dec,22.9,78.2,1010.0,14.6,35.0,0.6,0
Delhi,Dec,17.6,66.3,1008.5,10.9,43.6,0.0,0
Bengaluru,Mar,23.9,58.5,1008.6,13.8,3.1,0.5,0
Hyderabad,Mar,23.6,49.0,1013.1,7.7,28.2,0.1,0
Bengaluru,Jul,30.3,64.8,1003.4,10.9,46.7,2.4,0
Jaipur,Jun,31.0,31.9,1009.2,11.3,5.2,0.9,0
Mumbai,Aug,26.6,100.0,1005.9,36.3,89.1,0.1,1
Mumbai,Jul,29.6,98.5,1006.8,21.0,69.8,10.5,1
Chennai,Jul,37.3,54.3,1009.2,14.4,36.1,0.0,0
Bengaluru,Dec,18.3,64.9,1009.1,3.6,13.9,0.0,0
Lucknow,Dec,21.9,71.2,1012.5,5.7,9.1,0.0,0
Hyderabad,Aug,33.7,89.6,1003.7,24.8,50.4,0.0,0
Guwahati,Jul,26.8,100.0,1008.5,24.7,100.0,0.9,1
Delhi,Jun,34.7,55.9,1010.2,5.6,11.4,0.0,0
Bengaluru,Mar,22.2,47.2,1011.4,22.2,20.4,0.0,0
Pune,Nov,20.5,50.5,1011.5,10.4,0.0,0.0,0
Jaipur,Jan,21.9,26.0,1011.2,14.6,39.7,0.0,0
Chennai,Dec,19.8,100.0,999.4,15.8,91.7,0.0,1
Guwahati,May,27.4,86.2,1004.4,21.1,63.2,2.2,0
Pune,Jun,28.1,73.8,1003.0,16.0,80.2,8.2,1
Kochi,Oct,21.6,79.3,1006.2,16.5,46.4,2.1,0
Pune,Feb,21.5,50.0,1011.8,14.5,23.2,0.0,0
Hyderabad,Jan,21.8,55.4,1004.3,15.0,12.4,1.2,0
Kolkata,Jul,29.0,100.0,1000.8,22.4,100.0,4.2,1
Hyderabad,Jan,18.7,47.8,1010.3,9.0,19.2,2.3,0
Delhi,Feb,18.5,44.5,1011.9,14.4,4.0,1.2,0
Pune,Aug,30.2,67.8,1007.1,24.9,83.4,2.4,1
Lucknow,Dec,22.5,57.7,1002.6,4.2,5.3,0.0,0
Ahmedabad,Jun,35.6,49.7,1014.1,15.3,13.7,0.1,0
Pune,Nov,20.5,54.0,1011.1,24.0,24.1,0.0,0
Chennai,Sep,33.0,66.0,1016.5,14.7,20.2,0.0,0
Guwahati,Nov,21.0,80.1,1011.5,10.6,34.5,0.0,0
Bengaluru,Sep,22.3,75.3,1005.6,12.3,81.0,0.0,0
Ahmedabad,Mar,26.6,40.9,1011.5,5.3,20.0,2.8,0
Delhi,May,27.8,43.6,1010.7,5.1,22.8,1.4,0
Guwahati,Oct,23.8,73.3,1009.5,8.7,32.4,0.0,0
Mumbai,Apr,26.7,92.3,1011.0,24.6,12.0,0.0,0
Jaipur,May,34.1,33.0,1008.9,4.4,34.2,0.0,0
Chennai,Nov,21.7,99.7,1007.6,16.9,100.0,18.2,1
Mumbai,Jun,29.2,74.9,1003.1,32.0,71.0,26.5,1
Lucknow,May,28.6,58.9,1008.2,9.4,38.3,0.0,0
Pune,May,28.0,79.2,1007.3,12.9,52.2,1.2,0
Mumbai,Sep,28.0,96.0,1004.0,19.5,76.5,0.0,1
Mumbai,Mar,21.7,64.5,1008.7,11.4,5.3,0.0,0
Mumbai,Sep,25.9,82.4,1000.2,23.7,90.0,15.6,1
Lucknow,Jun,29.8,44.8,1013.1,17.9,37.2,0.0,0
Kochi,Aug,31.5,86.1,1004.1,15.7,64.8,9.7,0
Lucknow,Apr,24.0,45.9,1010.8,16.9,5.3,0.0,0
Ahmedabad,Dec,22.9,39.9,1008.4,10.6,26.1,0.0,0
Kolkata,Jun,31.3,87.2,1000.2,11.7,58.9,13.3,1
Delhi,Mar,23.1,38.6,1008.4,17.6,37.3,0.0,0
Kolkata,May,30.8,56.3,1008.8,7.2,28.8,0.0,0
Jaipur,May,31.2,49.7,1003.8,11.9,19.4,0.0,0
Delhi,Mar,25.5,57.4,1007.2,22.7,31.1,6.6,0
Kochi,Aug,32.6,96.2,1008.9,23.4,85.1,0.0,1
Delhi,Feb,17.0,57.2,1013.2,33.8,3.3,2.6,0
Kochi,Nov,24.4,75.2,1011.7,8.6,51.0,0.0,0
Mumbai,Jan,17.2,85.1,1006.1,11.5,14.1,0.0,0
Delhi,Jul,27.9,79.4,1000.1,11.7,79.7,0.0,1
Pune,May,30.5,61.5,1008.3,6.4,24.8,0.0,0
Mumbai,Aug,29.1,100.0,1005.5,24.5,87.2,18.9,1
Guwahati,Feb,20.7,71.8,1006.6,7.8,34.7,0.0,0
Hyderabad,Sep,28.0,66.0,1005.4,12.4,78.3,5.4,0
Jaipur,Jun,31.1,38.2,1009.4,2.5,15.6,0.1,0
Guwahati,Dec,20.6,94.7,1012.9,8.8,42.2,0.8,0
Delhi,Aug,28.9,72.4,1004.5,17.8,93.7,27.3,1
Mumbai,Mar,24.5,69.3,1012.4,12.3,15.1,0.0,0
Jaipur,Nov,26.3,34.7,1008.6,15.0,7.8,1.6,0
Lucknow,Jun,29.0,47.7,1006.5,8.6,35.8,0.0,0
Mumbai,Jul,30.8,100.0,1005.3,27.8,94.1,1.0,1
Jaipur,Sep,31.1,39.5,1004.7,17.1,22.7,0.0,0
Chennai,Oct,26.3,86.9,1001.1,11.4,59.0,19.1,1
Mumbai,Aug,27.0,98.2,1002.5,21.5,86.0,19.9,1
Ahmedabad,Nov,23.1,51.6,1013.4,14.8,5.9,0.0,0
Hyderabad,Aug,29.2,81.4,1006.1,20.6,66.0,6.0,0
Mumbai,Dec,23.9,66.7,1016.0,25.5,37.1,0.0,0
Delhi,May,26.9,38.3,1007.2,7.3,47.2,0.3,0
Chennai,Oct,29.8,100.0,1006.9,16.0,79.5,0.0,0
Kochi,Feb,21.2,66.8,1005.4,25.9,17.2,0.0,0
Lucknow,Jun,31.6,45.2,1007.5,18.2,19.1,0.0,0
Pune,Dec,17.8,46.3,1015.7,6.8,27.0,0.0,0
Lucknow,May,30.9,56.6,1015.9,8.8,1.5,0.0,0
Delhi,Oct,22.7,44.8,1004.6,13.9,22.0,0.0,0
Bengaluru,Jul,27.9,85.5,1010.5,9.7,64.9,0.0,0
Guwahati,Apr,25.6,70.4,1010.9,6.3,40.1,0.0,0
Mumbai,Mar,24.3,67.0,1014.2,10.7,28.6,0.0,0
Jaipur,Oct,26.3,49.3,1016.7,15.7,21.9,0.0,0
Jaipur,Jul,31.6,63.2,1004.8,16.1,56.5,19.2,1
Hyderabad,May,30.7,55.0,1009.3,7.5,19.0,0.0,0
Mumbai,Nov,25.6,76.2,1013.1,20.7,34.4,0.0,0
Ahmedabad,Jul,30.4,59.1,1004.6,12.4,61.3,0.7,0
Jaipur,Jan,24.3,46.2,1011.3,8.9,2.9,0.0,0
Delhi,Jun,30.2,47.4,1012.7,13.4,7.7,0.0,0
Delhi,Nov,24.5,45.9,1005.3,12.1,0.0,0.0,0
Kochi,Jul,29.9,100.0,1005.9,9.8,100.0,29.8,1
Ahmedabad,Mar,26.2,33.4,1013.0,9.8,32.4,0.0,0
Ahmedabad,Dec,20.0,47.6,1010.9,4.2,48.1,0.0,0
Ahmedabad,Jan,24.7,40.5,1011.0,13.5,20.5,0.0,0
Chennai,Apr,31.7,77.5,1007.7,7.0,17.9,1.2,0
Mumbai,Jun,31.0,89.9,1004.7,22.2,100.0,46.5,1
Ahmedabad,Mar,24.5,48.9,1017.4,21.1,20.9,2.1,0
Delhi,Jul,27.8,95.2,1005.6,16.2,96.8,9.3,1
Lucknow,May,30.0,52.9,1005.6,14.0,14.8,1.6,0
Guwahati,Nov,21.8,72.1,1010.0,28.3,15.9,0.0,0
Bengaluru,Jan,16.1,85.9,1006.7,6.2,14.5,0.0,0
Ahmedabad,Nov,25.1,34.1,1005.4,5.3,14.3,0.0,0
Delhi,Sep,25.0,65.9,1007.8,6.1,54.5,0.0,0
Mumbai,Feb,22.4,65.8,1013.4,17.1,18.7,0.0,0
Kochi,Aug,33.2,88.3,1008.4,20.1,65.8,20.5,1
Bengaluru,May,25.8,83.8,1007.1,20.3,36.4,2.2,0
Ahmedabad,Mar,22.5,61.5,1013.2,6.0,4.9,0.0,0
Guwahati,Dec,19.1,78.2,1010.9,13.0,20.6,0.0,0
Kochi,Sep,26.6,94.5,1007.6,22.8,80.2,0.0,1
Hyderabad,Jan,16.0,57.6,1012.0,11.1,23.9,0.0,0
Pune,Mar,20.6,59.0,1012.6,23.8,25.6,0.0,0
Kolkata,Oct,22.1,89.2,1007.6,9.9,4.6,0.5,0
Jaipur,Feb,18.8,31.6,1008.4,16.8,9.0,0.0,0
Bengaluru,Nov,23.1,58.2,1010.3,13.7,9.8,0.0,0
Ahmedabad,Sep,33.0,53.2,1005.1,14.5,69.2,0.0,0
Mumbai,Sep,29.5,92.3,1003.5,7.6,94.1,11.7,1
Ahmedabad,Dec,20.9,30.8,1006.9,19.6,44.4,3.6,0
Delhi,Mar,23.7,44.8,1005.3,3.6,40.2,0.0,0
Delhi,May,29.6,49.0,1011.7,1.2,11.9,0.0,1
Chennai,Apr,29.0,68.2,1009.9,7.5,4.7,2.7,0
Bengaluru,Mar,23.1,62.3,1006.1,3.3,22.1,0.0,0
Pune,May,28.3,53.4,1014.9,4.1,24.3,0.0,0
Jaipur,Jan,17.4,41.5,1011.0,15.4,10.2,0.0,0
Bengaluru,Jan,17.5,68.7,1014.6,11.9,6.3,0.0,0
Hyderabad,Apr,29.3,76.4,1011.3,23.6,7.1,0.5,0
Mumbai,Nov,24.2,77.9,1009.6,8.7,32.2,1.0,0
Lucknow,Feb,18.6,41.1,1006.3,13.7,36.7,0.0,0
Kolkata,Jul,30.0,96.9,1002.0,25.3,100.0,2.6,1
Guwahati,Jan,19.2,77.7,1009.8,14.7,20.8,0.0,0
Lucknow,Jul,29.5,80.0,1011.7,26.6,65.7,7.6,1
Kolkata,Jul,32.3,100.0,1002.7,15.9,100.0,12.8,1
Kochi,Mar,24.9,86.1,1011.5,11.8,45.9,0.0,0
Bengaluru,Nov,24.0,56.4,1013.7,14.8,22.6,0.0,0
Pune,Jan,17.5,54.8,1003.0,5.3,1.5,0.0,0
Mumbai,Sep,31.0,99.3,1003.3,9.2,91.9,7.1,1
Jaipur,Jul,30.2,59.5,1000.0,20.9,35.9,0.0,1
Lucknow,Jan,18.9,63.6,1010.9,19.8,25.4,0.0,0
Kochi,Jan,20.8,90.2,1009.6,1.6,24.6,2.7,0
Lucknow,Mar,20.5,50.3,1012.8,10.5,44.6,4.1,0
Guwahati,Nov,22.9,68.1,1013.1,25.8,28.6,2.9,0
Jaipur,Aug,26.7,63.6,1004.8,38.2,70.0,0.0,0
Lucknow,Jun,32.9,55.6,1009.7,18.5,6.3,0.0,0
Kolkata,Jul,33.8,100.0,1004.6,20.4,69.6,32.4,1
Pune,Jul,32.8,87.6,1008.0,19.9,76.1,33.4,1
Jaipur,Apr,26.4,35.7,1010.9,5.9,18.8,0.0,0
Kolkata,Mar,23.9,64.7,1012.2,3.9,34.7,0.0,0
Ahmedabad,Mar,24.6,45.8,1008.5,10.5,14.3,4.8,0
Ahmedabad,Dec,22.9,47.0,1007.4,30.1,23.0,2.7,0
Delhi,Sep,27.4,54.1,1007.0,18.3,47.1,0.0,0
Delhi,Jul,27.6,60.1,1006.5,42.0,56.2,0.0,0
Mumbai,Sep,29.1,100.0,1006.0,13.0,97.3,3.9,1
Kolkata,Apr,30.5,85.0,1013.6,6.5,27.6,0.0,0
Guwahati,May,28.9,87.7,1004.4,9.7,53.8,3.5,0
Jaipur,Feb,23.9,31.9,1006.9,13.1,12.1,1.9,0
Bengaluru,Aug,29.1,77.2,1008.9,19.1,81.5,0.0,0
Mumbai,Jun,35.4,98.2,1007.1,33.5,77.7,0.0,0
Chennai,Aug,37.2,72.8,1011.1,8.1,29.0,0.0,0
Guwahati,Apr,24.1,83.5,1009.5,19.5,31.4,0.0,0
Chennai,Nov,22.0,100.0,1000.3,14.3,94.7,12.7,1
Ahmedabad,Sep,28.0,47.8,1003.0,14.3,38.4,0.0,0
Lucknow,Jul,30.5,77.0,1008.0,12.4,100.0,5.5,1
Ahmedabad,Mar,21.5,49.1,1007.4,26.0,33.0,0.0,0
Guwahati,Mar,22.0,69.8,1012.3,5.5,14.7,0.0,0
Guwahati,Jan,14.3,85.2,1006.7,9.6,15.0,0.0,0
Kolkata,Apr,28.3,76.1,1008.5,7.1,55.5,0.0,0
Mumbai,Feb,22.0,64.5,1012.6,8.0,39.1,0.0,0
Hyderabad,Jul,31.7,69.3,1008.9,10.6,59.4,4.9,0
Jaipur,Sep,30.6,65.4,1007.0,9.6,71.5,0.0,0
Jaipur,Oct,27.6,30.5,1005.9,14.7,17.2,1.9,0
Kolkata,Sep,29.5,100.0,1005.3,12.8,62.0,2.3,1
Ahmedabad,Jun,36.0,35.7,1009.9,26.5,21.3,0.0,0
Ahmedabad,Jul,31.5,57.1,998.7,23.3,62.6,4.0,0
Jaipur,Jul,28.3,61.9,1000.9,26.2,80.1,0.0,1
Lucknow,Mar,21.8,41.2,1008.7,4.2,17.8,0.1,0
Ahmedabad,Jul,30.5,62.2,1006.4,30.3,37.6,16.9,0
Kochi,Aug,31.3,88.0,1007.0,38.0,97.3,0.0,0
Bengaluru,Mar,23.7,75.9,1014.0,14.3,43.7,0.0,0
Chennai,Feb,25.1,61.4,1010.9,4.2,36.3,0.8,0
Kolkata,May,30.3,80.1,1010.3,9.8,28.3,0.0,0
Hyderabad,Mar,21.5,58.1,1012.6,9.4,18.9,0.0,0
Mumbai,Oct,29.1,85.5,1012.4,12.5,32.2,0.0,0
Jaipur,Jan,18.0,33.1,1009.7,4.9,25.3,0.0,0
Hyderabad,Dec,19.9,58.7,1012.1,6.1,5.4,0.0,0
Mumbai,Nov,26.0,76.9,1013.4,6.5,23.1,0.0,0
Jaipur,Jul,30.3,72.7,1009.7,15.8,55.5,1.0,1
Pune,Oct,27.8,38.8,1007.7,17.2,44.2,0.0,0
Mumbai,Apr,26.9,63.8,1010.6,21.4,35.8,0.0,0
Lucknow,Aug,27.6,56.9,1010.0,11.2,84.7,7.9,0
Guwahati,Mar,18.9,81.9,1007.3,1.8,23.9,0.0,1
Chennai,Sep,33.7,61.3,1007.3,7.6,18.8,0.0,0
Lucknow,Nov,21.5,52.5,1008.6,13.8,18.3,0.0,0
Mumbai,Oct,25.1,74.1,1010.0,10.4,32.5,4.4,0
Hyderabad,Nov,27.9,30.3,1014.7,7.9,25.5,2.6,0
Lucknow,Oct,26.6,43.6,1012.4,7.6,15.4,0.0,0
Kolkata,Jun,29.4,97.8,1005.6,26.6,56.6,0.0,1
Jaipur,Jan,23.2,41.3,1009.2,14.5,7.9,0.0,0
Delhi,Dec,20.6,42.6,1009.3,4.5,36.6,0.0,0
Chennai,Feb,23.9,61.3,1013.6,4.8,16.8,0.0,0
Lucknow,Oct,22.8,57.0,1011.2,17.4,7.7,0.0,0
Guwahati,Sep,28.2,98.4,1006.8,11.2,67.9,9.9,1
Pune,Aug,29.3,73.3,1006.7,26.1,63.7,0.0,1
Jaipur,Sep,29.7,38.6,1014.1,40.4,31.5,3.2,0
Ahmedabad,Oct,29.6,43.9,1013.2,23.1,21.7,2.1,0
Ahmedabad,Mar,26.3,48.0,1006.6,3.2,24.6,0.4,0
Kochi,Apr,28.9,73.8,1006.4,1.4,22.0,0.0,0
Chennai,Mar,29.0,62.0,1014.4,13.5,39.0,0.0,0
Hyderabad,Sep,27.6,79.5,1002.7,10.7,87.1,2.7,1
Pune,May,29.1,45.4,1003.7,11.2,31.6,0.1,0
Delhi,Feb,19.4,47.1,1010.4,15.1,30.4,0.0,0
Chennai,Apr,31.8,73.0,1011.1,11.5,31.0,0.0,0
Jaipur,Nov,25.9,30.1,1011.9,7.1,17.5,0.0,0
Kochi,Jul,31.5,100.0,1006.4,27.7,100.0,21.6,1
Delhi,Nov,22.9,57.0,1007.7,7.6,31.7,0.0,0
Mumbai,Dec,23.1,70.8,1012.5,19.8,26.1,0.0,0
Chennai,Sep,31.4,47.7,1004.5,9.2,12.1,0.0,0
Guwahati,Sep,26.2,94.8,998.7,23.8,60.8,0.0,1
Ahmedabad,Oct,25.2,45.9,1009.1,8.7,29.7,0.0,0
Chennai,Feb,24.4,63.4,1007.6,14.3,39.9,0.0,0
Kochi,Aug,35.4,98.8,1004.7,14.7,93.6,21.3,1
Pune,Jun,27.5,86.8,996.0,25.5,59.1,0.0,1
Ahmedabad,Mar,25.8,53.3,1013.4,6.9,14.3,0.0,0
Delhi,Mar,23.8,46.8,1009.1,18.7,24.4,0.0,0
Hyderabad,Jun,35.7,43.4,1007.1,3.5,16.1,0.0,0
Ahmedabad,Jan,23.6,40.3,1006.0,19.7,37.1,0.0,0
Mumbai,Dec,23.6,74.0,1007.6,5.9,59.6,0.0,0
Guwahati,Sep,26.9,100.0,1002.6,21.1,61.9,0.0,1
Chennai,Jun,36.0,71.0,1004.7,12.5,31.8,0.0,0
Kolkata,Dec,22.2,82.8,1007.0,10.8,38.7,2.9,0
Delhi,Dec,15.5,49.0,1012.7,7.9,25.1,0.8,0
Mumbai,Apr,27.5,64.5,1009.7,17.2,22.7,0.0,0
Pune,Dec,19.9,65.3,1012.4,13.5,34.3,0.0,0
Lucknow,Mar,18.0,58.3,1009.1,13.2,17.2,0.0,0
Pune,Dec,16.6,58.5,1005.9,5.1,30.3,0.0,0
Guwahati,Sep,24.4,94.9,1007.7,11.4,89.1,6.3,0
Mumbai,Sep,27.8,90.7,1006.3,31.8,98.6,0.9,1
Kolkata,Jan,19.6,81.9,1010.7,14.1,24.9,1.6,0
Ahmedabad,May,31.5,53.9,1008.6,17.8,21.0,0.0,0
Ahmedabad,Mar,23.4,35.3,1007.1,30.9,7.0,0.0,0
Kolkata,Dec,23.3,52.6,1013.8,3.9,27.1,0.0,0
Mumbai,Mar,24.7,82.7,1009.1,8.6,26.9,2.4,0
Guwahati,May,27.5,73.0,1012.8,13.5,54.4,0.0,0
Pune,Dec,19.4,55.1,1010.4,18.1,48.7,0.0,0
Jaipur,Jul,32.3,45.6,1010.7,16.8,55.5,7.2,0
Chennai,Sep,30.8,69.7,1008.8,28.1,17.3,1.9,0
Pune,Jun,27.0,71.4,1006.7,12.3,70.9,13.1,1
Pune,Jun,26.9,77.4,1001.6,17.7,73.2,28.1,0
Jaipur,Sep,29.5,38.2,1009.9,16.9,29.9,0.0,0
Lucknow,Dec,20.1,51.2,1013.0,8.6,18.5,0.0,0
Kochi,May,28.9,95.3,999.7,9.8,63.6,11.3,1
Lucknow,Oct,28.1,54.6,1009.5,5.7,24.6,0.0,0
Jaipur,May,26.2,62.2,1011.5,12.7,19.5,0.0,0
Ahmedabad,Aug,30.5,70.1,1003.6,16.0,63.0,0.0,1
Chennai,Dec,19.8,88.9,1000.7,11.4,48.1,12.7,1
Mumbai,Jan,20.1,69.8,1016.6,10.0,49.9,0.0,0
Chennai,Oct,26.7,80.6,1006.9,19.8,100.0,0.0,1
Delhi,Nov,21.0,33.6,1008.1,13.6,12.1,0.0,0
Delhi,Oct,28.6,50.8,1007.4,17.7,7.9,1.4,0
Guwahati,Jun,20.7,95.9,1004.5,22.4,98.2,17.6,1
Lucknow,Aug,28.7,67.6,1005.0,8.2,62.9,0.5,0
Hyderabad,Oct,29.8,69.8,1008.1,14.5,36.9,0.0,0
Mumbai,Jun,30.0,82.9,1011.6,8.8,66.3,0.3,1
Lucknow,Sep,26.7,64.0,1005.6,12.6,49.9,19.6,0
Lucknow,Sep,26.1,44.6,1004.4,19.7,44.4,0.0,0
Pune,Nov,22.2,62.4,1009.3,6.6,21.0,0.0,0
Ahmedabad,May,28.0,38.9,1012.4,12.3,15.6,0.0,0
Mumbai,Sep,28.6,78.0,1003.0,17.4,65.4,4.6,0
Delhi,Jul,27.8,89.7,997.2,25.1,71.7,2.5,1
Lucknow,Feb,20.4,45.2,1010.0,9.0,33.1,0.0,0
Ahmedabad,Sep,27.2,54.3,1004.4,29.3,56.7,2.0,0
Mumbai,Feb,22.4,69.7,1011.4,6.1,53.5,3.2,0
Jaipur,Aug,31.0,65.6,1002.8,17.5,77.3,17.3,1
Lucknow,Jan,17.6,36.0,1008.4,9.0,37.5,0.9,0
Ahmedabad,Dec,22.6,50.9,1005.3,10.3,18.5,0.0,0
Kolkata,Oct,22.5,73.3,1006.7,15.8,63.1,17.6,0
Pune,Aug,31.8,77.6,1008.2,24.2,58.7,1.8,1
Guwahati,Apr,27.3,72.5,1007.3,35.6,48.3,0.0,0
Kochi,Oct,27.1,87.5,1001.7,18.9,50.1,43.4,1
Pune,Apr,28.6,68.1,1009.5,12.1,0.0,0.0,0
Guwahati,Jun,27.5,100.0,1003.9,28.9,100.0,9.9,1
Kochi,Apr,25.9,87.1,1013.5,11.7,55.1,0.0,0
Ahmedabad,Jul,33.8,66.6,1005.0,21.6,80.3,4.0,1
Ahmedabad,Dec,23.3,39.4,1010.9,5.6,43.6,0.6,0
Bengaluru,Sep,25.8,97.3,1006.0,18.1,77.7,15.9,1
Mumbai,Mar,29.0,82.8,1004.7,12.0,26.0,0.0,0
Mumbai,Oct,27.7,72.2,1006.7,9.8,38.0,0.0,0
Mumbai,Jul,29.2,91.7,1009.4,18.1,83.7,24.2,1
Mumbai,Nov,27.9,70.8,1011.6,11.8,54.3,1.4,0
Pune,Sep,28.1,73.0,1000.6,26.9,49.2,39.4,1
Hyderabad,Mar,24.2,44.1,1008.7,11.5,43.5,0.0,0
Lucknow,Sep,30.0,60.0,1008.8,13.8,70.2,0.0,0
Lucknow,Feb,18.6,62.5,1011.6,4.7,6.0,4.5,0
Hyderabad,Mar,26.4,48.9,1006.3,8.2,20.5,0.0,0
Chennai,Aug,34.4,66.8,1011.7,8.5,36.9,0.0,0
Guwahati,Oct,25.4,75.5,1011.5,3.5,30.4,0.0,0
Kochi,Sep,30.8,88.7,1009.4,14.0,75.8,0.5,1
Chennai,Oct,23.3,91.0,1007.0,12.5,85.5,10.9,1
Pune,Sep,28.5,70.1,1007.9,18.5,65.0,0.0,1
Lucknow,Jun,29.4,60.4,1009.8,15.2,0.0,0.0,0
Hyderabad,Feb,17.1,55.8,1012.4,21.1,47.6,0.0,0
Delhi,May,28.4,51.9,1012.8,7.8,15.7,0.0,0
Kochi,Jun,29.7,97.5,1006.2,21.9,100.0,6.7,1
Kolkata,Apr,26.8,79.3,1013.1,17.0,53.6,0.8,0
Kolkata,Jul,31.5,99.2,1001.2,15.4,80.0,3.3,1
Ahmedabad,Dec,23.5,55.1,1009.9,14.2,27.6,7.6,0
Mumbai,Sep,27.3,96.4,1007.2,12.7,80.6,10.2,0
Guwahati,Mar,20.6,67.6,1013.0,12.7,16.6,0.4,0
Jaipur,Aug,30.8,68.0,1006.9,19.3,51.2,0.0,0
Pune,Apr,26.8,58.8,1007.9,8.0,36.8,0.0,0
Pune,Sep,29.4,71.4,1005.0,15.5,87.6,7.5,0
Kochi,Jul,31.5,100.0,1001.4,14.4,95.1,11.1,1
Chennai,Mar,25.3,72.5,1013.0,14.6,27.0,0.0,0
Kolkata,Mar,26.0,67.6,1008.1,14.5,13.1,0.0,0
Guwahati,Aug,24.4,94.1,1000.3,12.8,91.2,11.1,1
Bengaluru,Feb,15.2,47.7,1005.5,9.6,0.0,0.0,0
Chennai,Dec,19.5,100.0,1004.2,28.1,71.8,0.0,1
Kolkata,Dec,22.3,82.7,1010.7,19.7,46.5,0.4,0
Mumbai,Jun,30.5,91.0,1007.9,12.7,61.6,0.0,0
Chennai,Oct,32.1,96.7,1003.2,16.7,88.0,3.2,1
Bengaluru,Apr,22.2,63.4,1012.3,6.1,33.6,0.0,0
Mumbai,Mar,22.5,54.2,1006.8,14.8,15.6,0.0,0
Ahmedabad,Jul,32.8,70.9,1005.5,44.3,49.2,3.7,0
Lucknow,Oct,30.2,51.1,1012.2,6.3,7.7,1.5,0
Delhi,Oct,23.6,35.5,1015.5,5.3,19.7,0.5,0
Kolkata,Apr,26.5,71.3,1010.4,12.8,5.0,0.0,0
Hyderabad,Jul,29.6,63.9,1001.8,16.7,49.0,10.4,1
Kochi,Aug,30.2,100.0,1002.3,19.6,80.9,29.9,1
Kochi,Sep,28.1,76.4,1009.4,16.2,75.3,4.1,0
Kochi,Feb,21.7,63.3,1007.4,7.8,28.9,0.5,0
Chennai,Jan,23.7,72.7,1012.9,10.1,36.0,0.0,0
Jaipur,Jun,34.6,44.9,1010.8,10.9,3.1,0.0,0
Pune,May,30.0,40.0,1004.2,8.3,14.2,0.5,0
Chennai,Sep,35.8,75.2,1006.5,18.3,45.0,0.0,0
Mumbai,Jun,34.7,96.9,1006.0,19.2,77.5,0.0,1
Delhi,Mar,22.4,46.0,1012.5,16.2,42.4,0.0,0
Ahmedabad,Dec,20.4,35.6,1011.3,9.4,29.8,0.0,0
Lucknow,Apr,23.5,48.0,1009.5,8.1,44.2,0.2,0
Chennai,Oct,24.4,79.4,1004.0,12.0,65.1,0.0,1
Kochi,Dec,20.6,65.3,1006.7,7.5,34.3,0.0,0
Chennai,Dec,21.4,100.0,1004.6,10.3,76.5,0.0,1
Kolkata,Mar,21.6,69.5,1012.0,11.8,34.2,0.5,0
Mumbai,Apr,26.8,71.0,1016.8,36.8,2.1,0.0,0
Delhi,Mar,22.2,56.1,1012.4,22.7,25.9,0.0,0
Lucknow,Sep,29.0,66.6,1009.4,5.8,47.6,0.0,0
Pune,Jan,17.3,55.7,1011.9,11.6,32.8,0.0,0
Bengaluru,Sep,24.3,88.9,1012.9,11.6,100.0,5.4,1
Lucknow,Sep,26.0,68.2,1008.8,8.6,45.0,7.5,0
Lucknow,Feb,19.3,43.4,1011.7,5.3,20.5,0.7,0
Jaipur,Dec,20.8,41.3,1016.1,16.8,11.1,0.0,0
Chennai,Sep,36.9,76.1,1016.6,25.0,33.5,0.0,0
Kochi,Jan,18.1,69.1,1008.4,6.9,21.9,0.0,0
Kolkata,Aug,29.3,100.0,1003.2,11.8,97.4,3.7,1
Kolkata,Dec,21.1,69.7,1011.6,6.9,14.6,0.0,0
Lucknow,Oct,22.9,60.1,1013.5,8.3,34.2,0.0,0
Kolkata,Oct,27.9,68.9,1008.9,6.5,56.6,5.8,0
Ahmedabad,May,29.2,54.5,1010.6,8.9,22.3,0.0,0
Guwahati,Jan,18.4,74.4,1005.5,11.6,33.0,3.2,0
Jaipur,Aug,31.3,56.5,1008.4,25.6,54.2,0.4,0
Mumbai,Aug,29.6,98.7,1004.5,41.0,74.6,0.4,1
Mumbai,Dec,21.1,72.8,1014.1,30.4,51.0,5.4,0
Jaipur,Apr,27.2,37.7,1008.5,12.6,21.2,0.0,0
Bengaluru,Aug,26.3,80.9,1000.9,13.8,72.7,0.0,1
Chennai,Jul,32.4,60.2,1008.3,4.7,17.3,0.0,0
Kolkata,Mar,26.6,71.4,1010.9,4.1,26.6,0.0,0
Lucknow,Jan,18.7,40.9,1015.3,11.2,3.7,0.0,0
Kolkata,Jul,30.5,94.0,1007.1,14.1,94.4,0.0,1
Jaipur,Oct,27.8,57.1,1009.5,7.9,24.0,0.0,0
Bengaluru,Jun,26.5,72.0,1005.5,12.0,66.7,0.0,0
Chennai,Sep,33.9,68.5,1008.8,4.0,17.8,0.0,0
Pune,Nov,22.9,62.3,1010.2,13.5,12.5,0.0,0
Kochi,Feb,17.8,80.5,1009.2,7.6,21.3,8.9,0
Mumbai,Jan,20.3,74.6,1007.6,21.9,0.0,0.0,0
Mumbai,Jan,16.2,79.6,1013.3,3.5,11.8,0.0,0
Guwahati,Jun,26.8,100.0,1003.9,27.0,100.0,3.2,1
Hyderabad,May,27.9,53.8,1012.2,31.8,34.0,0.0,0
Chennai,Oct,29.8,87.8,1003.0,13.3,64.0,13.1,1
Lucknow,Dec,19.5,58.9,1010.5,7.0,11.7,0.0,0
Jaipur,May,28.0,27.5,1010.9,21.7,5.7,1.6,0
Lucknow,Aug,28.8,77.2,1006.7,23.1,69.3,0.3,0
Pune,Feb,18.0,61.2,1009.9,9.4,13.4,0.0,0
Pune,May,29.1,65.5,1007.1,8.9,26.0,0.0,0
Jaipur,Nov,26.3,63.1,1010.0,9.7,23.3,0.0,0
Hyderabad,Sep,24.8,67.5,1002.3,20.3,80.0,3.2,0
Chennai,Feb,21.5,74.4,1013.5,7.2,6.8,0.0,0
Ahmedabad,Apr,30.0,56.6,1008.8,5.0,14.0,0.5,0
Jaipur,Jun,33.6,35.4,1005.3,10.9,6.1,0.0,0
Mumbai,Sep,28.6,82.8,1008.4,17.5,97.2,4.3,1
Chennai,Feb,21.9,70.8,1015.3,13.5,20.3,0.0,0
Mumbai,Aug,28.4,100.0,1006.3,38.1,86.1,13.9,1
Chennai,Apr,34.8,67.4,1012.0,13.0,17.3,0.0,0
Hyderabad,Aug,26.4,79.8,1001.7,7.8,79.9,39.1,1
Mumbai,Dec,21.8,72.8,1011.2,8.8,33.0,0.0,0
Chennai,Oct,23.1,97.0,1007.8,35.4,63.4,7.6,1
Guwahati,Jul,28.3,100.0,1009.1,13.2,84.2,0.0,0
Pune,Aug,29.4,77.4,1005.1,15.8,98.1,0.0,0
Bengaluru,Jul,28.2,85.7,1006.7,27.1,62.6,10.1,1
Kochi,Jan,18.1,76.6,1006.3,10.5,40.8,0.2,0
Hyderabad,Sep,27.5,80.5,1006.0,17.8,100.0,39.1,1
Pune,Nov,22.6,51.3,1010.8,5.9,31.6,0.0,0
Chennai,Jun,35.1,65.0,1010.3,30.0,10.0,0.0,0
Guwahati,Apr,28.7,75.4,1007.4,1.5,9.2,0.0,0
Kolkata,May,33.2,70.0,1009.0,8.9,46.2,0.0,0
Kolkata,Sep,25.3,100.0,1005.8,17.6,90.1,2.7,0
Lucknow,Oct,26.0,37.3,1003.2,14.7,33.2,3.3,0
Guwahati,May,26.3,92.1,1002.1,14.4,66.6,0.0,0
Hyderabad,Nov,24.0,59.6,1009.6,11.4,4.0,1.3,0
Mumbai,Oct,27.8,96.6,1001.7,7.8,61.3,0.0,0
Lucknow,Feb,19.8,47.0,1008.8,16.0,11.6,0.1,0
Delhi,Dec,19.7,50.4,1014.2,4.1,28.7,0.0,0
Bengaluru,Feb,22.5,54.1,1015.6,15.3,22.8,0.0,0
Lucknow,May,29.9,63.0,1011.8,12.9,17.4,1.8,0
Chennai,May,34.7,56.6,1014.6,18.2,22.8,2.2,0
Kolkata,Aug,28.3,98.5,1004.9,18.1,100.0,12.5,1
Hyderabad,Aug,31.1,82.3,1007.6,35.9,68.5,1.7,1
Chennai,Dec,19.6,100.0,1007.7,15.0,96.3,2.5,1
Bengaluru,Nov,20.0,69.0,1008.1,6.5,23.5,0.0,0
Kolkata,Aug,29.1,97.2,1004.4,19.5,94.3,5.7,1
Delhi,Apr,24.1,54.6,1007.5,11.7,6.2,0.0,0
Mumbai,Apr,29.5,78.2,1013.3,13.7,50.7,0.0,0
Lucknow,Feb,20.5,57.1,1009.6,7.8,28.0,0.0,0
Lucknow,Jul,29.7,63.8,1007.0,12.8,84.1,0.0,0
Guwahati,Mar,23.1,82.0,1004.3,3.9,43.0,0.0,0
Lucknow,Mar,23.4,50.5,1008.5,10.0,19.8,0.0,0
Delhi,Apr,19.7,62.5,1009.1,15.2,34.1,0.0,0
Jaipur,Dec,17.0,53.3,1009.3,6.9,11.6,0.0,0
Lucknow,Nov,23.2,41.4,1009.6,9.4,12.5,0.0,0
Hyderabad,Jul,31.6,68.4,1008.2,6.3,46.6,14.4,0
Mumbai,Nov,24.5,53.5,1006.6,15.6,9.0,2.1,0
Pune,Aug,28.2,87.6,1002.1,11.7,68.1,45.5,1
Lucknow,Dec,21.1,61.3,1014.1,6.6,17.4,3.6,0
Ahmedabad,Jul,35.8,71.6,1009.4,18.1,42.5,3.6,0
Jaipur,Apr,24.7,38.7,1012.0,26.4,30.4,0.0,0
Jaipur,Aug,30.8,53.3,1005.0,16.4,59.8,6.8,0
Jaipur,Aug,26.7,66.6,1004.0,16.9,67.0,11.7,1
Delhi,Nov,22.4,60.6,1007.0,4.4,7.3,0.0,0
Hyderabad,Apr,27.9,47.1,1006.4,14.0,22.7,0.0,0
Jaipur,Jul,30.9,70.4,1008.3,16.7,64.1,0.0,0
Mumbai,Jan,15.9,59.1,1010.8,25.5,40.1,0.0,0
Mumbai,Sep,28.0,90.3,1003.9,16.8,86.7,13.2,1
Bengaluru,May,25.1,75.0,1007.5,17.8,61.7,15.9,1
Kochi,Dec,19.3,67.3,1007.9,33.1,13.9,0.0,0
Ahmedabad,Sep,27.9,51.2,1005.1,17.4,60.4,0.0,0
Kochi,Jul,26.6,100.0,1003.0,24.3,100.0,13.9,1
Hyderabad,Jun,36.4,62.0,1008.0,9.1,39.5,0.0,0
Jaipur,Feb,24.6,57.7,1015.9,16.1,0.0,0.0,0
Pune,Oct,24.9,54.5,1010.1,7.8,25.6,0.0,0
Kochi,Oct,25.0,100.0,1000.9,21.6,65.3,1.6,1
Pune,Sep,28.2,66.7,1002.4,16.7,40.1,3.3,1
Hyderabad,Feb,22.7,59.2,1009.2,6.9,29.0,0.0,0
Ahmedabad,May,30.6,55.8,1014.0,7.9,17.6,0.0,0
Pune,May,29.3,50.3,1009.9,6.3,19.2,0.0,0
Hyderabad,Feb,18.1,58.0,1011.3,16.1,13.8,0.0,0
Lucknow,May,28.8,44.1,1007.3,8.3,0.0,0.0,0
Pune,Feb,24.9,56.7,1008.5,4.0,34.8,2.6,0
Kolkata,Jun,30.9,93.6,1003.3,9.3,83.9,6.1,1
Lucknow,Apr,27.1,52.0,1009.9,4.6,11.0,0.0,0
Kolkata,Oct,22.9,89.1,1008.4,16.0,51.0,0.0,0
Kochi,Jan,24.9,71.8,1010.0,11.6,8.7,0.0,0
Kochi,Feb,23.8,69.5,1005.4,29.1,19.6,0.0,0
Kochi,Jul,31.8,95.0,1004.4,19.4,100.0,16.2,1
Hyderabad,Jan,20.0,45.3,1010.3,13.9,33.8,0.0,0
Mumbai,Feb,19.1,74.7,1005.3,2.8,18.5,0.0,0
Jaipur,Jun,32.1,31.5,1011.3,25.5,1.5,0.0,0
Kochi,Dec,20.2,69.2,1005.0,10.7,5.7,1.1,0
Guwahati,Feb,17.7,65.4,1007.5,14.4,22.8,6.3,0
Hyderabad,Jun,34.6,61.3,1011.2,9.4,36.8,0.0,0
Kolkata,Aug,29.4,100.0,1001.1,13.9,100.0,0.0,0
Lucknow,Oct,25.6,34.0,1012.3,12.3,0.0,0.0,0
Lucknow,Aug,29.6,66.5,1000.0,10.1,29.8,0.1,0
Delhi,Sep,26.3,69.5,1002.4,10.1,50.8,0.0,0
Lucknow,Jan,19.9,68.7,1013.0,22.1,33.4,0.0,0
Ahmedabad,May,33.1,66.1,1007.3,15.6,27.1,0.0,0
Mumbai,Mar,26.1,56.0,1008.1,6.7,15.1,0.0,0
Jaipur,Nov,27.1,51.3,1011.7,11.0,19.1,0.0,0
Hyderabad,Aug,32.2,73.7,1005.6,8.7,86.1,26.3,1
Kochi,Feb,20.9,80.1,1009.7,9.5,20.6,0.0,0
Ahmedabad,Sep,28.9,56.1,1002.6,7.8,56.8,0.0,0
Ahmedabad,Mar,22.2,51.2,1010.7,15.3,19.6,0.0,0
Chennai,Nov,22.2,82.6,1004.9,16.6,97.1,2.2,0
Bengaluru,Jan,15.6,53.7,1011.9,23.4,32.9,0.0,0
Bengaluru,Nov,23.1,58.2,1006.3,5.7,20.1,0.0,0
Ahmedabad,Oct,23.0,32.0,1006.6,8.9,23.7,0.0,0
Bengaluru,Mar,23.4,46.4,1013.0,14.3,24.5,0.0,0
Hyderabad,Jun,31.8,47.5,1008.9,6.3,39.3,0.0,0
Guwahati,Apr,28.7,78.9,1003.7,8.8,48.0,0.3,0
Chennai,Nov,17.2,98.6,1002.4,22.7,98.9,0.0,1
Delhi,Jul,25.5,79.6,1003.4,14.4,76.2,0.0,1
Chennai,Aug,32.1,85.5,1007.8,7.1,33.5,0.0,1
Delhi,Apr,21.7,49.5,1011.7,19.1,45.8,0.0,0
Kochi,Dec,22.9,75.2,1009.0,14.3,27.1,0.0,0
Bengaluru,Aug,27.7,95.4,1002.9,20.8,42.0,20.4,1
Mumbai,Nov,22.7,77.6,1007.9,10.6,32.8,0.0,0
Hyderabad,Jun,31.3,56.9,1013.0,12.6,8.4,1.1,0
Bengaluru,Jun,26.8,71.8,1004.6,12.9,52.6,0.0,1
Lucknow,Jan,14.6,65.0,1003.5,37.1,25.3,0.0,0
Jaipur,Mar,25.7,42.9,1006.5,12.3,2.3,0.0,0
Kochi,May,30.9,90.2,1004.5,9.3,36.8,0.0,0
Ahmedabad,Apr,29.3,48.9,1005.1,18.0,2.1,0.0,0
Kolkata,Jul,27.6,100.0,1002.2,18.0,77.2,11.3,1
Mumbai,May,31.5,52.8,1009.9,16.2,26.1,0.0,0
Kochi,Dec,24.1,75.0,1013.2,11.1,4.7,0.0,0
Mumbai,Feb,22.3,82.6,1008.5,19.2,16.2,0.0,0
Hyderabad,Aug,29.1,72.8,1005.4,10.8,96.3,0.0,1
Mumbai,Dec,18.8,82.1,1010.4,11.9,10.2,0.0,0
Chennai,Nov,19.9,100.0,1002.3,12.0,100.0,0.7,1
Lucknow,Mar,23.3,55.7,1007.8,10.2,0.0,0.0,0
Delhi,Jul,33.9,56.5,1005.0,18.3,89.0,0.0,1
Chennai,Jun,34.3,77.5,1006.7,7.8,25.6,0.0,0
Kochi,Aug,32.8,96.8,1006.6,21.2,85.2,26.4,1
Guwahati,Jun,27.1,100.0,1008.4,41.8,93.0,42.9,1
Chennai,Jul,37.8,75.3,1008.2,5.1,37.7,0.0,0
Pune,Jul,32.1,65.7,1005.4,24.8,73.7,12.9,1
Pune,May,30.1,53.4,1014.1,6.4,45.8,0.0,0
Hyderabad,Nov,26.0,43.0,1011.2,4.1,17.9,0.0,0
Bengaluru,Nov,20.5,66.8,1007.3,2.1,39.8,0.0,0
Bengaluru,Aug,25.8,72.1,1006.5,10.6,68.0,0.0,0
Kochi,Apr,26.2,89.8,1007.0,14.7,7.3,0.5,0
Mumbai,Jan,20.5,62.2,1010.7,3.5,7.9,0.0,0
Guwahati,Nov,22.4,67.7,1013.1,15.9,19.7,0.0,0
Kochi,Jan,22.1,92.5,1010.1,10.6,55.3,0.0,0
Guwahati,May,23.7,87.6,1007.7,17.6,67.1,0.0,1
Ahmedabad,Sep,27.5,58.4,1008.5,22.9,50.1,0.0,0
Mumbai,Aug,29.6,95.4,1002.7,18.3,59.8,0.0,1
Lucknow,Apr,24.6,52.5,1006.1,4.5,45.1,0.0,0
Guwahati,May,27.2,88.6,1011.1,6.4,60.9,6.5,0
Guwahati,Feb,18.3,70.0,1013.5,9.5,42.9,0.0,0
Guwahati,Apr,24.4,89.9,1003.3,11.9,56.4,0.0,0
Pune,Mar,20.3,65.0,1012.3,6.9,56.4,5.0,0
Chennai,Aug,37.0,67.4,1010.5,3.4,0.0,0.0,0
Delhi,May,27.7,44.6,1010.5,27.7,26.2,0.0,0
Bengaluru,Dec,20.3,51.1,1011.8,8.0,17.0,0.0,0
Hyderabad,Dec,20.8,69.2,1008.8,19.2,36.5,0.0,0
Chennai,Nov,20.8,100.0,1006.5,26.4,63.4,10.0,1
Kochi,Jan,20.1,81.2,1011.6,8.2,28.0,5.6,0
Delhi,Aug,25.3,67.9,1009.4,15.7,100.0,2.9,1
Delhi,Dec,17.9,42.7,1009.6,23.3,17.5,0.0,0
Kolkata,Feb,21.9,70.5,1012.2,9.3,9.6,0.0,0
Chennai,Jun,35.9,84.1,1012.2,11.8,50.1,14.7,0
Kochi,Jul,29.5,100.0,1004.3,26.6,85.4,0.0,1
Delhi,Nov,25.0,34.1,1010.7,17.5,0.0,0.0,0
Jaipur,Dec,18.2,47.9,1010.6,10.2,51.8,0.0,0
Hyderabad,Jun,32.1,70.2,1003.7,24.5,25.4,0.0,1
Chennai,Apr,30.8,60.0,1010.9,5.3,19.2,0.6,0
Guwahati,Oct,22.4,74.9,1006.8,7.1,23.7,2.6,0
Jaipur,May,32.3,30.1,1009.1,3.6,37.6,0.0,0
Delhi,Nov,23.2,63.5,1010.0,18.0,0.0,1.3,0
Kochi,Jan,18.1,72.1,1011.9,12.1,21.2,4.2,0
Delhi,Sep,26.6,63.4,1007.8,23.5,44.1,19.0,0
Ahmedabad,Jul,36.0,57.3,1004.8,12.8,53.8,2.4,0
Hyderabad,Jun,35.8,65.4,1006.3,12.0,14.0,0.0,0
Chennai,Apr,30.7,69.1,1011.5,12.3,34.3,0.0,0
Kolkata,Nov,27.2,78.6,1012.7,11.1,43.5,0.0,0
Guwahati,Jan,19.6,71.9,1014.4,9.1,5.7,0.0,0
Jaipur,Jul,30.1,59.2,1007.3,9.5,71.5,9.7,0
Ahmedabad,Jul,30.9,93.8,1001.6,10.7,43.7,0.0,1
Chennai,Oct,23.7,94.6,1005.8,13.7,57.8,19.2,1
Chennai,Aug,35.4,47.3,1008.7,14.0,3.8,1.2,0
Chennai,Jul,37.4,68.2,1009.3,24.3,53.8,0.0,1
Chennai,Mar,28.0,83.3,1011.5,15.1,38.6,0.0,0
Kolkata,Jan,16.6,80.8,1010.9,14.8,32.3,0.0,1
Delhi,Aug,28.5,71.5,1009.5,23.0,86.4,1.5,0
Hyderabad,Mar,21.7,54.5,1005.5,6.0,15.9,0.0,0
Delhi,Aug,28.0,70.1,1005.2,11.4,73.4,8.3,1
Mumbai,Apr,28.1,79.7,1007.4,7.7,6.4,2.1,0
Pune,Sep,24.6,85.7,1004.6,45.1,52.8,5.1,0
Guwahati,Mar,22.9,58.1,1011.5,4.3,35.7,0.0,0
Guwahati,May,23.8,93.3,1006.7,12.5,46.1,0.0,0
Kochi,Apr,30.2,75.1,1015.2,18.6,23.3,0.0,0
Kolkata,Sep,28.6,97.5,1005.4,22.4,80.7,21.9,1
Jaipur,Jun,36.1,43.1,1014.3,6.5,27.2,0.0,0
Lucknow,Jul,31.4,84.2,1000.2,19.6,77.3,1.6,1
Chennai,Jun,37.2,78.1,1006.8,22.3,53.1,0.0,0
Lucknow,Feb,17.8,52.8,1011.9,12.7,12.9,0.0,0
Mumbai,Dec,20.7,75.6,1011.8,4.5,32.2,0.6,0
Kolkata,May,36.3,66.7,1003.6,14.8,10.2,0.0,0
Pune,Oct,27.2,63.7,1009.4,11.5,13.4,2.5,0
Ahmedabad,Jun,32.2,53.7,1012.0,2.0,19.3,0.0,0
Guwahati,Nov,24.0,81.8,1011.9,6.4,24.2,0.0,0
Chennai,Mar,27.8,75.6,1012.7,13.4,54.0,0.0,0
Guwahati,Mar,23.4,85.7,1009.6,13.6,23.0,0.0,0
Hyderabad,Aug,32.0,82.3,1004.2,37.5,62.0,0.0,1
Pune,Apr,29.9,44.8,1010.6,0.7,23.1,0.0,0
Ahmedabad,Jan,21.4,42.3,1008.3,17.9,0.0,0.0,0
Pune,Jul,28.2,71.8,999.8,15.1,78.4,11.5,1
Lucknow,Dec,19.5,40.3,1008.8,2.0,4.7,0.0,0
Lucknow,Oct,26.2,42.6,1009.1,4.6,11.0,0.0,0
Jaipur,May,35.3,41.7,1012.8,9.9,40.9,0.0,0
Kochi,Jun,29.3,96.2,1005.0,28.1,100.0,23.4,1
Guwahati,Sep,23.0,100.0,1007.6,17.4,77.8,3.9,1
Mumbai,Jan,20.0,73.4,1011.7,5.6,23.6,1.9,0
Hyderabad,Mar,22.9,51.9,1013.3,4.5,25.8,0.0,0
Jaipur,Apr,23.9,30.0,1011.8,5.1,27.3,0.0,0
Kochi,Feb,21.6,77.0,1011.7,7.2,11.6,0.0,0
Guwahati,Jan,18.7,68.1,1009.3,16.4,31.3,0.0,0
Chennai,Jan,21.6,63.9,1011.8,12.0,17.8,0.0,0
Jaipur,Feb,21.2,33.6,1009.4,18.3,3.5,0.0,0
Jaipur,Mar,23.4,51.3,1016.0,18.0,27.4,0.0,0
Kolkata,Feb,23.8,71.5,1010.8,7.7,0.7,3.5,0
Lucknow,May,29.1,64.1,1013.2,10.7,46.7,0.0,0
Bengaluru,Mar,24.4,67.4,1012.4,37.8,8.8,1.3,0
Pune,Jan,20.6,52.6,1010.9,3.7,6.8,0.0,0
Chennai,Dec,21.1,82.5,1005.7,41.8,62.5,1.0,1
Chennai,Jan,24.0,75.7,1010.2,14.7,57.8,0.2,0
Lucknow,Sep,25.0,68.5,1008.4,20.3,36.3,2.3,0
Mumbai,Jan,19.3,73.2,1008.9,9.2,60.5,0.0,0
Delhi,May,29.9,53.9,1008.1,3.3,11.0,0.0,0
Kolkata,Sep,25.3,93.1,1003.7,12.5,75.3,1.6,1
Chennai,Jul,39.1,64.1,1009.0,6.1,61.3,0.0,0
Kolkata,Sep,26.6,82.7,1005.5,13.6,89.4,0.0,0
Hyderabad,Jun,32.5,50.8,1005.1,19.4,36.0,0.0,0
Hyderabad,Mar,23.3,54.2,1011.2,10.7,15.8,0.0,0
Guwahati,Aug,27.0,96.4,1003.1,24.8,90.2,0.0,1
Jaipur,Sep,26.1,60.4,1010.6,13.1,58.9,0.0,0
Chennai,Jun,34.8,77.6,1010.6,9.5,37.6,0.0,0
Kolkata,Jun,28.3,89.4,1002.5,15.7,81.5,0.0,1
Kochi,Jun,29.8,95.7,1003.1,15.1,93.6,0.0,1
Mumbai,Apr,28.0,77.2,1010.1,17.5,58.7,0.0,0
Lucknow,Jun,30.2,49.3,1008.9,29.6,11.2,0.9,0
Guwahati,Jan,17.9,59.2,1006.7,13.1,0.0,5.3,0
Guwahati,Sep,25.2,100.0,1002.8,19.9,100.0,0.0,1
Lucknow,Nov,20.6,52.8,1006.8,11.2,11.6,0.0,0
Pune,Jun,28.4,78.1,1001.0,13.2,75.2,19.4,1
Jaipur,Jul,32.7,61.2,1005.0,10.4,59.4,5.6,0
Delhi,Mar,22.6,44.6,1015.0,7.8,38.8,0.8,0
Pune,Aug,30.3,83.7,1009.4,29.0,58.1,5.3,0
Kochi,Feb,22.2,72.6,1013.2,12.3,15.8,0.0,0
Chennai,Mar,23.4,62.3,1005.0,14.6,48.8,3.2,0
Kochi,May,29.7,84.7,1003.4,32.1,57.6,3.0,1
Lucknow,Apr,23.3,66.3,1009.5,13.8,62.4,0.5,0
Kolkata,Dec,21.5,86.5,1009.9,26.4,23.5,0.3,0
Jaipur,Mar,23.5,32.4,1008.2,12.3,11.4,0.0,0
Lucknow,Sep,30.5,71.8,1004.7,33.7,69.4,0.0,0
Kochi,Nov,26.0,75.5,1007.8,0.7,22.2,0.0,0
Jaipur,Aug,29.6,65.0,1007.4,35.1,52.8,0.0,0
Jaipur,Mar,22.2,37.6,1008.9,8.1,23.9,0.3,0
Kolkata,Apr,30.3,76.0,1009.0,13.3,39.1,0.7,0
Mumbai,May,34.2,83.8,1012.2,9.8,36.5,2.2,0
Guwahati,Jul,25.5,100.0,1003.0,31.1,95.9,8.3,1
Lucknow,Jul,30.1,77.2,1003.8,10.5,87.8,0.0,1
Chennai,Dec,19.1,100.0,1009.1,11.2,65.9,1.5,0
Pune,Nov,20.9,69.4,1009.0,6.4,30.5,0.0,0
Pune,Mar,23.8,50.6,1008.7,26.2,38.0,0.0,0
Mumbai,Feb,24.0,55.2,1010.6,5.1,11.3,0.0,0
Kolkata,Jul,31.7,88.0,1004.7,22.0,43.1,21.0,1
Bengaluru,Jul,27.8,77.7,1006.0,10.4,57.8,9.1,0
Hyderabad,Apr,27.0,70.2,1006.1,8.7,36.6,4.2,0
Bengaluru,Aug,26.7,87.1,1006.7,18.4,82.9,6.7,1
Chennai,Dec,20.7,96.2,1008.7,16.7,94.8,4.3,1
Lucknow,Nov,22.0,55.3,1007.8,11.8,13.0,0.0,0
Ahmedabad,May,34.8,58.9,1008.4,2.2,17.5,0.0,0
Kochi,Jul,29.1,99.7,1004.6,15.5,100.0,20.4,1
Jaipur,Oct,25.4,31.0,1013.0,18.0,34.0,0.0,0
Hyderabad,Oct,27.5,52.0,1007.3,30.3,39.7,0.0,0
Jaipur,Jan,17.5,58.4,1009.2,21.7,24.0,0.0,1
Jaipur,Jun,31.4,48.8,1013.7,13.5,33.2,0.4,0
Jaipur,Feb,24.4,44.6,1010.9,9.6,37.9,0.0,0
Jaipur,Aug,31.0,62.5,1006.6,19.5,54.9,4.7,0
Ahmedabad,Apr,30.7,50.2,1006.1,10.3,18.3,0.0,0
Kolkata,Aug,26.0,93.8,994.8,12.9,78.2,6.3,1
Bengaluru,Oct,23.1,81.2,1003.5,13.1,94.4,2.1,0
Jaipur,Dec,19.5,44.1,1007.4,8.5,29.2,1.4,0
Kolkata,May,28.2,64.1,1012.1,6.3,0.0,0.0,0
Kochi,Oct,24.7,88.3,1007.9,9.4,62.9,0.0,1
Kochi,Mar,27.5,94.7,1013.2,2.1,33.8,0.0,0
Mumbai,Sep,29.1,92.2,1008.3,25.5,92.3,4.6,1
Bengaluru,Mar,20.2,67.6,1004.5,22.1,36.7,0.0,0
Jaipur,May,31.9,56.4,1009.7,27.1,37.3,0.0,0
Bengaluru,Feb,22.8,58.9,1011.7,22.3,62.3,0.0,0
Chennai,Jun,36.6,71.2,1008.0,24.8,30.3,0.0,0
Pune,Apr,25.9,32.0,1006.5,3.7,21.1,1.3,0
Kolkata,Apr,29.4,66.4,1009.5,10.7,4.2,0.0,0
Pune,Jan,18.5,67.5,1011.5,14.1,43.9,0.0,0
Kolkata,Aug,27.7,100.0,1004.8,15.8,68.0,0.0,0
Guwahati,Sep,21.2,100.0,1004.5,15.8,70.9,6.3,1
Ahmedabad,Dec,22.5,48.5,1009.5,27.2,22.6,0.0,0
Chennai,Dec,22.5,83.6,1001.9,17.5,88.6,0.0,0
Mumbai,Feb,21.1,64.4,1005.5,21.2,22.4,0.0,0
Bengaluru,Dec,14.6,70.4,1011.3,7.1,40.7,4.3,0
Bengaluru,Sep,27.0,79.4,1003.0,17.1,76.3,0.0,1
Kochi,Mar,27.1,85.0,1014.8,6.4,51.3,0.0,0
Guwahati,Sep,26.1,86.6,1004.2,17.4,91.4,6.1,1
Kolkata,Mar,22.8,68.6,1009.0,7.0,14.7,0.0,0
Hyderabad,Mar,21.3,40.9,1005.5,3.7,13.9,0.8,0
Guwahati,Apr,23.8,67.0,1010.7,19.4,45.9,0.0,0
Mumbai,Aug,30.3,93.4,1005.0,17.3,83.5,19.1,1
Hyderabad,Feb,21.7,62.4,1008.1,12.1,14.3,3.0,0
Chennai,Nov,24.0,84.3,1006.1,22.3,82.0,5.1,1
Mumbai,Sep,29.7,83.8,999.7,16.5,57.8,0.0,0
Kochi,Aug,30.0,89.6,1004.3,23.5,86.5,2.8,1
Bengaluru,Feb,14.1,66.5,1010.5,4.3,19.6,0.0,0
Chennai,Feb,25.3,66.0,1006.7,6.2,23.8,0.0,0
Chennai,Sep,35.0,77.9,1007.6,12.2,7.5,0.0,0
Bengaluru,Nov,21.4,70.0,1007.3,16.3,41.0,0.0,0
Guwahati,Sep,25.0,100.0,1006.3,29.4,100.0,0.0,1
Delhi,Jul,30.6,54.1,1001.4,17.1,73.8,5.7,1
Pune,Dec,23.9,30.0,1011.9,8.4,8.5,0.0,0
Kolkata,May,31.4,76.7,1010.4,22.7,14.8,0.0,0
Pune,Sep,26.8,71.2,1007.3,17.1,81.3,3.8,0
Ahmedabad,Mar,23.3,39.5,1003.5,7.9,0.0,0.0,0
Ahmedabad,Sep,32.1,61.3,1007.3,12.1,16.4,2.9,0
Hyderabad,Mar,22.3,58.9,1007.7,13.8,18.2,0.0,0
Lucknow,Oct,26.4,55.8,1014.7,9.7,42.8,0.8,0
Jaipur,Mar,23.3,40.7,1011.8,22.7,40.1,0.0,0
Guwahati,Jun,27.4,100.0,1010.2,11.2,91.9,11.7,1
Lucknow,Nov,22.2,50.9,1011.7,13.1,24.8,0.0,0
Guwahati,Nov,24.1,75.8,1011.7,8.8,15.8,3.9,0
Bengaluru,Jan,18.5,53.5,1011.4,4.6,24.3,0.0,0
Hyderabad,Aug,27.7,71.1,1005.0,10.9,72.3,1.4,1
Ahmedabad,Oct,29.3,53.8,1013.4,9.4,15.9,0.4,0
Chennai,Sep,34.5,63.1,1011.1,8.2,52.9,0.0,0
Hyderabad,May,30.7,59.7,1010.7,3.3,11.4,0.0,0
Guwahati,Dec,18.3,74.1,1006.6,9.6,9.9,0.0,0
Pune,Sep,28.0,80.7,1009.4,8.5,54.3,0.0,1
Chennai,Jan,21.3,69.4,1011.2,3.6,16.4,0.1,0
Pune,Apr,25.5,57.3,1011.9,13.8,19.8,0.0,0
Guwahati,Nov,21.6,83.7,1005.7,9.6,0.0,2.1,0
Guwahati,Jul,28.6,100.0,1004.9,18.6,100.0,11.0,1
Kolkata,Feb,23.8,70.8,1013.0,10.6,32.4,7.1,0
Pune,Oct,24.4,74.5,1013.3,10.8,42.6,4.1,0
Lucknow,Jun,31.7,42.9,1007.8,11.1,0.0,0.0,0
Mumbai,Dec,22.5,81.6,1010.9,27.2,16.9,0.0,0
Lucknow,Apr,27.4,49.1,1006.4,8.6,37.2,0.0,0
Mumbai,Sep,28.7,91.2,1006.6,11.1,70.3,41.8,1
Kochi,Mar,26.9,72.9,1010.6,10.6,27.6,0.0,0
Lucknow,Apr,25.5,54.1,1009.6,18.8,32.6,2.0,0
Jaipur,Jul,29.3,58.9,1009.1,16.9,99.2,0.7,0
Bengaluru,Nov,19.9,46.0,1010.2,14.5,11.8,0.0,0
Kolkata,Feb,23.4,71.0,1009.8,45.0,26.5,0.0,0
Pune,Jul,30.5,91.4,1005.7,15.8,100.0,17.0,1
Mumbai,Jan,25.1,72.2,1011.7,22.9,27.3,0.0,0
Guwahati,Jul,26.8,77.3,1006.5,10.6,100.0,26.5,1
Ahmedabad,Mar,26.4,56.9,1004.7,7.4,26.0,0.0,0
Jaipur,Jun,33.3,31.7,1016.5,12.7,0.0,0.0,0
Bengaluru,Dec,17.7,75.1,1009.0,23.5,60.8,1.0,0
Mumbai,Oct,27.8,97.8,1008.2,8.6,11.3,0.0,0
Delhi,Aug,23.0,66.0,1002.3,15.6,84.8,1.7,1
Kochi,Mar,21.5,87.5,1005.6,12.2,37.3,0.0,0
Guwahati,Jun,26.8,91.3,1003.9,16.5,74.7,0.6,1
Kolkata,Nov,22.0,78.2,1011.8,2.0,33.8,0.0,0
Delhi,Mar,24.4,42.6,1007.2,24.8,50.5,0.0,0
Kochi,Apr,28.9,72.2,1007.6,4.8,19.4,0.0,0
Bengaluru,Oct,21.4,73.5,1007.6,35.6,71.1,9.7,0
Jaipur,May,28.2,42.6,1010.5,12.7,23.8,0.0,0
Hyderabad,Jul,29.2,79.6,1009.1,28.0,43.4,9.7,0
Jaipur,Aug,28.6,59.1,1004.8,22.5,81.4,35.3,1
Chennai,Oct,30.0,97.7,1006.9,14.0,70.6,38.3,1
Delhi,Nov,21.0,64.3,1005.0,14.9,36.6,0.0,0
Guwahati,Aug,29.7,93.9,1005.6,19.0,88.7,29.0,1
Guwahati,Aug,28.4,100.0,1001.1,21.6,67.7,4.5,1
Lucknow,Jan,16.8,56.9,1006.2,6.0,10.8,0.0,0
Chennai,Nov,25.8,94.8,1002.2,32.4,81.5,20.7,1
Ahmedabad,Sep,31.7,43.6,1006.6,7.7,18.4,13.0,0
Ahmedabad,Apr,25.6,30.7,1006.2,11.2,0.0,0.0,0
Kolkata,Jun,29.9,85.5,1007.2,46.1,62.8,0.0,1
Kolkata,Dec,20.2,52.7,1007.9,6.0,17.6,0.0,0
Lucknow,Apr,26.7,62.3,1009.9,17.3,27.8,0.0,0
Kolkata,Dec,20.4,66.5,1013.8,20.7,22.6,0.0,0
Ahmedabad,Oct,25.8,49.2,1011.3,3.4,8.2,0.0,0
Jaipur,Feb,21.8,37.2,1005.0,8.6,23.8,0.0,0
Guwahati,Jan,16.4,69.1,1005.4,9.9,53.6,4.4,0
Jaipur,Sep,26.7,44.8,1010.2,4.5,56.7,0.0,0
Lucknow,Jan,22.1,56.9,1014.6,19.4,44.2,0.2,0
Kochi,May,29.7,94.0,1009.1,15.3,51.0,8.6,1
Mumbai,Apr,29.8,69.7,1006.6,1.3,34.8,0.0,0
Bengaluru,Oct,22.1,63.3,1001.8,13.4,80.2,11.2,1
Kochi,Apr,27.8,87.9,1008.7,4.5,24.0,0.0,0
Mumbai,Oct,27.9,75.0,1008.0,18.0,51.1,0.0,0
Guwahati,May,27.8,83.8,1009.8,16.6,74.5,6.9,1
Delhi,May,29.3,32.6,1005.4,9.0,29.2,0.0,0
Jaipur,Nov,25.0,52.1,1010.4,5.2,16.5,0.0,0
Bengaluru,Nov,20.2,58.8,1009.4,7.2,12.7,0.0,0
Lucknow,Mar,20.7,41.0,1011.7,16.9,5.1,0.0,0
Delhi,Apr,29.3,39.9,1012.5,3.6,30.3,0.0,0
Kochi,Jul,33.4,100.0,999.0,14.6,97.6,18.7,1
Mumbai,Sep,29.9,100.0,1005.4,10.6,94.7,7.5,1
Hyderabad,Jan,21.1,66.2,1010.7,9.2,37.1,0.0,0
Ahmedabad,Sep,27.5,70.3,1007.3,13.8,44.5,0.0,0
Ahmedabad,Mar,27.2,57.0,1011.2,8.8,36.1,0.0,0
Guwahati,Jan,15.2,83.0,1012.9,7.2,29.3,0.0,0
Chennai,May,33.3,85.5,1004.6,22.7,23.5,0.0,0
Hyderabad,Nov,23.5,49.3,1013.3,8.8,8.5,0.0,0
Mumbai,Mar,23.6,64.8,1016.5,34.5,13.1,5.3,0
Bengaluru,Dec,15.8,71.3,1014.2,16.7,24.4,2.6,0
Bengaluru,Nov,19.8,62.1,1012.9,13.2,45.9,0.0,0
Chennai,Jan,22.2,65.2,1008.3,9.6,28.8,0.0,0
Hyderabad,May,28.6,43.3,1012.1,19.7,39.8,0.0,0
Chennai,Aug,36.2,70.8,1009.2,21.9,37.1,0.0,0
Hyderabad,Oct,25.0,51.0,1008.7,20.7,48.0,17.1,1
Ahmedabad,May,33.9,44.2,1011.0,7.7,19.7,1.5,0
Kochi,Nov,23.4,77.9,1007.4,6.9,45.1,0.0,0
Hyderabad,Jul,31.5,67.5,1008.8,17.7,52.2,20.3,0
Kolkata,Aug,26.4,95.4,1001.0,28.5,97.7,1.5,1
Ahmedabad,Nov,25.1,58.8,1009.3,6.2,35.9,2.1,0
Jaipur,Mar,24.9,33.5,1006.7,10.7,20.3,4.1,0
Delhi,Jan,20.1,61.4,1010.0,11.9,50.5,1.9,0
Ahmedabad,Dec,24.9,45.8,1018.1,6.3,38.1,2.3,0
Delhi,Sep,27.7,70.3,1009.7,16.6,67.7,0.0,0
Pune,May,29.0,46.4,1008.6,19.4,4.5,0.0,0
Chennai,Apr,32.1,65.9,1004.2,5.1,32.9,0.0,0
Delhi,Apr,24.0,44.0,1010.7,10.4,3.9,0.0,0
Chennai,Dec,22.8,96.0,1003.4,17.2,100.0,0.0,1
Bengaluru,Jun,28.0,77.9,1015.5,18.3,65.7,0.0,0
Pune,Aug,29.3,83.2,1005.0,12.8,78.2,0.0,1
Kochi,Jul,30.2,93.8,1008.0,20.3,77.1,7.7,1
Chennai,Sep,34.0,66.4,1006.7,21.6,12.4,0.0,0
Chennai,Apr,30.1,65.4,1003.0,11.4,23.7,0.0,0
Mumbai,Oct,30.3,86.0,1006.1,7.3,38.3,16.4,0
Bengaluru,Dec,19.8,64.8,1009.2,4.3,16.6,0.0,0
Kochi,Sep,30.3,93.2,1006.7,22.7,78.9,5.7,0
Lucknow,Nov,21.9,52.9,1010.8,10.2,19.8,0.0,0
Kolkata,Nov,22.7,74.9,1009.3,11.1,28.6,4.3,0
Jaipur,Mar,25.1,40.1,1015.0,11.4,17.1,4.1,0
Lucknow,Feb,18.7,51.9,1010.9,22.6,26.6,0.0,0
Guwahati,Mar,19.7,64.7,1010.3,6.6,31.7,0.0,0
Kolkata,May,34.4,62.3,1011.5,4.4,12.5,0.0,0
Lucknow,Apr,27.3,66.4,1008.2,10.7,50.3,0.0,0
Kolkata,Jun,31.6,100.0,1000.7,22.6,77.6,0.0,1
Guwahati,Oct,21.8,89.9,1007.1,16.2,29.0,0.0,0
Guwahati,Aug,26.6,89.0,1004.2,21.1,74.1,6.4,0
Bengaluru,Dec,19.6,55.2,1012.9,9.5,33.1,0.0,0
Kochi,Jul,30.7,100.0,1003.8,17.7,100.0,0.0,1
Hyderabad,May,29.9,55.6,1007.9,13.5,37.2,0.0,0
Jaipur,Mar,29.5,37.6,1014.8,30.9,28.1,0.0,0
Kochi,May,29.9,85.1,1005.7,15.2,42.2,2.7,0
Delhi,Jun,30.5,65.7,1011.9,0.6,19.8,0.0,0
Kochi,Dec,24.9,73.4,1010.7,11.4,5.8,2.8,0
Hyderabad,Jul,30.8,65.3,1000.4,10.9,52.5,0.0,0
Kochi,Dec,19.8,91.9,1004.5,11.3,49.7,0.0,1
Pune,Jul,29.0,67.5,1002.2,33.1,68.4,22.5,1
Mumbai,Jan,21.8,75.1,1009.6,14.1,21.4,0.7,0
Kolkata,Apr,27.7,66.9,1012.9,2.6,10.8,0.0,0
Jaipur,Oct,26.7,38.7,1007.4,17.7,23.2,0.0,0
Pune,Aug,27.4,87.1,1011.7,12.5,69.8,22.5,1
Lucknow,Apr,28.0,47.9,1013.6,16.6,19.4,0.0,0
Ahmedabad,Jul,30.0,64.5,1009.7,30.6,75.8,0.0,1
Lucknow,May,31.0,58.7,1005.8,17.3,12.5,6.0,0
Jaipur,Jan,18.5,28.4,1008.2,3.4,19.9,0.0,0
Jaipur,Oct,25.1,52.2,1004.7,10.7,30.7,0.0,0
Ahmedabad,Dec,24.0,40.6,1008.1,5.6,23.8,0.0,0
Jaipur,Feb,22.5,29.2,1012.3,20.5,34.6,0.0,0
Bengaluru,Dec,18.6,69.1,1010.1,2.6,28.7,4.7,0
Lucknow,Feb,20.3,62.6,1018.0,16.3,1.6,0.0,0
Mumbai,Jul,31.3,91.5,1002.8,25.9,73.1,0.0,1
Lucknow,Oct,26.2,43.1,1015.0,4.3,31.1,0.0,0
Delhi,May,30.4,42.8,1008.0,24.2,0.0,0.0,0
Ahmedabad,Mar,23.7,52.0,1010.9,21.4,22.1,0.0,0
Kolkata,Jul,30.6,100.0,1008.2,23.6,83.2,0.0,1
Mumbai,Nov,24.8,57.2,1010.7,15.9,28.3,0.9,0
Pune,Jan,16.3,49.0,1010.8,10.3,23.7,0.0,0
Delhi,Jun,31.6,40.2,1009.0,4.6,22.0,0.0,0
Ahmedabad,Jan,19.1,44.0,1016.3,15.3,35.1,0.0,0
Bengaluru,Feb,18.4,54.0,1008.9,6.3,9.6,1.0,0
Kochi,Dec,24.2,93.0,1011.6,2.5,51.6,0.0,0
Pune,Dec,18.9,52.6,1015.8,1.6,15.3,0.0,0
Pune,Jan,17.5,56.9,1010.7,10.1,12.7,0.0,0
Guwahati,Nov,20.3,80.6,1010.5,3.2,17.4,0.0,0
Kolkata,May,25.5,83.7,1010.5,5.7,47.8,0.0,0
Kolkata,Jan,19.3,73.8,1014.2,13.9,16.2,2.9,0
Bengaluru,Sep,22.0,81.2,1004.1,19.1,74.5,0.0,0
Jaipur,Aug,29.8,70.2,1008.7,14.1,75.0,6.4,1
Hyderabad,Oct,26.6,82.3,1010.5,19.6,45.5,0.0,0
Ahmedabad,Jan,21.6,67.7,1011.9,3.2,23.9,1.0,0
Bengaluru,Jun,25.4,76.7,1004.6,12.4,55.8,4.1,1
Chennai,Feb,24.5,62.2,1007.1,1.2,0.0,0.0,0
Mumbai,Jul,34.9,100.0,1007.0,20.4,87.0,0.0,1
Delhi,Jan,16.4,57.8,1007.4,6.6,35.0,0.9,0
Bengaluru,Aug,27.1,77.0,1004.7,23.6,33.1,0.0,0
Lucknow,Feb,20.4,58.4,1013.2,25.3,59.1,0.3,0
Jaipur,Mar,23.5,49.6,1012.0,22.9,9.6,0.0,0
Bengaluru,Oct,19.7,87.3,1005.2,23.6,78.4,0.1,1
Guwahati,Aug,30.5,100.0,1004.2,19.4,100.0,2.5,1
Lucknow,Jan,18.6,37.7,1009.2,23.2,9.7,0.0,0
Hyderabad,Oct,24.1,68.5,1008.2,7.3,19.3,0.0,0
Mumbai,Jan,21.4,53.2,1007.6,19.6,20.4,0.6,0
Kolkata,Feb,21.2,85.0,1008.6,17.5,21.3,0.0,0
Kolkata,Jul,30.8,94.1,1000.8,26.5,96.7,3.0,1
Pune,Apr,27.3,62.8,1011.3,12.1,5.8,0.3,0
Delhi,Feb,19.4,40.0,1008.0,10.7,26.0,0.0,0
Pune,Feb,20.3,49.2,1008.2,9.9,41.3,0.0,0
Delhi,Sep,26.5,60.4,1010.4,33.9,52.1,0.0,0
Mumbai,Mar,24.7,62.5,1003.0,19.7,21.5,0.0,0
Pune,Nov,24.5,61.0,1009.1,27.7,36.3,0.0,0
Bengaluru,Nov,19.8,56.1,1012.0,8.1,29.8,0.0,0
Pune,May,31.4,59.5,1010.2,16.9,26.6,4.0,0
Kochi,Dec,20.3,82.4,1008.6,7.5,31.6,0.0,0
Kolkata,Feb,20.5,84.7,1009.4,6.6,16.9,0.6,0
Jaipur,May,31.9,44.5,1006.7,14.9,6.8,0.4,0
Kolkata,Sep,25.0,100.0,1001.8,25.6,89.0,29.5,0
Guwahati,Oct,23.3,89.5,1009.6,6.7,26.3,4.7,0
Delhi,Feb,18.9,56.4,1010.6,10.3,22.2,3.0,0
Guwahati,Jun,28.2,93.5,1009.2,19.2,68.4,0.0,0
Kolkata,Jan,19.9,81.6,1005.1,7.0,54.9,0.0,0
Chennai,Oct,28.4,75.9,1006.9,23.7,76.3,0.0,0
Chennai,May,33.1,73.4,1011.0,12.6,18.2,0.0,0
Kochi,Mar,24.6,80.5,1010.5,12.4,37.0,0.0,0
Bengaluru,Feb,15.5,57.5,1006.1,5.7,34.4,0.0,0
Bengaluru,Nov,20.0,65.5,1011.9,12.0,20.8,0.0,0
Guwahati,Nov,22.6,67.0,1016.8,15.7,9.6,0.0,0
Guwahati,Apr,27.3,82.5,1009.7,14.5,16.1,0.0,1
Lucknow,Feb,18.5,57.3,1008.0,5.6,15.9,0.0,0
Delhi,Aug,26.9,62.7,1006.0,21.9,66.6,4.7,0
Chennai,Sep,33.2,64.5,1011.4,6.2,52.9,0.0,0
Jaipur,Mar,20.5,33.4,1006.3,3.8,14.3,0.0,0
Hyderabad,Sep,26.5,90.5,1007.4,10.6,93.3,0.0,1
Guwahati,Mar,23.1,76.8,1005.4,20.6,16.5,0.0,0
Pune,Feb,19.6,62.2,1010.0,13.1,21.1,0.0,0
Kolkata,Apr,28.5,77.0,1010.6,10.1,44.3,0.3,0
Lucknow,Sep,28.3,79.1,1009.5,21.5,63.4,0.0,1
Bengaluru,Aug,24.7,68.3,1009.3,21.1,58.3,17.6,0
Mumbai,Feb,21.0,61.4,1011.8,8.1,14.3,0.1,0
Bengaluru,Jan,14.9,70.4,1007.3,18.0,13.9,0.1,0
Kochi,Dec,22.9,86.8,1006.8,13.3,3.1,1.1,0
Lucknow,Sep,23.8,60.4,1006.9,12.7,64.9,3.6,1
Ahmedabad,Jun,31.6,41.6,1009.2,17.8,28.2,0.0,0
Guwahati,Mar,20.3,73.7,1014.5,20.3,19.5,0.0,0
Kolkata,Aug,28.8,90.5,1002.1,15.3,70.2,18.9,1
Guwahati,Feb,19.9,62.6,1015.0,10.8,0.0,0.2,0
Guwahati,May,27.0,86.9,1007.5,14.8,48.4,0.0,0
Guwahati,Jun,27.2,100.0,1005.4,18.6,69.7,10.5,1
Ahmedabad,Nov,27.3,46.3,1008.7,9.3,44.7,4.0,0
Delhi,Mar,19.3,35.0,1010.4,6.1,16.4,0.0,0
Guwahati,Jun,26.5,86.1,1001.9,14.9,75.6,17.4,1
Mumbai,Nov,23.5,76.1,1008.3,12.7,45.3,3.4,0
Bengaluru,May,25.7,81.0,1015.1,23.2,70.7,2.1,0
Mumbai,Apr,30.1,73.3,1017.4,14.0,38.0,0.0,0
Chennai,Oct,29.9,74.4,1006.6,11.9,88.3,1.4,1
Bengaluru,Jul,28.3,68.3,1006.9,30.3,53.9,0.0,1
Mumbai,Jan,16.9,65.7,1010.7,16.9,21.2,0.0,0
Bengaluru,Oct,22.4,84.9,1006.9,17.2,100.0,0.0,1
Kolkata,Jul,27.9,100.0,999.8,17.9,86.7,8.6,1
Pune,Jun,26.9,62.1,1004.0,13.0,42.0,0.0,0
Delhi,Apr,21.6,36.7,1008.6,9.3,39.9,0.0,0
Jaipur,Apr,26.1,38.3,1015.8,6.8,32.5,0.0,0
Pune,Jul,32.0,82.4,998.8,16.8,83.9,5.8,1
Delhi,Aug,29.0,64.7,1007.8,20.0,67.0,7.9,1
Ahmedabad,Feb,22.6,46.8,1010.7,20.7,36.7,0.0,0
Hyderabad,Jun,32.7,60.9,1008.3,11.0,28.0,0.0,0
Bengaluru,Jun,30.1,81.5,1002.8,15.1,73.3,0.0,0
Bengaluru,Dec,18.0,69.0,1009.9,9.6,18.8,0.0,0
Guwahati,Aug,28.5,96.9,1003.2,18.9,98.3,0.0,1
Chennai,Oct,30.8,87.5,1002.8,22.7,94.9,5.7,1
Bengaluru,Dec,18.9,66.8,1007.9,12.3,22.4,0.0,0
Kochi,Jul,29.9,100.0,1007.2,11.9,100.0,9.0,1
Guwahati,Jun,27.9,99.5,1002.5,16.8,85.2,0.0,1
Jaipur,Jun,32.8,45.6,1007.3,8.8,14.7,0.0,0
Chennai,Mar,25.5,67.4,1009.2,13.7,14.9,0.0,0
Kolkata,Aug,26.7,100.0,1004.2,14.4,66.7,0.0,1
Kolkata,Nov,26.7,70.8,1011.6,9.4,40.0,0.0,0
Kochi,Jul,29.6,100.0,1005.4,13.3,91.2,37.1,1
Pune,Nov,22.9,62.1,1015.1,11.5,36.8,3.9,0
Ahmedabad,Jun,35.5,52.4,1012.2,6.0,32.3,0.0,0
Guwahati,Mar,20.7,79.3,1009.8,18.1,15.0,0.0,0
Chennai,Nov,23.4,89.4,1007.6,17.0,100.0,26.2,1
Pune,May,29.4,53.7,1006.0,20.1,4.7,0.0,0
Guwahati,Feb,18.4,55.3,1012.4,7.9,22.9,0.0,0
Lucknow,May,30.8,40.1,1011.6,10.0,24.9,0.2,0
Jaipur,Dec,21.5,42.3,1011.4,19.5,22.5,0.0,0
Lucknow,Aug,29.6,96.5,1007.7,10.6,60.5,5.3,0
Mumbai,Apr,26.7,88.9,1011.3,11.3,29.5,0.0,0
Bengaluru,May,24.5,68.7,1011.0,28.1,36.2,0.0,0
Kochi,Jul,31.8,86.5,1007.7,11.1,100.0,25.3,0
Mumbai,Dec,19.8,70.9,1008.1,31.5,23.8,0.0,1
Delhi,Jun,36.2,56.3,1007.2,21.7,38.6,1.4,0
Chennai,Jan,23.9,61.5,1012.8,7.4,17.7,0.0,0
Bengaluru,Feb,18.2,66.3,1011.5,8.1,42.8,0.0,0
Delhi,Aug,26.7,66.3,1003.7,7.8,67.4,1.4,1
Delhi,Jun,34.7,44.2,1011.7,11.0,40.1,0.0,0
Hyderabad,Jan,22.0,53.6,1009.6,13.1,24.3,0.3,0
Kochi,Feb,19.8,84.9,1007.9,5.4,25.5,0.0,0
Guwahati,Mar,23.0,72.3,1006.6,5.6,21.4,0.0,0
Ahmedabad,Aug,31.6,69.9,1005.5,14.6,59.7,2.7,1
Hyderabad,Oct,24.4,70.7,1007.7,15.4,50.6,21.1,0
Kolkata,Apr,26.7,73.4,1013.1,41.5,27.4,0.0,0
Kolkata,Sep,24.8,91.5,998.9,36.6,89.7,10.5,1
Hyderabad,Aug,30.2,70.1,1004.3,9.0,66.6,0.0,0
Hyderabad,Nov,24.6,65.4,1008.2,7.1,15.3,0.0,0
Chennai,Jan,24.3,56.0,1007.0,18.8,5.6,0.0,0
Kolkata,Apr,27.7,79.5,1009.4,24.9,35.6,0.0,0
Pune,Aug,24.8,83.7,1002.7,19.3,77.0,23.2,1
Mumbai,Apr,28.6,80.3,1008.8,5.5,20.0,0.0,0
Ahmedabad,Oct,31.3,45.1,1009.2,3.7,28.3,1.4,0
Guwahati,Mar,22.6,76.4,1006.9,5.1,46.8,0.2,0
Bengaluru,Jul,27.7,84.2,1007.7,15.0,60.5,2.0,0
Mumbai,Jun,27.6,82.0,1002.9,21.2,54.1,0.0,1
Lucknow,Dec,18.1,59.3,1006.5,7.0,17.2,0.0,0
Mumbai,Nov,24.7,63.7,1008.9,5.2,43.7,0.0,0
Chennai,Dec,23.5,100.0,1012.2,16.0,100.0,0.0,1
Delhi,Jul,28.7,64.8,1002.3,20.3,63.1,33.2,1
Chennai,Mar,26.7,78.8,1006.0,5.1,27.1,0.0,0
Lucknow,Jul,34.6,75.9,1003.7,19.1,67.9,0.0,0
Guwahati,Oct,29.1,75.1,1013.1,2.9,46.9,0.0,0
Mumbai,Dec,22.4,86.3,1005.1,12.4,49.3,1.5,0
Guwahati,Dec,18.9,61.6,1010.3,9.7,27.1,0.0,0
Kochi,Jun,27.2,98.8,1001.8,19.7,100.0,26.0,1
Hyderabad,Jan,17.8,42.3,1013.2,4.9,0.0,0.0,0
Mumbai,Mar,24.1,69.5,1010.1,10.6,15.3,0.0,0
Pune,Apr,25.2,48.9,1008.9,12.2,26.1,1.4,0
Hyderabad,Oct,22.7,45.7,1009.9,8.1,28.4,0.0,0
Ahmedabad,Aug,32.8,83.4,1002.7,17.0,54.3,0.0,0
Ahmedabad,Sep,31.4,57.5,1005.0,4.7,61.6,0.0,0
Ahmedabad,Mar,25.9,47.1,1006.3,10.3,33.3,0.0,0
Delhi,Jan,19.7,44.0,1013.5,3.0,22.7,0.5,0
Pune,Feb,17.5,54.6,1002.3,16.3,34.1,0.0,0
Hyderabad,Apr,27.1,48.9,1007.4,6.3,27.8,2.6,0
Ahmedabad,Aug,34.3,62.1,1001.5,14.4,85.7,2.1,1
Chennai,Sep,31.7,70.8,1006.3,10.7,43.5,0.0,0
Chennai,Jan,20.6,38.2,1008.7,9.6,30.9,0.0,0
Delhi,Apr,23.1,60.6,1005.5,13.2,46.4,0.0,0
Delhi,Aug,27.6,66.2,1008.3,10.9,62.1,0.1,0
Lucknow,Sep,27.9,66.0,1009.0,10.4,74.7,3.5,0
Hyderabad,Apr,26.3,67.4,1009.4,4.3,49.2,0.0,0
Chennai,Jan,25.5,65.7,1012.3,19.6,38.6,0.0,0
Hyderabad,Oct,26.2,47.1,1013.6,10.4,23.8,18.9,0
Mumbai,Dec,16.3,55.0,1011.6,10.2,33.7,0.0,0
Pune,Sep,26.1,68.7,1004.2,8.0,75.3,8.1,0
Kolkata,Jan,18.5,66.5,1011.6,17.9,18.2,0.0,0
Mumbai,Sep,29.3,85.5,1008.2,25.6,100.0,21.5,1
Pune,Jun,32.5,73.0,1005.4,10.7,95.1,0.0,0
Chennai,Oct,28.8,98.3,1008.0,9.9,78.6,0.0,1
Jaipur,Apr,26.7,44.2,1008.3,11.4,0.0,4.7,0
Lucknow,Aug,30.9,80.9,1006.2,11.6,72.0,3.9,1
Pune,Feb,20.1,45.7,1012.6,9.4,35.7,0.0,0
Hyderabad,Aug,30.6,77.4,1008.7,21.7,71.9,39.5,1
Jaipur,May,31.8,57.5,1009.7,8.5,26.5,0.0,0
Chennai,Jun,33.2,64.2,1007.5,27.5,34.3,0.0,0
Kolkata,Dec,21.7,77.1,1007.0,13.4,46.8,0.0,0
Mumbai,Oct,28.2,75.0,1010.6,14.8,34.9,4.9,0
Chennai,May,31.2,69.4,1006.8,29.9,2.0,0.0,0
Hyderabad,Oct,22.5,68.9,1004.0,19.6,79.9,0.0,1
Kolkata,May,30.2,81.6,1012.5,21.2,28.3,0.0,0
Bengaluru,Jan,17.0,67.2,1009.3,8.0,0.0,0.0,0
Guwahati,Mar,23.4,80.8,1012.0,28.2,31.9,1.8,0
Hyderabad,Nov,25.4,49.5,1011.9,11.2,41.7,0.0,0
Hyderabad,Feb,20.9,72.6,1006.5,40.4,52.7,0.5,0
Bengaluru,Jul,31.7,95.0,1004.5,8.9,63.9,31.6,1
Mumbai,Jun,33.4,100.0,997.0,19.8,72.1,5.9,1
Lucknow,Mar,20.2,44.9,1014.6,12.8,21.0,4.5,0
Ahmedabad,Nov,23.3,37.0,1007.2,8.0,6.4,0.0,0
Guwahati,May,31.8,77.1,1002.5,17.8,63.5,3.0,0
Chennai,Jul,39.8,66.5,1007.1,4.3,20.5,2.3,0
Delhi,May,28.7,48.6,1007.2,10.4,24.0,0.0,0
Kolkata,Nov,25.9,62.9,1004.3,8.4,53.9,0.0,0
Chennai,Oct,28.5,92.6,1009.9,18.9,100.0,0.0,1
Hyderabad,May,29.7,55.4,1009.0,18.9,16.3,6.7,0
Guwahati,May,27.1,82.4,1003.6,14.6,59.3,1.6,1
Chennai,Nov,23.5,91.2,999.5,20.8,94.7,8.1,1
Kolkata,Apr,26.9,62.7,1006.4,9.4,0.0,3.1,0
Pune,Jun,27.9,63.9,1007.8,19.7,73.2,0.0,0
Guwahati,Dec,16.9,94.2,1008.8,2.0,32.3,0.0,0
Pune,Feb,20.5,58.6,1010.2,8.7,0.0,0.0,0
Chennai,Nov,23.1,93.1,1000.1,14.3,100.0,4.5,1
Mumbai,Oct,25.7,90.0,1013.2,14.4,46.7,0.0,0
Bengaluru,Nov,23.8,55.3,1011.4,5.2,39.4,2.3,0
Chennai,Oct,24.0,100.0,1008.1,17.3,77.0,3.0,1
Mumbai,Jun,29.8,91.4,1006.1,13.8,63.6,79.5,1
Hyderabad,Jun,36.3,52.8,1011.4,15.0,42.4,0.0,0
Ahmedabad,Jun,35.2,56.7,1003.0,13.1,39.1,0.0,0
Jaipur,Sep,31.4,51.1,1006.3,12.4,45.1,1.7,0
Kolkata,Jul,29.8,88.4,1003.9,23.1,100.0,3.5,1
Lucknow,Feb,18.9,40.9,1001.3,11.2,0.0,0.0,0
Bengaluru,Apr,24.6,60.5,1011.4,11.8,28.9,0.0,0
Mumbai,Oct,26.6,92.6,1006.1,17.8,50.8,0.0,0
Kochi,Jun,31.5,100.0,999.5,14.3,100.0,0.9,1
Jaipur,May,31.4,35.0,1006.8,4.7,26.1,0.0,0
Kochi,Sep,26.8,100.0,1003.6,17.3,64.3,16.2,1
Guwahati,Jul,25.5,100.0,1002.9,17.3,80.7,2.7,1
Bengaluru,Sep,24.9,85.6,1002.7,25.6,65.9,11.7,1
Pune,Feb,17.9,72.0,1007.1,5.7,46.5,0.5,0
Jaipur,Mar,25.8,49.1,1008.7,1.6,32.1,0.0,0
Lucknow,Nov,21.5,42.7,1005.8,12.9,34.5,0.0,0
Bengaluru,Mar,21.7,64.7,1011.6,8.2,15.3,0.0,0
Guwahati,Jul,25.3,88.2,1006.5,18.6,96.7,0.0,1
Guwahati,Oct,27.4,74.5,1011.5,8.2,22.1,1.8,0
Mumbai,May,32.7,50.6,1007.3,18.5,23.9,0.0,0
Kolkata,Dec,23.2,79.2,1011.1,4.8,57.7,2.7,0
Jaipur,Aug,28.9,60.4,1009.0,37.6,71.8,5.1,0
Ahmedabad,May,30.5,42.6,1007.2,8.9,0.0,2.2,0
Hyderabad,Sep,27.9,84.6,1005.5,10.3,56.4,3.2,1
Jaipur,Aug,29.9,64.4,1004.2,14.3,60.3,0.0,0
Guwahati,Jul,26.4,99.0,997.2,19.0,99.0,9.9,1
Delhi,Jul,29.0,77.0,1004.3,24.4,58.5,14.8,1
Kolkata,Aug,31.4,100.0,1006.3,23.5,74.4,0.0,1
Delhi,Jul,30.3,69.9,1003.5,11.4,61.5,12.4,0
Delhi,Mar,23.2,62.4,1011.8,13.6,20.6,0.0,0
Lucknow,Jul,31.3,77.8,1005.2,16.8,97.2,0.0,1
Delhi,Nov,22.2,46.5,1010.7,4.9,6.2,1.3,0
Guwahati,Nov,21.4,73.0,1007.9,12.6,21.9,0.0,0
Hyderabad,Nov,21.9,60.6,1013.3,3.0,23.1,0.0,0
Hyderabad,Dec,20.4,37.1,1003.6,11.1,0.0,0.0,0
Bengaluru,Sep,23.2,94.8,1007.0,15.0,67.9,0.0,1
Chennai,Dec,22.3,92.9,1006.1,15.1,66.4,2.2,1
Mumbai,Dec,19.8,55.6,1006.7,17.0,23.1,0.0,0
Mumbai,Aug,29.5,90.8,1005.5,24.0,98.0,0.9,1
Bengaluru,May,23.9,76.0,1011.8,17.1,41.6,3.2,0
Ahmedabad,Sep,33.5,45.9,1007.5,42.6,38.9,2.9,0
Mumbai,Jan,22.8,82.6,1015.1,18.3,40.0,0.0,0
Chennai,May,34.1,63.9,1010.2,12.7,28.7,0.0,0
Kochi,Feb,16.7,78.6,1011.6,9.4,18.6,0.0,0
Pune,Mar,22.4,58.8,1012.5,14.6,21.7,4.8,0
Mumbai,Jul,32.6,94.8,1001.9,24.2,100.0,35.4,1
Chennai,Jun,36.9,66.7,1010.2,11.7,51.2,0.0,0
Hyderabad,Dec,20.9,60.0,1010.6,4.2,34.5,0.0,0
Bengaluru,Aug,27.7,82.4,1002.9,11.7,51.9,8.0,1
Guwahati,Aug,31.6,100.0,1007.7,25.4,72.4,7.6,1
Ahmedabad,Jan,22.2,44.1,1013.6,12.0,19.0,0.0,0
Delhi,Jul,33.0,62.0,1005.5,14.9,68.8,7.3,1
Ahmedabad,Jan,23.6,46.5,1009.4,4.7,26.6,0.0,0
Pune,Apr,30.0,49.1,1003.5,22.2,1.6,0.0,0
Kochi,Sep,32.6,98.8,1012.4,27.5,78.7,0.0,1
Pune,Jul,29.7,73.3,1003.1,10.6,97.8,0.0,1
Ahmedabad,Aug,33.4,64.1,1005.0,31.2,41.1,10.0,0
Guwahati,May,27.4,87.6,1003.6,12.6,51.0,1.5,0
Hyderabad,Feb,18.4,55.6,1006.7,30.2,14.4,0.8,0
Kochi,Jun,31.6,100.0,1009.2,13.0,98.3,1.1,1
Delhi,Jun,28.3,42.4,1006.4,11.9,5.9,0.5,0
Hyderabad,Aug,29.0,75.2,1011.4,19.3,83.5,2.1,1
Lucknow,Oct,24.7,59.1,1011.0,10.9,30.6,0.0,0
Delhi,Jul,28.6,72.9,1005.8,15.4,74.2,0.0,1
Lucknow,Oct,28.6,67.0,1009.0,10.6,30.1,0.3,0
Ahmedabad,Feb,21.6,39.3,1005.4,7.7,14.9,0.0,0
Chennai,Apr,30.5,63.9,1015.1,19.7,21.3,0.0,0
Jaipur,Sep,30.6,30.7,1010.2,24.5,51.7,0.0,0
Pune,Dec,20.5,68.3,1009.6,3.1,41.9,0.0,0
Hyderabad,Feb,23.9,59.3,1012.9,1.9,37.3,1.5,0
Chennai,Dec,21.2,90.9,1000.4,12.9,77.7,19.0,1
Guwahati,Aug,28.2,94.0,1004.8,37.5,69.8,12.2,1
Kolkata,Feb,21.5,66.3,1006.4,12.3,43.7,0.0,0
Hyderabad,Dec,19.7,54.4,1010.7,5.6,17.2,0.0,0
Jaipur,Nov,21.7,35.9,1017.5,11.5,25.8,0.0,0
Pune,Feb,15.4,52.1,1006.2,6.5,1.9,0.0,0
Delhi,May,29.6,42.1,1012.4,8.2,0.0,0.0,0
Jaipur,Aug,32.9,55.1,1003.9,9.4,71.8,0.0,0
Kochi,Jul,29.2,100.0,1004.5,25.6,100.0,13.4,1
Kolkata,Mar,24.3,76.3,1012.5,5.3,20.3,0.0,0
Kochi,Jul,25.3,100.0,1003.7,30.1,100.0,13.9,1
Kochi,Jul,30.3,100.0,1003.4,10.3,63.5,15.2,1
Hyderabad,Jun,29.6,57.9,1010.0,6.9,14.8,0.0,0
Mumbai,Jul,31.0,100.0,1007.0,29.5,89.6,0.0,1
Mumbai,Mar,25.1,73.8,1012.3,6.8,27.2,13.3,0
Pune,May,29.2,62.2,1014.6,13.8,35.9,0.3,0
Chennai,Feb,23.8,68.1,1005.5,13.4,25.9,0.0,0
Pune,Nov,22.7,63.0,1009.2,15.3,13.4,0.0,0
Pune,May,28.2,49.2,1012.8,9.8,24.6,0.0,0
Chennai,Jun,38.2,59.1,1013.9,6.9,47.6,0.0,0
Lucknow,Jul,29.0,81.0,1005.8,12.3,50.6,0.2,0
Delhi,Jul,31.1,69.2,1003.9,18.7,57.5,0.0,0
Kolkata,Aug,28.9,100.0,1006.1,14.1,72.7,0.0,1
Bengaluru,Dec,18.3,61.1,1009.3,15.1,18.3,0.0,0
Kochi,Mar,22.0,82.3,1008.6,6.8,55.3,0.0,0
Lucknow,Jul,31.7,74.9,1009.1,25.2,66.0,2.6,0
Kochi,Jul,32.7,100.0,1008.7,18.9,82.4,2.9,1
Bengaluru,Aug,26.1,93.5,1007.0,18.8,63.4,21.6,1
Lucknow,Nov,21.4,53.0,1008.5,27.2,25.1,0.0,0
Ahmedabad,May,33.7,42.9,1011.1,14.5,19.6,0.0,0
Delhi,Jan,16.6,49.0,1011.3,14.1,28.1,1.6,0
Delhi,Jan,20.8,52.7,1012.1,5.0,35.6,0.0,0
Delhi,Apr,22.9,44.7,1012.1,10.3,25.2,2.4,0
Chennai,Mar,22.5,81.7,1012.2,18.4,33.9,1.4,0
Ahmedabad,Dec,19.1,56.0,1008.6,2.7,17.6,0.0,0
Ahmedabad,Apr,29.9,59.4,1009.4,5.2,58.0,0.0,0
Pune,Sep,28.5,77.2,1001.9,14.9,64.2,0.0,1
Kochi,Sep,30.9,86.4,1009.4,13.9,58.3,0.0,1
Pune,May,30.9,32.5,1007.1,2.8,8.5,0.0,0
Kolkata,Jul,28.8,100.0,999.4,14.1,83.7,11.9,1
Mumbai,Dec,21.1,66.3,1011.8,13.4,35.9,0.0,0
Kolkata,Jul,29.4,100.0,1003.7,19.1,85.4,0.0,0
Bengaluru,May,25.3,58.2,1008.5,9.2,66.3,0.4,0
Guwahati,Jan,16.4,80.6,1007.4,13.4,26.6,0.0,0
Lucknow,Jun,27.9,66.7,1006.6,14.5,36.4,0.0,0
Chennai,Oct,26.3,100.0,1006.1,10.4,76.7,7.3,1
Jaipur,Aug,33.2,61.9,1006.3,16.8,61.8,18.9,0
Jaipur,Nov,21.7,49.4,1011.1,14.9,32.2,0.0,0
Lucknow,Feb,17.7,43.2,1008.4,20.3,21.7,1.0,0
Delhi,Jul,24.9,62.2,1004.8,9.6,78.8,8.7,1
Mumbai,Jan,21.2,80.3,1009.7,21.6,16.5,0.0,0
Delhi,Sep,25.4,61.3,1004.6,21.5,49.9,0.0,0
Ahmedabad,Jan,17.8,35.3,1014.0,11.8,24.2,0.0,0
Mumbai,Mar,25.7,70.7,1009.4,14.3,23.7,0.0,0
Ahmedabad,Feb,22.8,50.8,1006.6,1.3,34.3,0.1,0
Hyderabad,May,30.2,29.5,1008.8,4.8,56.0,0.0,0
Chennai,Nov,27.1,97.0,1005.7,25.4,96.8,10.6,1
Pune,Dec,19.2,42.2,1007.3,5.1,38.8,0.0,0
Ahmedabad,Oct,25.8,40.2,1007.2,8.6,12.0,0.0,0
Chennai,Jun,38.2,58.3,1006.4,16.3,0.0,0.0,0
Bengaluru,Oct,19.9,92.4,1008.1,22.3,80.0,0.0,1
Delhi,Apr,26.5,39.0,1005.6,10.2,29.0,0.0,0
Bengaluru,Oct,20.1,68.7,1006.1,34.6,39.9,34.6,1
Delhi,May,29.7,58.5,1014.3,10.0,38.7,0.0,0
Jaipur,Nov,27.8,40.2,1011.9,2.6,17.2,0.0,0
Jaipur,Jun,31.4,35.3,1012.8,22.9,0.0,0.5,0
Bengaluru,May,29.8,71.7,1006.9,18.9,54.0,6.6,0
Kolkata,Aug,28.9,100.0,1008.6,23.8,88.3,2.4,1
Lucknow,Jan,22.0,48.6,1007.8,7.5,12.5,6.9,0
Chennai,Jul,35.2,70.6,1010.8,34.9,27.1,0.0,0
Bengaluru,Sep,25.3,98.1,1007.8,37.9,93.4,0.0,1
Guwahati,Apr,24.6,68.9,1011.1,11.6,34.3,3.7,0
Mumbai,Dec,23.3,64.3,1005.0,20.2,48.7,0.0,0
Pune,May,31.1,58.3,1010.8,26.3,31.7,2.5,0
Mumbai,Sep,24.5,79.5,1006.2,21.3,50.4,24.7,0
Lucknow,Aug,27.0,86.0,1006.2,22.8,76.7,15.4,1
Kolkata,Dec,20.1,60.8,1013.9,17.1,19.9,0.0,0
Jaipur,Jul,34.5,58.7,1002.8,16.9,39.1,0.0,0
Jaipur,Jun,33.4,55.8,1008.9,15.4,8.9,0.0,0
Hyderabad,Feb,22.7,58.8,1006.0,17.1,33.6,0.0,0
Kolkata,Mar,24.1,76.2,1006.4,15.6,27.6,0.0,0
Ahmedabad,Jan,22.5,40.2,1008.8,7.1,12.2,0.0,0
Lucknow,Mar,23.4,46.2,1011.0,2.3,18.1,0.0,1
Lucknow,Dec,18.1,63.5,1013.5,7.1,40.3,0.0,0
Jaipur,Apr,25.9,49.9,1007.7,3.6,41.8,3.9,0
Jaipur,Nov,23.1,52.4,1008.5,8.2,54.8,0.0,0
Lucknow,Sep,26.5,80.1,1007.1,11.5,40.4,1.3,0
Kochi,Nov,29.1,80.6,1008.0,23.8,17.0,0.0,0
Kochi,Apr,29.4,80.7,1012.4,14.2,40.0,2.7,0
Bengaluru,Jul,27.7,78.3,1003.2,8.9,73.6,12.2,1
Delhi,Aug,29.7,67.6,1004.3,37.6,56.0,0.0,1
Hyderabad,Oct,25.9,71.4,1011.0,14.0,82.4,0.3,0
Kolkata,Feb,18.8,69.1,1008.6,11.4,25.9,0.0,0
Jaipur,Jan,19.6,37.4,1008.1,5.6,6.7,2.1,0
Guwahati,Apr,24.1,84.2,1009.7,6.5,50.4,0.0,1
Pune,Sep,24.7,55.3,1008.3,12.5,42.6,7.9,0
Pune,Dec,18.0,57.5,1013.3,11.8,36.2,0.0,0
Jaipur,May,29.0,27.2,1015.3,7.6,16.6,0.0,0
Pune,Sep,26.8,76.5,1012.2,13.8,82.5,18.6,0
Hyderabad,Nov,26.2,57.1,1007.8,1.5,34.5,0.0,0
Kolkata,Jan,19.7,61.8,1004.7,13.4,7.2,0.0,0
Pune,Feb,18.6,49.1,1010.6,19.5,0.0,1.4,0
Delhi,Nov,19.9,47.9,1008.7,32.1,0.0,2.4,0
Kolkata,Oct,26.8,82.7,1010.9,17.6,38.9,0.1,0
Guwahati,Dec,19.9,74.3,1005.6,7.0,21.3,7.7,0
Jaipur,Oct,27.9,50.8,1010.7,31.4,29.2,0.3,0
Delhi,Jun,31.8,44.5,1013.2,31.5,26.9,0.0,0
Hyderabad,Oct,28.5,73.4,1010.9,11.1,44.7,0.4,0
Pune,Mar,22.5,52.6,1010.7,8.4,22.3,0.3,0
Chennai,Apr,27.5,73.4,1012.4,12.8,33.8,0.0,0
Kolkata,May,31.3,74.4,1003.4,8.7,41.1,0.0,0
Bengaluru,Sep,21.1,97.1,1011.0,31.4,91.8,0.0,1
Bengaluru,Nov,24.4,68.3,1008.7,9.4,8.3,0.0,0
Lucknow,Aug,31.2,66.8,1002.5,9.2,100.0,40.9,1
Kochi,Jan,21.8,76.7,1009.5,10.4,35.7,0.2,0
Kolkata,Dec,22.4,73.3,1010.6,4.2,47.5,2.6,0
Hyderabad,Dec,22.3,60.1,1005.7,9.6,9.3,0.0,0
Jaipur,Jun,32.0,42.3,1010.4,19.7,11.9,0.0,0
Delhi,Apr,24.3,47.8,1004.3,19.5,20.5,3.0,0
Delhi,Jan,19.1,50.7,1011.6,17.7,26.2,0.0,0
Chennai,Jul,37.0,66.2,1009.9,18.5,17.2,0.0,0
Mumbai,Nov,25.7,73.1,1011.1,13.7,6.9,0.1,0
Lucknow,Nov,22.1,55.1,1011.0,10.8,2.7,0.0,0
Chennai,Aug,35.0,71.7,1005.1,19.6,37.7,0.0,0
Jaipur,Jul,31.4,56.1,1004.4,10.3,72.2,0.0,0
Guwahati,Aug,31.9,100.0,1005.9,24.8,97.7,8.2,1
Delhi,Jan,17.7,58.5,1008.0,25.7,23.3,0.0,0
Hyderabad,Nov,24.7,61.2,1009.6,10.8,37.3,0.4,0
Delhi,Feb,20.8,64.3,1012.6,13.5,18.1,0.0,0
Jaipur,Nov,20.2,46.8,1013.5,8.1,0.0,0.0,0
Bengaluru,Feb,16.0,54.2,1010.1,18.3,15.8,0.0,0
Ahmedabad,Feb,20.1,35.6,1009.8,24.7,25.4,2.0,0
Kochi,Feb,19.8,80.5,1010.6,18.9,32.0,0.0,0
Lucknow,Oct,23.5,53.3,1012.1,18.6,2.4,0.7,0
Pune,Mar,24.0,52.4,1009.5,21.1,42.2,0.0,0
Kochi,Dec,19.8,70.6,1009.8,4.0,21.2,0.0,0
Lucknow,Sep,27.5,51.9,1002.8,19.3,75.1,0.0,0
Kochi,Nov,26.6,84.7,1008.1,10.7,39.0,0.0,0
Ahmedabad,Aug,31.9,64.9,1000.5,16.8,57.5,17.0,0
Lucknow,Mar,21.0,62.4,1006.6,7.9,22.6,0.0,0
Kolkata,Aug,27.2,100.0,1004.7,18.6,95.6,8.4,1
Kochi,Dec,24.8,85.8,1005.4,11.6,26.2,0.0,0
Kochi,Oct,24.3,89.9,1010.4,22.2,57.0,0.9,1
Hyderabad,Aug,28.3,60.6,1009.0,15.1,73.9,2.8,0
Lucknow,Mar,25.2,56.6,1010.4,4.5,39.2,0.0,0
Pune,Aug,29.9,87.8,1003.7,12.9,75.2,4.3,0
Mumbai,Feb,23.3,81.0,1008.5,8.7,71.2,0.0,0
Jaipur,Aug,28.2,63.8,1004.9,23.9,71.2,3.0,0
Mumbai,Jul,30.4,95.2,999.3,20.9,90.3,32.6,1
Pune,Oct,28.6,54.8,1013.4,16.8,37.5,5.6,0
Lucknow,Nov,23.1,56.3,1009.1,3.9,33.3,1.4,0
Jaipur,Mar,26.6,31.5,1010.1,8.6,35.8,0.0,0
Pune,Dec,20.3,69.7,1010.7,8.7,27.0,0.5,0
Kochi,Jun,27.2,100.0,1003.6,13.3,86.8,4.3,1
Guwahati,Jun,26.0,94.9,1005.1,25.9,70.5,0.0,1
Delhi,Aug,27.8,87.3,1000.6,16.9,81.9,0.0,1
Mumbai,May,31.2,83.8,1012.5,12.0,22.4,0.0,0
Guwahati,Oct,23.1,76.6,1016.5,17.3,34.3,0.0,0
Bengaluru,Feb,19.9,58.6,1005.3,3.6,49.7,3.3,0
Jaipur,Oct,27.2,48.8,1009.9,7.8,30.0,0.0,0
Lucknow,Apr,24.1,55.7,1010.1,6.6,36.1,0.0,0
Kolkata,May,31.3,62.7,1015.2,9.5,31.0,0.0,0
Pune,Feb,16.8,46.2,1003.6,11.0,11.4,0.0,0
Chennai,Apr,32.7,71.2,1010.7,2.2,25.4,0.0,0
Kochi,Dec,22.5,72.9,1009.5,10.9,4.5,0.0,0
Hyderabad,Apr,24.9,38.7,1008.3,10.3,14.5,0.6,0
Mumbai,Sep,27.3,87.5,1003.6,11.7,85.2,0.0,1
Hyderabad,Sep,26.5,80.2,1005.2,27.5,67.3,2.2,1
Hyderabad,Oct,25.1,54.0,1004.3,22.7,49.0,5.7,0
Lucknow,Jul,29.6,69.8,1001.1,16.9,58.8,0.0,0
Chennai,Mar,24.6,58.7,1006.7,2.5,30.4,0.0,0
Jaipur,Feb,20.7,30.7,1009.5,13.5,29.6,0.0,0
Pune,Oct,25.7,56.2,1003.7,16.4,17.7,2.7,0
Kochi,Nov,24.0,82.3,1006.2,11.2,29.3,0.0,0
Mumbai,Oct,26.7,94.6,1006.8,24.0,41.2,0.0,0
Ahmedabad,Nov,22.9,45.3,1008.9,3.7,13.7,0.0,0
Ahmedabad,Jan,20.7,49.5,1008.9,4.3,15.5,4.0,0
Bengaluru,Feb,16.9,53.2,1012.4,7.8,7.8,0.9,0
Chennai,Oct,28.2,84.6,1006.2,25.7,61.7,2.3,0
Chennai,Dec,21.9,88.7,1003.5,19.9,47.9,16.5,0
Guwahati,Apr,25.7,83.9,1012.8,3.5,33.8,0.0,0
Pune,Jun,30.7,68.1,1010.3,20.3,78.2,9.9,0
Hyderabad,Jun,33.2,54.4,1011.5,14.6,32.3,0.5,0
Ahmedabad,Jul,32.7,58.5,1005.7,18.4,52.3,3.3,0
Pune,Jan,17.7,52.5,1010.8,11.7,0.0,1.1,0
Kochi,Jun,31.4,100.0,1006.5,19.3,100.0,3.1,1
Ahmedabad,Mar,25.8,39.6,1007.3,5.9,0.0,0.0,0
Delhi,Jan,17.1,57.8,1009.7,7.9,37.4,0.0,0
Pune,Jun,29.3,77.9,1008.6,8.5,77.8,9.0,1
Mumbai,Oct,27.6,67.8,1010.2,11.5,71.5,8.3,1
Guwahati,Feb,18.0,68.6,1009.2,9.1,45.6,0.0,0
Lucknow,Feb,22.5,36.8,1010.3,16.0,15.5,0.0,0
Chennai,May,35.0,82.4,1013.2,7.2,20.7,1.0,0
Ahmedabad,Aug,30.5,62.5,1008.3,14.8,63.9,2.9,1
Pune,Oct,22.9,46.9,1009.5,5.4,27.7,0.0,0
Guwahati,Jun,29.3,100.0,1006.6,17.1,100.0,42.9,1
Guwahati,Oct,20.7,84.0,1012.6,10.7,6.1,0.0,0
Guwahati,Oct,24.8,71.1,1012.5,15.9,5.1,0.0,0
Bengaluru,Oct,18.5,80.7,1007.2,27.0,67.8,21.7,1
Jaipur,Feb,19.5,36.8,1013.5,8.5,48.9,0.0,0
Mumbai,Nov,24.0,83.3,1012.0,8.6,47.8,0.0,0
Kolkata,Nov,24.3,81.0,1006.0,10.4,32.8,0.0,0
Delhi,Nov,22.7,38.3,1013.7,10.3,8.9,0.0,0
Pune,Mar,21.2,55.9,1006.2,15.1,0.1,0.0,0
Pune,Jul,27.7,80.6,1001.4,27.9,85.8,4.5,1
Delhi,Dec,19.1,69.9,1014.6,9.4,30.2,0.0,0
Kolkata,Jul,29.8,100.0,998.8,22.9,84.3,14.9,1
Pune,Sep,23.2,74.0,1002.2,10.4,47.5,0.0,0
Ahmedabad,Apr,28.8,57.8,1011.9,19.6,25.0,0.0,0
Chennai,Apr,29.6,71.3,1011.5,12.5,29.9,0.0,0
Mumbai,Mar,23.3,74.2,1008.6,6.2,33.5,1.4,0
Kolkata,Jun,29.9,100.0,1003.9,15.4,78.2,0.0,1
Guwahati,Oct,21.6,80.6,1007.8,8.9,19.7,0.0,0
Guwahati,Oct,27.2,67.6,1010.9,12.8,44.1,0.0,0
Ahmedabad,Feb,23.5,52.6,1013.9,15.1,29.4,0.0,0
Bengaluru,Apr,20.9,61.3,1012.0,7.6,45.1,0.0,0
Mumbai,Jan,22.0,62.5,1011.2,23.2,8.3,0.0,0
Lucknow,May,26.7,50.0,1012.5,5.2,32.0,0.0,0
Ahmedabad,Mar,25.0,49.9,1009.8,15.3,11.8,1.1,0
Guwahati,Sep,24.8,100.0,1007.8,19.6,98.4,0.0,1
Bengaluru,Feb,16.5,64.1,1006.8,8.5,20.7,0.0,0
Hyderabad,Mar,23.1,40.0,1011.8,8.5,36.2,0.1,0
Lucknow,Jan,18.9,57.2,1006.9,12.7,0.0,5.2,0
Kolkata,Mar,25.3,66.9,1008.6,24.1,43.2,0.8,0
Pune,Sep,25.5,66.7,1006.9,20.3,66.8,12.8,1
Hyderabad,Sep,27.9,74.9,1006.9,13.5,82.2,3.4,1
Mumbai,Jun,30.1,89.4,1009.1,18.0,100.0,20.0,1
Chennai,May,34.2,70.7,1009.2,21.5,13.6,0.0,0
Lucknow,Jan,20.3,47.6,1007.7,16.2,19.3,0.0,0
Chennai,Apr,30.8,73.3,1006.9,2.3,28.8,0.5,0
Kolkata,May,29.4,82.8,1010.9,5.2,22.1,0.0,0
Mumbai,Aug,29.9,80.5,1007.7,13.0,100.0,0.4,1
Pune,Sep,27.5,85.8,1004.2,23.4,67.5,3.5,1
Delhi,Jul,32.8,66.8,1002.5,14.6,53.3,0.0,0
Pune,Mar,24.3,37.9,1007.6,8.7,45.8,0.0,0
Ahmedabad,Dec,22.3,44.5,1008.1,18.5,7.1,0.0,0
Delhi,Nov,22.0,45.8,1012.4,7.0,0.5,1.7,0
Lucknow,Oct,27.1,62.0,1009.5,0.7,42.0,0.0,0
Bengaluru,Jun,29.0,63.3,1008.1,21.3,62.2,0.0,0
Kochi,May,28.8,82.8,1002.7,11.7,48.7,0.0,0
Guwahati,Oct,26.6,67.8,1012.0,13.8,15.0,0.0,0
Bengaluru,Mar,20.1,57.9,1011.7,6.5,25.9,0.3,0
Lucknow,Mar,19.3,43.9,1006.7,21.6,29.9,0.0,0
Kochi,Mar,27.7,79.3,1009.8,16.3,62.9,0.0,0
Hyderabad,Sep,25.2,83.5,1007.1,26.8,57.4,0.0,1
Bengaluru,Jul,27.8,69.3,1009.8,21.3,62.9,6.1,1
Chennai,Jan,20.2,82.7,1011.9,13.7,24.8,1.2,0
Jaipur,Mar,20.7,46.6,1013.5,28.7,2.3,2.5,0
Guwahati,Mar,22.8,67.8,1008.8,9.9,15.4,2.5,0
Chennai,Mar,25.0,64.4,1011.4,18.8,27.8,0.0,0
Lucknow,Jun,28.6,54.1,1011.2,10.4,10.5,2.8,0
Ahmedabad,Aug,33.7,51.0,1003.1,11.4,69.9,0.0,0
Mumbai,Aug,27.8,100.0,1004.2,23.8,100.0,8.1,1
Jaipur,Jun,34.9,60.0,1008.9,23.2,16.3,0.0,0
Bengaluru,Dec,18.3,69.3,1012.4,7.2,57.5,0.0,1
Ahmedabad,Oct,26.1,38.4,1010.0,5.8,6.9,0.0,0
Delhi,Jul,31.3,85.6,1002.6,9.9,82.6,0.3,1
Mumbai,Apr,27.6,70.7,1010.1,6.5,24.6,2.7,0
Kochi,Sep,33.5,100.0,1006.6,35.3,56.2,22.1,1
Kolkata,Sep,30.0,100.0,998.4,20.3,78.3,7.9,1
Kochi,May,25.8,100.0,1008.1,6.3,69.0,0.0,1
Kolkata,Dec,22.6,86.7,1008.0,15.9,39.7,0.0,0
Chennai,Oct,25.7,98.2,1008.6,14.2,70.0,10.3,1
Lucknow,Aug,23.6,85.4,1007.6,13.3,56.3,0.0,1
Bengaluru,Aug,28.7,69.8,1010.7,18.9,46.7,3.7,0
Mumbai,May,30.8,89.8,1009.1,3.9,27.6,0.0,0
Guwahati,Jan,19.2,81.0,1009.7,27.8,56.8,0.0,0
Hyderabad,Mar,19.4,56.6,1008.9,7.3,23.5,0.0,0
Bengaluru,Nov,20.6,66.1,1005.8,15.9,43.2,0.0,0
Mumbai,Aug,27.2,100.0,1004.4,10.8,74.8,4.7,1
Ahmedabad,Jan,19.8,45.0,1014.8,27.8,43.8,0.0,0
Ahmedabad,Jan,19.7,56.7,1012.5,5.9,36.4,0.0,0
Hyderabad,Feb,22.6,40.0,1010.4,5.7,15.3,2.4,0
Guwahati,Oct,20.6,84.8,1010.8,13.5,26.2,0.3,0
Kochi,Apr,27.2,71.7,1009.9,14.2,37.0,0.0,0
Ahmedabad,Mar,25.6,51.0,1009.7,6.1,16.9,2.1,0
Bengaluru,Nov,22.2,60.4,1010.4,15.7,33.7,0.2,0
Hyderabad,Dec,22.6,45.6,1007.6,9.4,12.9,1.2,0
Kochi,Nov,23.1,71.4,1008.6,24.5,24.2,0.0,0
Ahmedabad,Dec,21.5,37.8,1013.3,8.3,55.6,0.7,0
Ahmedabad,Nov,26.5,49.1,1007.3,13.2,11.0,0.0,0
Pune,Sep,29.2,55.7,1010.5,18.1,37.2,0.0,0
Delhi,Jun,29.6,47.4,1013.4,12.4,0.0,0.0,0
Lucknow,Apr,26.9,46.7,1009.3,5.6,32.6,2.6,0
Hyderabad,Nov,24.8,61.5,1011.7,4.7,12.4,0.0,0
Kochi,Apr,27.2,72.1,1010.9,7.7,27.9,0.0,0
Ahmedabad,Apr,27.4,50.6,1014.6,11.0,49.9,0.0,0
Mumbai,Apr,28.1,74.6,1012.2,8.0,21.5,0.0,0
Mumbai,Apr,29.2,71.6,1013.5,5.8,59.3,0.0,1
Kochi,Apr,28.3,75.6,1015.6,9.9,55.1,0.0,0
Kochi,Mar,20.4,68.9,1010.3,16.2,6.6,0.0,0
Hyderabad,Feb,18.6,65.1,1012.1,13.4,27.6,2.2,0
Mumbai,Jul,32.1,100.0,1001.2,23.1,100.0,7.2,1
Hyderabad,Aug,28.4,65.1,1005.5,10.4,66.4,0.6,0
Mumbai,Feb,19.1,54.9,1007.6,8.2,52.4,0.0,0
Chennai,Oct,26.9,91.7,1001.9,36.4,69.2,0.0,1
Jaipur,Sep,28.2,37.7,1009.4,10.4,14.9,2.9,0
Chennai,Aug,40.3,72.3,1006.4,25.6,15.8,0.0,0
Ahmedabad,Aug,30.1,42.7,1000.9,18.0,79.4,3.3,0
Kochi,Jan,21.6,68.1,1010.0,5.9,4.2,0.0,0
Lucknow,Dec,18.2,46.0,1011.6,13.8,21.6,0.0,0
Mumbai,Jul,30.7,100.0,1009.1,20.0,96.0,0.0,0
Kochi,Oct,26.8,100.0,1001.9,7.2,48.6,13.1,0
Bengaluru,Aug,26.4,71.0,1007.5,17.4,47.1,0.0,0
Hyderabad,Sep,30.0,75.3,1003.0,13.3,72.9,1.2,0
Ahmedabad,May,32.1,42.6,1011.8,5.2,23.4,0.0,0
Mumbai,Oct,23.9,78.1,1006.3,6.5,75.6,5.5,1
Pune,Sep,27.3,72.4,1002.1,18.1,100.0,0.8,1
Ahmedabad,Jan,23.5,67.4,1008.2,5.8,25.7,0.0,0
Guwahati,Jan,17.2,70.6,1004.2,6.8,18.3,0.6,0
Guwahati,Aug,28.1,100.0,1001.7,17.7,99.5,5.3,1
Kolkata,Apr,26.0,61.7,1006.9,26.2,19.9,0.8,0
Jaipur,Dec,23.6,44.0,1010.2,15.9,12.2,0.0,0
Lucknow,Mar,23.8,63.6,1005.8,7.3,11.9,4.9,0
Chennai,Jul,34.9,72.9,1007.8,4.5,19.2,0.0,0
Jaipur,Feb,22.7,39.8,1014.7,10.4,29.2,3.7,0
Lucknow,Oct,25.0,35.6,999.3,6.6,33.5,0.2,0
Guwahati,Dec,24.0,67.9,1009.5,6.7,20.7,0.1,0
Pune,Aug,28.3,77.9,1008.4,14.0,79.1,2.5,0
Delhi,Jul,29.1,50.1,1002.7,18.4,55.8,0.0,0
Delhi,Jun,32.9,47.7,1009.1,21.4,42.8,6.4,0
Kochi,Mar,25.0,72.5,1006.0,7.8,22.4,0.9,0
Kochi,Jun,31.7,90.2,996.8,29.0,95.7,19.5,1
Delhi,Sep,25.1,58.4,1011.0,5.8,43.1,0.0,0
Ahmedabad,Jul,28.4,78.1,1000.7,22.1,38.8,7.7,0
Guwahati,Oct,22.4,66.1,1008.8,4.4,61.4,0.0,0
Lucknow,May,32.1,53.2,1014.8,9.3,24.0,5.9,0
Kochi,Oct,25.6,99.8,1007.8,17.4,70.3,3.1,1
Bengaluru,Nov,19.2,60.6,1010.9,10.9,36.4,0.0,0
Chennai,Aug,37.4,75.1,1010.6,24.5,9.6,0.5,0
Chennai,Aug,35.1,83.7,1009.5,34.1,19.0,0.0,0
Kolkata,Jan,20.3,72.7,1013.1,17.9,5.6,5.3,0
Kolkata,May,33.0,66.8,1017.6,5.0,0.0,8.0,0
Guwahati,Dec,20.0,84.5,1008.8,18.3,28.5,0.0,0
Jaipur,Apr,26.5,30.4,1009.8,19.1,21.4,0.0,0
Mumbai,Jan,21.3,56.7,1009.1,5.5,36.6,0.0,0
Ahmedabad,Aug,31.1,50.5,1010.3,10.6,55.9,5.5,0
Mumbai,Sep,26.4,85.9,1002.9,11.9,64.7,4.7,1
Lucknow,Mar,19.8,49.4,1009.6,19.5,39.5,0.0,0
Mumbai,Nov,21.9,75.7,1005.7,17.4,28.6,0.0,0
Lucknow,Dec,25.3,44.5,1014.0,14.3,14.5,2.4,0
Kochi,Feb,19.1,90.8,1008.7,6.2,38.3,0.0,0
Lucknow,Aug,31.1,68.1,1008.5,20.6,71.0,4.2,1
Chennai,Apr,30.5,73.0,1008.5,5.9,45.5,0.0,0
Chennai,Nov,21.9,97.5,1000.1,19.1,95.9,47.3,1
Delhi,Nov,22.4,61.0,1013.2,6.7,15.2,2.4,0
Hyderabad,Aug,31.0,77.5,1007.6,20.0,56.2,9.4,1
Bengaluru,Jul,23.7,86.9,1006.2,10.2,76.1,1.3,0
Jaipur,Apr,28.6,44.5,1006.8,18.7,35.8,0.0,0
Hyderabad,Mar,25.3,68.2,1005.5,14.7,26.1,0.0,0
Ahmedabad,Oct,32.0,53.5,1007.6,25.6,25.5,2.2,0
Jaipur,Dec,23.2,46.7,1014.2,9.5,18.5,0.0,0
Jaipur,Nov,24.7,53.0,1010.6,7.4,37.4,0.0,0
Kochi,Jan,20.6,72.4,1005.1,9.9,43.1,2.9,0
Lucknow,Aug,28.1,90.4,1002.2,28.6,80.3,0.0,0
Ahmedabad,Nov,22.9,38.5,1012.6,13.3,6.9,0.0,0
Kolkata,Oct,27.0,78.1,1007.2,7.8,48.5,0.0,0
Chennai,Nov,23.4,100.0,1003.4,17.5,100.0,19.3,1
Guwahati,Jan,19.2,84.9,1006.8,19.7,25.5,0.0,0
Hyderabad,Jul,32.9,82.4,1011.2,9.5,71.7,0.0,1
Kolkata,Dec,18.2,73.4,1012.8,15.6,27.5,0.0,0
Lucknow,Jul,30.6,64.3,997.5,21.8,54.1,4.9,0
Lucknow,Dec,21.7,52.5,1010.4,38.4,20.6,5.3,0
Jaipur,Jan,20.6,46.7,1009.4,6.5,4.4,0.0,0
Delhi,Jan,16.8,43.2,1012.7,3.6,34.7,0.0,0
Guwahati,Aug,27.9,100.0,1004.2,18.1,100.0,0.2,1
Ahmedabad,Jan,18.3,61.6,1010.8,11.6,24.4,0.0,0
Bengaluru,Feb,19.2,66.3,1012.3,15.4,24.3,0.0,0
Ahmedabad,Sep,26.8,69.9,1007.3,13.5,32.7,0.0,0
Ahmedabad,Sep,30.0,48.6,1012.5,14.0,43.3,0.0,0
Hyderabad,Oct,29.8,61.2,1006.5,11.7,30.0,3.6,0
Kolkata,Mar,24.2,79.7,1008.4,5.9,59.5,0.0,1
Delhi,Jan,18.2,34.5,1004.6,12.6,24.9,0.0,0
Kolkata,Nov,26.6,75.6,1008.6,15.7,12.5,0.0,0
Pune,Oct,25.9,57.3,1007.7,21.8,55.7,0.0,0
Chennai,Sep,33.2,60.2,1014.7,13.5,0.0,0.0,0
Delhi,Dec,14.7,60.7,1007.6,8.4,1.7,0.0,0
Kolkata,May,31.6,66.0,1006.6,7.3,45.6,0.0,0
Kolkata,Sep,28.0,95.5,1006.6,20.4,51.8,4.5,1
Chennai,Sep,35.5,74.8,1005.9,9.6,39.7,0.0,0
Chennai,Jul,35.1,65.5,1012.7,16.2,17.5,0.1,0
Chennai,Nov,21.7,100.0,1002.1,11.9,93.9,0.0,1
Kochi,Nov,26.3,71.3,1014.7,21.2,69.4,0.0,0
Delhi,May,30.8,37.6,1004.1,5.2,17.7,0.0,0
Chennai,Feb,26.3,67.1,1004.0,16.6,2.6,0.0,0
Mumbai,Jan,20.6,66.4,1017.7,19.7,21.8,0.0,0
Hyderabad,Jul,28.9,68.2,1008.5,19.6,52.5,10.0,0
Pune,Oct,29.4,62.3,1010.9,7.7,37.5,0.0,0
Kochi,Oct,24.3,100.0,1008.9,28.1,56.5,0.0,0
Hyderabad,Nov,25.8,45.2,1009.6,5.3,23.3,0.0,0
Lucknow,Dec,20.5,40.3,1009.0,23.4,26.0,0.0,0
Bengaluru,Dec,19.7,63.0,1008.7,13.8,24.5,0.0,0
Mumbai,Oct,29.4,67.2,1011.6,9.3,29.0,0.0,0
Kolkata,Apr,26.0,52.3,1010.3,13.3,5.4,8.5,0
Chennai,Jan,20.9,42.8,1011.4,13.0,35.4,0.0,0
Delhi,Dec,15.5,35.1,1016.2,15.0,11.9,0.0,0
Jaipur,Mar,24.3,40.3,1014.5,17.4,0.0,0.0,0
Kolkata,Dec,22.6,67.4,1008.8,11.8,34.0,0.9,0
Hyderabad,Mar,24.6,44.4,1007.9,0.7,22.4,0.9,0
Hyderabad,Jun,36.4,52.8,1006.6,14.4,22.9,0.0,0
Lucknow,Apr,23.8,54.5,1011.8,20.3,47.8,0.0,0
Lucknow,May,29.1,54.5,1012.0,9.8,22.5,0.0,0
Bengaluru,Mar,21.8,61.5,1009.7,10.7,20.2,4.0,0
Lucknow,Dec,17.5,49.5,1016.7,18.9,22.5,0.0,0
Mumbai,Jan,20.1,68.3,1004.4,8.9,8.5,0.8,0
Pune,Oct,30.2,37.6,1013.1,28.7,0.0,3.4,0
Bengaluru,Dec,16.5,64.3,1009.1,19.2,28.8,0.0,0
Guwahati,Mar,24.1,79.9,1005.8,4.3,3.5,2.6,0
Jaipur,May,29.8,48.2,1011.7,16.0,22.4,0.7,0
Bengaluru,Apr,24.6,65.9,1008.0,34.6,37.2,1.4,0
Kochi,Jul,28.4,100.0,1006.0,38.2,73.3,0.9,1
Jaipur,Jun,32.6,47.0,1011.7,20.4,44.2,0.0,0
Jaipur,Dec,22.6,38.5,1014.0,10.8,10.2,1.0,0
Ahmedabad,Aug,33.7,53.0,1004.4,20.9,83.9,0.0,0
Delhi,Feb,17.4,43.3,1009.5,12.1,45.2,0.0,0
Kolkata,Jul,34.6,90.9,1004.0,19.2,100.0,3.0,1
Ahmedabad,Feb,21.6,58.6,1012.1,5.9,41.2,3.7,0
Chennai,Nov,21.9,96.6,1004.9,22.6,82.0,12.7,1
Jaipur,Mar,23.3,23.6,1008.2,14.9,30.9,0.0,0
Lucknow,Oct,27.1,60.5,1009.4,7.1,1.4,0.0,0
Lucknow,Aug,30.5,70.1,1003.9,17.9,60.7,0.3,1
Jaipur,Apr,31.6,33.3,1008.5,19.6,0.2,0.0,0
Ahmedabad,Jun,33.4,40.0,1008.9,22.7,34.8,0.0,0
Lucknow,Mar,22.6,49.6,1010.3,6.8,51.3,0.0,0
Mumbai,Jan,22.5,58.7,1011.9,18.0,36.6,0.0,0
Delhi,Nov,23.8,45.6,1012.7,7.1,17.3,0.0,0
Chennai,Mar,28.5,67.1,1008.0,6.1,12.4,0.0,0
Delhi,Sep,26.6,59.9,1006.4,19.8,66.5,0.0,0
Kochi,Oct,23.2,100.0,1007.3,12.3,69.5,0.0,0
Mumbai,Jul,30.3,98.1,1006.7,18.2,90.4,38.2,1
Jaipur,Jan,19.7,50.6,1013.9,18.5,24.1,0.0,0
Chennai,Jan,22.1,86.2,1008.8,6.6,15.9,1.3,0
Guwahati,Jan,18.2,71.0,1011.1,10.9,20.5,0.0,0
Mumbai,Apr,27.9,51.9,1013.0,5.1,14.1,0.0,0
Guwahati,Sep,19.8,96.9,1008.7,18.4,79.6,0.0,1
Ahmedabad,Feb,22.6,30.7,1005.8,5.5,15.7,2.1,0
Hyderabad,Oct,25.7,72.4,1009.9,16.6,58.6,12.0,0
Delhi,Apr,20.2,48.0,1007.4,20.1,0.0,0.0,0
Mumbai,May,28.4,53.5,1007.3,19.3,21.9,0.4,0
Mumbai,Jun,33.0,84.1,1005.5,18.0,75.3,22.8,1
Jaipur,May,32.6,35.1,1015.6,13.3,0.0,0.4,0
Delhi,Dec,18.9,35.3,1013.2,31.5,32.0,0.0,0
Kochi,Dec,23.2,86.9,1006.4,5.8,24.2,1.9,0
Kolkata,Sep,31.3,100.0,1008.9,31.5,100.0,1.5,0
Kolkata,Jun,31.7,84.3,1006.8,10.7,61.1,14.0,1
Guwahati,Jul,26.8,99.8,1004.5,16.7,83.8,0.0,0
Pune,Jul,29.4,73.2,1006.9,12.5,97.7,1.5,1
Jaipur,Dec,19.1,33.9,1013.1,25.9,32.4,0.0,0
Guwahati,Aug,23.6,84.2,1006.7,28.1,100.0,3.3,0
Guwahati,Oct,24.9,81.9,1009.3,17.4,24.3,2.7,0
Kolkata,Jan,19.4,68.9,1011.5,7.8,45.2,0.0,0
Jaipur,May,29.8,35.9,1006.6,12.2,22.6,0.0,0
Kochi,Aug,33.4,100.0,1007.2,24.7,91.7,0.0,1
Guwahati,Oct,25.4,70.8,1009.9,5.1,10.1,0.0,0
Ahmedabad,Jan,19.5,57.0,1005.8,19.4,20.9,0.0,0
Mumbai,May,33.1,77.2,1011.0,21.6,66.2,0.0,0
Guwahati,Oct,23.0,55.5,1004.0,10.4,27.1,0.0,0
Delhi,Jul,29.2,60.0,1002.7,27.1,51.0,4.9,0
Guwahati,Jun,26.5,97.4,1006.1,17.4,73.1,14.3,1
Kochi,Feb,20.4,78.1,1004.8,8.6,36.2,0.0,0
Bengaluru,Jul,30.5,78.8,1001.1,8.6,83.4,7.2,0
Kochi,Jan,24.0,70.0,1008.6,14.0,11.6,0.0,0
Kolkata,Apr,31.0,73.5,1010.9,6.7,40.0,0.0,0
Kochi,Aug,32.2,100.0,1008.5,13.8,91.5,5.8,0
Kolkata,Jul,31.4,100.0,1003.4,17.0,86.5,27.6,1
Chennai,Jun,36.9,81.3,1010.9,8.5,42.6,0.5,0
Jaipur,Sep,30.9,50.9,1007.1,23.1,57.5,1.7,0
Kolkata,Dec,21.1,63.0,1007.9,24.6,45.2,0.0,0
Guwahati,Jul,28.3,91.9,1004.9,14.2,90.5,0.1,0
Guwahati,Apr,24.1,87.5,1013.4,13.9,20.5,1.5,0
Chennai,Mar,25.9,67.8,1003.3,12.1,0.0,0.0,0
Hyderabad,Mar,24.5,70.7,1011.0,15.1,20.7,0.0,0
Mumbai,Jul,32.9,100.0,997.6,17.7,94.1,0.0,1
Jaipur,Mar,24.2,44.5,1012.1,11.0,11.7,0.0,0
Pune,May,31.1,66.1,1012.1,25.2,20.6,0.0,0
Mumbai,Dec,23.6,76.8,1010.3,5.6,24.6,0.8,0
Delhi,Sep,24.4,58.7,1003.9,5.7,64.1,0.0,0
Kolkata,Sep,29.8,100.0,1002.5,27.3,98.0,25.7,1
Pune,Dec,25.0,58.4,1006.4,19.2,22.9,0.0,0
Bengaluru,May,23.4,81.1,1007.1,13.4,58.6,8.9,0
Bengaluru,Nov,18.4,70.4,1012.5,16.9,31.3,0.0,0
Lucknow,Nov,23.0,70.9,1013.1,9.9,16.1,0.0,0
Pune,Jan,18.8,45.0,1011.2,3.4,42.5,5.4,0
Pune,Nov,22.7,61.1,1008.0,13.7,23.0,0.0,0
Hyderabad,Mar,23.6,54.0,1012.5,7.8,5.7,0.5,0
Kolkata,Aug,30.3,98.9,1005.1,14.0,78.9,28.4,1
Jaipur,May,34.1,50.0,1004.6,11.9,41.0,0.0,0
Mumbai,Jul,28.7,100.0,1003.1,28.8,82.8,13.3,1
Ahmedabad,Jan,18.8,44.0,1010.5,11.3,6.5,0.0,0
Kochi,Aug,33.2,100.0,1004.0,33.2,100.0,55.6,1
Bengaluru,Sep,24.7,91.7,1003.4,22.9,86.7,10.9,1
Ahmedabad,Jan,20.9,42.8,1006.0,17.8,41.4,0.0,0
Hyderabad,Dec,18.6,62.2,1001.1,2.7,26.0,0.0,0
Jaipur,Sep,32.6,58.5,1006.8,11.5,46.8,0.9,0
Hyderabad,Mar,25.8,49.1,1013.3,5.8,4.3,0.0,0
Lucknow,Jun,33.0,57.5,1008.1,11.6,30.4,0.0,0
Delhi,Nov,24.6,40.6,1013.8,4.7,38.2,0.0,0
Kochi,Jun,31.7,100.0,1002.5,14.5,78.1,63.5,1
Guwahati,Mar,20.7,73.5,1011.9,22.0,40.3,0.0,0
Delhi,Jul,26.2,60.1,1007.9,15.8,68.9,0.0,0
Kolkata,Aug,28.9,100.0,1004.2,20.8,100.0,3.8,1
Mumbai,Jul,32.4,86.6,999.4,12.1,77.2,24.7,1
Ahmedabad,Dec,22.4,48.0,1011.7,12.9,19.3,0.0,0
Ahmedabad,Jan,19.0,45.4,1006.2,6.0,13.1,0.0,0
Pune,May,26.7,68.8,1006.7,6.6,31.9,0.0,0
Kochi,Jul,31.2,100.0,1007.1,21.3,71.2,6.4,1
Kochi,Oct,25.5,98.2,1002.0,24.1,92.8,3.3,1
Kolkata,Sep,28.3,90.8,1006.6,19.6,84.9,32.9,1
Hyderabad,Nov,24.6,53.2,1009.2,10.7,30.9,0.0,0
Delhi,Mar,21.0,42.5,1013.5,14.3,7.7,0.7,0
Pune,Aug,32.6,79.3,999.9,25.1,78.3,0.3,1
Kolkata,Mar,23.5,68.6,1011.6,15.5,22.5,0.0,0
Hyderabad,Jul,34.2,77.6,1007.2,23.1,48.9,6.8,0
Lucknow,Mar,18.0,60.4,1015.2,29.5,48.2,0.0,0
Lucknow,Aug,30.4,82.2,1004.2,16.3,62.6,14.3,1
Bengaluru,Jul,28.4,100.0,1010.4,8.9,73.4,21.2,1
Jaipur,Nov,25.3,57.2,1013.8,6.7,21.9,3.4,0
Delhi,Feb,19.1,39.7,1010.5,4.5,22.0,0.0,0
Guwahati,Oct,24.9,72.5,1010.4,24.2,24.3,0.0,0
Hyderabad,Oct,29.8,70.4,1010.5,7.5,53.4,2.7,0
Chennai,Oct,27.1,100.0,1001.3,17.8,75.1,3.7,0
Ahmedabad,Apr,28.4,25.2,1006.5,9.5,0.0,0.0,0
Chennai,Oct,26.8,89.1,1009.0,11.6,92.3,0.0,1
Delhi,Aug,27.9,73.0,1007.4,10.2,92.4,0.6,0
Delhi,Mar,21.1,27.8,1010.7,10.1,0.0,3.2,0
Kolkata,Jan,20.6,87.3,1006.4,14.3,34.3,0.0,0
Kolkata,Nov,23.2,76.3,1009.0,7.8,18.1,0.0,0
Jaipur,Dec,19.7,42.8,1015.6,21.1,14.5,0.0,0
Guwahati,Jun,27.9,96.1,1006.7,16.3,60.2,4.5,0
Lucknow,Jul,32.2,71.1,1005.1,16.3,51.8,32.6,0
Bengaluru,Jan,17.3,58.7,1013.5,12.8,49.2,0.1,0
Bengaluru,Apr,22.7,65.6,1013.0,3.3,45.7,0.0,0
Guwahati,Apr,25.9,79.1,1014.4,11.4,10.8,0.0,0
Guwahati,Jan,20.7,84.5,1008.9,12.0,26.5,0.0,0
Kolkata,Feb,21.8,62.1,1009.4,13.2,67.1,0.9,0
Delhi,Feb,20.2,36.0,1011.8,18.8,20.3,0.0,0
Pune,Oct,29.1,48.6,1012.5,5.7,13.6,0.0,0
Lucknow,Oct,23.4,60.7,1011.9,2.2,23.6,0.0,0
Delhi,Dec,20.7,63.3,1005.2,26.8,4.4,3.7,0
Kolkata,May,32.2,71.9,1011.1,15.2,9.4,0.1,0
Jaipur,Dec,19.6,29.3,1006.3,21.0,26.6,0.0,0
Lucknow,Dec,23.1,46.5,1006.2,16.2,0.0,2.9,0
Jaipur,Dec,20.9,33.9,1004.9,7.9,6.2,0.0,0
Jaipur,Aug,24.9,42.9,1004.7,15.8,55.6,0.0,0
Guwahati,May,26.4,97.3,1008.5,7.7,71.6,15.1,1
Chennai,Nov,22.8,100.0,1004.6,22.2,90.1,5.7,1
Bengaluru,Dec,18.0,73.2,1002.6,18.9,16.0,0.0,0
Mumbai,Jun,28.9,88.9,1009.6,14.5,87.5,21.1,1
Bengaluru,Jul,30.7,69.8,1008.3,10.9,74.7,0.0,1
Kolkata,Sep,26.7,100.0,1001.0,11.7,92.3,21.0,1
Kolkata,Jul,29.6,100.0,1002.2,18.2,100.0,7.8,1
Kolkata,Oct,26.1,88.3,1005.4,15.3,47.4,7.9,0
Pune,Jun,26.3,80.3,1003.1,13.9,50.4,22.5,0
Ahmedabad,Mar,23.4,42.2,1014.9,3.9,20.6,0.0,0
Pune,Oct,23.5,49.3,1009.2,9.3,8.2,0.0,0
Pune,Aug,30.2,65.5,1003.9,9.1,72.3,1.2,1
Ahmedabad,Jun,32.3,36.5,1009.9,7.0,31.0,0.7,0
Hyderabad,Jun,34.9,48.4,1011.0,6.2,35.1,0.0,0
Jaipur,Apr,26.2,42.3,1009.2,8.8,9.3,0.0,0
Kochi,Nov,23.2,60.3,1012.2,10.3,43.5,0.0,0
Bengaluru,Oct,20.9,81.7,1004.7,20.0,49.8,0.0,0
Chennai,Jan,23.5,64.3,1006.7,10.6,15.4,0.0,0
Lucknow,Apr,26.1,57.8,1004.5,11.4,39.9,0.0,0
Kolkata,Aug,28.4,96.4,1002.6,12.6,97.0,14.3,1
Jaipur,Sep,26.5,51.2,1007.6,23.2,45.3,6.2,0
Chennai,Mar,27.7,74.0,1009.1,4.6,30.4,0.0,0
Kochi,Jul,27.8,97.6,1001.0,27.8,89.6,0.0,1
Lucknow,Mar,26.1,45.1,1009.0,7.3,0.0,0.0,0
Kochi,Nov,23.2,100.0,1003.0,8.4,18.2,1.4,0
Jaipur,Oct,28.3,43.8,1006.4,8.8,12.3,0.0,0
Chennai,Nov,25.5,94.7,1006.8,14.4,93.7,0.0,1
Hyderabad,Jan,20.6,63.3,1012.2,17.8,20.4,0.0,0
Pune,Mar,23.4,54.4,1007.8,3.4,25.1,0.0,0
Lucknow,May,28.1,33.5,1004.1,17.4,0.0,0.0,0
Delhi,Feb,14.1,47.2,1011.4,13.4,5.3,0.0,0
Mumbai,Nov,21.7,78.5,1012.2,24.9,23.4,0.0,0
Ahmedabad,Feb,21.4,34.7,1008.6,29.3,18.1,0.6,0
Jaipur,Jul,27.4,58.7,1004.0,10.7,60.6,0.0,0
Mumbai,Jun,31.5,90.7,1003.0,12.2,78.6,9.8,1
Ahmedabad,May,30.4,40.8,1016.3,20.5,38.3,0.0,0
Guwahati,Apr,27.0,79.9,1013.5,2.5,39.7,0.0,0
Ahmedabad,Jul,30.4,57.4,1007.3,12.5,67.0,0.0,0
Ahmedabad,Feb,22.4,32.5,1009.2,10.7,8.8,0.0,0
Guwahati,Jul,27.1,100.0,998.8,27.5,100.0,25.2,1
Guwahati,Jul,28.4,90.9,996.7,15.7,81.1,19.7,1
Jaipur,May,33.1,37.9,1005.0,5.2,15.1,0.0,0
Delhi,Mar,22.2,44.9,1005.4,12.2,15.7,0.0,0
Mumbai,Apr,28.6,78.3,1002.8,4.5,15.6,0.0,0
Chennai,Mar,23.6,65.6,1014.3,6.3,12.1,3.9,0
Pune,Dec,21.1,60.0,1012.6,20.0,36.2,0.0,0
Jaipur,Sep,31.3,48.4,1010.6,34.3,60.5,0.0,0
Guwahati,Nov,21.5,74.5,1009.7,8.3,14.9,0.0,0
Delhi,May,26.9,50.3,1011.9,7.0,1.3,0.0,0
Kolkata,Apr,27.5,70.0,1014.7,12.5,39.4,0.0,0
Lucknow,Sep,28.8,63.9,1007.1,19.4,46.7,0.8,0
Hyderabad,Feb,20.5,59.2,1006.1,14.0,6.3,0.0,0
Ahmedabad,Feb,25.1,43.7,1013.0,35.2,16.9,0.0,0
Ahmedabad,Jul,30.3,69.1,1006.1,9.9,65.2,0.0,0
Ahmedabad,Sep,33.4,55.0,1004.0,12.4,42.6,0.0,0
Mumbai,Aug,27.6,100.0,1004.8,12.7,100.0,5.6,1
Jaipur,Sep,28.9,48.0,1004.9,35.7,29.8,3.1,0
Pune,Mar,21.8,47.9,1005.9,18.9,40.5,0.0,0
Pune,Jul,32.2,80.1,1008.7,14.0,100.0,0.0,1
Jaipur,Sep,31.0,76.4,1005.7,10.7,60.6,6.2,0
Ahmedabad,Apr,24.5,38.8,1005.6,12.9,14.1,0.0,0
Guwahati,Sep,29.6,100.0,1007.6,18.1,94.1,15.9,1
Chennai,Aug,38.4,56.3,1006.8,5.4,19.2,0.0,0
Kochi,May,28.7,92.7,1001.6,16.4,69.8,0.0,0
Kochi,Nov,23.4,89.3,1012.3,12.1,30.0,0.0,0
Kolkata,Sep,25.8,94.3,1002.6,22.3,81.1,5.7,1
Kochi,Apr,27.3,98.2,1010.1,4.3,44.2,0.0,0
Chennai,Jul,37.1,78.3,1017.3,26.4,55.0,4.5,0
Chennai,Jun,36.7,55.8,1011.1,4.5,14.3,0.0,0
Guwahati,Nov,22.9,82.9,1012.4,7.1,39.0,0.0,0
Guwahati,Jun,26.7,100.0,1006.8,16.6,69.8,1.3,1
Ahmedabad,Oct,30.0,39.2,1017.0,6.8,6.6,1.0,0
Pune,Oct,25.3,62.9,1006.8,15.2,18.5,0.3,0
Guwahati,Sep,21.9,86.9,1004.1,10.3,95.7,0.0,1
Lucknow,Feb,18.7,44.6,1008.8,16.4,13.7,0.0,0
Kochi,Mar,24.7,92.4,1014.0,7.8,48.3,0.0,0
Delhi,Dec,22.6,40.3,1003.6,6.0,23.3,0.0,0
Lucknow,Apr,26.3,47.7,1013.3,9.6,32.6,0.0,0
Guwahati,Aug,28.2,94.6,1001.5,22.4,56.0,23.3,1
Kolkata,Apr,25.3,60.6,1007.6,14.5,22.2,0.6,0
Jaipur,Jan,21.0,39.2,1005.1,16.7,34.8,9.2,0
Kolkata,Oct,20.6,78.9,1001.5,17.0,62.7,0.0,1
Bengaluru,Oct,17.8,87.6,1005.4,16.4,70.5,13.3,1
Chennai,Oct,28.3,84.1,1007.9,25.5,85.2,17.9,1
Pune,May,29.4,69.1,1013.1,11.0,33.5,0.0,0
Bengaluru,Aug,25.7,94.1,1006.0,14.6,61.3,3.1,1
Bengaluru,Feb,13.8,65.2,1009.8,30.1,12.6,0.0,0
Guwahati,Mar,20.0,79.2,1003.8,9.2,12.3,0.0,0
Jaipur,Nov,26.0,36.7,1007.5,5.0,32.0,0.0,0
Delhi,Feb,21.5,45.8,1011.4,4.9,14.0,6.2,0
Bengaluru,Dec,16.1,64.3,1010.0,22.7,21.4,0.0,0
Pune,Mar,23.1,39.4,1012.2,3.3,43.1,0.2,0
Hyderabad,Aug,31.4,77.5,1005.5,9.9,60.5,8.2,1
Ahmedabad,Mar,27.3,45.7,1007.2,7.5,6.3,1.5,0
Kochi,May,32.5,100.0,1006.9,22.8,71.1,0.0,1
Hyderabad,Aug,31.4,56.8,1008.1,27.2,67.0,25.3,0
Delhi,Feb,22.8,62.9,1011.4,10.7,45.4,2.0,0
Jaipur,Dec,21.6,49.3,1014.4,20.8,24.4,0.0,0
Delhi,Oct,23.9,43.8,1007.3,34.6,31.4,1.2,0
Pune,May,29.6,59.0,1008.0,5.6,4.9,0.0,0
Hyderabad,Jan,21.0,56.1,1009.0,15.8,17.3,0.1,0
Mumbai,Mar,23.7,88.8,1011.7,17.4,31.3,0.0,0
Bengaluru,Oct,18.2,79.7,1007.1,26.3,81.6,11.7,1
Pune,May,28.0,44.2,1009.8,6.0,25.3,0.0,0
Bengaluru,Jan,15.7,52.8,1011.2,7.4,0.0,0.0,0
Jaipur,Jun,32.2,35.0,1012.5,11.2,13.4,0.0,0
Jaipur,Jun,35.2,46.2,1006.7,8.0,12.5,0.0,0
Hyderabad,Sep,28.6,92.0,1003.9,13.1,84.2,21.1,1
Pune,Nov,24.2,68.5,1009.6,18.7,30.4,0.6,0
Lucknow,Sep,25.1,67.9,1007.1,4.8,73.4,0.0,0
Lucknow,Dec,21.5,40.3,1007.7,19.4,12.1,0.0,0
Lucknow,May,30.0,58.2,1011.6,9.9,21.4,0.0,0
Guwahati,Oct,29.8,80.4,1005.1,2.8,25.2,0.0,0
Chennai,Nov,21.3,92.6,1006.2,30.2,84.0,39.2,1
Delhi,Dec,20.1,65.0,1009.4,5.4,42.4,0.0,0
Guwahati,Jan,20.3,50.9,1011.9,10.2,12.3,3.8,0
Bengaluru,Nov,19.2,67.0,1009.5,20.7,9.1,0.0,0
Pune,Jul,29.7,80.5,1003.9,13.8,92.3,5.0,1
Chennai,Aug,37.6,67.6,1013.8,7.9,46.0,0.0,0
Hyderabad,Jul,30.3,70.9,1009.9,33.5,70.8,0.0,0
Pune,Apr,26.5,65.9,1014.3,7.8,26.4,0.0,0
Ahmedabad,Nov,25.5,31.1,1011.5,9.0,33.3,0.0,0
Chennai,Mar,28.0,80.1,1015.9,16.6,36.6,4.0,0
Jaipur,Feb,19.6,44.2,1009.7,6.7,7.7,3.5,0
Pune,Feb,21.2,46.6,1010.4,4.8,52.6,3.1,0
Lucknow,May,31.9,40.6,1014.4,18.0,43.0,0.0,0
Hyderabad,Dec,25.3,54.2,1009.8,11.2,26.0,0.0,0
Pune,Oct,28.3,59.7,1003.6,16.8,55.6,0.0,0
Hyderabad,Dec,18.1,56.4,1009.0,26.3,20.9,0.0,0
Ahmedabad,Nov,22.9,47.0,1014.1,6.5,14.1,0.0,0
Guwahati,Sep,26.7,95.8,1004.6,20.7,85.0,0.0,1
Ahmedabad,Jun,36.0,50.5,1009.4,30.3,3.9,2.0,0
Bengaluru,May,28.2,92.1,1012.0,31.1,66.3,17.0,1
Chennai,Aug,34.7,73.0,1007.2,20.4,30.0,0.0,0
Kochi,Feb,23.7,82.5,1013.7,16.5,40.0,0.0,0
Ahmedabad,Mar,22.9,44.7,1020.1,14.8,27.2,9.0,0
Ahmedabad,Jan,20.8,51.9,1007.3,13.7,42.8,0.9,0
Delhi,Jan,19.9,52.0,1008.5,22.1,16.4,0.0,0
Kochi,Nov,23.8,73.9,1009.4,8.8,63.5,0.0,0
Kolkata,Mar,24.2,72.8,1011.7,10.6,13.0,0.0,0
Bengaluru,Sep,23.7,91.6,1000.8,15.8,87.9,0.0,1
Pune,Jun,27.5,85.9,1008.1,14.8,90.7,0.0,1
Jaipur,Oct,26.6,41.2,1015.3,9.5,24.7,0.0,0
Ahmedabad,Oct,28.3,34.8,1008.2,5.1,33.9,0.0,0
Delhi,Apr,24.6,59.6,1008.5,20.0,9.7,0.1,0
Bengaluru,Dec,16.3,84.9,1015.7,3.4,30.7,0.0,0
Hyderabad,Jun,32.4,34.7,1006.4,5.2,27.5,0.0,0
Kolkata,May,29.1,77.9,1010.9,18.3,31.3,0.0,0
Guwahati,Oct,24.1,83.4,1007.7,3.2,44.0,0.0,0
Jaipur,Jun,32.5,41.9,1006.7,21.2,12.7,0.0,0
Delhi,May,26.1,40.8,1014.7,4.1,11.5,0.0,0
Jaipur,Jun,35.9,47.3,1002.9,27.1,36.5,0.0,0
Delhi,Jun,30.2,46.7,1013.1,3.3,3.6,0.0,0
Kolkata,Jul,31.4,100.0,1009.4,14.6,100.0,34.1,1
Guwahati,May,27.4,79.6,1007.7,17.3,48.8,0.0,0
Kochi,Jan,21.2,80.9,1010.6,51.2,27.9,0.0,0
Delhi,Jun,31.9,71.1,1007.5,12.1,5.7,0.0,0
Kochi,Mar,28.6,75.4,1007.9,7.6,17.3,0.0,0
Chennai,Mar,25.4,62.6,1007.1,6.1,0.0,0.0,0
Chennai,Sep,35.5,77.8,1015.8,10.6,36.1,0.0,0
Delhi,Apr,27.6,53.3,1016.4,1.9,51.1,0.0,0
Hyderabad,Apr,26.0,51.4,1009.3,6.4,48.9,0.0,0
Jaipur,Aug,28.3,51.6,1011.0,13.5,54.7,9.1,0
Pune,Sep,25.8,85.7,1006.5,30.0,85.1,9.7,1
Kochi,Dec,19.5,86.3,1010.1,15.2,42.3,3.8,0
Lucknow,Aug,29.6,71.3,1005.2,26.9,100.0,5.9,1
Kochi,Jun,29.9,100.0,1004.9,11.8,85.8,48.8,1
Delhi,Oct,25.5,46.3,1015.6,8.1,45.0,0.0,0
Jaipur,Aug,28.3,73.7,1007.4,21.1,68.2,1.4,0
Jaipur,Oct,26.1,41.4,1011.5,2.7,9.1,0.0,0
Lucknow,Dec,20.5,55.9,1011.3,16.9,22.2,0.0,0
Bengaluru,May,26.6,60.0,1008.7,19.5,32.0,5.0,0
Bengaluru,Apr,24.0,62.3,1007.9,4.5,26.4,0.0,0
Ahmedabad,Sep,27.8,67.3,1004.8,16.2,54.8,0.0,0
Ahmedabad,Sep,29.5,65.4,1004.4,8.8,46.1,0.0,1
Lucknow,Nov,21.5,56.8,1007.0,7.2,28.7,0.0,0
Kochi,Sep,28.0,92.1,1003.4,12.9,58.7,11.4,1
Chennai,Mar,26.0,51.9,1017.1,18.4,25.3,3.8,0
Delhi,Jun,32.8,66.7,1009.9,19.0,32.6,0.0,0
Kochi,Jul,31.4,99.8,1004.3,25.6,64.3,18.1,1
Pune,Sep,31.5,68.4,1003.8,22.6,49.3,0.0,0
Kolkata,Sep,26.7,93.9,1006.7,36.2,100.0,19.5,1
Pune,Jul,32.0,75.2,1006.9,13.7,100.0,0.0,1
Kolkata,Jul,31.6,94.8,1006.5,14.5,71.3,22.3,1
Pune,Aug,26.2,77.8,1002.5,16.8,74.3,0.0,1
Delhi,Mar,23.3,56.2,1007.0,15.1,32.7,1.0,0
Guwahati,Apr,26.7,83.4,1013.0,5.0,1.0,0.0,1
Pune,Aug,29.8,80.4,1001.5,35.8,58.2,0.0,0
Lucknow,Jul,30.4,69.6,998.4,17.3,66.1,5.6,1
Delhi,May,25.8,41.6,1007.1,10.1,37.9,0.0,0
Ahmedabad,May,31.4,45.6,1012.5,7.4,0.0,0.0,0
Lucknow,Dec,22.8,56.6,1011.5,16.2,21.6,0.0,0
Bengaluru,Jul,30.0,72.1,1007.9,16.3,75.8,19.6,0
Kolkata,Sep,26.5,100.0,1006.2,20.5,72.9,7.8,1
Mumbai,Nov,25.8,67.2,1007.0,7.5,36.6,0.0,0
Jaipur,Dec,20.7,37.0,1012.5,9.6,40.1,0.0,0
Lucknow,Sep,29.2,67.6,1009.9,15.7,32.3,0.0,0
Jaipur,Jun,34.3,41.9,1013.1,16.3,27.1,0.1,0
Lucknow,Oct,24.9,66.3,1005.1,1.2,49.9,0.0,0
Mumbai,Apr,27.5,65.4,1009.6,32.8,22.1,0.0,0
Lucknow,Jul,30.1,62.5,1005.6,33.5,63.6,0.2,0
Guwahati,Dec,19.1,59.0,1011.6,18.5,0.0,0.0,0
Kolkata,Aug,25.4,100.0,1008.7,38.2,95.5,0.0,1
Pune,Mar,25.8,53.3,1007.9,13.4,56.3,0.0,0
Delhi,May,28.6,54.5,1012.9,4.3,38.5,1.1,0
Guwahati,Oct,21.6,60.4,1008.1,7.2,42.7,0.0,0
Hyderabad,Jun,33.0,56.2,1008.3,12.7,0.0,0.0,0
Delhi,Sep,25.1,54.5,1008.9,34.6,30.0,6.9,0
Lucknow,Nov,19.8,41.9,1007.7,17.2,33.0,0.0,0
Mumbai,Aug,29.1,100.0,1001.1,18.6,95.8,2.6,1
Chennai,Apr,29.7,83.0,1014.7,7.9,17.1,0.0,0
Bengaluru,Feb,16.3,54.9,1010.9,12.9,17.2,0.0,1
Hyderabad,Apr,23.5,49.6,1009.6,3.9,44.2,0.0,0
Kochi,Sep,26.5,91.7,1009.4,12.2,75.2,18.7,1
Chennai,Nov,24.5,79.1,1005.4,10.1,88.0,28.0,1
Lucknow,Oct,23.7,48.2,1006.4,9.5,28.1,0.0,0
Lucknow,Sep,25.7,60.4,1005.6,15.5,55.6,2.0,0
Ahmedabad,Sep,30.3,74.3,1005.7,15.2,34.4,24.8,1
Mumbai,Jul,31.7,99.4,1006.3,23.0,81.1,27.0,1
Mumbai,May,29.1,53.5,1010.3,5.1,24.9,0.0,0
Jaipur,Aug,28.5,50.5,1002.0,14.7,63.8,6.4,0
Kochi,Aug,30.4,93.2,1005.1,25.7,72.9,12.2,1
Guwahati,Mar,19.7,63.5,1012.4,22.0,12.0,0.0,0
Chennai,Jan,23.3,65.7,1008.6,4.2,27.9,1.6,0
Pune,Mar,24.1,52.7,1005.8,6.4,18.8,0.0,0
Jaipur,Mar,24.4,50.1,1007.2,5.9,1.2,0.0,0
Lucknow,Jun,34.6,60.3,1007.5,11.5,52.8,0.0,0
Kochi,Feb,21.3,80.6,1013.4,4.9,32.4,0.0,0
Jaipur,Oct,30.9,32.6,1006.2,5.4,11.8,0.0,0
Bengaluru,Aug,29.6,77.4,1009.2,24.8,68.3,0.0,1
Delhi,Aug,29.2,67.2,1007.9,12.7,68.7,6.2,0
Lucknow,Sep,30.4,71.7,1002.9,17.7,81.8,0.0,0
Pune,Oct,25.3,54.7,1012.2,5.3,47.9,3.3,0
Lucknow,Sep,28.8,62.0,1004.3,12.9,78.0,0.0,0
Chennai,Aug,37.9,64.8,1011.4,10.4,24.8,0.0,0
Ahmedabad,Nov,26.4,48.2,1002.7,7.7,21.8,0.0,0
Pune,Aug,24.1,77.2,1003.1,16.5,87.5,10.8,0
Hyderabad,Jul,29.5,66.1,1006.1,13.9,81.8,0.0,0
Kolkata,Mar,21.1,82.0,1004.7,12.6,16.0,0.0,0
Lucknow,Jun,31.6,58.6,1010.4,5.9,7.9,0.0,0
Jaipur,Feb,17.2,29.6,1011.1,16.1,0.0,0.0,0
Delhi,Nov,20.7,50.8,1012.7,15.2,15.5,0.2,0
Pune,Aug,25.5,84.2,1006.3,10.3,94.9,8.8,0
Hyderabad,Jun,32.7,45.5,1006.6,13.1,0.0,0.0,0
Bengaluru,Nov,20.6,59.7,1012.1,12.6,25.9,0.0,0
Mumbai,Jun,26.9,85.8,1008.2,13.9,60.3,0.1,0
Mumbai,Sep,22.6,100.0,1003.1,22.6,60.2,11.0,1
Guwahati,May,24.6,87.1,1012.8,22.0,79.5,0.0,1
Ahmedabad,Jun,38.1,66.8,1011.0,5.0,38.5,0.5,0
Hyderabad,Mar,21.8,56.5,1013.7,7.6,8.3,0.0,0
Kolkata,May,32.6,59.6,1010.3,12.6,14.4,0.0,0
Guwahati,Apr,26.4,66.3,1011.2,5.5,56.9,0.0,0
Lucknow,Oct,24.6,50.0,1010.9,14.5,34.7,0.0,0
Jaipur,Aug,28.5,61.8,1003.4,19.6,54.0,0.0,0
Pune,Jul,28.1,75.5,1009.4,15.4,72.6,0.0,1
Kolkata,Oct,22.1,89.2,1006.3,9.7,65.2,0.7,0
Ahmedabad,Jun,35.4,48.6,1011.8,22.9,9.0,0.0,0
Ahmedabad,Apr,27.2,36.3,1013.2,32.5,20.3,0.0,0
Kolkata,Sep,26.0,92.6,1002.8,16.9,80.8,0.0,0
Delhi,Jun,32.1,50.5,1006.1,3.6,6.6,1.7,0
Delhi,Oct,23.8,67.2,1006.5,7.7,46.0,0.0,0
Bengaluru,Sep,23.4,81.3,1006.1,12.3,72.0,0.0,0
Lucknow,Dec,22.1,50.7,1009.8,23.9,3.8,0.0,0
Mumbai,Sep,29.3,83.7,1004.5,18.9,71.3,1.9,0
Ahmedabad,Mar,21.0,40.7,1010.7,9.9,30.4,0.0,0
Chennai,Mar,29.6,61.6,1013.7,12.4,29.6,0.0,0
Guwahati,Jan,21.6,59.3,1013.1,14.9,14.2,0.0,0
Delhi,May,31.6,61.2,1011.4,14.4,30.7,8.4,0
Hyderabad,Dec,20.3,56.8,1010.5,24.8,0.0,0.0,0
Mumbai,Dec,17.3,74.3,1015.2,3.1,27.5,0.0,0
Kolkata,May,28.0,89.3,1009.8,21.0,0.0,0.0,0
Hyderabad,Apr,29.6,65.9,1010.4,3.6,39.2,1.2,0
Guwahati,Feb,19.5,70.7,1013.6,14.9,25.8,1.0,0
Chennai,Sep,34.0,74.7,1009.7,11.0,70.8,0.0,0
Pune,Sep,26.3,79.6,1010.1,21.5,91.5,0.0,1
Chennai,Dec,25.5,100.0,1001.3,14.8,66.3,15.5,1
Chennai,Oct,28.2,86.4,1006.9,16.7,80.9,0.0,1
Chennai,Feb,23.9,67.9,1013.2,8.7,43.4,0.0,0
Mumbai,Feb,20.6,63.9,1009.5,6.2,8.3,0.0,0
Guwahati,Jun,28.6,100.0,1006.4,17.2,85.4,0.0,1
Bengaluru,Nov,21.2,62.4,1012.0,18.5,39.8,0.0,0
Ahmedabad,Aug,32.0,60.1,1004.6,18.7,86.3,6.9,1
Guwahati,Oct,25.5,76.0,1016.7,5.0,51.3,0.0,0
Hyderabad,Feb,23.6,51.9,1016.7,14.3,60.2,0.0,0
Hyderabad,Oct,24.0,70.4,1009.8,20.3,71.1,0.0,0
Chennai,Jul,39.1,82.2,1008.7,4.4,32.5,2.3,0
Bengaluru,Mar,20.8,72.3,1012.3,12.4,57.2,0.0,0
Lucknow,Feb,22.9,47.1,1005.7,4.5,31.0,1.4,0
Kochi,Mar,25.5,77.7,1013.3,17.2,0.0,0.8,0
Bengaluru,Oct,23.3,97.8,1003.6,24.2,83.1,0.0,0
Bengaluru,Sep,22.4,77.4,1004.6,11.2,62.5,18.6,1
Mumbai,Dec,22.9,64.8,1005.5,12.3,58.3,0.0,0
Kolkata,Sep,28.1,100.0,1007.0,16.7,100.0,16.2,1
Pune,Feb,20.2,63.2,1015.8,14.2,17.1,0.0,0
Lucknow,Oct,24.6,47.4,1009.5,9.8,0.0,0.0,0
Delhi,Jul,26.7,64.0,1003.7,14.7,68.2,33.6,1
Hyderabad,Dec,21.3,52.8,1013.4,22.6,7.0,0.0,0
Delhi,Jun,29.6,48.3,1011.0,8.0,17.1,0.0,0
Delhi,Jan,16.6,49.2,1010.1,4.1,21.3,0.4,0
Ahmedabad,Oct,29.8,59.0,1009.8,7.3,31.7,0.0,0
Kochi,Nov,22.4,77.4,1006.8,19.7,17.4,0.0,0
Jaipur,Jan,21.0,49.3,1011.3,3.5,7.7,0.8,0
Guwahati,Nov,20.9,88.0,1010.1,8.2,33.7,0.0,0
Guwahati,Jan,20.5,70.0,1006.9,12.7,39.9,0.0,0
Ahmedabad,Feb,21.2,43.5,1008.8,18.2,0.0,0.0,0
Jaipur,Jan,18.6,42.1,1007.3,11.6,26.5,0.0,0
Pune,Sep,24.1,84.8,1011.4,14.2,66.0,8.4,1
Bengaluru,Sep,25.6,82.1,1003.4,15.6,98.5,4.1,1
Kochi,Dec,20.7,82.2,1012.6,8.2,47.4,0.0,0
Kochi,Jan,21.2,87.2,1010.6,26.9,31.8,0.0,0
Jaipur,Oct,24.2,43.9,1012.6,26.2,6.6,0.3,0
Bengaluru,Sep,24.0,86.3,1010.6,14.2,62.9,0.0,1
Guwahati,Jun,25.5,100.0,1006.9,25.7,76.6,27.3,1
Kochi,Jun,26.8,100.0,1005.3,21.8,100.0,1.3,1
Bengaluru,Aug,29.1,79.9,999.0,16.7,51.9,34.9,1
Lucknow,Jan,19.2,42.6,1008.7,10.7,28.9,0.0,0
Pune,Feb,19.7,49.1,1009.9,7.6,13.9,0.0,0
Chennai,Jul,37.8,76.8,1015.3,10.5,9.1,0.0,0
Kochi,Dec,21.4,80.3,1007.6,7.0,22.2,0.0,0
Chennai,Apr,31.7,77.8,1008.2,8.8,16.1,3.1,0
Delhi,Mar,23.8,46.0,1006.5,12.7,15.1,0.0,0
Mumbai,Jan,23.7,56.8,1011.4,5.5,39.3,0.0,0
Pune,Dec,22.1,53.1,1012.6,20.3,28.5,0.0,0
Delhi,Jan,16.5,48.6,1014.0,8.4,10.7,0.4,0
Mumbai,Oct,31.2,75.4,1009.7,4.9,32.6,0.0,0
Ahmedabad,Aug,33.5,88.0,1005.6,17.0,57.2,0.0,0
Hyderabad,Aug,28.5,83.3,1004.6,12.1,73.5,5.1,0
Kolkata,Jun,28.0,91.1,1006.5,28.8,84.9,54.5,1
Kochi,Jul,30.0,92.9,999.9,20.1,83.3,45.1,1
Jaipur,Aug,28.4,55.6,1008.3,18.2,57.2,0.0,0
Chennai,Jun,35.5,75.9,1005.4,13.8,27.1,0.0,0
Pune,Oct,30.3,48.7,1010.0,7.6,39.3,0.0,0
Jaipur,Mar,25.3,33.7,1010.8,7.9,7.6,0.0,0
Chennai,Apr,30.4,75.1,1009.8,19.2,6.0,0.0,0
Pune,Apr,22.7,57.9,1011.5,10.4,56.0,1.1,0
Hyderabad,Nov,24.9,58.1,1008.9,23.6,0.0,0.0,0
Jaipur,Nov,26.1,51.3,1011.1,13.5,39.7,0.0,0
Bengaluru,Jan,12.9,61.6,1012.3,5.2,27.6,0.0,0
Hyderabad,Aug,27.5,71.6,1005.8,21.1,80.3,2.8,0
Jaipur,Dec,16.4,37.4,1011.1,3.7,3.8,0.0,0
Hyderabad,Oct,21.7,79.9,1005.9,34.5,63.9,0.0,1
Pune,Mar,23.2,56.7,1008.6,12.2,11.2,2.4,0
Bengaluru,Jan,19.2,66.1,1008.8,4.1,18.7,0.0,0
Kochi,Jul,30.7,100.0,1005.5,33.1,100.0,0.0,1
Guwahati,Nov,24.1,66.8,1009.7,12.3,16.2,0.0,0
Kochi,Jul,30.6,100.0,1001.4,10.0,94.7,0.0,1
Pune,Dec,22.9,53.4,1013.9,7.0,0.0,0.8,0
Mumbai,Nov,25.1,71.8,1014.6,28.9,0.0,0.0,0
Lucknow,May,32.9,55.9,1008.1,15.5,7.7,0.0,0
Delhi,Oct,24.8,52.3,1010.2,3.2,36.0,0.0,0
Kochi,Jul,34.0,100.0,1004.0,18.3,92.3,20.3,1
Pune,Nov,21.9,47.3,1009.5,10.3,22.3,0.0,0
Delhi,Mar,22.3,29.9,1012.6,4.1,32.3,3.2,0
Pune,Nov,20.1,50.2,1016.4,9.7,4.8,0.0,0
Delhi,Dec,17.5,61.7,1010.2,8.2,14.9,0.0,0
Kochi,Jun,32.7,95.3,1006.0,17.8,100.0,6.4,1
Hyderabad,Jul,31.8,75.3,1008.9,11.6,47.8,8.0,1
Ahmedabad,Sep,28.5,69.0,1001.7,11.0,53.0,0.0,0
Chennai,Apr,31.3,75.1,1016.0,15.4,0.0,0.0,0
Pune,Jun,31.3,76.0,1008.2,26.2,55.2,17.7,0
Kolkata,Dec,22.8,81.3,1007.6,9.0,42.1,0.0,0
Hyderabad,Jan,21.5,70.8,1010.7,7.5,12.3,0.0,0
Bengaluru,Apr,20.8,78.6,1008.2,14.1,46.8,2.2,1
Mumbai,Jan,20.3,64.9,1009.9,16.7,31.1,0.0,0
Kolkata,May,32.9,72.6,1013.7,2.5,6.3,0.0,0
Chennai,Dec,20.3,94.7,1012.0,15.6,78.0,19.0,0
Guwahati,Jul,26.4,100.0,1003.7,25.7,100.0,32.5,1
Pune,Mar,21.3,56.2,1010.5,18.0,1.5,0.0,0
Delhi,Mar,18.9,50.1,1014.5,20.1,26.9,0.0,0
Bengaluru,Feb,18.6,70.3,1015.4,12.7,19.3,0.4,0
Mumbai,Aug,28.8,97.4,1003.7,16.4,97.7,19.3,1
Guwahati,Mar,20.9,80.5,1008.9,7.0,25.4,0.5,0
Chennai,Sep,35.8,68.9,1007.8,32.8,44.3,0.0,0
Ahmedabad,Apr,26.4,33.9,1003.4,30.5,14.6,0.0,0
Mumbai,Dec,22.5,75.8,1006.0,11.0,26.3,0.0,0
Jaipur,Oct,24.2,31.6,1006.6,8.7,14.5,0.0,0
Jaipur,Aug,28.9,76.2,1003.8,7.7,57.8,3.5,0
Lucknow,Jan,18.7,52.7,1005.6,16.5,56.2,1.7,0
Bengaluru,Dec,16.4,60.0,1008.4,6.7,32.5,0.0,0
Chennai,Jul,38.3,68.3,1012.0,3.9,31.0,1.6,0
Ahmedabad,Dec,23.8,56.5,1013.3,5.2,24.7,1.8,0
Hyderabad,Apr,29.3,57.0,1002.9,7.9,22.9,3.7,0
Lucknow,May,30.1,48.0,1009.6,19.3,19.4,0.0,0
Kochi,Oct,27.9,86.7,1007.0,15.2,79.9,12.3,1
Jaipur,Jan,20.6,46.7,1015.7,3.6,32.4,0.0,0
Kolkata,Jul,32.1,100.0,1002.6,20.7,100.0,0.3,1
Chennai,Apr,29.3,64.7,1008.1,17.2,45.1,0.0,0
Ahmedabad,Mar,19.8,30.4,1009.7,8.1,4.2,0.6,0
Delhi,Feb,22.8,51.7,1007.7,14.5,10.5,0.0,0
Lucknow,Jan,16.8,43.8,1008.1,2.9,0.0,0.0,0
Jaipur,Mar,23.7,43.7,1005.8,10.2,41.3,0.0,0
Kochi,Apr,26.4,81.1,1007.7,6.8,12.5,0.0,0
Bengaluru,Sep,23.2,87.7,1000.8,10.7,87.8,31.1,1
Delhi,Dec,19.5,42.8,1014.5,25.3,9.4,0.0,0
Chennai,Mar,26.6,51.6,1008.9,12.2,33.4,0.0,0
Pune,Jun,28.1,68.3,1004.4,11.7,74.8,0.0,0
Guwahati,Jul,28.5,100.0,1005.9,9.2,85.9,8.8,1
Mumbai,Dec,21.5,48.9,1008.5,4.9,36.8,0.0,0
Kochi,Feb,21.7,85.5,1013.9,26.5,33.9,2.0,0
Delhi,Feb,20.5,61.1,1016.4,16.2,42.9,1.3,0
Delhi,Aug,29.3,72.3,1006.1,12.6,78.7,6.9,1
Jaipur,Jan,19.5,51.0,1011.7,25.7,17.5,2.6,0
Kochi,Jan,21.9,82.4,1010.5,30.0,15.1,5.4,0
Lucknow,Feb,21.5,57.5,1004.5,12.0,36.7,0.0,0
Mumbai,Feb,24.3,73.5,1006.1,5.9,29.1,0.0,0
Jaipur,Feb,18.0,45.4,1012.9,21.3,10.8,0.0,0
Lucknow,Mar,20.5,65.2,1014.9,16.8,25.2,0.0,0
Bengaluru,Dec,16.6,67.5,1009.9,7.2,23.3,0.0,0
Kochi,Jul,29.6,100.0,1001.8,18.9,97.3,13.7,1
Hyderabad,Nov,24.0,66.8,1011.3,21.4,28.6,0.0,0
Guwahati,May,25.6,97.3,1006.5,20.3,57.1,0.0,1
Mumbai,Jul,29.4,100.0,1002.7,15.5,89.9,3.2,1
Kolkata,Feb,21.9,67.6,1008.6,5.9,46.6,0.0,0
Jaipur,Nov,22.5,57.6,1010.2,7.4,17.9,0.0,0
Bengaluru,Feb,18.5,55.3,1011.1,35.1,0.0,2.3,0
Lucknow,Apr,22.7,44.8,1012.4,7.0,12.2,0.0,0
Mumbai,Jan,22.6,74.9,1014.2,4.8,18.0,0.0,0
Bengaluru,May,27.3,87.7,1006.8,12.1,75.7,0.0,1
Kochi,Jun,30.0,93.9,1003.5,22.3,87.4,8.7,1
Guwahati,Dec,16.1,85.6,1015.4,16.6,51.6,0.0,1
Jaipur,Dec,18.4,54.3,1008.9,11.3,37.8,0.0,1
Kochi,Mar,26.9,76.4,1011.2,12.1,32.7,0.3,0
Kochi,Dec,23.8,73.4,1004.9,9.4,34.4,0.0,0
Mumbai,Nov,21.5,68.9,1007.4,8.8,33.1,0.0,0
Pune,Oct,25.0,58.8,1008.6,10.1,2.8,0.0,0
Chennai,Jul,38.3,69.4,1013.4,13.1,41.2,0.0,0
Delhi,Aug,27.3,78.1,1006.3,15.6,87.9,5.7,1
Kochi,Oct,25.8,100.0,1003.0,8.5,77.1,0.0,1
Mumbai,Jul,34.1,89.3,1001.6,22.5,76.0,4.3,0
Kolkata,Jul,31.7,100.0,1001.5,23.0,72.0,11.1,1
Lucknow,Apr,24.2,53.1,1007.8,9.0,47.3,0.0,0
Delhi,May,29.8,51.5,1011.9,9.6,18.4,0.0,0
Kochi,Oct,26.3,100.0,1003.8,10.5,63.4,6.2,1
Kolkata,Mar,24.5,71.2,1006.8,5.2,15.0,1.0,0
Bengaluru,Jun,29.8,86.6,1010.7,32.3,71.3,0.0,1
Mumbai,Jun,34.3,88.0,1005.7,17.9,99.4,0.0,0
Hyderabad,Sep,26.7,65.5,1004.7,19.7,50.5,2.5,1
Kochi,Dec,21.0,74.7,1006.6,16.1,37.9,0.0,0
Bengaluru,Aug,30.2,91.0,1010.7,18.5,47.4,0.0,0
Delhi,Apr,25.9,50.6,1015.6,17.0,44.2,2.3,0
Kochi,Jul,32.1,100.0,1007.3,16.7,100.0,12.1,1
Pune,Jul,31.2,84.2,1007.1,10.2,68.8,0.0,1
Jaipur,Feb,18.4,40.0,1012.1,11.2,12.4,0.0,0
Lucknow,Jul,31.0,70.7,1000.9,22.7,73.9,3.7,1
Lucknow,Aug,29.8,62.2,1005.7,26.7,66.5,0.0,0
Guwahati,Sep,25.8,92.2,1004.1,32.4,90.2,0.0,1
Mumbai,Nov,24.7,65.9,1009.1,21.0,37.2,0.0,0
Pune,Jan,17.5,47.0,1010.8,8.0,10.3,1.2,0
Kolkata,Nov,22.0,66.9,1005.6,8.1,12.9,0.0,0
Bengaluru,Nov,18.8,65.0,1006.9,16.0,49.9,0.0,0
Guwahati,Jan,17.9,66.8,1004.5,10.0,23.2,0.0,0
Kolkata,Apr,26.9,63.5,1007.3,11.8,22.7,0.0,0
Pune,Jul,28.7,68.7,1004.5,22.5,82.2,0.0,0
Delhi,Oct,24.5,49.9,1008.8,4.5,6.8,0.0,0
Chennai,Aug,35.2,75.0,1016.7,9.9,14.4,5.2,0
Delhi,Sep,26.0,59.5,1007.2,9.7,49.2,0.0,0
Kochi,Sep,26.2,75.7,1011.1,12.8,37.3,6.9,0
Guwahati,May,26.7,90.2,1003.4,13.0,50.4,0.0,1
Kolkata,May,31.9,54.1,1010.5,21.1,22.3,0.5,0
Kolkata,Aug,31.0,100.0,1004.3,25.7,81.3,3.5,1
Hyderabad,Nov,22.7,38.9,1010.4,16.7,30.1,0.0,0
Lucknow,Aug,31.0,86.2,1007.1,16.6,87.6,14.0,1
Pune,Sep,25.4,79.6,1008.9,17.2,64.3,23.0,1
Lucknow,Jul,31.6,77.9,1008.3,30.5,95.0,0.0,1
Lucknow,May,31.2,50.5,1008.4,5.8,16.2,0.4,0
Jaipur,May,29.6,44.1,1010.5,17.5,40.1,0.0,0
Delhi,Feb,16.9,35.1,1008.4,5.9,13.1,0.9,0
Kolkata,Jul,29.9,100.0,1009.9,9.6,99.9,19.7,1
Pune,Dec,19.6,71.5,1009.8,8.8,38.7,0.0,0
Chennai,Apr,26.1,73.7,1013.7,18.7,61.1,0.0,0
Pune,Aug,26.4,85.7,1005.7,16.8,71.3,0.0,1
Lucknow,Aug,30.3,66.9,1006.5,11.0,67.8,37.9,0
Lucknow,May,28.5,36.2,1006.1,4.1,27.8,0.4,0
Pune,Jul,29.5,99.6,997.2,13.7,73.4,0.0,1
Chennai,May,33.8,52.4,1004.4,10.7,24.7,2.6,0
Guwahati,Jan,19.4,80.9,1014.8,10.3,55.3,0.0,0
Bengaluru,Feb,22.3,58.6,1013.2,13.9,10.2,8.4,0
Jaipur,Dec,21.7,44.7,1012.3,5.7,30.8,0.0,0
Hyderabad,Jul,38.2,73.1,1005.7,13.7,60.0,0.0,1
Kolkata,Sep,27.1,99.3,1000.3,24.1,100.0,4.1,1
Delhi,Sep,27.9,61.3,1007.8,17.4,46.8,0.0,0
Delhi,Jan,19.2,60.3,1008.2,5.8,44.7,0.0,0
Pune,Apr,27.9,69.6,1010.8,18.9,27.9,0.0,0
Bengaluru,Oct,22.2,84.2,1006.3,38.1,75.3,0.0,0
Pune,Aug,29.9,91.6,1007.7,21.0,69.7,29.5,1
Bengaluru,Oct,22.8,90.6,1001.8,19.5,46.4,0.0,1
Pune,Aug,28.2,77.7,1006.7,28.3,92.5,2.1,1
Guwahati,Aug,24.9,100.0,1005.3,35.3,81.5,1.3,1
Ahmedabad,Dec,21.2,50.8,1013.0,6.5,26.3,0.0,0
Chennai,Oct,24.2,83.7,1005.2,20.3,58.4,2.7,0
Delhi,Dec,18.4,53.4,1008.8,7.2,32.0,0.0,0
Hyderabad,Feb,20.8,53.2,1006.6,6.6,15.2,0.0,0
Lucknow,Jul,26.4,55.5,1007.1,20.1,32.6,0.0,0
Jaipur,May,30.6,46.7,1015.3,8.5,0.0,0.0,0
Chennai,Jan,25.4,61.6,1007.0,21.0,11.4,0.6,0
Delhi,Nov,24.7,53.5,1004.1,7.9,8.6,1.2,0
Mumbai,Nov,21.4,75.3,1009.5,9.8,32.2,0.0,0
Delhi,Oct,27.3,35.5,1003.4,15.2,0.0,0.0,0
Chennai,Jul,36.4,79.8,1012.2,8.4,43.6,2.4,0
Guwahati,Nov,21.7,72.2,1012.3,22.0,19.5,0.0,0
Mumbai,Mar,23.1,64.5,1007.4,13.9,23.9,0.0,0
Ahmedabad,Aug,31.3,68.7,1007.5,18.8,76.1,0.0,0
Pune,Jan,19.7,39.3,1010.1,12.7,42.4,0.0,0
Guwahati,Nov,22.8,80.1,1012.4,5.8,3.7,0.0,0
Chennai,Dec,21.9,88.5,1004.5,16.9,68.7,10.5,1
Jaipur,Sep,30.8,48.4,1004.9,15.3,62.3,0.0,0
Jaipur,Feb,24.1,36.7,1014.4,4.5,33.8,0.0,0
Kochi,Feb,21.7,76.4,1007.0,3.3,29.1,0.0,0
Pune,Aug,29.9,84.6,1005.0,22.0,36.1,22.6,1
Delhi,Feb,17.4,39.3,1007.8,11.7,1.3,0.0,0
Bengaluru,Aug,30.3,79.2,1009.5,10.6,56.2,3.8,0
Ahmedabad,Jul,33.8,46.2,1010.9,10.5,78.4,36.7,0
Ahmedabad,May,32.1,47.1,1013.1,4.4,40.4,0.4,0
Lucknow,Dec,23.2,64.8,1006.7,12.0,9.7,0.0,0
Chennai,May,30.7,72.3,1014.7,15.8,29.1,5.4,0
Hyderabad,Sep,25.4,93.7,1006.0,13.0,94.5,4.1,1
Guwahati,Apr,26.7,78.1,1012.5,5.9,10.0,2.8,0
Pune,Apr,27.7,62.6,1010.4,5.8,0.0,0.0,0
Lucknow,Aug,31.2,69.1,1007.6,16.8,63.5,7.4,1
Pune,Aug,26.0,85.7,1006.7,14.1,81.0,0.0,1
Mumbai,Nov,22.8,61.4,1011.2,4.5,6.5,1.0,0
Mumbai,Feb,22.9,64.0,1011.1,17.0,36.8,0.0,0
Hyderabad,May,29.4,64.9,1012.5,4.7,47.0,0.0,0
Ahmedabad,Jun,34.9,42.9,1011.1,6.7,13.4,0.0,0
Pune,Aug,27.5,88.8,1009.2,43.8,46.2,2.8,1
Delhi,Feb,14.7,52.0,1007.0,16.2,15.7,0.0,0
Bengaluru,Jun,26.6,87.2,1009.3,8.3,66.2,12.6,1
Lucknow,Aug,28.9,87.7,1004.7,26.5,77.2,4.5,1
Mumbai,Dec,22.7,66.3,1009.6,3.3,17.6,4.3,0
Guwahati,Oct,26.0,51.8,1012.0,5.6,7.9,0.0,0
Hyderabad,Nov,27.4,50.7,1013.3,18.9,25.9,13.9,0
Lucknow,Feb,24.5,35.7,1014.0,10.1,15.5,2.1,0
Kochi,Jun,30.8,100.0,1001.8,14.7,87.0,0.6,1
Pune,Dec,20.6,65.5,1007.2,8.7,53.9,0.0,0
Guwahati,Sep,26.7,84.2,1004.7,17.9,97.3,78.0,1
Hyderabad,Apr,27.1,61.8,1011.0,23.4,38.5,0.0,0
Kochi,May,30.1,78.9,1010.9,7.7,51.4,0.0,0
Ahmedabad,Sep,32.1,52.2,1009.8,6.7,47.9,0.0,0
Hyderabad,Jun,35.5,47.6,1011.7,23.3,11.8,0.7,0
Pune,Oct,21.8,67.1,1011.3,15.6,23.8,0.0,0
Chennai,May,30.2,58.6,1009.5,2.9,27.2,0.0,0
Ahmedabad,Aug,30.6,56.6,1004.8,12.2,67.5,0.0,0
Ahmedabad,Mar,27.9,35.9,1005.3,16.4,0.0,1.6,0
Bengaluru,Jul,25.5,78.9,1008.5,15.7,61.1,2.2,0
Kochi,Dec,21.5,71.5,1008.1,0.9,32.9,0.0,0
Jaipur,Oct,28.0,37.1,1017.0,17.5,0.0,0.0,0
Chennai,Mar,26.6,67.6,1006.5,19.4,29.5,0.0,0
Mumbai,May,32.7,65.7,1011.1,9.9,27.6,0.0,0
Ahmedabad,Jul,33.4,73.4,1009.1,12.8,62.9,3.9,0
Lucknow,Dec,18.2,48.8,1007.6,6.2,24.0,0.0,0
Jaipur,Apr,26.6,53.6,1007.1,7.4,29.2,4.0,0
Ahmedabad,Apr,27.7,39.9,1007.7,14.7,7.2,0.0,0
Chennai,Aug,36.6,83.1,1012.0,7.2,44.6,0.0,0
Lucknow,Feb,20.0,43.9,1008.4,21.4,24.9,0.0,0
Guwahati,Oct,23.4,71.2,1010.2,10.4,37.8,0.0,0
Mumbai,Jan,23.8,64.5,1010.7,11.7,24.0,0.0,0
Pune,Nov,22.2,62.7,1014.9,17.7,40.8,0.0,0
Kolkata,Mar,21.0,59.0,1009.9,6.3,2.6,0.0,0
Guwahati,Feb,20.3,72.2,1009.2,3.8,37.8,0.0,0
Kolkata,Oct,25.7,100.0,1007.8,19.7,48.0,0.0,1
Lucknow,Apr,24.5,53.0,1013.8,3.7,0.0,0.1,0
Bengaluru,Feb,19.2,76.2,1012.5,15.6,46.9,0.0,0
Lucknow,Aug,27.6,75.2,1005.6,13.0,59.9,11.0,1
Chennai,Oct,28.5,93.8,1003.5,12.0,76.1,5.0,1
Kochi,Mar,27.5,87.0,1013.8,10.6,51.4,0.0,0
Chennai,Apr,32.3,75.7,1005.5,25.6,26.9,0.0,0
Hyderabad,Feb,21.7,51.5,1006.8,17.4,7.3,0.0,0
Delhi,Jan,16.9,50.0,1009.8,6.5,11.4,0.0,0
Mumbai,Nov,26.9,60.7,1013.3,4.6,34.2,0.0,0
Delhi,May,28.5,57.8,1010.1,19.4,43.0,0.0,0
Bengaluru,Mar,21.9,70.9,1007.7,14.6,43.8,0.0,0
Jaipur,Jul,32.7,63.7,1008.6,17.9,58.3,2.4,1
Kolkata,Dec,23.4,73.5,1011.9,14.5,30.3,4.5,0
Guwahati,Apr,24.6,78.7,1009.2,14.6,28.2,0.0,0
Lucknow,Nov,23.3,44.4,1012.3,13.3,21.3,3.1,0
Guwahati,Oct,23.1,88.6,1012.0,2.5,17.3,0.0,0
Jaipur,Oct,30.9,43.3,1015.6,12.3,32.7,0.0,0
Bengaluru,Nov,22.0,74.5,1014.5,8.0,49.5,0.0,0
Jaipur,Oct,25.9,44.1,1013.8,4.1,12.1,0.0,0
Chennai,Dec,19.1,87.6,1002.3,15.0,84.0,0.0,1
Ahmedabad,Jan,20.0,33.1,1009.5,4.3,17.8,0.0,0
Jaipur,Sep,31.0,66.2,1005.1,16.0,33.4,0.0,0
Pune,Apr,26.0,45.0,1007.7,18.8,0.0,1.1,0
Ahmedabad,Jan,22.1,42.1,1011.9,10.7,43.7,0.0,0
Hyderabad,May,32.0,48.7,1006.2,3.3,15.4,0.0,0
Kochi,Dec,23.3,77.2,1012.1,13.9,10.3,4.6,0
Kolkata,Jul,32.8,100.0,1004.6,9.0,100.0,5.7,1
Ahmedabad,Aug,31.6,69.1,1003.9,16.5,66.9,7.3,1
Ahmedabad,Dec,19.3,42.6,1012.2,14.7,28.2,0.0,0
Kolkata,May,31.6,76.3,1012.6,14.6,36.2,0.0,0
Kolkata,Jun,28.8,91.7,1007.0,15.7,83.8,0.3,1
Ahmedabad,Sep,28.9,58.6,1015.5,13.0,51.5,0.0,0
Pune,Dec,20.2,57.4,1012.7,16.4,1.2,0.0,0
Ahmedabad,Aug,31.0,57.0,1010.3,14.1,68.2,10.2,1
Lucknow,Aug,29.4,66.2,1006.2,16.9,70.7,16.8,1
Hyderabad,Sep,28.6,76.3,1003.8,11.0,76.8,0.0,1
Hyderabad,Apr,27.2,66.1,1008.6,29.7,10.4,0.0,0
Guwahati,Dec,16.6,66.7,1008.1,12.2,0.0,0.0,0
Ahmedabad,Dec,22.6,32.2,1007.9,26.9,10.6,0.0,0
Ahmedabad,Feb,21.1,42.7,1010.3,4.9,19.5,0.0,0
Ahmedabad,Jun,29.5,54.2,1016.1,3.4,25.2,0.0,0
Pune,Oct,27.8,47.3,1009.6,7.2,59.6,0.0,0
Jaipur,Jan,20.1,47.8,1016.2,14.1,27.9,0.0,0
Chennai,Oct,24.1,75.6,1003.8,31.4,63.0,4.7,1
Ahmedabad,Dec,23.0,51.5,1010.0,15.2,2.5,0.0,0
Lucknow,Jul,28.1,76.3,997.2,10.2,62.4,7.1,1
Jaipur,Dec,17.6,28.0,1010.1,4.5,14.3,0.0,0
Kochi,Aug,28.2,100.0,1005.7,15.5,80.1,50.2,1
Pune,Feb,22.1,59.6,1009.4,5.1,11.3,0.0,0
Hyderabad,Oct,24.7,63.5,1007.8,21.7,37.8,27.3,0
Kolkata,Jul,31.0,100.0,1002.6,15.7,89.5,9.0,1
Lucknow,Sep,31.9,60.8,1007.0,20.2,32.8,5.8,0
Kochi,Oct,26.1,100.0,1005.3,21.3,60.5,7.7,0
Chennai,May,32.3,55.4,1013.5,35.3,19.1,0.0,0
Bengaluru,Mar,24.7,54.7,1009.9,3.2,22.3,0.0,0
Kochi,Mar,25.3,89.8,1006.9,16.1,24.9,0.5,0
Chennai,Jan,19.7,62.0,1012.4,8.9,11.1,0.0,0
Bengaluru,Apr,22.5,71.2,1009.1,34.5,41.6,0.0,0
Bengaluru,Jun,25.5,58.7,1010.0,27.5,49.6,10.7,0
Kochi,Sep,28.8,94.2,1008.2,11.5,48.3,0.0,0
Ahmedabad,Aug,34.2,62.3,1004.2,30.6,46.0,0.0,0
Kolkata,Dec,24.4,76.1,1011.2,3.4,10.5,0.0,0
Kochi,Apr,28.2,76.2,1010.2,13.8,24.9,0.0,0
Jaipur,Dec,22.4,36.5,1010.4,15.9,12.6,0.0,0
Delhi,Jun,35.9,56.9,1008.8,5.7,10.4,0.0,0
Ahmedabad,Nov,25.5,50.8,1009.7,12.0,4.8,0.4,0
Mumbai,Apr,22.7,64.3,1015.5,10.8,20.5,0.0,0
Delhi,Feb,21.7,50.1,1010.6,10.0,0.0,0.0,0
Bengaluru,Jul,31.1,81.5,1002.0,15.4,44.1,0.0,0
Lucknow,Jun,31.0,56.4,1012.1,19.5,28.9,0.4,0
Ahmedabad,Apr,26.7,54.3,1009.8,4.8,37.2,0.0,0
Delhi,Sep,26.8,68.6,1003.2,21.3,60.2,0.0,0
Hyderabad,Apr,28.1,46.7,1014.0,12.7,1.8,0.0,0
Jaipur,Oct,28.1,47.1,1012.9,6.7,50.5,0.0,0
Kochi,Dec,21.4,87.7,1008.6,3.8,38.1,0.0,0
Guwahati,Apr,25.2,61.3,1009.5,11.8,22.8,1.3,0
Mumbai,Jan,22.0,72.2,1008.6,12.6,23.6,2.3,0
Delhi,Feb,18.9,39.2,1011.1,20.1,28.2,0.0,0
Ahmedabad,Feb,20.3,49.3,1005.5,8.4,42.4,1.4,0
Guwahati,May,26.3,83.3,1006.4,10.2,80.8,3.8,0
Ahmedabad,Sep,28.7,51.5,1006.9,15.9,0.0,1.8,0
Ahmedabad,Apr,25.9,40.2,1014.2,3.6,13.4,0.0,0
Hyderabad,Nov,25.0,69.8,1009.3,5.9,53.1,0.0,0
Ahmedabad,Jun,32.8,62.1,1019.2,12.3,33.7,0.0,0
Hyderabad,Nov,25.8,48.4,1008.2,4.1,7.3,0.9,0
Delhi,Aug,26.1,85.2,1005.7,10.2,43.8,1.8,0
Lucknow,Oct,25.4,62.0,1009.2,12.5,32.2,0.2,0
Hyderabad,Sep,25.5,85.2,1000.9,30.9,53.6,6.9,1
Jaipur,Jun,32.5,51.0,1009.5,11.9,36.7,2.4,0
Ahmedabad,Dec,22.6,53.2,1006.3,20.7,33.1,0.0,0
Kolkata,Feb,23.5,57.4,1012.3,7.9,29.3,0.0,0
Chennai,May,31.1,61.6,1016.0,7.5,30.3,6.0,0
Pune,Nov,24.4,48.8,1006.6,17.2,4.9,0.1,0
Ahmedabad,Jul,31.6,56.4,1002.1,21.5,23.2,0.1,1
Pune,Jun,28.2,89.1,999.8,11.4,82.5,0.0,0
Guwahati,Jan,18.9,70.7,1012.2,13.8,53.5,0.0,0
Guwahati,Feb,19.5,71.2,1008.7,19.9,33.5,0.7,0
Chennai,May,32.8,63.3,1008.7,5.6,15.9,0.6,0
Bengaluru,Mar,18.9,52.4,1009.7,8.4,23.3,0.0,0
Jaipur,Feb,18.7,42.6,1005.3,10.0,19.6,0.0,0
Hyderabad,Jun,30.4,68.0,1013.8,20.4,36.2,0.8,0
Pune,Jul,29.1,88.6,1006.9,27.3,83.0,2.6,1
Guwahati,Oct,24.1,74.7,1003.6,7.5,5.5,0.0,0
Kochi,Oct,26.2,79.1,1002.3,8.0,40.1,0.0,0
Ahmedabad,May,37.0,45.7,1007.9,16.4,0.0,0.0,0
Kochi,May,29.3,98.6,1001.8,6.9,59.4,8.9,1
Mumbai,Jan,24.1,81.3,1012.2,8.0,54.6,0.0,0
Kochi,Apr,26.5,73.1,1009.1,8.1,49.4,0.0,0
Ahmedabad,Jan,21.4,37.0,1007.5,4.7,7.8,0.0,0
Bengaluru,Oct,17.9,82.6,1003.4,16.0,66.4,0.0,0
Bengaluru,Feb,17.2,45.7,1009.1,8.0,14.1,0.0,0
Lucknow,Dec,18.8,52.6,1010.2,7.0,4.7,0.0,0
Kolkata,Jun,33.0,82.0,995.9,16.1,69.8,0.0,1
Bengaluru,Nov,20.1,79.7,1012.8,10.9,20.5,0.0,0
Mumbai,Dec,24.3,64.6,1010.7,10.2,0.0,0.6,0
Lucknow,Sep,24.2,75.2,1009.1,8.0,47.2,2.3,0
Lucknow,Oct,22.8,50.7,1009.1,7.7,19.0,0.0,0
Kolkata,Mar,24.6,70.0,1010.0,10.4,23.5,0.6,0
Jaipur,Jan,22.9,43.8,1007.1,47.3,11.1,0.0,0
Mumbai,Apr,24.3,62.8,1005.5,10.6,23.8,0.0,0
Bengaluru,Aug,25.9,76.0,1002.6,23.3,35.8,4.3,1
Mumbai,Jul,31.8,100.0,1001.9,16.3,70.9,6.2,1
Ahmedabad,Jun,33.5,44.5,1010.1,8.4,33.3,0.0,0
Bengaluru,Jun,27.6,73.3,1013.4,14.6,50.9,25.5,1
Hyderabad,Dec,18.1,56.9,1014.1,7.2,11.3,0.0,0
Kochi,May,29.5,94.6,1002.1,9.8,75.3,2.4,0
Ahmedabad,Mar,26.4,41.1,1008.3,4.9,6.2,0.0,0
Lucknow,Sep,27.6,58.0,1004.3,9.7,49.0,1.3,0
Bengaluru,Nov,20.8,73.8,1010.2,11.7,28.5,0.0,0
Delhi,Jun,32.0,40.0,1013.7,12.1,40.9,0.0,0
Delhi,Nov,23.5,58.6,1013.2,10.1,41.2,0.0,0
Ahmedabad,Jul,30.7,59.3,1007.9,18.3,83.3,17.8,0
Bengaluru,Apr,25.0,78.0,1012.6,11.5,40.1,1.6,0
Kolkata,Feb,18.0,78.1,1009.2,13.1,26.5,0.0,0
Kochi,Oct,26.0,100.0,1004.7,14.8,73.8,21.6,1
Kolkata,Jul,29.2,100.0,999.9,20.2,80.9,11.0,1
Pune,Aug,31.5,72.1,1005.5,20.9,69.9,0.0,1
Chennai,May,33.6,58.2,1014.6,9.8,41.5,3.5,0
Ahmedabad,Dec,23.3,36.7,1006.1,5.0,23.2,0.0,0
Ahmedabad,Aug,31.7,68.5,1007.4,25.9,93.0,0.0,1
Lucknow,Sep,26.5,67.5,1007.6,11.0,66.8,0.3,0
Pune,Jul,31.2,86.8,1005.3,10.5,70.9,0.0,1
Jaipur,Oct,29.4,35.9,1002.7,18.7,8.1,0.0,0
Hyderabad,Jul,32.7,69.7,1006.9,15.8,49.8,2.3,0
Chennai,Nov,21.3,99.9,1006.2,13.9,71.4,8.4,1
Pune,Jun,30.9,57.8,1001.9,16.0,64.0,3.2,0
Pune,Sep,23.1,68.5,1006.0,17.6,86.8,0.0,1
Delhi,Apr,26.3,49.4,1009.3,12.3,26.8,1.8,0
Hyderabad,May,28.0,65.0,1008.2,5.9,20.1,0.5,0
Hyderabad,Aug,31.8,61.2,1007.0,14.9,67.9,7.7,1
Hyderabad,Feb,23.7,68.3,1005.5,7.2,25.9,0.0,0
Pune,Aug,27.3,75.3,1006.5,12.7,78.2,20.0,0
Jaipur,Jul,34.9,71.3,1005.5,14.3,45.3,0.9,0
Guwahati,Feb,17.0,78.6,1008.8,10.5,42.6,2.4,0
Ahmedabad,Dec,23.6,46.4,1008.4,11.7,35.4,0.0,0
Hyderabad,Apr,30.0,56.2,1013.3,19.5,36.8,0.0,0
Pune,May,28.5,37.6,1009.0,19.6,6.8,0.0,0
Lucknow,Oct,27.2,64.9,1012.5,20.5,27.0,0.0,0
Chennai,Feb,20.2,70.5,1006.0,8.6,24.6,0.0,0
Lucknow,Jul,30.1,75.3,1008.7,25.6,85.4,2.0,0
Kochi,Mar,24.5,94.8,1011.2,10.0,54.2,0.0,0
Delhi,Aug,30.1,74.7,1006.0,11.4,92.1,10.7,1
Guwahati,Nov,20.3,62.3,1001.4,6.9,34.2,0.0,0
Delhi,Dec,17.5,51.5,1008.5,3.6,28.7,0.0,0
Chennai,Dec,24.8,100.0,1007.2,11.3,98.6,9.4,1
Lucknow,Jul,30.0,61.0,1007.6,14.2,59.6,0.0,0
Delhi,Apr,24.8,54.1,1011.1,11.5,28.0,0.0,0
Guwahati,Mar,21.8,78.6,1014.6,7.6,31.5,0.0,0
Pune,Aug,29.7,80.9,1009.2,21.9,60.7,3.0,0
Pune,Jun,31.7,75.8,1010.4,10.7,80.8,3.7,0
Lucknow,Aug,31.9,64.8,1008.2,9.3,61.6,7.3,0
Lucknow,Feb,19.0,51.5,1003.1,11.1,23.2,0.4,0
Kolkata,Apr,26.5,58.5,1010.4,17.7,22.2,0.0,0
Kochi,Apr,27.8,69.4,1012.0,16.0,14.8,0.0,0
Kochi,Dec,23.5,81.7,1007.9,11.2,45.9,0.0,0
Chennai,Nov,21.7,97.9,1001.2,17.4,100.0,2.9,1
Kochi,Feb,22.8,87.7,1006.0,6.3,31.5,0.0,0
Hyderabad,Sep,30.2,62.3,1010.5,13.0,79.5,16.1,0
Hyderabad,Jan,20.3,55.6,1009.2,15.1,26.5,0.0,0
Lucknow,Mar,21.0,57.6,1012.6,6.9,32.7,0.0,0
Kolkata,Aug,24.8,100.0,1007.4,19.3,93.5,3.0,1
Guwahati,Apr,25.5,69.1,1016.3,7.7,27.0,0.0,0
Jaipur,Nov,22.7,49.8,1016.3,13.2,17.5,0.0,0
Delhi,Mar,20.7,52.4,1010.2,25.9,23.2,1.1,0
Ahmedabad,Feb,18.5,50.9,1010.4,16.4,16.0,0.0,0
Bengaluru,Oct,22.9,81.7,1005.1,13.0,92.9,2.3,0
Kochi,Mar,25.0,84.2,1012.7,14.8,54.7,0.0,0
Kolkata,Feb,18.3,64.2,1008.2,32.7,0.0,0.0,0
Kochi,Nov,26.3,82.8,1010.4,14.8,40.2,0.0,0
Lucknow,Dec,22.0,51.4,1010.6,12.4,23.2,0.8,0
Chennai,Jun,35.3,58.8,1009.7,6.1,3.3,0.0,0
Delhi,May,26.6,54.1,1007.0,6.0,22.8,0.0,0
Kochi,Feb,21.8,73.1,1007.7,5.2,30.4,0.0,0
Guwahati,Feb,18.3,67.9,1011.2,10.8,24.2,3.5,0
Kolkata,Jul,31.8,100.0,1004.1,13.2,92.9,0.0,1
Mumbai,Aug,29.3,95.0,1003.2,17.5,81.4,2.9,1
Ahmedabad,Jul,30.2,72.5,1007.0,19.6,98.5,23.2,1
Jaipur,Feb,20.5,43.0,1008.8,8.0,0.0,0.0,0
Mumbai,Jan,21.5,83.6,1009.4,21.6,8.8,0.0,0
Lucknow,Apr,25.8,52.1,1007.9,10.7,23.5,0.3,0
Pune,Oct,27.6,58.7,1015.8,23.4,34.2,0.0,0
Pune,Oct,23.3,60.6,1008.8,15.9,41.2,0.8,0
Chennai,Apr,31.6,59.3,1014.3,22.6,8.2,0.0,0
Jaipur,Nov,25.6,19.3,1010.3,1.9,17.2,0.0,0
Ahmedabad,Dec,24.1,50.0,1010.0,5.9,37.2,0.2,0
Bengaluru,Dec,20.5,51.4,1008.3,3.2,45.7,0.0,0
Delhi,Apr,24.7,48.9,1005.9,4.4,27.1,0.0,0
Guwahati,Feb,19.4,69.3,1009.9,16.4,31.8,0.0,0
Ahmedabad,Dec,21.1,49.2,1012.0,10.7,49.1,0.0,0
Jaipur,Apr,23.9,49.1,1011.0,12.8,55.3,0.0,0
Lucknow,May,30.9,44.5,1005.6,26.2,37.7,0.0,0
Pune,Sep,25.6,64.7,1002.2,11.1,34.6,25.7,1
Bengaluru,Jun,28.3,64.1,1005.9,15.1,43.5,3.5,0
Lucknow,Nov,20.9,56.9,1009.1,12.2,24.5,0.0,0
Delhi,Dec,23.1,53.8,1012.0,40.2,0.0,0.0,0
Lucknow,Apr,27.2,58.1,1007.7,6.2,27.8,0.0,0
Pune,Oct,27.4,51.3,1012.4,11.3,29.6,0.0,0
Kolkata,Aug,27.9,100.0,1007.6,16.7,88.9,0.5,0
Chennai,Mar,23.9,71.2,1003.1,11.3,7.6,0.0,0
Kochi,Jan,25.1,79.8,1014.1,3.3,48.8,0.0,0
Lucknow,Apr,25.5,56.0,1009.7,5.1,39.5,0.0,0
Hyderabad,Jan,25.1,57.6,1012.7,16.3,30.7,0.0,0
Kolkata,May,29.8,60.9,1013.8,8.3,19.9,0.0,0
Chennai,Nov,22.7,88.7,998.6,21.6,96.8,0.0,1
Pune,Aug,29.5,71.8,1005.8,25.7,67.7,6.9,0
Ahmedabad,Jan,18.3,38.3,1007.9,12.3,28.7,0.0,0
Ahmedabad,May,32.3,28.8,1005.4,12.1,9.3,0.0,0
Kolkata,Jan,18.9,75.4,1008.3,14.4,30.9,0.6,0
Guwahati,Apr,27.7,62.9,1007.4,4.2,32.6,0.0,0
Jaipur,May,32.5,44.8,1016.0,2.6,32.2,0.0,0
Mumbai,Sep,27.4,100.0,1003.9,12.7,82.7,0.0,1
Chennai,Sep,35.2,50.8,1015.3,12.2,14.5,0.0,0
Jaipur,Apr,28.2,43.3,1010.0,7.5,43.3,1.5,0
Chennai,Sep,36.0,71.7,1014.4,7.0,25.9,0.0,0
Delhi,Dec,20.3,52.1,1013.0,10.6,55.7,0.0,0
Bengaluru,Feb,18.7,75.2,1004.1,5.8,32.6,1.1,0
Kolkata,Feb,24.1,68.7,1008.9,5.3,27.4,0.0,0
Hyderabad,Aug,30.3,75.3,1011.5,8.2,61.7,6.2,0
Hyderabad,Apr,22.4,67.7,1011.0,14.9,15.0,3.4,0
Bengaluru,Feb,19.4,59.0,1010.2,5.6,46.4,0.0,0
Delhi,Oct,25.4,47.7,1012.8,15.5,19.0,0.6,0
Lucknow,Dec,18.8,46.8,1007.3,22.1,25.3,0.0,0
Pune,Sep,25.7,76.2,1004.4,24.8,76.3,6.9,0
Hyderabad,May,30.9,57.9,1006.2,4.2,18.3,2.5,0
Jaipur,Nov,21.2,47.5,1011.0,4.6,18.8,0.0,0
Bengaluru,Aug,32.3,80.6,1004.0,18.2,77.6,0.0,0
Lucknow,Jan,17.6,38.9,1009.5,17.7,29.4,0.0,0
Ahmedabad,Dec,19.5,61.8,1008.5,15.4,14.2,0.0,0
Bengaluru,Apr,26.5,65.3,1010.2,22.6,30.1,0.0,0
Hyderabad,Sep,26.6,74.8,1005.8,27.4,77.3,0.0,1
Kolkata,Feb,21.5,79.4,1013.2,10.7,18.3,2.8,0
Jaipur,Apr,26.0,42.6,1005.5,18.1,42.1,0.0,0
Hyderabad,Mar,23.6,54.2,1008.4,13.5,44.9,0.0,0
Bengaluru,Aug,27.2,67.4,1006.2,19.5,80.9,4.4,0
Delhi,May,31.7,58.3,1010.5,7.5,25.6,0.0,0
Lucknow,Oct,27.0,58.1,1010.3,9.0,12.0,2.1,0
Guwahati,Sep,25.0,100.0,1005.1,16.2,70.9,1.3,1
Mumbai,Feb,23.6,67.2,1016.9,21.4,25.7,0.0,0
Chennai,Oct,22.5,97.4,1000.7,14.0,67.4,0.0,1
Guwahati,Dec,16.3,69.7,1011.6,13.0,9.9,0.0,0
Pune,Jul,28.9,83.0,1004.0,35.1,85.0,13.5,0
Kochi,Nov,26.8,72.7,1008.7,14.8,26.6,0.0,0
Kolkata,Oct,25.1,88.8,1006.1,4.8,42.4,0.0,1
Guwahati,Jun,26.2,100.0,1006.6,34.2,90.1,52.4,1
Jaipur,Mar,22.5,59.1,1006.5,7.6,25.5,0.0,0
Kolkata,Oct,29.2,81.0,1011.3,30.5,44.3,0.0,0
Mumbai,Mar,25.4,75.6,1012.2,17.0,6.9,0.0,0
Delhi,Apr,24.9,51.7,1005.8,8.2,30.6,0.0,0
Kochi,Jun,30.9,100.0,1006.4,21.2,93.7,14.0,1
Pune,Jun,27.9,72.9,1004.9,37.0,16.0,28.1,1
Guwahati,Feb,19.2,65.8,1006.9,11.5,33.9,0.0,0
Hyderabad,Apr,26.2,63.9,1010.9,4.6,19.4,0.0,0
Chennai,Sep,31.3,80.5,1007.2,5.6,20.5,1.2,0
Bengaluru,Oct,21.2,86.0,1009.4,33.5,87.1,7.2,0
Jaipur,Mar,21.1,58.7,1012.7,10.7,43.8,0.0,0
Ahmedabad,Aug,29.1,68.4,1004.0,22.0,52.1,9.3,0
Kolkata,Jul,31.0,92.9,1002.0,24.7,97.2,25.6,1
Chennai,Jun,36.2,75.2,1004.2,20.6,22.8,0.0,0
Ahmedabad,May,32.0,38.0,1004.8,7.9,33.1,0.5,0
Ahmedabad,Aug,32.2,77.2,1007.5,28.5,51.0,0.8,0
Bengaluru,Mar,16.3,77.5,1003.9,31.8,26.0,2.0,0
Guwahati,May,23.4,84.3,1006.4,6.7,55.9,0.0,0
Jaipur,May,30.2,42.2,1004.6,27.5,31.3,0.0,1
Kolkata,Sep,28.5,94.7,1006.4,11.1,83.3,0.0,1
Mumbai,Mar,24.7,81.0,1011.2,19.4,12.7,0.0,0
Pune,Jul,29.0,68.9,999.7,24.9,79.6,3.8,1
Ahmedabad,Feb,22.8,49.8,1009.5,13.9,59.1,0.0,0
Kolkata,May,32.0,87.9,1011.4,19.2,41.1,0.0,0
Chennai,Aug,39.1,67.9,1005.1,26.7,13.9,0.0,0
Guwahati,Sep,26.2,100.0,1005.8,19.2,74.0,0.0,1
Lucknow,Apr,29.1,48.1,1004.3,11.7,36.0,0.0,0
Pune,Oct,23.7,60.9,1013.3,6.8,3.8,0.0,0
Lucknow,Jul,29.7,57.9,1002.6,35.0,75.1,35.5,0
Kolkata,Jun,29.2,100.0,1007.0,17.1,86.5,9.6,1
Delhi,Nov,23.9,47.6,1012.1,8.6,27.6,0.0,0
Kolkata,Dec,22.2,90.4,1007.8,10.0,62.6,0.0,0
Pune,Aug,29.7,71.5,1008.1,19.0,55.2,25.4,0
Chennai,Apr,28.2,70.3,1010.6,4.4,31.6,0.0,0
Hyderabad,Mar,23.2,48.7,1011.3,15.5,0.0,0.0,0
Bengaluru,Jun,27.5,74.0,1007.9,20.3,27.3,0.0,0
Kochi,Oct,24.9,100.0,1006.4,10.8,56.5,0.0,0
Pune,Mar,19.2,52.8,1010.7,20.4,50.2,0.0,0
Mumbai,Nov,25.4,55.1,1009.9,7.2,10.4,0.7,0
Hyderabad,Dec,19.8,46.7,1004.8,10.9,29.8,0.0,0
Delhi,Jul,28.7,53.3,1005.6,11.2,75.5,0.0,0
Lucknow,Aug,28.5,77.2,1005.6,15.8,71.0,0.3,1
Kochi,Oct,25.9,97.2,1008.2,15.6,66.6,15.6,0
Hyderabad,Jun,36.0,48.1,1012.5,3.1,21.2,0.0,0
Mumbai,Dec,20.2,73.4,1010.4,17.7,44.7,0.0,0
Delhi,Jan,14.4,52.1,1005.9,5.3,18.2,0.0,0
Kolkata,Nov,22.5,80.9,1005.6,10.2,25.6,2.3,0
Guwahati,Feb,19.2,67.9,1003.3,26.7,16.1,0.0,0
Pune,Apr,24.4,51.4,1008.1,3.4,25.3,4.0,0
Hyderabad,Feb,19.2,62.5,1007.0,8.6,0.0,0.0,0
Delhi,Aug,26.8,55.3,1002.0,19.1,91.8,4.9,1
Ahmedabad,Jan,23.7,40.7,1008.3,2.6,1.4,0.0,0
Jaipur,Dec,23.1,47.6,1007.7,24.0,26.7,0.0,0
Kochi,Feb,22.7,84.7,1008.3,16.2,19.4,0.0,0
Delhi,Oct,27.4,64.5,1011.1,20.1,18.8,0.0,0
Pune,Oct,28.2,71.3,1010.7,9.9,32.5,0.8,0
Ahmedabad,Apr,25.8,49.8,1004.1,3.6,18.8,0.0,0
Chennai,Sep,35.1,57.7,1009.1,29.6,47.0,0.0,0
Pune,Nov,19.7,53.5,1007.7,15.1,40.3,0.4,0
Lucknow,Oct,29.2,54.1,1008.2,18.6,25.8,0.0,0
Kochi,Apr,26.5,71.2,1003.9,12.3,13.0,0.0,0
Bengaluru,Apr,24.7,66.6,1010.9,9.2,7.6,0.0,0
Hyderabad,Oct,22.8,75.3,1012.6,31.5,69.8,0.0,0
Chennai,Sep,34.1,75.2,1009.5,22.5,44.6,0.0,0
Lucknow,Oct,23.9,66.0,1010.3,16.9,31.3,0.0,0
Kolkata,Aug,33.7,100.0,1006.9,14.9,94.4,1.2,1
Ahmedabad,Feb,21.0,41.5,1008.6,17.2,38.9,0.0,0
Chennai,Oct,26.0,100.0,1004.4,9.4,90.3,7.7,1
Jaipur,May,28.2,28.6,1013.7,8.3,28.8,0.0,0
Kolkata,Dec,21.7,72.2,1014.1,19.2,38.6,0.0,0
Pune,Jun,30.7,71.6,1001.0,7.0,78.5,3.3,0
Chennai,Jul,40.3,77.2,1009.8,14.7,49.1,0.0,0
Bengaluru,May,28.3,80.7,1007.1,18.6,72.7,0.3,1
Pune,Aug,30.2,91.2,1005.8,13.7,78.7,3.6,1
Chennai,Jul,41.3,73.3,1019.6,5.7,10.0,0.0,0
Guwahati,Jun,26.5,100.0,1003.7,18.8,78.2,3.5,1
Kolkata,Feb,20.9,77.9,1012.3,12.7,25.6,2.0,0
Hyderabad,Mar,28.2,39.7,1009.6,12.8,11.3,1.2,0
Lucknow,Feb,19.8,59.4,1008.1,11.9,41.1,0.0,0
Chennai,Sep,32.1,62.7,1008.8,4.3,26.5,0.0,0
Mumbai,May,30.2,74.9,1006.9,2.9,31.7,0.0,0
Ahmedabad,Oct,29.0,60.4,1006.0,9.5,23.1,0.0,0
Lucknow,Apr,26.2,55.6,1004.0,6.9,0.0,0.0,0
Hyderabad,Apr,26.9,45.7,1008.5,19.1,14.7,0.0,0
Guwahati,Sep,30.0,91.1,1005.8,11.4,48.2,26.1,1
Delhi,Aug,27.7,80.4,1005.3,22.8,76.1,0.0,1
Chennai,Nov,23.3,87.1,1004.1,14.6,94.0,28.4,1
Mumbai,Jan,20.9,82.2,1009.5,5.0,27.0,0.0,0
Hyderabad,May,32.0,44.0,1016.8,5.1,14.4,0.0,0
Kochi,Nov,22.6,72.0,1008.0,17.6,36.2,0.4,0
Mumbai,Jun,29.9,77.8,1009.4,14.2,93.2,0.0,0
Ahmedabad,Aug,28.9,87.2,1007.8,22.9,81.0,0.0,1
Bengaluru,Feb,15.9,70.4,1013.4,3.6,16.9,0.0,0
Jaipur,Jun,32.3,23.2,1007.2,5.8,25.6,0.0,0
Kochi,Jan,23.8,70.2,1017.3,4.5,25.6,0.0,0
Hyderabad,Jun,33.5,70.6,1005.5,17.5,38.7,0.0,0
Mumbai,Jul,29.4,100.0,1009.5,14.6,95.5,0.0,1
Ahmedabad,Jul,30.5,83.1,1009.9,27.1,73.0,23.4,1
Ahmedabad,Dec,24.0,45.1,1013.3,8.6,20.1,0.0,0
Mumbai,Oct,26.6,90.0,1008.8,10.4,60.7,0.0,0
Delhi,Dec,17.2,56.7,1013.6,3.3,21.2,0.0,0
Mumbai,Feb,25.8,80.9,1010.3,4.9,31.1,0.0,0
Ahmedabad,Nov,23.5,45.2,1010.7,6.6,15.7,1.6,0
Ahmedabad,Oct,28.5,41.7,1003.1,7.4,25.9,0.0,0
Pune,May,32.5,50.1,1018.7,12.6,49.9,0.0,0
Pune,Mar,24.0,78.6,1013.1,11.5,40.5,0.0,0
Chennai,Aug,33.8,61.8,1013.8,18.6,16.7,0.0,0
Pune,Jun,31.6,70.6,1007.9,13.4,70.3,2.2,1
Guwahati,Feb,22.3,77.6,1010.1,11.6,31.9,0.0,0
Jaipur,Oct,28.2,35.7,1009.8,8.2,38.5,0.3,0
Guwahati,Jul,32.0,100.0,1000.5,31.8,100.0,14.3,1
Kolkata,Jul,29.8,100.0,1003.1,37.7,100.0,20.1,1
Kochi,Mar,25.7,76.0,1007.0,9.3,39.5,0.0,0
Ahmedabad,Jan,19.2,42.8,1015.3,9.0,0.0,1.2,0
Mumbai,Jan,18.6,66.7,1003.6,6.4,21.4,0.0,0
Guwahati,Sep,27.2,84.7,1006.2,29.6,69.2,10.0,0
Jaipur,Jul,32.7,54.0,1004.9,10.3,43.4,34.7,1
Hyderabad,Sep,27.3,73.9,1005.2,15.6,98.1,16.5,0
Bengaluru,Mar,20.8,69.1,1011.0,9.3,27.1,1.4,0
Mumbai,Oct,27.2,85.0,1003.3,13.1,62.3,0.0,1
Mumbai,Jun,33.0,99.7,1002.9,14.9,49.3,0.0,1
Delhi,Mar,22.3,58.4,1003.3,15.6,26.7,3.2,0
Mumbai,Apr,19.6,57.9,1008.5,14.6,23.7,0.0,0
Delhi,Aug,27.7,74.1,1006.8,11.8,45.8,5.5,0
Hyderabad,Jan,17.6,69.9,1009.1,10.4,26.5,0.0,0
Hyderabad,Dec,21.3,50.9,1005.4,12.7,11.0,3.2,0
Jaipur,Oct,26.7,38.7,1009.1,2.6,0.1,0.6,0
Hyderabad,Jul,31.5,77.6,1003.8,9.1,54.8,0.0,0
Mumbai,Dec,24.1,73.5,1017.3,4.4,30.0,0.5,0
Guwahati,Mar,21.0,71.3,1006.9,5.2,15.3,0.0,0
Mumbai,Mar,25.9,76.9,1010.8,1.9,48.4,0.0,0
Guwahati,May,27.2,93.8,1007.1,12.0,33.9,6.6,0
Bengaluru,Jul,27.9,76.1,1012.8,10.5,67.1,5.3,0
Jaipur,Apr,30.3,36.1,1009.4,34.7,3.6,0.0,0
Jaipur,Oct,27.7,48.4,1009.0,6.3,27.4,0.0,0
Ahmedabad,Jan,20.6,41.9,1010.4,10.0,19.9,0.0,0
Chennai,Feb,25.7,76.9,1012.9,5.0,48.6,0.0,0
Jaipur,Jan,22.8,41.1,1014.7,17.2,4.6,0.0,0
Mumbai,Jun,32.6,93.1,1004.4,16.4,92.4,0.2,1
Ahmedabad,Nov,26.3,33.6,1003.9,5.9,0.0,0.0,0
Hyderabad,Jan,20.8,68.5,1011.2,9.6,32.3,0.0,0
Hyderabad,Jan,17.2,61.5,1005.8,8.1,14.4,0.0,0
Kochi,Jan,20.0,70.8,1009.3,5.8,65.0,0.0,0
Pune,May,29.1,40.8,1010.2,9.5,23.7,0.0,0
Mumbai,Jan,17.8,74.3,1015.5,9.3,0.4,0.0,0
Ahmedabad,Apr,27.8,48.7,1006.9,9.2,25.9,0.0,0
Guwahati,Jun,25.8,100.0,1004.2,22.4,70.4,0.0,1
Mumbai,Apr,27.4,71.5,1008.7,9.2,23.8,0.0,0
Delhi,Jun,32.5,55.0,1013.8,3.1,26.2,0.1,0
Guwahati,Jan,19.7,85.2,1011.3,15.2,0.0,0.8,0
Lucknow,May,30.8,55.2,1009.5,0.9,35.4,0.0,0
Jaipur,Sep,28.3,52.1,1012.6,10.2,30.8,0.0,0
Guwahati,Jun,25.3,100.0,1004.2,11.5,100.0,6.8,1
Mumbai,Apr,29.0,80.5,1012.5,16.5,48.7,0.0,0
Lucknow,Mar,25.0,56.1,1003.8,5.1,27.3,0.0,0
Bengaluru,Oct,20.4,86.5,1004.9,18.9,66.5,0.0,0
Delhi,Jan,15.0,51.5,1006.5,9.5,49.0,4.8,0
Guwahati,Mar,25.2,71.9,1009.3,9.7,28.8,1.4,0
Chennai,Dec,21.3,100.0,1007.2,10.0,76.9,40.7,1
Lucknow,Apr,25.4,50.3,1010.8,18.9,44.7,0.3,0
Hyderabad,Jan,16.3,39.8,1011.5,10.5,36.9,0.0,0
Chennai,Dec,25.1,91.6,1004.8,22.7,63.6,0.0,1
Ahmedabad,Apr,29.7,60.5,1009.9,8.9,27.7,0.0,0
Kolkata,May,31.9,74.1,1014.9,14.8,54.7,0.0,0
Lucknow,Dec,19.8,45.2,1014.4,19.7,11.1,0.0,0
Delhi,Sep,27.7,73.0,1005.9,40.3,66.6,0.0,0
Jaipur,Mar,26.4,48.4,1006.0,8.1,44.1,0.0,0
Mumbai,Feb,21.0,67.3,1011.1,18.1,36.7,0.2,0
Kolkata,Feb,17.6,63.8,1010.7,16.7,6.4,0.0,0
Ahmedabad,Jan,19.4,40.9,1009.1,17.2,25.4,0.2,0
Chennai,May,37.2,70.6,1011.4,4.9,36.0,5.6,0
Kolkata,Jun,30.8,83.3,1004.3,20.5,80.5,0.5,1
Ahmedabad,Dec,21.6,47.4,1007.2,9.3,13.5,0.0,0
Delhi,May,26.9,39.4,1014.6,37.6,6.2,0.0,0
Guwahati,Jan,19.6,81.0,1010.9,0.3,5.2,0.0,0
Mumbai,May,29.0,52.8,1009.8,16.5,0.0,0.9,0
Bengaluru,Apr,23.8,52.6,1008.7,15.0,37.6,0.0,0
Lucknow,Dec,19.9,48.4,1007.8,18.3,0.0,0.3,0
Ahmedabad,May,33.1,20.5,1010.4,10.1,21.9,0.0,0
Kochi,Oct,24.4,91.2,1008.1,13.3,57.5,0.3,0
Kolkata,Apr,29.3,70.6,1008.7,14.6,24.5,0.0,0
Pune,Nov,23.7,53.5,1013.9,7.2,14.2,0.0,0
Kolkata,Nov,25.8,67.1,1007.8,20.3,18.2,0.0,0
Chennai,Jul,36.5,77.5,1011.5,15.2,26.2,0.0,0
Mumbai,May,28.2,61.3,1012.6,15.9,11.8,0.0,0
Lucknow,Nov,20.5,56.6,1009.7,9.7,0.0,0.0,0
Ahmedabad,Jul,27.7,70.2,1006.2,11.5,72.8,0.0,0
Hyderabad,Oct,23.6,65.4,1006.2,11.6,27.2,0.0,0
Kolkata,Apr,25.3,71.6,1012.7,8.1,33.4,0.0,0
Hyderabad,Sep,30.1,76.0,1002.5,12.8,43.3,0.0,0
Ahmedabad,May,30.3,36.9,1010.7,13.7,9.6,0.0,0
Kochi,Aug,31.7,100.0,1003.3,18.3,70.7,0.0,1
Jaipur,Nov,22.7,24.4,1011.9,4.1,0.0,0.0,0
Jaipur,Sep,30.6,55.0,1007.1,4.6,50.3,0.0,0
Lucknow,May,31.2,52.6,1006.0,14.7,28.7,0.0,0
Delhi,Jul,28.5,79.0,1000.3,15.2,48.6,5.8,0
Delhi,Apr,26.2,43.2,1008.6,5.3,19.1,0.0,0
Kolkata,Jan,19.5,78.5,1005.4,10.8,23.2,0.0,0
Jaipur,Oct,28.6,38.5,1010.8,37.0,11.6,0.0,0
Pune,Oct,26.4,57.5,1011.9,17.7,34.6,0.0,0
Hyderabad,Nov,26.9,74.8,1013.1,15.2,47.0,4.1,0
Delhi,Jan,17.5,42.1,1010.9,22.0,8.3,5.2,0
Mumbai,Jul,33.7,100.0,1002.0,19.0,100.0,14.4,1
Chennai,Jun,36.6,77.9,1011.5,4.4,9.4,0.0,0
Lucknow,Aug,30.2,61.1,1004.6,28.5,67.2,1.7,1
Ahmedabad,Sep,28.0,53.3,1008.5,44.3,31.5,0.3,0
Chennai,Dec,16.6,94.7,1009.3,21.2,79.7,22.3,1
Chennai,Mar,26.0,64.3,1013.9,9.4,18.5,0.0,0
Kochi,Jul,31.7,100.0,1006.1,18.2,96.6,5.3,1
Pune,Oct,24.8,53.9,1009.3,8.2,24.2,0.0,0
Kochi,Feb,23.6,77.1,1006.6,13.7,0.0,0.0,0
Pune,Dec,21.5,56.4,1010.0,10.3,15.4,0.0,0
Ahmedabad,Apr,28.9,31.5,1006.1,5.3,7.3,0.0,0
Kochi,Mar,24.0,81.4,1009.8,11.3,13.0,0.0,0
Hyderabad,Feb,20.1,57.4,1008.6,14.5,34.5,0.0,0
Hyderabad,May,32.4,47.9,1009.8,5.3,0.0,0.3,0
Chennai,Nov,22.1,86.9,1002.5,17.3,43.6,15.0,0
Jaipur,Jan,18.2,35.3,1009.9,15.2,9.0,0.0,0
Pune,Dec,21.3,78.7,1007.3,4.7,33.2,0.0,0
Bengaluru,Sep,23.0,66.2,999.3,21.3,31.4,2.6,0
Kochi,Jul,26.2,96.5,1007.0,26.7,100.0,10.6,1
Jaipur,Jul,31.6,59.3,1002.9,9.2,14.6,3.3,0
Kochi,Apr,28.1,81.7,1012.4,12.9,36.2,0.0,0
Pune,Feb,19.5,62.8,1011.4,6.7,52.5,0.0,0
Guwahati,Sep,19.9,95.5,1009.9,11.8,86.0,4.4,1
Bengaluru,Jan,17.4,61.0,1008.3,11.2,44.5,3.6,0
Lucknow,Dec,21.7,39.6,1010.6,11.0,14.1,0.0,0
Hyderabad,Apr,26.1,61.7,1015.8,4.8,13.9,0.0,0
Ahmedabad,Feb,23.9,56.3,1012.6,20.6,11.3,0.0,0
Kochi,Mar,23.7,72.4,1004.0,4.8,31.7,0.0,0
Bengaluru,Nov,25.2,63.2,1009.5,7.5,43.3,0.0,0
Hyderabad,Dec,25.5,43.4,1016.0,9.5,16.5,0.0,0
Mumbai,Dec,18.7,68.6,1012.6,3.1,30.7,1.3,0
Chennai,Jul,36.5,64.5,1009.6,22.3,15.8,0.0,0
Hyderabad,Jul,31.0,73.3,1005.5,9.9,52.6,4.2,0
Kochi,Sep,28.5,100.0,1002.0,9.3,72.6,0.0,0
Delhi,Oct,28.2,48.1,1010.5,16.0,56.3,0.0,0
Ahmedabad,Dec,21.3,46.7,1014.0,7.1,6.3,0.0,0
Mumbai,Feb,24.7,76.6,1007.9,5.3,36.6,0.0,0
Mumbai,Aug,28.8,99.2,1005.3,15.6,100.0,0.0,1
Jaipur,Feb,24.9,53.2,1010.4,12.7,25.7,0.1,0
Jaipur,Dec,22.3,29.9,1014.7,9.2,19.4,0.0,0
Delhi,Oct,25.6,54.0,1006.5,12.1,33.2,0.0,0
Kochi,Apr,31.6,82.7,1015.0,6.0,22.8,0.0,0
Chennai,Mar,26.1,65.2,1016.5,10.6,57.3,3.9,0
Bengaluru,Aug,29.4,95.8,1009.1,38.0,77.6,0.0,1
Ahmedabad,Aug,33.4,78.8,1004.9,16.6,75.8,24.5,1
Hyderabad,Jul,31.2,67.3,1004.3,16.3,57.5,21.7,1
Pune,Aug,26.1,84.4,1003.8,15.1,70.3,0.0,0
Hyderabad,Jan,19.7,53.0,1006.6,6.1,0.6,3.8,0
Lucknow,Feb,18.5,56.6,1006.2,8.7,29.9,0.0,0
Ahmedabad,Jul,32.6,69.7,1005.1,32.9,80.3,6.7,0
Kolkata,Sep,24.3,100.0,1008.0,23.6,91.6,0.0,1
Kochi,Sep,26.9,78.4,1008.1,14.3,46.8,7.8,0
Chennai,Mar,26.0,61.2,1014.0,3.9,17.9,0.0,0
Mumbai,Dec,21.3,66.5,1010.3,6.0,39.9,0.0,0
Hyderabad,Oct,28.9,53.8,1007.6,35.8,29.1,0.0,0
Bengaluru,Apr,26.4,77.7,1003.5,11.1,26.5,0.0,0
Guwahati,Aug,27.5,96.6,1004.4,26.2,77.1,15.8,1
Mumbai,Sep,31.0,100.0,1002.7,18.7,74.5,2.8,1
Guwahati,Nov,20.5,82.4,1009.6,11.8,45.2,0.0,0
Ahmedabad,May,33.5,26.7,1013.2,17.4,10.6,1.0,0
Pune,Jul,32.0,83.8,1005.4,14.9,64.6,3.1,0
Chennai,Dec,17.3,100.0,1003.3,23.0,50.2,4.9,0
Lucknow,Mar,24.0,33.6,1011.3,4.5,18.1,0.0,0
Guwahati,May,29.2,68.2,1010.5,19.0,53.3,4.8,0
Lucknow,Mar,26.5,45.1,1006.1,10.4,3.9,0.0,0
Hyderabad,May,28.0,47.1,1012.1,13.6,47.4,0.0,0
Guwahati,Jan,16.2,67.6,1006.7,16.1,19.7,0.0,0
Pune,Feb,19.7,49.4,1008.4,6.5,21.0,0.0,0
Delhi,Jul,29.3,61.0,1004.6,27.9,51.6,24.2,0
Delhi,Jul,29.1,54.7,1004.2,23.2,74.3,2.6,0
Mumbai,Jul,28.7,92.6,1001.5,35.8,93.3,0.0,1
Mumbai,May,31.9,70.2,1009.0,10.3,37.2,0.0,0
Jaipur,Jun,34.0,37.5,1010.2,15.5,23.9,1.4,0
Chennai,Jun,37.1,84.2,1011.2,32.2,34.3,0.0,0
Kolkata,Aug,28.6,95.5,1003.2,15.8,81.4,30.9,1
Guwahati,Aug,30.6,88.5,1001.4,14.3,100.0,14.7,1
Kolkata,Jul,30.5,100.0,1001.1,28.4,100.0,6.7,1
Mumbai,Feb,23.3,80.5,1007.8,7.9,35.3,0.0,0
Bengaluru,Oct,18.4,85.3,1006.0,9.9,68.3,4.5,1
Lucknow,Sep,30.3,53.7,1009.9,23.7,62.2,0.0,0
Mumbai,Sep,26.2,95.0,997.5,22.8,48.2,17.2,1
Hyderabad,Feb,21.1,63.0,1008.8,15.1,25.3,0.7,0
Jaipur,Dec,24.0,46.7,1012.7,6.5,33.9,0.0,0
Hyderabad,Sep,31.1,63.6,1001.2,12.0,67.2,7.8,0
Lucknow,Feb,18.4,48.1,1008.6,9.6,38.6,0.0,0
Chennai,Mar,21.8,69.0,1014.2,12.6,17.7,0.0,0
Lucknow,Nov,21.2,59.8,1010.7,3.9,45.8,0.0,0
Guwahati,Dec,21.4,59.3,1016.3,11.6,13.2,1.1,0
Kolkata,Feb,17.9,71.5,1012.0,6.6,30.5,0.0,0
Pune,Dec,20.4,55.7,1010.9,3.3,53.5,0.0,0
Jaipur,Jan,19.8,25.8,1008.1,11.5,0.0,0.0,0
Guwahati,Oct,24.3,78.7,1007.5,2.1,43.1,0.1,0
Jaipur,Nov,24.6,41.2,1008.0,7.5,25.1,0.0,0
Lucknow,May,28.2,40.5,1012.8,11.2,41.3,0.0,0
Lucknow,Mar,23.6,52.8,1013.2,9.6,0.0,0.0,0
Bengaluru,Jul,30.7,76.2,1009.5,9.9,62.7,0.0,0
Ahmedabad,Nov,27.5,46.6,1008.8,40.1,21.2,0.0,0
Lucknow,Jul,26.8,82.6,1008.7,16.2,96.1,0.0,0
Bengaluru,Jun,26.5,85.6,1005.8,21.2,61.4,0.0,1
Mumbai,Dec,23.5,89.6,1011.6,8.0,38.2,0.0,0
Jaipur,Mar,25.3,48.5,1012.0,13.4,11.0,0.0,0
Hyderabad,Sep,29.5,71.3,1004.7,23.6,66.3,29.9,0
Bengaluru,May,24.7,58.6,1004.9,8.5,58.5,10.0,1
Bengaluru,Mar,20.3,74.2,1006.6,12.1,17.1,0.0,0
Bengaluru,Sep,26.6,100.0,1004.1,7.9,71.8,0.0,1
Guwahati,Apr,27.7,68.9,1010.2,7.6,54.9,0.0,0
Mumbai,Mar,24.3,63.2,1004.4,12.9,61.8,0.0,0
Chennai,May,32.7,72.8,1009.8,13.7,6.0,0.0,0
Kolkata,Nov,24.6,62.1,1015.2,8.1,33.5,0.0,0
Lucknow,Sep,27.2,69.6,1008.9,29.2,53.3,1.1,0
Chennai,Apr,29.8,69.1,1011.0,1.5,23.8,0.0,0
Lucknow,Nov,21.4,52.2,1011.4,7.8,33.8,0.4,0
Jaipur,Jan,22.2,41.8,1008.9,8.7,5.9,1.8,0
Pune,Nov,19.0,57.5,1014.5,25.2,10.1,0.0,0
Guwahati,Mar,26.4,75.6,1006.9,30.4,15.2,0.0,0
Hyderabad,Mar,26.9,53.4,1011.1,8.5,46.0,0.0,0
Lucknow,Jun,33.6,39.6,1010.6,5.0,22.5,0.0,0
Guwahati,Sep,27.7,92.8,1001.0,16.7,79.6,27.2,1
Delhi,Mar,23.6,52.5,1012.7,3.3,15.9,1.0,0
Bengaluru,Oct,20.2,79.3,1003.1,15.9,69.0,0.0,0
Guwahati,Jul,27.1,100.0,1002.7,26.4,100.0,21.5,1
Hyderabad,Jan,16.8,65.0,1000.0,14.8,16.7,0.0,1
Pune,Nov,22.1,51.7,1009.3,8.0,47.1,0.0,0
Guwahati,Sep,22.8,95.8,1004.1,25.3,68.3,20.3,1
Mumbai,Apr,27.7,83.0,1010.4,7.6,46.7,0.0,0
Hyderabad,Jan,22.7,46.8,1011.5,6.5,6.8,0.0,0
Bengaluru,Dec,16.7,58.8,1012.4,12.8,41.0,0.0,0
Kochi,May,32.0,67.2,1012.7,16.3,78.2,1.0,0
Guwahati,Mar,19.6,71.7,1010.2,9.6,37.5,0.4,0
Ahmedabad,May,27.3,45.6,1011.0,22.5,15.6,0.0,1
Bengaluru,Jan,16.3,78.4,1008.6,21.8,42.1,0.0,0
Kolkata,May,29.4,71.3,1009.1,4.6,51.1,0.0,1
Pune,Oct,23.3,43.0,1011.5,26.9,21.9,0.1,0
Ahmedabad,Nov,25.6,45.4,1011.4,9.4,2.7,0.0,0
Delhi,Dec,17.3,45.2,1010.7,9.9,26.5,0.0,0
Chennai,Jul,36.9,70.8,1006.4,18.7,30.5,0.0,0
Bengaluru,Oct,19.3,100.0,1009.1,19.7,73.8,3.1,1
Delhi,Feb,19.7,45.2,1013.0,11.6,51.5,1.7,0
Pune,Sep,25.9,93.2,999.7,12.1,52.8,8.7,1
Ahmedabad,Apr,26.4,48.4,1008.8,7.9,2.6,2.3,1
Pune,Sep,26.3,68.5,1003.9,42.1,52.1,0.0,0
Chennai,Aug,34.2,67.8,1011.1,18.3,15.4,0.0,0
Pune,Jan,20.0,54.1,1014.1,15.9,8.8,1.5,0
Kolkata,Apr,25.5,85.9,1013.0,9.1,38.1,0.0,0
Pune,Feb,21.0,36.1,1009.1,6.2,8.4,0.0,0
Kochi,Jun,27.4,100.0,1006.9,20.3,83.6,0.0,1
Kochi,Jul,29.6,96.4,1004.6,15.8,76.5,0.0,1
Kolkata,Sep,30.9,100.0,1006.4,11.6,92.4,2.4,1
Pune,Sep,26.3,80.2,1008.7,16.0,90.1,0.0,0
Jaipur,Aug,31.1,79.4,1002.4,15.1,42.9,0.0,1
Lucknow,Sep,24.1,55.2,1004.1,9.3,35.7,0.0,0
Mumbai,Jun,33.5,89.5,1003.6,13.8,74.0,12.8,1
Delhi,Mar,21.5,38.7,1009.3,7.4,18.3,0.6,0
Lucknow,Jan,21.2,58.7,1008.7,17.5,34.6,0.0,0
Lucknow,May,29.0,49.0,1012.4,7.3,25.2,0.0,0
Ahmedabad,Mar,24.5,46.2,1012.6,9.6,22.9,2.3,0
Mumbai,Feb,23.1,74.3,1010.0,7.1,11.4,0.0,0
Chennai,Apr,26.9,56.4,1011.2,19.3,17.5,0.0,0
Pune,Apr,24.2,57.6,1015.0,13.5,0.0,0.0,0
Hyderabad,Nov,22.0,51.3,1012.0,14.1,55.8,0.0,0
Delhi,Mar,22.8,55.1,1012.7,11.3,33.8,1.2,0
Lucknow,Oct,22.9,50.8,1004.3,6.8,31.0,4.9,0
Ahmedabad,Jun,32.2,47.1,1010.2,7.5,40.2,0.0,0
Pune,Mar,19.5,51.2,1007.7,15.6,12.1,2.8,0
Guwahati,Dec,19.5,64.9,1010.9,11.4,15.1,0.0,0
Kochi,Mar,26.5,72.3,1010.3,5.4,25.6,0.0,0
Lucknow,May,31.5,55.7,1015.8,12.8,36.1,0.0,0
Kochi,Jun,29.7,100.0,1008.3,19.3,74.6,8.0,1
Delhi,Feb,15.3,36.0,1013.3,3.9,3.3,0.0,0
Guwahati,Aug,30.0,100.0,1010.1,12.2,90.6,6.3,1
Lucknow,May,30.8,44.8,1014.5,7.4,31.8,0.0,0
Ahmedabad,Mar,23.7,41.4,1009.0,7.3,27.7,0.0,0
Pune,Feb,17.4,71.7,1008.8,7.5,26.2,0.4,0
Hyderabad,Sep,26.8,74.1,1006.7,15.3,87.5,1.2,0
Chennai,Oct,27.8,90.4,1005.3,27.8,70.5,0.0,1
Ahmedabad,Jun,35.1,52.2,1006.1,10.1,32.4,0.0,0
Guwahati,Jan,13.5,80.3,1003.8,15.0,19.7,0.2,1
Kochi,Dec,19.3,87.3,1010.5,12.4,26.0,0.0,0
Kochi,Sep,29.6,91.5,1007.1,17.4,82.8,19.2,0
Pune,Dec,14.6,63.2,1014.5,5.8,11.9,0.0,0
Kolkata,Sep,26.1,89.2,1004.3,24.7,65.9,0.0,0
Kochi,Mar,22.5,72.3,1005.1,7.5,30.1,0.0,0
Lucknow,Jun,28.6,58.4,1009.4,5.2,41.3,0.0,0
Ahmedabad,Jun,35.4,44.0,1009.7,17.6,12.9,1.0,0
Guwahati,Nov,24.8,88.3,1007.9,14.5,21.9,0.0,0
Hyderabad,Nov,22.5,51.8,1012.2,5.9,18.7,0.0,0
Lucknow,Jul,29.8,65.4,1009.1,25.2,44.7,0.0,0
Hyderabad,Mar,25.5,44.2,1012.1,4.1,29.0,0.0,0
Kolkata,Jul,30.8,89.9,1003.2,17.0,100.0,18.6,1
Hyderabad,Jun,30.9,44.0,1008.9,6.4,37.2,0.0,0
Delhi,Oct,24.7,46.4,1009.7,16.1,24.0,0.0,0
Kochi,Dec,21.7,76.1,1011.9,19.4,26.9,0.0,0
Kochi,Apr,27.4,80.4,1012.4,10.8,29.0,0.0,0
Kolkata,Nov,22.8,85.2,1010.5,8.2,44.2,0.3,0
Delhi,Oct,22.1,17.6,1010.8,5.1,0.0,0.0,0
Delhi,Mar,22.3,43.3,1006.1,26.1,33.6,0.0,0
Guwahati,Nov,23.8,65.8,1007.5,9.5,67.8,0.9,0
Hyderabad,Dec,24.7,43.8,1005.2,6.1,34.2,0.0,0
Hyderabad,May,29.9,47.4,1007.0,3.8,28.8,0.0,0
Guwahati,Feb,19.6,66.2,1007.5,6.4,6.2,0.0,0
Bengaluru,Jan,17.3,42.0,1012.2,10.6,14.2,0.2,0
Hyderabad,Dec,20.0,54.7,1008.2,5.8,18.1,0.0,0
Pune,Aug,25.4,79.4,1004.7,12.0,89.0,0.0,0
Guwahati,Oct,27.5,63.7,1011.3,14.7,35.2,0.0,0
Mumbai,Oct,23.4,79.0,1011.9,9.3,51.2,0.0,0
Bengaluru,Sep,25.2,100.0,999.4,15.4,72.2,0.0,1
Delhi,Jul,30.3,66.5,1009.3,16.6,88.7,9.2,1
Mumbai,Jul,34.1,97.8,1006.8,12.2,96.4,3.8,1
Delhi,Jun,32.0,49.9,1009.0,10.9,19.8,0.0,0
Guwahati,May,28.0,78.3,1003.9,10.2,81.3,7.1,1
Kolkata,Jun,29.8,90.6,999.9,15.8,57.6,0.0,1
Guwahati,Mar,19.0,73.2,1013.2,12.0,21.6,0.0,0
Mumbai,Apr,28.2,68.2,1008.5,27.9,21.5,0.0,0
Ahmedabad,Jun,31.7,43.4,1010.0,5.1,18.8,0.0,0
Chennai,Sep,31.5,60.6,1009.0,5.9,26.8,0.0,0
Mumbai,Jan,21.8,71.6,1010.9,10.4,5.5,0.0,0
Kochi,Jul,30.9,100.0,1001.8,22.5,83.9,35.2,1
Chennai,Dec,20.0,83.4,1005.0,19.7,77.1,5.3,1
Kolkata,Jul,26.8,94.7,998.6,20.1,94.3,3.5,1
Ahmedabad,May,31.7,41.8,1009.5,2.6,20.3,0.0,0
Delhi,Dec,20.2,51.3,1010.1,18.7,6.2,0.0,0
Hyderabad,Apr,26.7,73.6,1010.7,15.3,32.9,0.5,0
Ahmedabad,Oct,29.6,55.5,1010.7,5.4,40.3,1.3,0
Jaipur,Aug,26.4,65.2,1009.3,15.5,57.3,7.4,1
Chennai,Dec,19.8,100.0,1003.8,22.3,60.5,3.5,1
Hyderabad,Aug,31.3,76.4,1005.2,11.4,82.3,6.4,1
Delhi,Jan,17.0,33.9,1007.7,10.2,15.6,0.0,0
Chennai,Nov,19.8,88.1,1002.1,11.6,94.1,0.0,1
Mumbai,Feb,20.3,54.7,1007.1,6.0,15.1,2.2,0
Delhi,May,29.4,41.9,1006.0,14.1,22.7,2.0,0
Mumbai,Aug,34.7,91.2,1003.1,19.2,69.1,12.7,1
Kochi,Feb,20.1,80.8,1010.0,7.6,19.9,1.3,0
Pune,Apr,27.2,68.4,1006.5,11.3,17.6,0.0,0
Ahmedabad,Aug,33.7,73.9,1003.3,9.5,82.3,0.0,0
Ahmedabad,Sep,30.0,57.9,1008.4,16.9,26.5,16.9,0
Delhi,Sep,29.7,70.3,1004.0,11.3,48.0,0.0,0
Hyderabad,May,31.9,56.1,1012.9,18.1,44.4,0.0,0
Mumbai,May,32.1,75.5,1008.7,17.3,29.5,1.1,0
Chennai,May,36.4,57.6,1015.2,11.1,28.7,0.0,0
Mumbai,Dec,20.5,54.8,1006.3,3.0,17.2,0.0,0
Chennai,Mar,25.2,64.1,1010.2,12.0,11.6,0.0,0
Guwahati,Apr,23.6,68.0,1011.7,20.3,0.0,0.0,0
Jaipur,Oct,24.7,44.4,1012.9,18.6,28.9,0.2,0
Jaipur,Feb,18.9,38.7,1010.7,10.9,36.3,0.0,0
Mumbai,Dec,21.8,71.3,1012.7,8.7,22.9,0.0,0
Delhi,May,30.5,49.8,1014.6,8.2,44.4,0.1,0
Lucknow,May,31.3,45.9,1008.9,6.2,22.0,0.8,0
Kolkata,Jun,28.6,96.8,1004.3,26.8,67.9,4.2,0
Lucknow,May,26.7,51.0,1006.5,9.3,10.6,0.0,0
Hyderabad,May,30.0,45.5,1010.2,22.4,27.5,0.0,0
Delhi,May,29.8,53.9,1009.2,7.0,32.9,0.7,0
Lucknow,Jan,19.3,53.9,1014.1,5.8,14.5,0.0,0
Guwahati,Jun,25.7,100.0,1009.7,33.7,85.5,11.9,1
Chennai,Jan,21.3,63.3,1019.7,15.4,25.9,0.0,0
Bengaluru,Sep,24.2,73.6,1001.3,16.8,75.4,4.7,1
Guwahati,Mar,23.5,62.2,1013.0,4.2,14.2,0.0,0
Hyderabad,Feb,20.9,42.2,1008.3,17.5,50.1,0.0,0
Kochi,Nov,23.2,78.0,1005.5,17.6,19.3,2.7,0
Mumbai,May,30.7,58.7,1009.0,8.6,0.0,0.0,0
Guwahati,Nov,21.9,58.7,1009.7,14.3,18.3,0.0,0
Pune,Jun,30.9,61.1,1007.8,8.0,53.4,5.7,0
Pune,Jul,29.5,79.4,1005.4,16.4,100.0,0.0,1
Kolkata,Sep,26.9,98.2,1002.4,17.2,100.0,0.0,1
Mumbai,Nov,22.0,63.9,1006.9,15.0,36.4,1.4,0
Bengaluru,Apr,20.4,56.2,1012.9,13.2,34.0,0.0,0
Kolkata,Jul,29.2,96.9,998.9,34.5,100.0,2.4,1
Lucknow,Feb,20.3,52.6,1019.3,8.4,16.6,0.0,0
Bengaluru,Feb,19.0,61.6,1012.4,18.5,23.0,0.0,0
Kolkata,Aug,27.8,100.0,1002.7,20.6,89.5,0.3,1
Pune,Sep,26.1,70.1,1006.8,15.5,48.6,8.6,0
Chennai,May,33.6,67.8,1013.4,17.0,32.1,0.9,0
Mumbai,Mar,22.6,74.8,1014.7,10.4,37.9,0.0,0
Jaipur,Sep,32.8,42.4,1008.0,11.8,3.7,2.2,0
Chennai,Mar,27.8,77.3,1010.5,8.0,51.3,0.0,0
Bengaluru,Oct,21.9,72.3,1006.3,12.1,55.8,8.3,0
Lucknow,May,28.0,47.9,1009.8,18.6,18.0,0.0,0
Jaipur,Jul,30.2,61.4,1006.4,22.1,68.7,19.6,0
Lucknow,Sep,23.0,69.7,1004.0,18.7,60.0,0.0,1
Kochi,Nov,26.8,89.0,1005.2,4.9,35.8,8.0,0
Hyderabad,Dec,21.0,50.6,1006.3,25.5,49.5,3.7,0
Delhi,Nov,20.4,40.6,1004.4,13.1,0.0,0.0,0
Lucknow,Jan,23.3,48.0,1009.0,9.6,12.5,0.2,0
Ahmedabad,Oct,23.2,38.9,1006.9,20.4,24.5,0.0,0
Jaipur,Jan,22.0,34.7,1008.9,4.9,15.9,0.0,0
Kolkata,Aug,30.1,95.5,1005.1,17.4,71.7,10.6,0
Guwahati,Dec,18.2,55.6,1004.0,5.4,31.2,0.0,0
Mumbai,Nov,22.2,57.6,1014.8,4.2,40.7,0.2,0
Guwahati,Apr,24.9,83.7,1006.8,2.1,25.6,4.7,0
Chennai,Mar,30.9,61.4,1014.1,16.5,19.9,0.0,0
Kochi,May,34.2,100.0,1004.6,12.7,47.9,0.0,0
Kochi,Jun,32.2,99.2,1002.2,17.6,100.0,8.1,1
Mumbai,Jan,24.4,60.0,1012.3,10.2,9.5,0.0,0
Chennai,Sep,33.7,71.8,1008.9,16.4,16.5,0.0,0
Pune,Nov,21.1,60.7,1012.7,11.4,2.3,0.4,0
Delhi,Apr,27.2,38.6,1012.7,16.3,15.2,0.0,0
Kolkata,Jan,20.3,65.1,1007.5,16.2,11.0,0.0,0
Jaipur,Feb,22.6,46.9,1012.8,18.6,12.4,0.2,0
Chennai,Nov,23.7,90.6,1002.4,11.7,82.0,5.7,1
Ahmedabad,Sep,26.3,38.7,1009.9,12.7,45.8,0.0,0
Kochi,Aug,33.2,100.0,1007.7,15.0,93.3,0.0,1
Lucknow,Feb,21.8,50.9,1011.8,5.8,21.1,0.5,0
Mumbai,Jul,32.9,93.2,1007.0,17.7,88.0,6.5,1
Jaipur,Mar,20.6,29.2,1010.6,12.3,17.4,0.0,0
Mumbai,Jul,26.1,89.1,1003.4,12.7,64.7,7.5,1
Hyderabad,Oct,24.7,55.0,1007.5,11.8,32.0,5.0,0
Pune,Jul,30.5,75.8,1001.5,15.6,100.0,8.5,1
Pune,Apr,28.3,60.9,1002.8,7.7,29.3,0.0,0
Bengaluru,May,24.3,67.7,1003.4,11.7,53.3,0.7,0
Lucknow,Oct,23.6,56.3,1004.5,6.6,22.1,1.7,0
Ahmedabad,Jul,31.6,57.2,1005.0,18.3,48.1,26.3,0
Chennai,Aug,38.2,70.0,1008.2,10.8,27.9,0.3,0
Guwahati,Mar,22.4,76.8,1012.3,20.4,52.6,0.0,0
Bengaluru,Apr,24.8,66.2,1006.4,7.2,7.3,0.0,0
Chennai,May,31.4,70.3,1010.5,10.3,29.4,0.8,0
Pune,Jan,21.8,38.8,1014.4,11.9,0.0,0.0,0
Bengaluru,Jun,28.9,76.7,1007.8,15.2,39.0,0.0,0
Jaipur,Nov,20.8,41.4,1008.3,15.9,18.9,0.0,0
Mumbai,Mar,25.8,88.4,1014.3,7.4,13.8,0.0,0
Mumbai,Mar,29.2,60.3,1008.8,13.4,34.8,0.0,0
Chennai,Jan,25.0,76.2,1009.8,14.4,23.8,4.3,0
Jaipur,Apr,27.6,50.8,1010.1,5.5,12.6,0.0,0
Guwahati,Oct,22.8,91.4,1001.4,16.9,42.6,0.0,0
Jaipur,Feb,20.7,37.1,1008.3,11.1,19.4,0.0,0
Guwahati,Jun,25.8,98.7,999.3,24.0,72.4,2.5,1
Ahmedabad,Nov,24.3,42.4,1012.8,13.9,25.1,6.7,0
Jaipur,Feb,21.3,38.0,1009.7,1.1,29.9,1.5,0
Mumbai,May,31.5,72.9,1007.4,23.4,39.6,1.2,0
Mumbai,Sep,28.9,96.2,1000.6,28.3,95.9,7.0,1
Lucknow,Sep,24.8,75.4,1009.5,7.8,45.1,0.0,0
Pune,Aug,30.1,85.9,1003.7,11.6,73.9,18.3,1
Pune,Jan,21.1,59.7,1007.9,4.4,38.0,0.0,0
Chennai,Dec,21.4,95.4,1006.2,15.0,84.8,0.0,1
Delhi,May,27.7,32.0,1012.4,24.5,22.4,0.0,0
Ahmedabad,Nov,23.5,41.5,1007.9,11.9,1.1,4.6,0
Bengaluru,Oct,20.4,91.1,1004.9,17.0,90.8,0.0,1
Ahmedabad,Feb,21.6,53.4,1008.1,0.8,15.2,0.0,0
Mumbai,Apr,29.9,67.1,1013.3,3.8,15.4,0.0,0
Hyderabad,Aug,31.5,63.4,999.4,9.5,46.5,0.0,0
Kolkata,Apr,27.0,68.1,1008.3,5.8,25.9,0.0,0
Mumbai,Aug,31.2,97.8,1000.6,11.8,95.9,11.8,1
Chennai,May,34.5,70.8,1006.6,10.0,22.0,0.0,0
Kolkata,Oct,24.4,85.7,1005.6,28.5,9.9,0.0,0
Bengaluru,Mar,16.3,73.4,1009.2,5.3,26.1,0.0,0
Ahmedabad,Aug,32.3,61.7,1006.9,17.6,76.2,0.0,0
Chennai,Jul,40.3,76.2,1007.9,9.3,17.3,0.0,0
Hyderabad,Nov,24.0,56.5,1011.0,11.1,19.9,0.0,0
Bengaluru,May,26.2,64.0,1010.6,26.3,52.0,0.0,0
Ahmedabad,Aug,32.4,55.0,1009.0,24.3,38.5,0.0,0
Mumbai,Jul,29.3,100.0,1004.7,18.0,86.1,18.9,1
Delhi,Mar,25.4,53.7,1012.3,20.3,22.3,0.8,0
Jaipur,Jan,18.9,37.9,1005.8,16.5,20.2,0.0,0
Delhi,Sep,28.3,57.0,1009.3,18.5,59.1,0.0,0
Mumbai,May,32.2,84.2,1007.3,13.6,25.6,0.0,0
Chennai,Sep,37.1,60.5,1014.1,11.5,30.5,0.0,0
Guwahati,Jun,25.6,100.0,1007.5,10.7,100.0,27.9,1
Pune,May,30.8,55.4,1008.7,18.3,17.0,0.0,0
Mumbai,Oct,27.0,75.7,1007.1,10.6,43.1,4.4,0
Hyderabad,Feb,22.1,59.6,1012.3,11.7,23.8,0.0,0
Delhi,Feb,18.0,47.8,1007.5,14.9,25.7,0.0,0
Kolkata,Dec,21.7,58.4,1016.3,19.0,16.6,0.0,0
Pune,Apr,23.2,64.1,1007.3,15.0,19.6,3.6,0
Pune,Sep,28.1,70.3,1007.1,18.4,79.1,0.0,1
Kolkata,Feb,22.7,74.7,1009.0,3.9,40.2,0.0,0
Hyderabad,Jul,33.2,64.9,1007.7,7.0,60.6,4.2,0
Kolkata,Sep,27.6,100.0,1002.3,14.6,100.0,2.2,1
Jaipur,Oct,26.4,39.2,1007.4,3.7,37.0,0.0,0
Pune,Sep,24.4,82.4,999.4,19.6,59.8,23.7,1
Chennai,Aug,35.0,72.6,1012.8,17.4,39.4,0.0,0
Jaipur,Mar,25.4,39.3,1004.5,5.6,20.7,0.0,0
Delhi,Jun,29.7,48.8,1006.5,25.0,28.6,0.0,0
Hyderabad,Nov,25.1,41.6,1017.9,28.8,33.3,0.0,0
Kochi,Aug,28.9,100.0,1002.8,25.6,86.6,2.5,1
Chennai,Nov,21.5,93.4,1001.1,14.9,90.2,11.5,1
Ahmedabad,Apr,27.6,44.6,1011.1,6.8,43.7,0.0,0
Kolkata,Sep,25.8,100.0,1004.5,12.6,79.7,0.0,1
Jaipur,Aug,30.2,49.6,1003.6,22.6,40.2,2.7,0
Bengaluru,Feb,16.6,74.2,1012.1,15.5,28.6,0.0,0
Kolkata,Apr,26.6,83.6,1019.4,7.9,26.9,0.0,0
Delhi,Jan,15.3,52.0,1005.7,11.3,0.0,0.0,0
Chennai,Sep,36.3,68.2,1012.4,3.9,22.7,0.0,0
Kochi,Sep,28.4,93.9,1006.6,21.0,43.8,8.8,0
Pune,Jul,30.0,86.9,1008.7,7.8,74.3,20.5,1
Delhi,Jun,33.2,56.2,1011.5,11.7,52.8,3.6,0
Lucknow,Jun,32.6,58.8,1013.0,8.2,5.5,0.0,0
Bengaluru,Jul,32.6,90.3,1007.4,20.4,57.8,8.0,1
Jaipur,Jul,33.0,52.6,1005.5,15.1,44.0,13.7,0
Jaipur,Nov,22.7,29.4,1011.0,9.2,0.0,0.0,0
Kolkata,Feb,19.6,80.1,1009.5,13.2,20.4,0.0,0
Chennai,Jul,37.0,62.3,1011.7,30.6,36.5,0.0,0
Guwahati,Nov,19.4,70.5,1011.0,7.7,32.4,0.0,0
Kolkata,Dec,21.1,71.1,1010.9,14.5,26.9,0.0,0
Lucknow,Nov,21.0,45.7,1006.9,1.6,0.0,0.0,0
Delhi,Sep,20.9,63.0,1005.0,13.1,37.3,1.8,0
Hyderabad,Oct,26.6,68.7,1008.8,20.6,40.9,0.0,0
Hyderabad,Jan,17.6,54.0,1008.9,11.4,13.7,0.0,0
Lucknow,Dec,19.1,41.7,1012.0,7.9,34.8,0.0,0
Chennai,Jan,22.4,69.9,1009.8,6.9,23.1,0.4,0
Bengaluru,Jul,28.3,77.9,1006.0,28.7,40.2,0.0,0
Mumbai,Feb,21.5,73.4,1009.5,14.1,38.7,0.0,0
Kochi,Nov,23.3,72.2,1013.7,13.3,34.6,0.0,0
Kochi,Jan,22.4,77.0,1015.6,2.8,45.4,0.0,0
Guwahati,Dec,20.0,54.9,1007.6,12.1,53.1,0.0,0
Mumbai,Sep,29.3,91.7,1006.6,21.3,86.5,4.5,1
Chennai,Oct,23.8,96.8,1005.9,20.5,81.6,1.1,1
Ahmedabad,Jun,32.8,49.7,1009.8,13.8,4.6,0.0,0
Guwahati,Jan,16.1,65.2,1013.4,11.3,38.9,0.0,0
Bengaluru,Nov,22.2,51.0,1011.1,18.3,22.0,0.0,0
Mumbai,May,28.4,77.6,1009.0,11.1,34.9,1.8,0
Pune,Nov,21.9,64.4,1009.0,12.8,20.4,0.0,0
Bengaluru,Mar,21.1,66.5,1012.2,8.5,27.8,0.0,0
Lucknow,May,31.6,70.9,1007.0,23.4,51.2,4.0,0
Jaipur,Oct,26.7,49.6,1011.9,13.7,10.4,0.0,0
Bengaluru,Apr,22.9,68.8,1009.4,6.6,13.4,0.0,0
Guwahati,Apr,27.0,65.3,1005.2,7.7,21.6,4.9,0
Kolkata,Jul,31.2,100.0,1007.1,10.1,100.0,0.0,1
Kolkata,Oct,23.5,84.8,1005.7,9.3,64.6,0.0,1
Mumbai,Mar,23.3,68.7,1014.0,5.0,33.1,0.0,0
Delhi,Sep,23.7,74.6,1002.9,12.8,35.9,0.3,0
Lucknow,Aug,27.7,72.0,1007.0,10.2,98.1,1.0,1
Bengaluru,Sep,23.8,88.9,1001.3,10.0,66.4,0.0,0
Kochi,Apr,28.6,82.0,1012.8,7.2,23.2,0.0,0
Chennai,Oct,30.1,94.1,1004.0,25.6,75.6,8.9,1
Kochi,Jun,27.1,100.0,1005.9,20.6,94.4,0.7,1
Kolkata,Apr,25.8,70.6,1009.3,15.4,29.7,0.0,0
Kolkata,Oct,24.1,78.7,1006.0,15.0,97.5,2.0,0
Ahmedabad,Nov,24.4,48.8,1011.9,10.6,4.4,0.0,0
Mumbai,Jan,19.8,64.9,1004.8,10.3,23.1,0.0,0
Ahmedabad,Aug,29.0,75.2,1003.2,16.1,76.3,4.1,1
Jaipur,Jan,21.6,43.8,1012.8,5.2,30.4,0.0,0
Kolkata,Oct,24.2,73.8,1008.0,6.8,33.7,0.0,0
Chennai,Jun,37.1,62.6,1004.6,10.1,20.8,0.0,0
Guwahati,Aug,25.8,100.0,1005.5,10.9,87.5,0.0,1
Pune,Jun,30.1,73.7,1001.4,11.0,56.5,0.6,0
Chennai,Jul,34.5,73.3,1011.2,10.8,20.1,0.0,0
Jaipur,Dec,16.5,33.1,1006.6,2.1,14.1,0.0,0
Hyderabad,Jan,21.9,48.4,1009.1,6.8,2.2,0.0,0
Lucknow,Mar,24.0,59.2,1011.0,13.9,32.5,0.0,0
Ahmedabad,Sep,32.2,62.2,997.6,9.2,49.5,4.6,0
Chennai,Jul,33.0,85.1,1009.7,16.1,24.5,0.4,0
Kolkata,Jun,28.4,97.9,1009.2,24.1,74.9,41.2,1
Bengaluru,Apr,22.7,49.7,1011.2,3.0,25.6,1.7,0
Mumbai,Dec,20.2,72.7,1009.4,1.6,61.6,0.0,0
Mumbai,Aug,31.3,100.0,1002.1,20.7,100.0,0.0,1
Hyderabad,May,26.4,40.1,1007.3,9.4,11.6,0.0,0
Kochi,Dec,19.4,84.1,1006.9,9.0,13.5,6.0,0
Ahmedabad,Dec,25.1,45.8,1014.5,23.0,27.3,2.6,0
Guwahati,Aug,27.3,90.4,1003.5,24.7,83.2,7.4,1
Chennai,Sep,30.8,54.2,1008.8,7.3,44.8,0.0,0
Delhi,Aug,30.1,63.1,1007.4,20.5,69.8,0.0,0
Delhi,Mar,21.2,61.7,1004.1,12.2,26.3,0.0,0
Hyderabad,Mar,18.9,51.7,1007.3,15.0,8.5,7.8,0
Lucknow,May,29.5,65.1,1009.2,24.1,0.0,0.1,0
Bengaluru,Jan,13.5,64.0,1012.8,4.7,22.1,0.0,0
Chennai,Sep,34.5,70.0,1006.8,8.4,18.8,0.0,0
Chennai,Aug,36.3,70.2,1006.9,3.8,34.5,0.0,0
Lucknow,Oct,23.3,65.5,1012.7,20.8,46.2,0.0,0
Mumbai,Apr,28.9,78.0,1010.6,15.1,31.0,0.0,0
Mumbai,Sep,28.3,88.4,1010.0,26.7,64.2,0.0,0
Delhi,Jan,17.0,52.0,1011.3,6.5,37.2,0.0,0
Kolkata,Nov,24.5,69.6,1005.2,7.3,35.3,0.0,0
Hyderabad,Sep,28.4,67.5,1001.4,26.1,89.9,0.0,1
Kochi,Apr,30.1,67.2,1011.9,4.3,0.0,0.7,0
Hyderabad,Jun,33.6,65.9,1012.4,6.2,11.3,0.0,0
Pune,Nov,25.1,76.8,1014.4,8.7,43.5,0.0,0
Guwahati,Jan,17.7,73.3,1013.9,2.2,25.7,0.0,0
Hyderabad,Apr,29.3,52.3,1011.1,4.6,31.4,0.0,0
Hyderabad,Jul,36.0,85.1,1001.8,18.3,74.6,9.0,1
Pune,Dec,17.6,47.6,1008.5,11.0,37.0,0.0,0
Kolkata,Oct,25.6,90.9,1012.9,8.3,49.7,12.1,0
Ahmedabad,May,32.2,44.1,1014.2,6.7,29.0,0.0,0
Lucknow,Dec,18.4,63.1,1005.7,6.1,27.3,0.3,0
Chennai,Aug,32.4,75.4,1011.1,8.3,24.6,0.3,0
Kolkata,Jul,32.9,94.7,1000.9,33.0,92.3,4.3,1
Pune,Jul,31.5,84.0,1005.6,21.0,58.3,0.0,0
Lucknow,Jan,18.9,55.0,1009.0,11.3,12.8,6.3,0
Delhi,Mar,21.1,46.2,1008.5,12.4,5.6,0.0,0
Ahmedabad,Feb,22.3,40.6,1013.7,9.1,20.0,0.0,0
Ahmedabad,May,30.7,47.0,1005.4,8.2,9.8,0.0,0
Jaipur,Feb,21.8,50.0,1010.2,15.5,23.2,0.0,0
Mumbai,Oct,26.6,84.1,1010.1,5.8,30.7,1.1,0
Delhi,Sep,30.8,51.2,1005.5,24.6,54.0,16.7,1
Bengaluru,Mar,21.9,55.1,1011.3,13.8,19.2,0.0,0
Guwahati,Jun,28.2,100.0,1006.7,22.6,68.4,0.0,1
Hyderabad,Oct,26.3,49.7,1008.0,8.9,35.4,12.8,1
Pune,May,27.8,46.6,1004.9,8.9,27.8,0.0,0
Lucknow,Nov,22.2,70.4,1007.4,8.9,24.0,0.0,0
Bengaluru,Sep,27.4,71.3,1008.7,15.0,91.0,5.8,0
Delhi,Oct,24.3,40.9,1017.7,6.2,33.4,0.0,0
Mumbai,Dec,24.7,63.9,1005.9,14.9,38.7,0.0,0
Delhi,Oct,20.1,37.1,1009.1,17.4,19.2,0.6,0
Bengaluru,Feb,23.9,74.3,1006.7,16.3,25.6,0.3,0
Ahmedabad,Jun,38.9,51.4,1012.0,15.0,5.3,0.7,0
Mumbai,Jun,32.1,92.3,1009.9,11.7,77.7,8.1,1
Guwahati,May,28.7,87.8,1004.4,29.6,78.3,8.6,1
Guwahati,May,25.1,85.4,1006.1,27.7,65.7,0.0,1
Hyderabad,Mar,22.9,73.0,1011.1,27.1,33.4,0.0,0
Ahmedabad,Dec,19.9,56.1,1011.3,16.1,41.6,0.0,0
Ahmedabad,Mar,25.1,51.8,1008.1,5.5,22.6,0.0,0
Chennai,Oct,26.0,90.8,1004.4,16.5,78.0,37.2,1
Chennai,Aug,37.8,74.9,1015.0,14.5,31.9,9.5,0
Kochi,Jan,18.4,79.6,1008.2,17.5,11.3,0.0,0
Mumbai,Oct,26.3,66.4,1004.6,16.5,50.7,5.9,0
Kolkata,Jan,22.4,81.7,1006.0,6.8,25.0,0.6,0
Bengaluru,May,25.9,75.2,1004.9,14.9,64.4,10.1,1
Hyderabad,Oct,23.9,62.8,1007.3,28.9,68.0,0.0,0
Lucknow,Nov,24.4,48.6,1010.5,6.4,15.5,0.0,0
Kolkata,Jun,27.3,89.7,1007.6,17.9,69.7,5.7,1
Ahmedabad,Dec,22.9,45.1,1014.3,16.5,7.0,0.1,0
Chennai,Apr,33.1,76.4,1013.3,6.0,37.3,0.0,0
Mumbai,Apr,29.6,82.1,1020.1,14.9,33.5,1.0,0
Delhi,Nov,20.6,37.5,1010.0,20.6,6.3,0.0,0
Jaipur,Jun,35.9,41.1,1006.2,5.9,27.1,0.2,0
Pune,Mar,19.9,62.5,1009.3,12.5,22.6,0.0,0
Delhi,Jul,29.4,77.5,1009.4,9.1,74.5,11.5,0
Kochi,May,28.9,90.8,1007.0,12.3,73.1,0.0,0
Jaipur,Dec,20.5,41.5,1006.6,2.9,14.7,0.7,0
Pune,Feb,20.0,54.9,1007.5,20.6,0.0,4.9,0
Kolkata,Feb,22.1,91.0,1009.3,25.9,37.2,0.0,0
Kolkata,Feb,18.7,69.3,1008.1,11.5,30.8,0.0,0
Mumbai,Sep,27.3,89.0,1001.6,44.1,88.0,0.0,1
Pune,Sep,27.8,89.5,1006.1,17.2,60.5,4.1,0
Kochi,May,28.2,83.7,1008.5,23.1,78.6,1.9,0
Jaipur,Oct,27.1,48.2,1013.3,2.2,6.7,0.0,0
Hyderabad,Jan,19.7,54.5,1017.1,27.3,38.4,0.0,0
Hyderabad,Dec,19.6,62.3,1011.8,9.6,31.1,0.0,0
Guwahati,Jan,16.2,75.3,1007.6,4.4,42.0,0.0,0
Kolkata,Dec,20.0,91.4,1005.7,6.4,44.7,1.1,0
Kolkata,Nov,21.8,63.8,1007.8,12.6,39.2,0.0,0
Pune,Dec,15.3,45.9,1011.2,7.9,40.9,0.2,0
Jaipur,Jul,32.5,52.7,1008.8,19.3,30.0,13.3,0
Delhi,May,32.7,65.0,1004.1,11.4,17.8,0.0,0
Kolkata,Feb,19.1,84.1,1007.6,8.1,16.7,0.0,0
Guwahati,Jul,26.7,93.9,1001.0,22.9,88.7,8.4,1
Lucknow,Oct,23.7,69.0,1010.0,4.4,7.9,0.0,0
Mumbai,May,32.4,65.2,1009.3,21.2,6.6,0.0,0
Lucknow,Mar,19.7,44.9,1015.0,18.1,10.6,5.3,0
Kolkata,Mar,22.5,66.0,1008.4,8.3,36.8,0.0,0
Guwahati,Apr,24.4,76.5,1013.8,9.8,16.0,0.0,0
Mumbai,Jan,18.2,73.0,1012.5,3.2,45.3,0.0,0
Jaipur,Jan,19.6,48.8,1007.0,15.6,12.3,0.0,0
Lucknow,Feb,18.5,64.6,1013.6,8.7,38.1,0.0,0
Bengaluru,Mar,22.6,48.3,1011.5,4.5,34.6,0.0,0
Guwahati,Sep,24.2,95.4,1008.6,24.2,85.4,12.1,1
Chennai,Oct,24.5,97.0,1012.9,16.3,68.9,6.6,0
Jaipur,Aug,27.6,59.4,1000.7,24.9,84.4,0.0,1
Lucknow,Nov,25.5,37.7,1009.9,14.2,35.3,0.0,0
Hyderabad,Jun,33.7,59.6,1007.1,7.9,22.6,0.0,0
Ahmedabad,Apr,27.3,31.1,1006.9,1.2,3.4,0.0,0
Ahmedabad,Jan,19.4,41.6,1014.4,30.8,9.1,2.8,0
Kolkata,Aug,33.3,100.0,1002.2,18.7,71.6,41.0,1
Hyderabad,Oct,25.2,57.9,1007.3,25.5,70.9,2.2,0
Delhi,May,23.9,42.2,1013.2,1.1,21.9,0.6,0
Hyderabad,Feb,23.3,64.5,1002.2,7.1,24.1,0.0,0
Ahmedabad,Feb,22.6,48.5,1014.2,5.5,37.6,0.0,0
Bengaluru,Mar,22.5,70.6,1008.0,6.4,36.7,0.2,0
Pune,Dec,17.4,43.1,1004.5,10.9,15.6,3.7,0
Kolkata,Feb,20.6,66.6,1008.6,8.8,24.1,0.0,0
Ahmedabad,May,29.1,47.9,1012.4,12.5,33.2,0.0,0
Kolkata,Jul,24.9,100.0,1006.0,15.1,89.8,16.4,1
Guwahati,Jun,27.7,94.0,1009.4,18.8,86.6,4.8,1
Kochi,Jan,22.6,73.9,1006.6,15.0,10.0,0.0,0
Ahmedabad,Jun,33.0,35.6,1007.5,21.8,0.0,0.0,0
Kolkata,Jul,33.1,100.0,1003.9,23.9,100.0,21.7,1
Hyderabad,Mar,21.4,59.8,1012.5,10.5,24.3,0.0,0
Chennai,May,32.8,86.5,1010.8,4.8,54.2,0.9,1
Lucknow,May,33.4,55.1,1001.1,3.2,11.9,0.0,0
Ahmedabad,Mar,24.5,35.5,1011.0,18.5,5.3,0.0,0
Lucknow,Jan,21.2,43.9,1012.2,8.1,29.0,0.0,0
Hyderabad,Jan,21.2,60.6,1009.3,20.2,0.0,0.1,0
Jaipur,Aug,28.8,57.7,1002.2,15.1,33.8,0.8,0
Bengaluru,Mar,22.0,65.6,1006.6,4.8,33.2,0.0,0
Jaipur,Feb,21.2,38.8,1006.8,9.1,40.1,1.0,0
Ahmedabad,Jun,35.8,50.2,1013.6,8.9,26.7,0.0,0
Hyderabad,Sep,23.9,96.7,1006.7,18.9,59.3,14.2,0
Kolkata,Jul,31.2,100.0,1001.9,41.1,80.4,4.8,1
Kolkata,Mar,22.4,74.4,1010.4,8.6,17.5,0.0,0
Mumbai,Sep,27.6,100.0,1009.5,34.8,64.9,0.0,1
Kochi,Jun,29.6,100.0,1007.4,27.4,94.5,9.0,1
Kochi,Sep,26.8,83.3,1004.5,16.0,55.5,0.0,0
Pune,Sep,26.4,74.5,1011.7,11.0,49.0,25.3,0
Kolkata,Mar,25.3,69.1,1015.8,21.4,25.7,0.0,0
Chennai,Jun,33.0,70.4,1011.7,6.1,27.5,0.6,0
Mumbai,May,29.6,56.7,1010.8,1.6,13.2,0.0,0
Kolkata,Jun,30.0,100.0,1003.3,12.0,90.1,8.7,1
Kochi,May,30.5,88.7,1003.2,19.4,70.4,19.1,1
Lucknow,Jun,33.0,53.0,1011.8,15.1,11.9,0.0,0
Mumbai,Aug,28.6,100.0,1006.0,14.6,100.0,5.9,1
Ahmedabad,Apr,24.0,40.9,1012.4,7.2,36.9,0.0,0
Jaipur,Oct,31.6,45.3,1011.6,19.5,3.9,0.0,0
Chennai,Apr,30.9,73.2,1014.8,6.1,45.2,0.0,0
Kochi,Jan,21.4,69.8,1013.2,5.3,42.7,0.0,0
Kochi,Sep,28.4,92.9,1009.9,19.6,78.7,0.0,1
Pune,Aug,28.9,87.4,1003.6,35.0,66.6,0.0,1
Ahmedabad,Feb,20.6,55.7,1015.1,3.1,0.0,4.9,0
Hyderabad,Jun,30.8,60.6,1007.5,1.4,31.4,0.0,0
Ahmedabad,May,29.7,44.3,1007.1,16.6,22.5,3.8,0
Pune,Feb,22.1,45.7,1013.9,3.0,20.3,0.0,0
Hyderabad,Jul,33.6,69.2,1009.4,15.5,63.6,4.1,1
Guwahati,Sep,24.3,100.0,1008.4,15.0,60.4,5.7,1
Hyderabad,Nov,25.4,41.8,1010.0,22.7,26.5,0.0,0
Delhi,Oct,20.9,50.3,1007.9,10.9,13.3,0.0,0
Chennai,Mar,27.4,53.7,1015.7,29.3,36.4,0.5,0
Jaipur,Mar,21.1,46.9,1010.9,7.3,3.1,0.0,0
Ahmedabad,Feb,21.6,49.2,1002.6,10.4,20.2,0.0,0
Guwahati,Jun,27.0,100.0,1003.1,16.4,72.9,12.5,1
Mumbai,Dec,25.4,79.0,1013.4,5.1,27.3,0.0,0
Bengaluru,Jan,17.1,51.2,1012.9,5.0,19.6,0.0,0
Chennai,Aug,36.3,73.6,1010.9,16.5,1.6,0.0,0
Ahmedabad,Oct,24.6,40.5,1006.1,3.6,13.8,0.0,0
Kochi,Mar,24.6,66.9,1006.5,30.6,10.7,4.4,0
Delhi,Mar,19.3,39.0,1013.6,17.4,27.6,0.0,0
Delhi,Feb,24.0,46.5,1008.1,7.4,20.0,0.0,0
Guwahati,Aug,28.1,96.5,1001.7,22.5,68.3,0.1,1
Jaipur,Feb,20.9,49.9,1007.6,16.6,2.9,0.0,0
Kochi,Jun,28.5,97.3,1000.4,32.6,99.2,0.0,1
Ahmedabad,Jul,31.1,50.5,1008.8,8.7,61.1,6.6,0
Ahmedabad,Sep,30.4,50.1,1012.6,14.6,26.3,19.5,0
Mumbai,Feb,21.2,69.4,1009.3,8.9,26.2,0.0,0
Mumbai,Aug,28.4,89.8,1007.5,20.6,95.6,0.0,1
Delhi,Sep,29.4,56.3,1006.0,13.8,57.0,6.3,0
Guwahati,Sep,26.1,98.7,1004.2,16.0,82.6,0.0,1
Chennai,May,33.3,61.0,1002.6,10.6,18.2,0.0,0
Ahmedabad,Apr,26.4,42.9,1008.9,16.1,34.6,0.9,1
Bengaluru,Jun,29.0,72.3,1003.8,17.2,54.5,0.0,1
Kolkata,Jun,27.0,84.8,1005.2,21.6,90.6,7.4,1
Pune,Jun,30.0,69.2,1005.5,11.1,85.5,2.7,0
Jaipur,May,30.5,53.3,1013.2,8.7,10.6,0.3,0
Pune,Aug,29.8,82.4,1000.0,10.8,95.5,28.2,1
Lucknow,Jun,31.8,49.1,1005.1,7.4,8.3,0.0,0
Delhi,Jul,24.2,62.9,1004.2,32.0,55.6,6.4,1
Pune,Dec,19.1,36.0,1008.2,15.3,0.0,0.0,0
Chennai,Aug,35.7,68.9,1014.3,15.3,7.0,2.5,0
Ahmedabad,May,32.0,32.6,1011.0,15.4,14.2,0.0,0
Hyderabad,Jan,21.8,60.0,1003.7,15.6,7.6,0.0,0
Delhi,Nov,19.1,54.9,1012.0,10.3,11.6,0.0,0
Jaipur,Mar,25.4,38.9,1003.9,4.3,16.6,5.5,0
Mumbai,Aug,31.4,100.0,1005.0,25.9,83.5,0.0,1
Kochi,Dec,26.1,73.6,1011.8,11.9,12.4,2.0,0
Kolkata,Sep,27.1,93.0,1003.9,18.2,84.9,10.3,1
Hyderabad,Apr,28.9,50.4,1010.7,6.0,0.0,0.0,0
Bengaluru,Apr,24.0,65.6,1008.1,7.6,19.1,0.0,0
Chennai,Dec,20.8,97.5,1010.4,30.2,77.3,9.0,1
Kochi,Sep,26.2,86.5,1001.4,33.8,42.2,0.0,0
Jaipur,Apr,28.7,47.5,1008.9,8.6,33.6,0.0,0
Mumbai,Jun,26.7,76.5,1006.7,10.5,71.2,6.3,1
Kochi,Sep,27.5,100.0,1005.9,6.2,79.6,2.2,1
Delhi,Jun,29.5,39.8,1008.2,14.2,41.8,0.0,0
Ahmedabad,Aug,32.0,76.9,1008.6,21.5,74.5,0.0,0
Bengaluru,Dec,18.4,63.7,1010.3,25.0,16.8,0.0,0
Kolkata,Oct,26.3,73.2,1004.2,17.3,56.0,10.0,0
Kochi,May,29.8,100.0,1013.5,31.9,86.4,7.6,1
Pune,Feb,23.6,66.7,1010.2,5.7,27.2,0.0,0
Pune,May,26.7,57.2,1009.5,10.1,22.2,0.0,0
Guwahati,Jun,24.0,95.0,999.4,11.7,95.0,28.0,1
Bengaluru,Nov,19.0,46.9,1006.7,14.3,20.1,0.0,0
Pune,Mar,22.3,56.4,1011.4,7.1,36.2,0.0,0
Mumbai,Jun,30.3,95.3,1004.9,30.5,85.6,4.2,1
Delhi,Sep,29.7,61.0,1009.3,10.6,29.7,7.3,0
Lucknow,Oct,26.5,49.6,1010.7,15.4,3.1,0.0,0
Mumbai,Sep,30.7,78.3,1003.6,23.1,61.7,0.0,1
Mumbai,Jan,21.1,63.1,1006.2,12.7,0.0,0.0,0
Kochi,Feb,24.3,79.8,1010.2,8.4,14.9,0.7,0
Guwahati,Sep,29.7,84.9,1010.9,29.1,72.0,0.0,1
Jaipur,Feb,17.7,57.4,1013.2,10.7,34.5,0.0,0
Pune,Feb,22.0,50.0,1015.9,3.7,32.7,0.0,0
Kolkata,Jul,30.7,100.0,1011.4,23.8,95.0,0.0,1
Chennai,Nov,22.9,95.6,1008.4,15.5,65.4,0.0,1
Kochi,Sep,29.2,100.0,1004.2,8.2,89.9,2.9,0
Pune,Dec,17.0,54.2,1011.8,16.5,4.8,0.0,0
Ahmedabad,Jan,23.7,42.9,1011.3,11.6,0.0,1.5,0
Pune,Nov,22.9,54.7,1012.6,16.3,34.4,0.0,0
Jaipur,Apr,22.9,45.1,1014.7,7.2,10.4,0.0,0
Mumbai,Jun,28.9,82.0,1005.1,17.5,94.5,0.0,1
Chennai,Apr,27.5,67.8,1012.0,1.4,22.4,0.0,0
Bengaluru,Jul,32.2,78.6,1011.5,20.9,100.0,29.1,1
Bengaluru,Jun,26.3,80.2,1009.6,28.1,33.7,4.5,0
Bengaluru,Aug,27.8,87.0,1013.6,15.3,49.3,2.4,0
Kolkata,Feb,23.7,86.3,1008.3,7.5,13.0,4.2,0
Bengaluru,Oct,19.5,85.8,1001.9,26.4,100.0,0.0,1
Ahmedabad,Oct,28.8,37.5,1012.7,16.1,3.0,0.0,0
Delhi,Feb,19.6,50.3,1011.8,5.1,26.7,0.0,0
Lucknow,Nov,19.7,47.5,1007.8,1.3,23.0,0.0,0
Lucknow,Feb,20.3,48.7,1010.6,27.6,35.4,0.0,0
Kochi,May,28.5,100.0,1008.6,16.8,71.0,1.9,0
Chennai,Nov,20.6,100.0,1008.7,15.7,98.8,10.7,1
Mumbai,Jul,29.7,98.9,1003.2,34.0,73.6,0.0,1
Lucknow,Sep,26.1,63.6,1014.1,16.2,80.3,0.0,1
Pune,Oct,26.6,67.5,1007.4,26.4,44.3,0.3,0
Jaipur,Feb,23.0,45.3,1011.1,28.1,8.4,0.0,0
Ahmedabad,Apr,27.6,41.1,1010.6,15.0,24.8,0.0,0
Mumbai,Apr,26.7,71.3,1008.3,8.4,58.7,0.0,0
Ahmedabad,Dec,21.7,54.0,1012.0,40.8,0.0,0.0,0
Chennai,Jul,37.5,70.0,1015.0,8.4,13.2,0.0,0
Guwahati,Aug,29.2,100.0,1007.3,19.2,100.0,0.3,1
Mumbai,Mar,22.8,68.8,1010.7,8.4,31.4,0.0,0
Pune,Jan,19.9,55.0,1012.8,2.8,32.4,0.0,0
Kochi,Sep,28.0,90.9,1008.0,15.8,59.2,1.9,0
Kochi,Jan,19.1,90.2,1005.3,5.4,10.4,0.8,0
Guwahati,Sep,26.5,76.6,1006.0,24.8,42.2,16.2,1
Lucknow,Nov,24.2,66.6,1010.9,8.1,21.4,0.0,0
Ahmedabad,Aug,33.0,87.4,1002.8,17.7,47.1,15.8,0
Hyderabad,Jan,18.6,52.6,1006.8,23.4,15.6,0.0,0
Kolkata,Nov,22.1,84.2,1005.4,14.3,56.4,0.0,0
Pune,Jul,26.5,76.1,1006.3,20.5,61.9,6.4,1
Kolkata,Apr,25.8,75.0,1007.8,9.9,47.5,0.0,0
Hyderabad,Nov,23.4,41.8,1010.7,2.2,31.3,1.0,0
Kolkata,Apr,28.1,61.1,1013.4,12.1,49.6,0.0,0
Guwahati,Jul,26.6,88.4,1008.6,25.4,71.2,1.3,1
Bengaluru,Jul,27.6,78.9,1006.0,19.4,60.5,0.0,1
Bengaluru,Sep,23.6,69.5,1004.9,10.4,81.4,2.7,1
Jaipur,Apr,28.9,37.8,1014.3,14.1,15.8,0.0,0
Ahmedabad,Apr,27.5,51.6,1013.0,10.7,11.7,1.1,0
Chennai,Feb,23.8,63.1,1009.5,7.6,35.9,0.6,0
Kolkata,Jan,24.1,72.3,1011.7,8.1,27.9,1.2,0
Kolkata,Dec,23.3,66.8,1011.4,12.0,53.4,0.0,0
Mumbai,Jun,29.5,96.6,1000.6,20.8,87.0,0.0,1
Kochi,Dec,23.5,88.3,1010.1,8.1,8.6,0.0,0
Kolkata,Nov,23.4,68.7,1013.2,3.1,41.3,0.1,0
Bengaluru,Oct,23.9,75.5,1004.7,16.9,49.1,7.9,1
Kochi,Feb,20.9,73.6,1014.6,8.7,27.1,0.0,0
Kolkata,Apr,30.5,73.2,1008.2,22.3,14.2,0.0,0
Chennai,Sep,30.6,63.1,1013.0,31.7,41.3,0.2,0
Kochi,Sep,33.6,95.3,1004.7,23.2,81.5,7.0,1
Pune,Aug,33.0,85.3,1009.2,12.1,87.9,0.0,1
Chennai,Jul,37.2,79.8,1012.0,9.6,49.3,2.5,1
Bengaluru,Jan,16.5,73.6,1011.5,6.2,23.0,0.0,0
Mumbai,Sep,28.3,75.2,1011.1,17.7,68.8,1.2,0
Delhi,Apr,25.8,40.9,1015.2,26.6,20.9,0.0,0
Bengaluru,Aug,35.1,69.5,1009.3,12.5,58.2,3.5,1
Chennai,Dec,17.2,88.3,999.6,27.1,94.0,43.1,1
Kochi,Sep,28.3,100.0,1005.9,27.1,60.5,0.0,1
Kolkata,Mar,28.8,77.4,1006.0,12.8,35.1,0.2,0
Kolkata,Feb,19.5,76.1,1003.5,31.0,8.5,0.0,0
Delhi,May,30.3,55.3,1007.0,11.5,33.2,0.0,0
Guwahati,Feb,20.1,76.7,1007.9,6.9,29.6,4.2,0
Delhi,Aug,27.2,77.3,1006.4,18.6,68.8,0.0,0
Kolkata,Oct,30.1,77.5,1005.4,10.4,33.3,0.1,1
Hyderabad,Aug,31.4,91.7,1008.2,14.3,92.5,0.0,1
Pune,Jun,30.5,71.4,1010.3,16.3,48.7,4.7,0
Ahmedabad,Jun,34.4,48.9,1010.6,16.2,58.8,0.0,0
Guwahati,Jun,25.0,100.0,1003.6,13.4,86.6,0.0,1
Delhi,Nov,25.6,43.3,1011.3,10.5,14.3,2.4,0
Kolkata,Dec,19.8,58.0,1006.9,19.0,31.2,3.0,0
Chennai,Nov,26.8,87.9,1000.7,22.3,95.5,0.0,0
Hyderabad,Jun,29.9,59.6,1010.9,6.6,24.5,0.2,0
Ahmedabad,Aug,31.1,56.6,1004.1,15.1,66.7,17.5,1
Chennai,Jul,37.1,79.4,1009.1,10.0,42.6,2.4,0
Pune,Sep,23.2,81.4,1006.4,16.1,88.4,3.7,1
Ahmedabad,Oct,26.9,59.4,1004.6,3.0,22.0,0.0,0
Bengaluru,Oct,21.5,77.9,1005.2,12.8,96.7,0.0,1
Chennai,Nov,23.1,100.0,1005.9,18.2,79.1,0.2,1
Mumbai,Jan,20.4,74.0,1005.9,5.2,26.5,0.0,0
Lucknow,Jul,33.2,73.6,1007.2,12.0,98.9,0.1,1
Mumbai,Jul,31.1,92.5,1007.2,26.8,79.7,1.8,1
Lucknow,Dec,17.6,40.5,1009.9,8.5,1.6,0.0,0
Kochi,Sep,26.3,94.1,1001.9,9.6,74.5,6.4,1
Hyderabad,Feb,18.6,41.8,1012.5,21.2,31.6,0.0,0
Jaipur,Apr,27.5,35.3,1007.3,13.7,24.8,0.0,0
Jaipur,Dec,19.7,42.4,1012.4,2.8,27.7,0.0,0
Kolkata,Nov,23.5,62.0,1011.6,10.1,7.6,0.0,0
Pune,Jun,27.5,85.7,1001.9,15.1,65.4,21.9,0
Bengaluru,Dec,16.1,54.7,1014.6,9.4,18.9,1.5,0
Chennai,Dec,19.8,90.8,995.9,13.2,81.0,15.9,1
Jaipur,Dec,18.6,33.1,1010.7,3.2,27.3,0.0,0
Kochi,Nov,23.6,90.2,1008.9,3.1,14.0,1.2,0
Guwahati,Apr,26.9,89.0,1010.2,4.5,61.3,0.5,1
Guwahati,Apr,26.7,57.6,1011.6,11.3,0.7,0.0,0
Ahmedabad,Jan,22.1,27.9,1013.0,4.7,17.6,1.4,0
Ahmedabad,Feb,24.4,39.0,1010.3,7.5,41.4,0.0,0
Pune,Apr,24.6,49.8,1011.6,4.7,0.0,0.0,0
Mumbai,Apr,27.2,64.6,1005.8,12.8,21.7,0.0,0
Guwahati,Aug,26.8,98.0,1001.9,11.1,68.0,0.0,0
Jaipur,Jan,15.8,61.0,1011.3,10.2,35.4,0.0,0
Pune,Feb,17.6,65.7,1007.1,23.4,1.5,0.0,0
Guwahati,Dec,19.0,61.9,1009.8,6.5,19.6,0.0,0
Kolkata,Oct,24.9,86.4,1010.5,10.1,87.6,7.3,1
Bengaluru,Jan,15.8,48.0,1008.6,3.9,41.3,0.0,0
Hyderabad,Feb,25.4,46.7,1004.8,12.3,41.3,0.0,0
Delhi,Nov,24.6,46.1,1008.4,13.0,35.0,0.0,0
Kochi,Oct,26.0,94.2,1000.4,21.2,63.7,0.0,0
Kochi,Nov,23.8,79.2,1009.9,6.5,42.0,0.0,0
Lucknow,May,30.6,47.4,1010.6,8.4,20.5,0.0,0
Mumbai,Apr,31.5,74.7,1005.4,10.2,41.4,0.0,0
Chennai,Jul,33.1,62.2,1008.9,9.5,35.6,0.0,0
Delhi,Aug,25.9,90.1,1006.3,14.0,53.9,0.0,1
Bengaluru,Oct,20.4,88.5,1000.7,10.3,76.1,7.8,1
Mumbai,Jun,29.2,91.4,1007.4,12.4,74.1,5.4,1
Jaipur,Jan,19.1,27.9,1007.9,14.5,22.5,0.7,0
Delhi,Jan,19.4,52.3,1008.5,11.0,11.0,0.1,0
Chennai,Sep,36.0,67.9,1013.3,9.2,25.8,0.8,0
Kolkata,Oct,26.1,93.4,1009.5,16.1,33.5,20.1,1
Delhi,Jan,20.8,55.3,1003.8,16.8,21.7,0.0,0
Delhi,Oct,26.1,52.1,1008.5,11.5,32.3,0.0,0
Bengaluru,Oct,21.2,79.3,1002.4,24.4,53.9,30.9,1
Ahmedabad,May,33.3,49.4,1008.7,2.9,56.1,0.0,0
Pune,Jan,19.7,52.2,1005.6,10.5,27.4,0.0,0
Mumbai,Mar,27.0,67.9,1008.0,10.2,14.7,0.0,0
Bengaluru,Feb,20.2,63.0,1010.3,15.6,18.3,0.0,0
Kolkata,Apr,24.9,79.6,1018.5,5.8,29.0,0.2,0
Ahmedabad,Mar,25.1,30.1,1010.7,5.3,17.1,0.0,0
Lucknow,Oct,25.0,49.6,1005.4,9.3,13.8,0.0,0
Kolkata,Sep,26.7,85.2,1004.9,17.7,65.5,12.0,0
Mumbai,Mar,24.7,77.3,1008.6,22.4,24.3,0.0,0
Chennai,Jun,33.6,84.4,1011.7,9.2,23.1,0.0,0
Guwahati,Dec,22.7,81.9,1013.2,9.9,34.3,0.8,0
Mumbai,Apr,28.8,67.3,1012.0,14.1,6.9,0.0,0
Pune,Jan,15.6,44.5,1008.4,5.3,29.0,0.0,0
Chennai,Jan,23.0,73.2,1009.1,6.9,40.8,0.0,0
Ahmedabad,Apr,29.3,48.8,1010.0,12.4,14.5,0.0,0
Hyderabad,Oct,25.0,76.9,1014.7,24.7,53.1,2.6,0
Bengaluru,Feb,18.3,57.8,1007.2,14.4,48.7,0.0,0
Mumbai,Dec,22.5,68.5,1009.4,9.0,28.1,0.0,0
Jaipur,Mar,23.4,22.8,1008.0,7.9,24.7,0.0,0
Ahmedabad,Jun,34.2,44.3,1013.4,12.1,32.6,0.0,0
Mumbai,Apr,28.9,78.2,1014.4,8.4,14.0,0.0,0
Delhi,Mar,22.7,59.2,1006.9,20.0,14.5,1.7,0
Kolkata,Apr,27.8,76.3,1008.0,11.1,37.5,1.1,0
Jaipur,Sep,30.7,64.3,1014.7,5.1,33.5,1.9,0
Hyderabad,Feb,19.9,65.8,1011.3,15.3,2.1,0.0,0
Kolkata,Sep,27.3,100.0,1007.6,12.4,99.9,3.1,1
Delhi,Feb,17.0,33.1,1009.9,8.3,0.0,0.0,0
Pune,Feb,20.6,38.1,1015.3,10.1,8.5,0.0,0
Guwahati,Oct,25.2,62.8,1013.6,7.2,31.2,1.4,0
Kochi,Jun,30.7,99.8,1002.3,30.5,96.6,2.4,1
Kolkata,Apr,26.4,75.1,1003.8,18.9,28.1,0.0,0
Chennai,Nov,20.1,85.6,1004.8,21.7,84.5,47.9,1
Pune,Nov,21.0,61.5,1010.3,6.0,24.7,0.0,0
Ahmedabad,Aug,29.4,73.4,1008.0,14.4,83.6,9.0,1
Delhi,May,28.3,34.0,1008.7,19.5,14.1,0.0,0
Delhi,Apr,25.7,68.3,1006.3,9.5,42.2,0.0,0
Kolkata,Jun,29.8,99.0,1004.9,46.6,76.0,50.1,1
Kochi,Oct,25.5,97.0,1007.2,18.9,58.2,0.0,1
Guwahati,Dec,15.8,69.1,1016.0,10.0,28.7,0.0,0
Chennai,Mar,24.4,57.3,1005.2,25.0,33.6,0.9,0
Pune,Sep,26.5,87.2,1010.5,15.0,60.3,0.0,0
Ahmedabad,Oct,27.7,33.1,1008.5,2.8,25.8,0.2,0
Lucknow,Oct,27.6,46.7,1009.1,6.0,11.1,0.0,0
Pune,Aug,30.1,83.6,1003.7,10.1,87.3,3.9,0
Bengaluru,Oct,21.4,100.0,1003.4,16.7,67.8,0.0,1
Kolkata,Nov,24.6,72.7,1004.6,10.0,27.3,0.0,0
Kolkata,Apr,26.9,74.7,1007.8,11.5,10.4,0.0,0
Pune,Sep,26.8,78.2,1008.7,7.5,82.1,12.4,1
Lucknow,Aug,29.0,67.3,1005.8,27.3,62.9,0.0,1
Delhi,Sep,26.3,63.1,1005.4,15.8,63.4,10.1,1
Kolkata,Sep,30.2,100.0,1009.6,26.0,70.5,2.1,1
Lucknow,Sep,25.7,66.5,1004.2,6.5,44.6,3.3,0
Delhi,May,27.7,43.7,1013.5,4.3,13.7,0.0,0
Lucknow,Jan,20.7,52.5,1010.0,8.7,0.0,0.0,0
Bengaluru,Apr,22.8,60.0,1010.4,13.4,0.0,0.0,0
Hyderabad,May,34.3,50.9,1011.9,7.8,4.5,0.0,0
Jaipur,Jan,19.8,63.6,1010.9,8.6,32.0,0.0,0
Hyderabad,Jan,16.4,38.6,1006.7,12.9,3.9,0.0,0
Delhi,Dec,23.2,55.3,1014.4,17.8,25.5,0.0,0
Mumbai,Jul,31.3,100.0,1002.8,50.2,94.4,5.2,1
Delhi,Nov,22.8,43.7,1008.3,8.9,3.4,0.3,0
Bengaluru,Feb,17.2,70.0,1010.0,8.3,10.8,0.0,0
Delhi,Oct,25.5,39.8,1012.9,19.9,34.2,0.0,0
Kochi,Jun,29.8,100.0,1007.1,12.7,91.1,12.1,1
Bengaluru,Aug,27.9,82.7,1002.6,22.3,76.8,0.0,1
Kolkata,Feb,23.5,67.0,1011.4,17.0,22.3,2.4,0
Chennai,Oct,28.1,76.0,1003.8,12.5,73.9,15.9,0
Mumbai,Feb,26.8,54.7,1012.2,8.8,16.3,0.0,0
Jaipur,May,32.3,31.7,1005.7,7.8,17.5,1.0,0
Hyderabad,Apr,25.9,46.8,1007.1,8.8,20.8,0.0,0
Pune,Feb,17.4,50.4,1012.5,33.8,6.7,0.0,0
Delhi,Mar,21.8,43.5,1011.2,6.8,12.7,0.0,0
Kolkata,Nov,23.0,63.3,1011.7,5.4,3.4,0.0,0
Hyderabad,Aug,26.8,77.8,1006.9,11.0,59.1,21.1,1
Kolkata,Nov,23.9,64.9,1007.8,9.2,26.2,0.0,0
Ahmedabad,Aug,33.1,71.5,1010.3,11.5,65.2,0.0,0
Chennai,Jul,35.8,64.6,1010.6,4.8,40.3,0.0,0
Lucknow,Oct,25.7,27.1,1011.9,9.0,45.1,0.0,0
Lucknow,Mar,23.6,51.7,1006.5,10.5,49.1,4.1,0
Jaipur,Mar,21.5,34.6,1011.1,16.8,0.0,4.7,0
Kolkata,Dec,18.7,74.8,1006.7,10.6,34.8,3.9,0
Hyderabad,Jul,35.9,75.1,1006.1,21.4,61.2,0.0,0
Guwahati,Jan,18.1,67.9,1010.5,19.0,24.7,0.0,0
Ahmedabad,Dec,23.2,23.3,1008.6,13.2,4.8,0.0,0
Jaipur,Feb,21.8,33.3,1010.6,25.0,17.8,0.0,0
Guwahati,Mar,21.0,72.7,1006.5,16.1,19.4,2.1,0
Hyderabad,Feb,22.0,66.3,1010.5,12.1,35.7,0.6,0
Ahmedabad,Oct,26.4,51.7,1012.2,13.6,28.8,0.0,0
Bengaluru,Jan,14.6,65.4,1011.0,7.1,44.3,0.0,0
Guwahati,Jan,21.1,77.7,1014.1,11.7,39.8,0.0,0
Jaipur,Nov,21.4,39.8,1008.8,24.9,0.0,0.0,0
Bengaluru,Dec,18.3,44.0,1013.0,24.2,16.4,0.0,0
Hyderabad,Feb,18.2,52.9,1012.4,10.1,22.2,0.0,0
Delhi,May,29.7,48.7,1011.1,8.5,0.0,0.0,0
Chennai,Mar,25.2,66.1,1011.1,21.4,40.2,3.5,0
Jaipur,May,28.6,31.8,1007.5,8.2,6.6,0.0,0
Jaipur,Aug,33.8,63.4,1006.8,23.2,79.5,14.9,1
Ahmedabad,Oct,26.8,51.0,1009.1,5.3,32.2,0.0,0
Jaipur,Oct,23.6,42.2,1012.0,12.1,13.2,0.0,0
Ahmedabad,May,33.6,52.4,1010.8,9.2,7.2,0.0,0
Lucknow,May,29.1,62.2,1013.7,2.6,19.0,0.0,0
Ahmedabad,Mar,26.0,46.0,1010.5,4.4,24.2,0.0,0
Chennai,Jun,33.6,67.5,1014.4,11.9,15.1,0.0,0
Jaipur,Apr,27.6,37.1,1008.5,8.1,27.7,0.0,0
Lucknow,Jan,20.8,67.2,1008.3,12.9,25.6,0.0,0
Lucknow,Jun,30.5,34.3,1006.3,5.6,6.3,0.7,0
Delhi,Oct,26.6,49.2,1008.3,2.0,37.5,0.3,0
Jaipur,Jun,29.4,54.9,1005.9,15.7,36.5,0.0,0
Jaipur,Mar,24.6,44.4,1012.8,17.4,12.9,0.0,0
Ahmedabad,Feb,19.8,39.2,1012.2,14.6,36.3,0.0,0
Guwahati,Jun,29.7,85.8,1010.6,12.7,67.7,27.6,1
Mumbai,Jan,21.9,75.4,1007.1,10.8,48.0,0.0,0
Pune,Sep,27.6,76.5,1008.2,27.5,100.0,0.0,0
Bengaluru,Jul,29.0,88.8,1007.8,15.1,87.8,15.3,1
Pune,Sep,26.9,53.3,1011.8,23.9,39.5,3.5,0
Guwahati,Mar,21.4,78.0,1010.7,15.5,72.1,0.9,0
Mumbai,Jul,30.0,100.0,1008.2,17.6,100.0,0.0,1
Bengaluru,Apr,18.5,80.6,1006.3,19.7,33.3,0.4,0
Pune,Jun,29.8,63.0,1003.8,11.9,55.1,0.0,0
Kolkata,Mar,19.8,77.5,1010.5,16.8,50.8,0.0,0
Jaipur,Feb,23.2,48.1,1009.1,10.8,12.2,2.2,0
Hyderabad,Mar,21.0,63.0,1007.8,18.8,18.4,0.0,0
Lucknow,Oct,28.4,50.7,1011.4,13.7,20.9,0.0,0
Guwahati,Sep,26.1,99.1,1004.5,19.7,54.5,0.0,1
Delhi,Apr,24.8,40.2,1007.9,28.9,6.9,0.0,0
Lucknow,Oct,29.9,57.0,1012.8,5.1,36.4,0.0,0
Pune,Oct,23.2,61.3,1004.8,6.5,29.5,1.1,0
Guwahati,Mar,19.2,81.0,1005.5,6.7,43.0,0.0,0
Chennai,Feb,24.3,64.9,1013.0,21.1,58.1,0.0,0
Guwahati,Nov,20.5,64.3,1012.3,1.6,34.9,0.0,0
Kochi,Jan,21.3,98.2,1010.1,13.9,25.0,0.0,0
Hyderabad,Feb,20.0,47.3,1014.6,14.4,26.6,0.0,0
Jaipur,Feb,22.1,47.7,1009.0,5.5,0.0,0.0,0
Pune,Apr,24.5,61.5,1006.7,4.6,40.9,0.0,0
Kolkata,Feb,22.6,63.8,1007.9,17.5,23.1,0.0,0
Lucknow,Nov,21.8,46.5,1002.1,15.8,32.4,0.0,0
Pune,Aug,28.2,75.2,1009.5,17.6,90.9,6.7,1
Ahmedabad,Jun,33.6,53.8,1008.0,9.4,0.0,0.0,0
Mumbai,Jan,17.6,62.8,1010.8,14.4,12.3,0.0,0
Kochi,Mar,26.1,91.7,1010.6,6.1,24.0,0.0,0
Mumbai,Feb,24.8,84.2,1014.1,18.5,32.6,0.1,0
Ahmedabad,May,28.7,45.8,1004.6,27.8,26.5,0.0,0
Hyderabad,Jun,34.1,63.4,1006.6,15.1,9.8,0.0,0
Guwahati,Feb,19.8,75.3,1010.1,8.3,20.6,0.0,0
Mumbai,Nov,22.4,72.5,1007.8,12.2,23.3,0.0,0
Delhi,Apr,23.8,44.7,1010.9,1.6,31.6,0.0,0
Delhi,May,25.8,52.0,1008.2,13.8,18.4,1.5,0
Jaipur,Sep,31.1,75.1,1007.7,17.9,19.1,0.0,0
Guwahati,Dec,21.6,58.8,1009.2,9.9,14.6,0.0,0
Jaipur,Sep,29.8,40.0,1010.0,15.5,55.4,7.7,0
Kochi,Apr,32.3,72.9,1002.5,8.8,38.7,0.0,0
Pune,Sep,25.6,69.0,1007.5,17.4,100.0,0.0,1
Jaipur,Sep,30.1,43.8,1006.5,6.0,32.3,2.8,0
Bengaluru,Dec,17.2,70.8,1007.4,8.0,33.7,0.0,0
Mumbai,Jan,22.9,70.2,1002.5,13.8,33.1,0.0,0
Kolkata,Oct,22.9,87.7,1006.5,8.0,74.4,6.3,0
Bengaluru,Sep,24.6,82.0,1004.8,27.1,56.8,1.0,0
Pune,Jun,29.1,70.6,1008.4,15.3,64.0,0.0,1
Pune,Jul,28.3,76.5,1002.6,17.2,54.2,0.3,1
Chennai,Nov,19.9,96.1,997.7,22.2,80.1,3.1,1
Hyderabad,Aug,27.2,78.6,1007.6,15.3,52.0,0.7,1
Delhi,Jul,28.7,75.9,1002.4,17.8,79.2,0.0,1
Kolkata,Dec,18.5,72.6,1010.8,7.5,6.2,0.0,0
Guwahati,Jun,27.5,94.9,1009.2,22.4,100.0,0.0,1
Hyderabad,Sep,25.2,82.5,1006.2,15.4,57.0,5.3,1
Kolkata,Apr,24.2,56.5,1014.3,9.1,29.6,0.0,0
Bengaluru,Jun,31.2,68.8,1012.2,8.5,51.8,11.4,0
Mumbai,Jul,33.8,94.6,1005.7,21.4,94.7,0.0,1
Hyderabad,Jun,32.1,62.2,1014.9,14.8,17.5,0.0,1
Hyderabad,Jan,19.2,60.7,1008.7,4.9,8.5,0.4,0
Jaipur,Dec,22.8,29.7,1011.6,8.2,18.4,0.0,0
Mumbai,Jan,24.0,51.6,1008.3,3.5,1.1,0.0,0
Jaipur,Jun,33.9,36.9,1009.1,7.2,1.5,0.2,0
Lucknow,Nov,23.1,53.5,1013.2,16.9,24.6,0.0,0
Hyderabad,Aug,32.2,68.0,1004.7,16.8,72.8,4.4,1
Kolkata,Jul,32.6,100.0,998.4,19.4,81.5,12.8,1
Jaipur,Sep,30.0,74.7,1006.9,17.9,45.5,0.0,0
Ahmedabad,Aug,31.5,84.3,1005.5,19.3,67.3,1.3,0
Mumbai,Mar,23.5,68.2,1005.9,11.4,8.6,0.0,0
Kochi,Jun,27.7,100.0,1000.3,19.5,92.7,0.0,1
Hyderabad,Jan,22.1,60.6,1013.5,3.3,42.6,0.6,0
Ahmedabad,Apr,27.2,48.5,1008.3,8.1,26.7,0.0,0
Mumbai,Mar,23.0,76.2,1012.1,13.2,0.0,0.0,0
Lucknow,Nov,24.3,51.8,1011.1,6.3,37.2,0.0,0
Jaipur,Apr,27.7,41.7,1007.8,18.9,4.9,0.0,0
Mumbai,Aug,27.7,88.2,1004.8,18.8,75.1,6.4,1
Chennai,Dec,22.7,74.0,1003.6,18.7,60.4,8.5,0
Kochi,Mar,21.3,86.2,1013.2,13.3,34.8,3.1,0
Chennai,Dec,21.5,96.1,1002.1,30.1,62.3,3.5,1
Hyderabad,Aug,33.9,66.1,1004.7,12.4,74.7,22.1,1
Mumbai,Jan,19.0,94.3,1008.8,5.3,63.4,0.0,0
Mumbai,Feb,19.9,60.5,1009.4,16.2,36.8,1.0,0
Chennai,Oct,26.9,89.4,1009.0,19.4,84.0,5.6,1
Hyderabad,Oct,25.1,68.6,1004.7,7.7,37.5,0.0,0
Pune,Apr,25.1,54.2,1010.1,12.5,0.0,0.0,0
Ahmedabad,Aug,29.6,65.8,1007.7,21.1,72.2,11.2,1
Ahmedabad,Jul,30.6,64.1,1008.0,13.0,62.0,8.2,0
Bengaluru,Aug,27.8,72.9,1009.3,19.3,81.3,0.0,0
Mumbai,Nov,23.1,59.8,1005.3,8.8,11.0,0.0,0
Pune,Sep,22.5,66.1,1002.7,39.8,60.1,31.7,1
Hyderabad,Mar,24.7,53.9,1008.1,12.9,48.3,0.0,0
Mumbai,Apr,24.8,80.7,1011.2,15.3,45.0,0.0,0
Chennai,Feb,21.6,66.7,1007.7,8.5,57.9,0.0,0
Pune,Sep,28.4,80.2,1006.0,20.2,62.6,10.2,1
Ahmedabad,Apr,24.8,53.2,1010.8,4.3,19.6,0.0,0
Bengaluru,Feb,19.4,55.6,1011.4,9.7,34.1,0.6,0
Delhi,Jun,31.8,54.7,1013.0,16.4,27.7,0.0,0
Chennai,Feb,23.5,64.0,1007.4,19.6,0.5,0.0,0
Delhi,Feb,18.6,31.4,1005.6,7.0,27.3,0.0,0
Delhi,Jun,33.6,48.1,1011.9,20.9,11.4,0.0,0
Lucknow,Jun,32.5,52.3,1010.1,16.7,0.0,0.0,0
Chennai,Oct,27.3,91.8,1008.6,18.7,47.6,0.0,0
Guwahati,Apr,26.0,77.0,1010.9,3.0,31.8,4.6,0
Kolkata,Jan,21.5,73.7,1007.1,5.6,44.8,0.0,0
Guwahati,Jun,26.2,100.0,1005.0,14.0,75.4,3.9,1
Kochi,Jul,31.9,100.0,1003.3,13.6,70.2,0.0,0
Kolkata,Oct,31.0,90.9,1008.8,9.5,39.8,0.0,1
Hyderabad,Apr,27.5,67.5,1012.5,11.5,39.5,0.0,0
Delhi,Nov,20.4,45.5,1009.6,23.5,13.0,0.0,0
Mumbai,Jan,19.9,75.0,1004.7,5.4,21.5,0.0,0
Pune,Apr,27.0,56.1,1006.3,8.0,24.2,0.0,0
Ahmedabad,Jul,29.3,63.1,1009.6,15.3,60.5,18.5,0
Pune,May,25.5,41.8,1008.3,13.9,7.2,0.0,0
Delhi,Apr,22.2,46.5,1009.5,12.7,12.4,0.0,0
Jaipur,Apr,30.3,50.5,1010.9,7.1,0.0,0.0,0
Pune,Sep,26.5,79.6,1004.7,20.4,38.5,0.0,0
Guwahati,Aug,28.0,100.0,1009.5,23.9,100.0,8.6,1
Chennai,Dec,14.2,78.0,1006.0,24.2,67.8,0.0,1
Kolkata,May,27.5,66.8,1005.0,14.9,43.9,0.0,0
Bengaluru,Dec,14.4,46.8,1011.9,4.1,29.7,0.0,0
Bengaluru,Apr,25.8,65.8,1009.0,22.9,25.0,0.0,0
Jaipur,Aug,29.1,68.7,1007.0,25.1,69.4,6.9,1
Mumbai,Sep,26.3,100.0,1002.2,12.2,57.5,23.7,1
Guwahati,Aug,28.7,93.1,1004.7,29.9,51.0,3.9,1
Jaipur,Jul,31.9,64.4,1008.1,26.9,66.6,5.5,0
Mumbai,Oct,25.4,66.0,1005.8,20.1,48.1,4.6,0
Hyderabad,Nov,22.4,49.7,1010.0,8.4,16.3,0.0,0
Kochi,Dec,20.7,76.6,1008.4,7.8,27.4,0.0,0
Chennai,Dec,17.0,100.0,1004.5,10.6,69.3,0.0,1
Mumbai,Jun,31.8,100.0,1002.5,16.3,83.7,18.3,1
Bengaluru,May,22.2,77.6,1010.3,14.1,65.5,0.0,0
Guwahati,Jun,29.6,100.0,1004.9,19.3,100.0,10.3,1
Delhi,Mar,23.3,51.9,1013.0,5.7,39.8,0.5,0
Kochi,Sep,28.1,98.5,1012.6,10.0,78.1,0.0,1
Chennai,Dec,18.5,100.0,1001.8,17.4,62.5,2.6,1
Jaipur,Jul,30.1,56.2,1004.7,20.5,49.1,5.1,0
Chennai,Oct,30.1,78.6,1013.2,12.6,90.9,0.0,1
Jaipur,Sep,30.4,47.3,1008.7,16.6,30.7,0.0,0
Ahmedabad,Mar,23.4,38.5,1006.7,2.2,11.1,0.0,0
Bengaluru,Jul,24.1,79.7,1006.1,27.5,73.1,10.1,1
Guwahati,Dec,19.0,91.1,1013.1,8.4,44.1,4.8,0
Pune,Dec,19.3,39.4,1011.7,21.4,15.3,0.0,0
Lucknow,Oct,25.8,61.3,1004.8,19.4,0.0,0.0,0
Bengaluru,Feb,20.0,62.1,1013.2,15.3,38.6,0.0,0
Guwahati,Jul,28.6,100.0,1002.2,26.7,81.2,4.0,1
Jaipur,Apr,28.4,32.4,1013.0,6.7,15.7,0.0,0
Bengaluru,Aug,28.8,67.3,999.6,28.9,76.8,0.0,1
Kochi,Jan,23.0,88.6,1009.5,12.4,36.5,0.0,0
Jaipur,Mar,20.9,58.8,1007.5,15.2,11.2,0.4,0
Mumbai,Mar,23.9,62.9,1008.6,8.5,30.1,0.0,0
Hyderabad,Jan,21.0,53.5,1013.1,9.6,25.0,0.0,0
Bengaluru,Apr,24.8,61.0,1008.1,5.0,29.8,1.2,0
Mumbai,Jan,22.5,73.5,1011.2,8.7,13.1,0.0,0
Lucknow,Jun,29.1,65.3,1010.0,9.2,22.3,0.0,0
Jaipur,Apr,26.8,34.0,1011.9,18.3,33.5,0.0,0
Mumbai,Feb,23.3,70.9,1009.9,16.4,19.1,0.0,0
Hyderabad,Sep,26.9,64.5,1004.9,15.2,73.9,3.9,1
Mumbai,Jan,24.0,65.5,1009.4,13.3,0.0,0.0,0
Lucknow,Oct,26.3,55.9,1012.6,13.6,24.7,2.7,0
Guwahati,Mar,20.7,73.8,1013.5,11.4,10.7,0.0,0
Kochi,Feb,23.1,88.9,1012.5,7.6,42.7,0.0,0
Mumbai,Dec,23.5,86.5,1009.8,11.1,52.6,0.7,0
Pune,Oct,23.7,54.8,1009.9,4.6,20.8,0.4,0
Bengaluru,Sep,27.9,96.6,1000.1,23.1,86.2,18.9,1
Ahmedabad,Nov,23.1,45.0,1008.6,26.4,18.6,0.0,0
Delhi,Mar,20.4,54.6,1012.4,15.8,40.5,0.0,0
Hyderabad,May,29.8,43.5,1008.5,7.5,17.9,0.0,0
Lucknow,Apr,25.8,59.7,1008.5,15.7,47.5,0.0,0
Pune,Feb,18.3,49.9,1009.6,7.5,2.9,0.0,0
Lucknow,Aug,31.2,78.5,1007.3,28.0,62.6,31.6,1
Pune,May,28.0,69.6,1016.7,16.2,18.1,0.0,0
Bengaluru,Nov,18.3,61.5,1011.7,7.4,37.2,0.0,0
Chennai,Jan,22.9,75.6,1009.8,7.9,47.8,1.3,0
Delhi,Jan,19.9,49.5,1010.1,10.8,18.7,0.0,0
Kolkata,Dec,18.4,59.0,1008.5,11.9,25.0,0.0,0
Ahmedabad,Jul,32.5,67.8,1008.2,16.4,100.0,0.0,1
Chennai,Dec,24.0,95.9,1005.4,23.4,56.3,1.9,1
Guwahati,Jun,26.4,100.0,1001.2,15.1,96.5,4.5,1
Mumbai,Aug,32.5,92.4,1000.2,14.7,100.0,13.1,1
Guwahati,Jun,27.7,97.0,1003.7,23.3,84.5,13.8,1
Delhi,Aug,31.3,66.7,1005.8,19.6,52.1,1.0,0
Jaipur,Jun,28.5,49.5,1005.5,9.9,18.9,0.0,0
Kochi,May,28.6,97.9,1008.0,14.7,52.6,0.8,0
Lucknow,Oct,25.4,43.5,1012.3,3.6,25.8,0.0,0
Hyderabad,Feb,16.6,49.2,1010.2,21.6,40.4,0.0,0
Mumbai,Jul,30.9,94.5,1005.1,14.4,91.1,33.1,1
Lucknow,Aug,32.3,90.4,1010.4,21.8,67.5,7.2,0
Lucknow,Aug,29.8,76.3,1002.2,37.2,78.4,39.4,1
Kolkata,May,27.9,85.7,1005.0,14.6,35.8,0.0,0
Kochi,Nov,20.8,78.4,1011.7,14.9,15.4,0.0,0
Delhi,Apr,23.9,37.6,1007.7,3.7,39.0,0.0,0
Mumbai,Apr,29.1,68.8,1014.0,7.1,0.0,0.0,0
Lucknow,Nov,21.6,62.7,1013.6,14.5,8.1,0.6,0
Lucknow,Oct,23.3,38.3,1016.4,20.8,0.1,0.0,0
Pune,Jul,31.1,83.2,1002.2,20.4,52.4,20.6,1
Bengaluru,Apr,23.5,71.3,1001.3,11.3,20.5,0.0,0
Mumbai,Jan,21.7,80.7,1006.2,14.6,15.4,0.0,0
Delhi,Jul,29.7,73.8,1004.1,17.4,80.9,13.5,1
Kolkata,Nov,22.8,77.4,1007.9,7.9,44.5,7.5,0
Pune,Mar,23.0,52.2,1009.4,19.2,30.8,0.0,0
Guwahati,Sep,24.3,96.5,1005.1,23.4,74.0,3.5,1
Jaipur,Sep,30.7,44.0,1007.5,8.3,26.4,0.0,0
Bengaluru,Feb,20.4,54.7,1009.8,21.3,27.7,0.0,0
Chennai,Jul,35.8,56.0,1005.5,14.7,20.1,0.0,0
Bengaluru,Aug,29.7,73.5,1010.0,24.1,91.6,0.0,1
Ahmedabad,Jan,19.8,51.0,1011.8,14.1,8.5,0.0,0
Hyderabad,Apr,25.6,49.2,1007.4,10.5,28.1,0.0,0
Bengaluru,Mar,18.7,72.0,1009.9,7.6,40.8,0.0,0
Ahmedabad,May,30.3,31.4,1010.3,8.9,20.6,0.4,0
Jaipur,Mar,25.6,49.8,1012.6,15.3,41.4,0.0,0
Jaipur,Jun,37.5,36.2,1013.7,6.2,13.2,1.3,0
Mumbai,Jan,24.9,64.0,1012.6,6.3,40.1,0.0,0
Lucknow,Jan,16.5,34.5,1009.6,23.6,7.5,1.9,0
Mumbai,Jul,30.3,100.0,1002.4,11.6,100.0,25.6,1
Bengaluru,Feb,15.0,52.6,1010.7,6.5,21.9,0.0,0
Hyderabad,Nov,25.2,68.9,1010.4,16.0,5.4,0.0,0
Pune,Oct,26.0,64.8,1011.0,4.3,21.2,0.4,0
Kochi,Nov,23.8,71.9,1010.3,17.5,20.1,1.1,0
Delhi,Mar,20.4,53.1,1005.4,7.7,24.2,2.6,0
Chennai,Dec,21.7,99.6,1006.3,13.8,61.9,14.2,1
Pune,Jan,18.4,64.3,1007.5,16.3,17.0,0.0,0
Lucknow,Sep,25.9,50.3,1007.9,25.8,54.7,3.0,0
Kochi,Dec,21.9,87.1,1011.8,4.9,24.3,5.1,0
Lucknow,Mar,18.5,53.2,1006.6,10.1,32.7,0.0,0
Chennai,May,33.1,68.3,1010.4,10.9,39.1,2.9,0
Guwahati,May,26.8,78.5,1009.0,21.7,72.4,0.0,0
Chennai,May,33.5,70.2,1009.8,13.3,75.4,2.5,0
Ahmedabad,Feb,22.0,56.9,1005.1,5.9,3.9,0.7,0
Ahmedabad,Sep,33.1,37.2,1006.5,12.1,55.4,0.0,0
Mumbai,Jul,29.8,100.0,1002.6,19.4,79.5,22.0,1
Chennai,Oct,26.9,89.5,1006.5,18.1,83.8,0.0,1
Ahmedabad,Sep,27.2,52.4,1008.2,18.2,40.2,1.8,0
Lucknow,Dec,22.1,30.0,1016.0,14.7,16.2,0.0,0
Hyderabad,Dec,20.3,71.0,1012.1,23.7,1.4,0.9,0
Pune,Sep,26.2,77.6,1008.3,18.0,52.0,1.5,1
Lucknow,Sep,26.2,68.7,1008.2,6.9,62.7,0.0,0
Guwahati,Jul,29.3,99.8,998.5,16.5,100.0,2.1,1
Pune,Feb,16.9,66.4,1007.0,6.0,22.7,0.1,0
Hyderabad,May,29.6,54.6,1010.4,9.7,16.1,0.0,0
Pune,Sep,30.0,73.7,1004.3,16.6,63.0,3.4,0
Lucknow,Dec,17.7,53.6,1005.9,15.8,32.4,1.1,0
Pune,Feb,19.7,57.5,1009.1,9.7,17.0,0.0,0
Ahmedabad,Mar,25.4,31.5,1014.8,5.8,22.8,0.0,0
Mumbai,Aug,31.6,100.0,1000.9,38.6,66.8,3.6,1
Delhi,Nov,22.4,32.8,1006.2,17.9,18.0,0.0,0
Kolkata,Dec,22.3,68.4,1010.7,4.4,60.3,2.6,0
Mumbai,Apr,25.4,78.5,1006.3,6.4,31.4,0.0,0
Lucknow,Mar,21.9,58.7,1008.4,10.3,28.3,0.0,0
Mumbai,Jul,34.4,100.0,999.2,21.1,100.0,7.9,1
Bengaluru,Feb,16.9,58.8,1009.1,13.6,25.6,0.0,0
Kolkata,Sep,25.6,100.0,1007.3,32.1,100.0,0.5,1
Chennai,Apr,28.0,67.8,1007.6,4.9,47.4,0.0,0
Guwahati,Dec,18.6,84.8,1008.8,10.4,26.7,0.0,0
Mumbai,May,31.2,74.3,1010.0,13.8,4.9,0.0,0
Ahmedabad,Mar,23.9,56.0,1010.2,15.6,36.7,0.0,0
Hyderabad,May,34.9,51.5,1006.7,13.8,35.9,0.0,0
Ahmedabad,Sep,29.9,64.5,1010.9,14.6,24.0,0.0,0
Chennai,Apr,29.7,69.6,1016.1,5.2,7.0,0.0,0
Mumbai,Nov,26.2,57.4,1012.2,21.1,18.6,0.3,0
Mumbai,Feb,21.4,63.2,1008.6,7.8,7.0,2.3,0
Delhi,Oct,23.6,37.3,1011.4,8.4,42.7,0.1,0
Kochi,Jan,19.6,63.6,1009.5,13.3,21.4,0.0,0
Kochi,Sep,30.5,91.7,1011.3,12.0,94.5,0.0,1
Ahmedabad,May,36.4,38.3,1011.1,9.4,17.3,0.0,0
Jaipur,Aug,29.9,62.4,1007.4,9.9,39.8,13.2,0
Delhi,Sep,25.5,58.2,1012.5,7.6,45.5,2.0,0
Chennai,May,33.8,72.2,1018.7,10.0,34.5,0.6,0
Delhi,Feb,17.7,63.5,1008.1,9.5,5.6,0.0,0
Lucknow,Jan,21.2,52.8,1013.7,7.5,5.8,0.0,0
Kolkata,May,33.2,72.7,1006.3,9.4,54.0,0.0,0
Lucknow,Nov,19.2,54.4,1008.6,10.0,31.8,0.0,0
Bengaluru,Jan,16.7,70.3,1006.0,11.0,11.3,1.0,0
Guwahati,Aug,25.2,91.4,1006.9,19.3,80.1,0.0,1
Bengaluru,Mar,22.0,56.8,1005.1,4.0,15.0,0.0,0
Mumbai,Aug,29.6,100.0,997.2,25.5,93.6,0.8,1
Jaipur,Feb,17.9,58.6,1007.9,4.4,14.8,0.5,0
Bengaluru,Sep,22.0,81.1,999.3,18.2,77.6,1.3,1
Mumbai,Sep,28.8,82.2,1001.8,17.2,85.4,20.2,1
Pune,Oct,25.9,40.1,1008.6,7.4,9.7,0.0,0
Bengaluru,May,28.2,82.7,1008.0,10.3,76.6,8.7,1
Bengaluru,Jul,26.9,85.7,1002.0,8.3,33.7,0.0,1
Ahmedabad,Oct,29.2,49.1,1009.2,9.8,26.2,0.0,0
Guwahati,Feb,14.4,74.8,1008.0,28.6,46.0,0.5,0
Hyderabad,Jul,36.5,85.8,1005.0,13.3,68.3,14.3,1
Ahmedabad,Jun,34.8,47.6,1006.8,21.7,22.1,0.0,0
Bengaluru,Feb,16.0,56.6,1013.5,24.2,42.5,0.0,0
Guwahati,Nov,24.3,81.5,1006.0,4.3,21.2,0.0,0
Hyderabad,Nov,22.3,52.1,1010.8,7.5,9.3,0.0,0
Kolkata,May,27.1,68.6,1012.2,9.7,20.8,0.0,0
Kolkata,Oct,24.5,91.1,1003.9,9.8,58.8,4.5,0
Delhi,Aug,25.4,56.8,1007.0,15.2,92.6,15.2,0
Bengaluru,Dec,16.4,55.3,1011.0,13.2,12.8,0.0,0
Chennai,May,31.7,70.9,1006.3,11.4,17.1,0.0,0
Bengaluru,Jan,19.6,60.2,1014.5,14.2,11.3,0.0,0
Mumbai,May,33.5,72.3,1017.1,14.4,39.3,0.0,0
Hyderabad,Apr,27.8,50.7,1006.7,15.0,2.5,0.0,0
Pune,Sep,22.2,70.1,1003.6,11.0,34.7,11.4,0
Chennai,Feb,24.4,72.3,1009.9,13.3,26.7,0.0,0
Guwahati,Mar,22.6,57.8,1011.8,19.3,26.0,0.0,0
Chennai,Aug,37.1,40.7,1013.2,3.1,28.2,0.0,0
Chennai,Jul,36.4,72.3,1009.7,12.5,0.0,1.6,0
Guwahati,Dec,19.4,62.9,1005.2,6.0,18.5,0.0,0
Lucknow,Apr,24.6,51.1,1013.1,14.7,6.8,0.0,0
Guwahati,May,29.4,97.0,1007.7,17.0,64.7,2.4,1
Bengaluru,Sep,22.2,94.5,1007.3,18.3,92.8,0.0,1
Kolkata,Nov,23.6,62.9,1005.3,12.4,33.7,0.0,1
Pune,Jul,28.3,66.0,1010.9,19.2,54.2,1.2,1
Hyderabad,Feb,22.1,47.9,1009.0,6.9,8.2,0.0,0
Guwahati,Feb,18.2,77.1,1006.5,35.9,14.8,0.1,0
Chennai,Jul,35.7,63.3,1010.6,37.6,28.5,0.0,0
Guwahati,Apr,28.0,55.8,1010.9,11.6,20.0,0.0,0
Hyderabad,Jul,29.4,67.8,1006.5,22.2,41.5,0.0,0
Guwahati,Feb,22.0,60.3,999.9,9.1,29.8,0.0,0
Jaipur,Nov,24.0,33.2,1012.4,11.1,35.4,0.0,0
Bengaluru,Oct,17.2,99.2,1004.6,25.7,92.4,3.5,1
Delhi,Aug,31.6,85.2,1001.8,11.0,75.2,0.8,0
Hyderabad,Mar,22.6,68.2,1015.8,10.4,77.0,0.0,0
Kolkata,Jan,20.4,70.1,1010.6,22.5,48.7,0.0,0
Pune,Apr,25.1,57.3,1006.3,9.2,27.4,2.7,0
Kochi,Apr,25.3,81.4,1011.5,48.0,20.6,0.0,0
Jaipur,Nov,24.1,39.6,1004.1,4.1,36.4,0.6,0
Chennai,Aug,34.7,60.5,1012.1,23.0,12.5,0.0,0
Jaipur,Jul,31.4,55.0,1004.8,7.4,62.4,10.3,0
Kochi,May,28.7,64.0,1006.0,15.7,60.6,0.0,0
Delhi,Jun,29.1,48.5,1006.4,15.3,0.0,0.0,0
Lucknow,Sep,24.7,51.1,1010.9,17.8,38.8,13.9,0
Chennai,Nov,19.3,100.0,1006.0,21.9,91.1,2.4,1
Bengaluru,Feb,17.2,67.7,1008.9,10.5,42.8,0.0,0
Guwahati,Dec,15.9,65.2,1008.5,5.2,9.2,0.0,0
Lucknow,Aug,33.1,84.6,1007.5,24.5,56.3,8.7,0
Delhi,Jun,29.3,32.5,1012.0,24.1,1.8,0.0,0
Kochi,Oct,24.7,84.7,1007.9,9.7,56.9,6.8,1
Bengaluru,Jan,13.5,67.9,1009.3,12.1,20.0,5.4,0
Mumbai,May,27.8,53.3,1013.9,10.9,34.9,0.0,0
Kolkata,Dec,19.1,69.2,1013.9,9.8,0.0,0.0,1
Chennai,Mar,29.2,81.1,1007.5,7.5,24.2,0.0,0
Chennai,May,34.6,87.8,1018.5,17.6,10.8,1.4,0
Kolkata,Sep,30.4,100.0,1000.7,28.0,79.3,12.0,1
Chennai,Sep,32.9,64.4,1006.4,8.1,38.6,1.5,0
Mumbai,Jul,33.0,97.8,1001.0,38.4,98.4,0.7,1
Lucknow,Jun,26.2,52.1,1007.5,11.6,0.5,0.0,0
Hyderabad,Nov,25.1,54.3,1009.0,25.7,8.4,2.7,0
Ahmedabad,Feb,22.6,40.0,1013.7,5.0,18.7,0.0,0
Ahmedabad,Oct,29.0,29.6,1013.7,19.2,0.0,0.0,0
Chennai,Jul,42.0,66.8,1011.0,4.7,51.9,0.0,0
Pune,Jul,29.5,74.9,1006.8,11.2,93.9,8.2,1
Lucknow,Oct,25.0,53.4,1009.7,8.5,24.6,0.0,0
Bengaluru,Sep,20.6,88.6,1005.3,8.9,43.3,5.9,1
Chennai,Sep,33.6,60.4,1008.8,21.9,25.6,3.2,0
Jaipur,Mar,27.0,36.9,1007.3,15.9,12.9,0.0,0
Lucknow,Jan,20.2,57.0,1008.2,4.8,27.9,0.0,0
Delhi,Oct,24.0,55.0,1002.2,6.8,57.6,0.0,0
Pune,Aug,29.9,85.3,1006.1,20.5,100.0,1.6,1
Kochi,Dec,21.2,87.6,1013.2,14.0,58.7,4.2,0
Bengaluru,Sep,23.8,73.8,1015.5,18.0,77.3,0.0,1
Mumbai,Dec,21.1,84.3,1012.6,11.7,31.4,0.0,0
Bengaluru,Feb,14.6,68.5,1012.8,3.7,0.0,0.6,0
Kolkata,Jun,29.0,96.3,1004.8,16.8,69.8,9.1,1
Ahmedabad,May,33.5,70.4,1013.0,18.8,31.0,0.0,0
Chennai,Jul,37.0,81.3,1008.9,10.8,39.8,0.0,0
Kolkata,Nov,24.6,77.4,1008.4,11.0,50.9,5.4,0
Kolkata,Jan,19.9,61.2,1009.5,6.8,24.6,0.3,0
Bengaluru,Oct,19.2,88.9,1007.0,22.7,75.1,0.0,1
Kolkata,May,33.7,80.1,1005.1,16.1,18.3,0.0,0
Ahmedabad,Jan,22.7,42.9,1005.9,11.1,37.5,0.0,0
Pune,Jul,26.5,85.8,1006.2,20.0,67.1,26.6,1
Bengaluru,Feb,18.3,76.1,1007.0,13.1,28.5,0.0,0
Ahmedabad,Jun,34.2,44.2,1011.9,24.5,13.9,0.0,0
Bengaluru,Aug,29.4,57.9,1008.9,15.9,74.8,2.4,0
Delhi,Apr,26.2,50.7,1010.4,3.2,9.2,0.0,0
Bengaluru,Dec,15.6,34.9,1011.6,13.2,0.0,0.0,0
Ahmedabad,Sep,31.3,54.1,1001.4,15.3,17.2,0.0,0
Lucknow,Apr,23.6,49.3,1005.0,3.6,11.2,2.0,0
Pune,Sep,24.8,78.6,1008.0,12.0,68.4,17.7,1
Kochi,Jul,34.1,100.0,998.3,23.8,95.0,1.3,1
Lucknow,Jan,19.0,55.6,1005.4,14.7,29.5,0.0,0
Bengaluru,Feb,18.1,60.2,1010.5,5.7,53.7,0.8,0
Ahmedabad,Aug,33.8,64.7,1008.4,11.7,34.6,1.4,0
Chennai,Jun,32.7,68.0,1005.8,15.1,24.1,0.0,0
Bengaluru,Oct,16.9,98.1,1003.1,18.8,78.6,2.4,0
Ahmedabad,Apr,25.0,52.1,1004.3,5.6,30.3,0.0,0
Delhi,Apr,27.3,49.5,1007.4,17.8,38.0,9.7,0
Mumbai,Apr,23.8,71.4,1005.5,5.0,26.9,0.0,0
Hyderabad,May,35.0,32.6,1007.4,15.2,52.7,0.0,0
Pune,Dec,21.1,46.5,1015.5,14.3,14.4,0.0,0
Mumbai,Jan,22.4,73.1,1008.2,14.9,8.1,1.3,0
Hyderabad,Jul,32.3,72.0,1009.6,27.3,59.0,0.0,0
Chennai,Aug,33.6,72.0,1009.9,10.1,8.1,1.9,0
Delhi,Dec,20.6,52.4,1010.1,7.1,8.2,0.0,0
Kolkata,Mar,26.4,74.2,1011.9,6.3,34.4,1.7,0
Jaipur,Oct,28.4,38.7,1010.5,16.2,0.0,1.1,0
Ahmedabad,Jun,34.5,46.0,1008.2,9.9,0.0,0.0,0
Kolkata,Apr,24.0,54.5,1008.0,15.5,47.1,0.0,0
Delhi,Jan,14.2,54.3,1008.1,9.9,33.9,0.0,0
Pune,Dec,20.6,57.9,1008.9,11.1,30.6,2.3,0
Chennai,May,32.3,61.5,1008.4,18.5,53.7,0.0,0
Hyderabad,Feb,22.0,32.3,1006.1,26.8,38.3,0.0,0
Lucknow,Nov,19.3,48.2,1008.5,8.6,30.1,0.0,0
Lucknow,Nov,20.8,54.5,1016.9,11.4,17.0,1.2,0
Kochi,Mar,23.2,78.4,1009.0,3.6,41.2,1.8,0
Kochi,Feb,20.6,73.6,1008.0,18.0,39.7,0.0,0
Kochi,Sep,31.4,93.6,1006.2,25.0,87.8,3.4,1
Kolkata,Jul,32.5,91.8,1005.3,14.2,94.2,4.4,1
Kochi,May,29.0,99.5,1002.4,16.1,62.8,9.9,1
Kochi,Jun,31.1,99.5,1003.1,24.9,100.0,15.2,1
Chennai,May,37.1,71.5,1013.3,18.0,43.4,4.6,0
Jaipur,Jan,21.6,38.3,1011.8,30.9,27.6,0.0,0
Lucknow,May,26.9,62.3,1013.8,12.3,45.9,0.0,0
Mumbai,Feb,19.8,68.2,1008.9,4.6,32.4,1.7,0
Pune,Apr,26.4,52.8,1015.5,11.4,30.2,0.0,0
Pune,Feb,17.3,58.6,1010.6,4.7,36.8,0.0,0
Mumbai,Jan,23.2,76.8,1009.3,3.8,42.7,1.8,0
Mumbai,Oct,25.7,91.9,1007.9,8.8,82.0,0.0,1
Delhi,Jan,17.0,56.5,1010.8,2.7,21.7,0.0,0
Kolkata,Jan,17.3,68.6,1014.8,18.8,28.5,1.5,0
Chennai,Jan,23.7,69.5,1009.6,18.2,15.2,0.0,0
Kolkata,Oct,29.9,86.9,1002.4,18.8,85.5,0.0,1
Delhi,Sep,29.4,61.0,1009.7,18.1,22.3,0.0,0
Delhi,May,28.2,35.5,1014.3,23.2,22.2,0.0,0
Jaipur,Sep,27.2,40.6,1003.8,16.9,27.5,0.0,0
Kolkata,Mar,24.7,66.0,1014.2,9.9,31.4,0.0,0
Ahmedabad,Apr,26.1,30.7,1010.6,15.0,25.1,0.0,0
Pune,Jan,20.5,50.8,1004.9,3.5,17.8,0.0,0
Pune,Dec,19.2,62.8,1014.1,10.3,14.1,0.0,0
Ahmedabad,Jan,22.4,40.5,1010.0,9.5,0.0,0.0,0
Hyderabad,Jul,34.5,65.7,1010.0,28.8,55.3,14.6,0
Jaipur,May,30.9,36.0,1006.9,8.8,23.1,0.0,0
Kochi,Jun,30.0,97.1,1003.9,19.8,89.3,21.5,1
Pune,Aug,29.8,62.7,1002.6,20.6,67.7,0.0,1
Pune,Nov,21.4,55.9,1009.2,12.2,16.0,0.0,0
Hyderabad,Apr,26.9,52.6,1008.6,12.0,20.2,0.0,0
Ahmedabad,Nov,25.6,51.8,1007.2,10.3,3.2,0.0,0
Ahmedabad,Mar,27.0,37.6,1012.9,8.6,0.0,0.0,0
Kolkata,Jul,29.7,91.6,1003.4,24.2,62.4,7.8,0
Guwahati,Feb,21.8,78.1,1015.8,3.2,7.1,0.0,0
Pune,Aug,27.2,67.4,1009.9,23.9,58.2,0.4,0
Kochi,May,30.3,97.6,1007.6,6.6,73.4,0.0,0
Jaipur,Oct,27.7,41.0,1007.2,15.9,21.9,0.0,0
Delhi,Jun,32.1,43.2,1007.2,9.8,12.6,1.1,0
Hyderabad,Jan,21.3,55.3,1011.4,19.7,14.0,0.0,0
Bengaluru,Jul,25.5,72.7,1006.6,15.3,62.6,7.4,1
Pune,Dec,22.0,61.0,1009.3,7.8,41.4,0.0,0
Ahmedabad,Jul,29.5,47.4,1010.8,24.9,56.4,2.0,0
Kolkata,Jun,33.5,88.2,1010.2,20.2,62.5,0.7,1
Guwahati,Aug,27.5,100.0,1002.7,14.4,100.0,0.0,1
Lucknow,Sep,27.2,67.8,1002.0,12.2,49.1,2.1,0
Lucknow,Jan,18.7,56.1,1011.6,15.5,19.7,0.0,0
Jaipur,Dec,17.8,34.1,1007.7,7.9,23.9,0.0,0
Guwahati,Mar,24.0,54.1,1012.1,12.1,41.7,0.0,0
Pune,May,28.7,49.0,1012.3,31.0,0.0,0.0,0
Kochi,Mar,24.2,76.7,1010.2,9.3,8.0,0.0,0
Chennai,Oct,28.7,89.6,1003.0,16.5,61.6,1.9,1
Mumbai,Nov,21.1,72.6,1004.9,19.5,45.9,0.3,0
Ahmedabad,Feb,22.2,31.3,1011.1,4.0,0.0,0.0,0
Kolkata,Nov,23.6,76.6,1009.7,7.6,14.9,0.0,0
Pune,Jul,31.1,75.0,1010.8,23.1,100.0,0.0,1
Guwahati,Dec,18.5,75.5,1010.8,8.4,0.9,0.0,0
Kolkata,Dec,21.9,79.9,1012.8,8.2,33.6,0.0,0
Pune,May,28.7,49.7,1010.3,8.6,32.7,0.0,0
Kochi,Jun,32.7,100.0,1004.7,25.2,84.6,0.0,1
Bengaluru,Feb,18.6,63.7,1008.9,9.6,0.0,0.0,0
Chennai,Jun,36.6,64.6,1011.8,19.0,17.6,0.0,0
Bengaluru,Jun,30.8,72.3,1007.1,11.7,60.0,3.9,1
Chennai,Jul,34.6,71.3,1010.4,14.3,30.1,0.0,0
Chennai,Aug,35.8,73.4,1008.8,10.7,38.1,0.0,0
Hyderabad,Jun,29.6,47.4,1009.7,9.4,36.8,0.0,0
Pune,Dec,20.9,39.8,1010.7,7.3,23.7,0.0,0
Kochi,Aug,29.1,100.0,996.9,30.7,82.9,21.2,1
Bengaluru,Sep,22.0,86.6,1003.8,16.3,100.0,9.6,1
Jaipur,Oct,27.4,36.9,1008.5,9.3,47.3,0.0,0
Kolkata,Nov,26.1,75.5,1010.2,7.4,44.9,0.0,0
Kochi,Mar,25.7,82.8,1006.2,4.9,50.2,0.0,0
Mumbai,Jun,32.2,94.5,1004.7,25.9,82.6,5.7,1
Pune,Oct,27.3,48.3,1009.3,16.7,21.6,0.0,0
Lucknow,Aug,28.9,73.1,1003.9,25.5,53.7,4.8,0
Kolkata,Nov,23.2,85.0,1010.1,3.4,73.7,0.0,0
Bengaluru,Mar,20.5,71.7,1014.3,4.2,0.0,0.0,0
Hyderabad,Sep,29.2,90.2,1003.2,24.1,90.7,18.7,1
Lucknow,Jan,18.1,45.3,1009.0,16.8,43.0,0.0,0
Ahmedabad,Feb,19.6,42.2,1008.3,9.1,28.8,0.6,0
Guwahati,May,31.7,97.4,1007.0,9.7,42.1,0.0,0
Kolkata,Aug,28.2,100.0,1002.7,19.1,98.0,1.4,1
Jaipur,Jan,23.4,25.1,1007.7,8.3,13.9,0.0,0
Kolkata,Jul,27.7,100.0,1007.1,11.8,97.3,36.3,1
Guwahati,Jan,15.9,83.8,1011.4,7.3,46.4,0.2,0
Chennai,Jun,35.5,71.4,1011.2,17.8,28.5,5.9,0
Pune,Dec,20.5,46.3,1010.1,8.8,25.3,5.6,0
Kolkata,Jun,26.9,100.0,1003.7,15.5,83.8,8.3,1
Jaipur,Dec,16.9,32.0,1013.7,6.4,8.2,3.5,0
Chennai,May,36.3,59.3,1009.9,8.7,8.9,0.0,0
Kochi,Aug,29.0,95.9,1001.5,17.4,83.7,25.2,1
Bengaluru,Nov,18.6,66.4,1008.4,3.1,43.2,0.0,0
Lucknow,Jan,21.2,53.3,1012.3,14.7,36.7,0.0,0
Ahmedabad,Mar,27.4,53.6,1014.2,23.2,22.9,0.0,0
Ahmedabad,May,30.9,56.9,1012.8,7.6,11.2,0.0,0
Jaipur,Oct,27.5,42.0,1011.8,2.4,20.1,2.2,0
Jaipur,Jan,19.5,43.2,1007.4,13.6,5.1,0.0,0
Ahmedabad,Sep,27.9,50.7,1004.2,10.7,32.4,0.0,0
Jaipur,Aug,26.9,68.6,1007.6,14.7,64.4,11.2,0
Guwahati,Jul,28.9,86.3,1000.6,17.9,96.7,1.2,1
Jaipur,Mar,25.6,45.0,1014.2,8.2,3.6,0.4,0
Kolkata,May,28.4,82.5,1013.1,39.8,8.4,2.1,0
Chennai,Jul,38.6,50.3,1010.9,21.5,17.6,0.0,0
Lucknow,Apr,23.2,51.6,1011.1,21.8,0.0,0.0,0
Hyderabad,Dec,24.0,59.8,1011.1,10.7,22.6,0.0,0
Pune,Feb,22.0,61.7,1010.7,10.3,1.9,2.4,0
Hyderabad,Mar,21.9,48.8,1009.4,4.4,0.0,0.0,0
Kochi,May,29.3,100.0,1005.7,11.8,75.1,0.0,0
Kochi,Jan,23.3,83.0,1008.6,7.3,30.1,0.7,0
Mumbai,Oct,26.5,86.7,1009.2,16.6,73.9,0.0,0
Lucknow,Apr,27.1,59.2,1012.3,16.8,28.3,0.0,0
Hyderabad,Aug,28.9,75.9,1002.1,18.2,73.8,13.0,0
Hyderabad,Jul,33.0,84.0,1009.5,13.2,74.7,1.8,0
Bengaluru,Feb,21.0,50.2,1006.6,6.5,45.7,0.0,0
Hyderabad,Feb,22.2,69.5,1009.8,22.4,63.7,0.0,0
Ahmedabad,Jun,35.5,32.3,1014.8,11.6,37.6,0.0,0
Jaipur,Jun,36.2,38.3,1009.7,26.7,31.0,0.0,0
Delhi,Mar,23.1,48.8,1012.2,5.5,23.0,0.0,0
Bengaluru,Jan,19.8,67.9,1005.0,8.5,16.5,0.2,0
Jaipur,Mar,22.9,35.0,1007.9,3.2,21.6,0.9,0
Delhi,Feb,19.9,46.9,1010.5,13.4,16.8,0.0,0
Jaipur,Jan,19.9,53.3,1008.4,33.1,22.6,0.0,0
Pune,Nov,24.6,61.1,1011.7,2.3,20.6,0.0,0
Kochi,Feb,21.6,89.3,1011.6,21.0,36.8,0.0,0
Chennai,Feb,24.3,74.6,1008.8,9.1,38.1,3.4,0
Guwahati,Feb,21.0,65.0,1013.8,11.4,11.3,1.4,0
Guwahati,Jul,31.0,96.7,998.9,14.0,90.4,3.1,1
Pune,Sep,26.5,77.0,1004.7,29.6,66.5,10.3,1
Jaipur,Jul,30.4,68.9,1008.4,9.8,55.3,4.6,1
Lucknow,Jan,20.9,41.8,1011.4,14.7,12.7,0.2,0
Jaipur,Mar,22.1,38.9,1015.1,8.7,5.6,0.0,0
Guwahati,Apr,26.7,85.1,1006.9,21.0,27.8,0.0,0
Kolkata,Jun,28.0,100.0,1007.3,28.9,52.9,12.6,1
Delhi,May,28.7,36.6,1006.5,5.6,7.8,0.0,0
Lucknow,Jul,30.0,75.8,1001.8,15.3,62.0,15.3,1
Lucknow,Jul,27.0,62.5,1005.3,16.8,97.5,16.2,0
Mumbai,May,27.8,64.2,1011.4,10.0,27.0,2.3,0
Jaipur,Jun,32.2,33.5,1009.4,12.6,0.0,0.0,0
Bengaluru,Sep,28.9,82.3,1001.3,22.2,82.5,12.9,1
Bengaluru,Aug,28.1,56.6,1011.5,7.4,6.3,0.6,0
Lucknow,Dec,18.7,44.3,1011.0,2.5,4.4,0.0,0
Lucknow,Nov,27.2,43.8,1008.2,15.7,34.6,0.0,0
Lucknow,Mar,22.5,60.3,1004.0,13.4,9.8,3.3,0
Mumbai,Jun,33.6,88.5,1008.7,11.2,100.0,0.0,1
Lucknow,Jul,28.3,86.3,1003.8,23.2,93.8,14.1,0
Kolkata,May,31.5,86.1,1006.6,2.5,17.5,0.0,0
Bengaluru,Apr,22.6,72.3,1005.7,22.2,32.3,0.0,0
Kochi,Apr,27.3,77.4,1011.3,7.6,28.5,0.0,0
Hyderabad,Nov,20.8,61.4,1005.7,13.8,22.9,0.0,0
Bengaluru,Oct,18.1,93.8,1005.9,14.0,78.8,22.9,0
Pune,Sep,28.8,77.4,1005.5,10.0,80.4,2.9,0
Chennai,Aug,36.5,69.9,1008.8,21.5,25.4,0.0,0
Pune,Mar,19.5,66.0,1012.5,15.9,45.8,0.0,0
Hyderabad,Sep,30.0,82.3,1005.5,24.0,64.8,29.2,1
Ahmedabad,Apr,28.8,50.4,1008.0,5.8,34.5,0.0,0
Delhi,Dec,17.3,47.1,1013.0,11.0,6.2,4.1,0
Mumbai,May,30.9,61.0,1012.2,6.7,41.9,0.0,0
Kochi,Sep,30.3,94.3,1005.3,11.4,54.4,2.5,0
Mumbai,Dec,24.2,73.3,1012.9,7.1,18.3,0.0,0
Pune,Jun,32.6,71.4,1010.1,23.1,44.4,0.0,0
Pune,Jan,19.9,48.4,1011.1,7.1,6.2,2.1,0
Jaipur,Jun,31.6,21.7,1009.4,2.4,42.8,0.3,0
Chennai,May,32.3,66.9,1012.6,11.7,49.0,0.0,0
Delhi,Jul,24.8,69.6,1006.5,29.2,65.4,0.0,0
Jaipur,Apr,26.0,40.5,1009.2,6.5,48.0,0.0,0
Delhi,May,30.9,48.7,1010.1,12.2,12.1,0.0,0
Kolkata,Dec,24.1,70.2,1011.3,7.8,18.5,3.9,0
Kolkata,Aug,31.1,99.2,1008.1,21.3,78.3,0.7,1
Mumbai,Jun,31.5,94.4,1005.1,29.1,100.0,0.4,0
Lucknow,Feb,20.9,40.8,1009.8,12.8,28.7,0.2,0
Mumbai,Jan,21.0,73.0,1012.5,5.7,19.5,0.0,0
Kolkata,Mar,23.6,65.1,1010.8,3.9,32.4,0.0,0
Lucknow,Feb,21.5,63.5,1007.4,14.7,17.5,0.0,0
Guwahati,Dec,20.1,67.7,1014.7,5.1,31.5,0.0,0
Lucknow,Oct,25.6,56.0,1013.7,3.7,14.8,0.3,0
Kochi,Nov,24.9,82.4,1008.4,4.1,0.0,0.0,0
Ahmedabad,Apr,28.5,46.2,1013.9,18.9,15.4,0.0,0
Kochi,Jan,19.8,73.1,1007.8,15.5,25.0,0.0,0
Kochi,Apr,30.3,86.5,1013.2,14.8,61.8,0.0,0
Delhi,Feb,16.6,47.2,1013.1,12.3,19.9,0.4,0
Kochi,Mar,26.1,86.9,1010.8,12.0,35.8,2.3,0
Mumbai,Jun,28.8,90.8,1002.3,13.7,60.9,0.0,1
Chennai,Oct,25.8,68.1,1004.8,8.9,83.4,8.1,0
Ahmedabad,Oct,25.6,50.1,1009.6,15.7,22.6,1.1,0
Jaipur,Nov,22.8,57.5,1011.1,10.3,2.2,0.0,0
Hyderabad,Sep,27.5,85.9,1007.8,30.1,99.3,6.3,1
Kolkata,Apr,26.0,58.6,1008.8,13.0,18.6,0.0,0
Kolkata,May,30.4,77.4,1010.3,11.7,36.7,2.4,0
Bengaluru,Dec,22.2,51.6,1007.6,19.1,14.8,0.0,0
Lucknow,Mar,22.5,37.5,1013.4,16.3,14.5,2.2,0
Hyderabad,Mar,26.2,63.4,1013.4,3.7,30.6,0.1,0
Hyderabad,Apr,28.7,56.9,1007.0,4.5,5.2,0.0,0
Mumbai,Aug,34.1,98.3,1002.5,38.3,92.6,9.8,1
Hyderabad,Jun,31.6,53.2,1009.8,14.0,33.4,3.6,0
Guwahati,Dec,15.0,69.7,1014.7,8.1,26.8,0.0,0
Hyderabad,Feb,20.9,66.0,1011.5,5.7,22.3,2.8,0
Kolkata,Dec,21.7,52.6,1009.5,5.3,0.0,0.0,0
Kochi,Mar,27.1,81.0,1008.5,8.6,22.7,0.0,0
Kolkata,Apr,28.0,77.7,1007.9,7.8,33.7,0.0,0
Kochi,Sep,28.0,96.5,1003.9,13.8,60.0,1.2,0
Kolkata,Aug,30.9,100.0,1004.6,15.3,89.4,38.2,1
Pune,Jul,31.1,72.8,1005.7,21.8,57.1,20.2,1
Pune,Feb,19.1,61.9,1008.5,13.4,19.7,0.6,0
Jaipur,Jul,30.5,69.0,1006.4,11.5,45.2,0.0,1
Bengaluru,Dec,21.2,62.5,1009.7,7.2,0.0,0.0,0
Guwahati,Aug,28.6,100.0,1001.1,21.3,76.2,0.0,1
Jaipur,Jun,31.7,45.7,1008.8,14.1,16.0,0.0,0
Hyderabad,Jan,18.1,54.0,1013.1,11.4,17.2,0.0,0
Hyderabad,Mar,23.7,34.5,1010.2,23.3,36.2,0.5,0
Delhi,Dec,21.1,32.4,1005.7,4.0,12.3,0.0,0
Delhi,May,29.9,50.4,1006.2,1.0,8.3,1.6,0
Mumbai,Jul,34.0,97.6,1007.0,19.2,77.6,0.0,1
Guwahati,Apr,23.7,88.4,1011.8,11.5,17.4,0.0,0
Kochi,Mar,20.4,80.8,1011.2,21.5,42.1,0.0,0
Kolkata,Mar,22.3,59.1,1009.5,8.1,22.2,0.0,0
Pune,May,24.0,59.2,1008.6,10.7,39.5,0.0,0
Pune,Feb,20.6,35.7,1013.0,12.7,0.0,0.7,0
Chennai,Feb,24.9,78.7,1010.5,13.1,45.3,0.0,0
Kolkata,Aug,26.6,100.0,1006.0,24.8,100.0,3.9,1
Ahmedabad,Nov,23.2,41.0,1012.2,19.3,19.5,0.0,0
Pune,Jul,31.2,95.5,1005.2,13.3,100.0,49.9,1
Jaipur,Jun,33.7,42.9,1012.9,7.8,24.0,0.0,0
Kochi,Jan,21.4,69.7,1010.6,6.4,36.7,0.0,0
Ahmedabad,Jan,19.1,44.8,1009.5,8.1,21.7,0.0,0
Pune,Jun,29.8,82.4,1003.0,19.0,55.4,22.3,1
Kolkata,Jun,31.0,93.4,1003.2,14.6,73.4,28.1,1
Lucknow,Nov,23.5,70.3,1008.9,22.2,32.0,0.0,0
Chennai,May,34.7,76.7,1009.1,13.6,39.3,0.0,0
Jaipur,Apr,24.8,47.4,1007.7,14.2,15.2,0.0,0
Kolkata,Jun,33.2,83.5,1008.0,26.6,87.9,6.0,0
Lucknow,Jun,31.8,69.5,1010.8,3.6,27.4,0.0,0
Kolkata,May,32.6,78.9,1016.7,31.2,22.5,4.5,0
Delhi,Aug,29.2,58.4,1008.9,14.1,87.2,0.0,0
Guwahati,Dec,19.1,63.8,1008.2,15.2,34.5,0.0,0
Ahmedabad,Nov,23.8,48.5,1010.0,10.6,18.3,0.0,0
Bengaluru,May,24.1,93.0,1007.0,8.4,28.5,1.9,1
Jaipur,Aug,28.8,80.8,1005.7,19.1,75.6,13.4,0
Ahmedabad,Oct,29.0,39.3,1009.4,5.6,18.4,0.0,0
Mumbai,Jun,31.4,100.0,1006.4,22.0,94.8,23.1,1
Jaipur,Aug,30.4,54.4,1006.8,19.7,86.7,4.3,0
Chennai,Dec,17.3,98.7,1001.4,19.4,74.6,16.1,1
Kochi,Mar,26.6,80.2,1008.5,7.1,16.6,6.4,0
Mumbai,May,35.2,74.4,1008.4,1.6,55.9,0.0,0
Kolkata,Jan,20.2,78.5,1009.7,10.0,32.5,0.0,0
Lucknow,Aug,28.0,66.2,995.7,20.3,85.1,16.1,1
Ahmedabad,Oct,32.1,44.3,1009.7,23.2,21.2,0.0,0
Bengaluru,Aug,24.1,89.8,1006.5,22.6,77.8,7.2,1
Kochi,May,31.4,81.7,1006.3,15.2,53.4,0.2,0
Jaipur,Nov,21.2,53.9,1011.7,11.1,58.3,0.0,0
Ahmedabad,Jan,21.6,52.8,1009.1,15.6,18.9,0.0,0
Bengaluru,Apr,22.1,52.1,1014.0,33.1,14.5,0.0,0
Bengaluru,Jan,16.6,51.9,1012.3,28.3,10.0,2.9,0
Kolkata,Jun,28.7,100.0,1002.7,13.6,78.7,0.0,1
Kochi,Oct,21.3,98.6,1006.3,16.2,44.9,0.0,0
Kolkata,Jan,22.4,49.3,1008.7,8.9,20.0,0.0,0
Hyderabad,Dec,22.3,56.9,1009.6,21.9,25.1,0.0,0
Mumbai,Jul,31.1,88.3,1002.7,17.0,96.6,9.2,0
Kochi,Nov,21.5,75.2,1009.7,13.0,19.0,0.0,0
Ahmedabad,May,33.1,40.2,1014.1,20.9,37.6,0.0,0
Kochi,Jul,29.4,100.0,1002.7,29.5,100.0,0.0,1
Guwahati,Jul,29.2,92.4,1006.1,21.5,78.2,11.9,1
Mumbai,Jun,28.8,87.6,999.6,21.5,87.9,4.0,1
Lucknow,Oct,22.8,53.6,1007.3,6.0,15.0,0.0,0
Jaipur,Apr,24.1,45.2,1011.1,9.2,0.0,0.0,0
Kolkata,Nov,24.9,70.7,1012.2,13.4,25.8,0.0,0
Chennai,Nov,20.6,99.1,1006.6,18.0,100.0,2.0,0
Kolkata,Sep,29.8,100.0,1006.9,22.3,65.2,5.4,1
Hyderabad,Oct,25.5,85.6,1008.9,11.8,64.3,0.0,0
Lucknow,Jan,17.2,54.8,1006.2,29.8,3.8,4.2,0
Pune,Jul,30.4,69.2,1001.9,24.5,77.5,0.3,0
Lucknow,Oct,24.2,59.6,1011.3,10.5,34.7,0.2,0
Kolkata,Jul,28.9,97.7,1006.3,26.6,100.0,24.4,1
Ahmedabad,May,34.4,43.2,1009.1,17.0,42.1,0.0,0
Hyderabad,Jan,18.6,53.2,1007.7,14.0,37.0,0.1,0
Jaipur,Jan,22.6,36.1,1012.3,21.9,34.7,0.0,0
Delhi,Oct,20.2,31.6,1006.7,6.4,19.4,4.1,0
Jaipur,Mar,22.7,40.0,1009.1,17.0,34.1,0.0,0
Delhi,Jun,29.3,47.4,1007.5,7.9,26.6,0.0,0
Bengaluru,Oct,19.7,83.9,1009.0,10.4,77.8,0.8,1
Jaipur,Aug,31.1,51.8,1002.3,8.3,63.6,0.0,1
Lucknow,May,27.7,55.4,1015.1,21.9,20.1,0.0,0
Lucknow,Jul,28.4,85.5,1006.4,21.3,70.0,13.9,1
Delhi,Sep,27.5,49.5,1004.0,22.4,20.4,0.0,0
Ahmedabad,Jan,22.7,37.1,1009.5,16.1,20.5,0.0,0
Kolkata,Jan,19.0,60.6,1016.2,19.4,27.0,0.0,0
Guwahati,Nov,21.4,74.2,1006.9,9.5,17.6,0.2,0
Hyderabad,Jun,34.0,48.3,1007.3,8.0,25.5,0.0,0
Lucknow,Mar,22.3,64.3,1013.6,27.7,30.1,0.0,0
Delhi,Jun,27.5,42.1,1006.6,9.8,49.7,4.8,0
Ahmedabad,Feb,20.0,47.8,1006.5,14.9,0.0,0.0,0
Hyderabad,Feb,22.6,59.3,1009.8,15.2,24.4,0.0,0
Pune,May,29.1,81.2,1011.0,4.4,67.4,0.0,0
Hyderabad,May,31.3,52.3,1008.3,2.8,10.3,0.0,0
Kochi,May,29.5,91.4,1003.7,16.4,56.1,8.2,0
Pune,Feb,17.2,53.1,1004.9,29.0,40.4,0.0,0
Bengaluru,Oct,19.4,75.9,1007.2,23.2,63.2,11.5,0
Kochi,Mar,28.2,81.2,999.5,10.1,45.5,0.0,0
Hyderabad,Jan,22.9,58.3,1013.6,5.4,36.5,0.0,0
Guwahati,May,28.5,96.3,1007.9,16.8,55.0,0.0,1
Delhi,Jan,17.2,46.4,1000.2,22.4,26.6,3.5,0
Bengaluru,May,25.7,78.9,1004.7,29.5,62.3,14.4,1
Hyderabad,Nov,22.2,46.0,1014.2,3.2,12.9,0.0,0
Delhi,Jul,27.2,63.3,1003.8,19.8,53.0,1.4,0
Kochi,Oct,21.6,97.8,1003.2,22.5,55.9,2.0,1
Ahmedabad,Sep,33.5,44.7,1005.7,4.7,59.2,0.0,0
Ahmedabad,Jan,18.4,48.3,1014.0,22.8,2.4,0.0,0
Guwahati,Oct,23.4,70.6,1011.4,11.9,33.0,0.0,0
Kolkata,Sep,25.9,100.0,1005.8,21.6,82.7,3.9,1
Pune,Aug,28.0,77.4,1001.5,18.3,83.2,3.7,1
Kochi,Feb,25.6,86.4,1009.4,13.7,45.5,0.4,0
Kolkata,Sep,30.0,100.0,1004.1,13.8,97.3,28.4,1
Chennai,Dec,23.9,98.4,1003.7,20.7,74.4,11.3,1
Bengaluru,Jun,29.0,77.8,1005.7,15.9,57.3,2.5,0
Bengaluru,Oct,17.9,94.0,1001.0,18.8,81.0,9.1,1
Jaipur,Apr,24.0,41.0,1007.6,9.5,19.8,0.0,0
Kochi,Feb,20.2,69.3,1005.4,8.4,39.7,0.0,0
Hyderabad,May,33.4,49.3,1010.8,9.3,14.9,0.0,0
Chennai,Dec,20.1,92.7,1009.3,15.2,82.2,18.1,1
Pune,Jun,28.2,70.3,1008.5,16.6,89.4,3.8,1
Hyderabad,Aug,32.5,73.8,1003.0,12.0,62.6,27.9,1
Kochi,May,25.8,89.5,1004.7,18.0,86.1,0.0,1
Bengaluru,Jun,27.8,85.8,1009.4,16.2,88.7,0.0,0
Chennai,Aug,35.2,71.5,1009.7,8.8,1.8,0.0,0
Bengaluru,Dec,17.0,54.0,1012.9,17.0,18.8,0.0,0
Bengaluru,Jun,25.8,73.5,1005.2,14.9,49.4,4.4,0
Bengaluru,Feb,15.8,55.6,1007.3,14.2,21.9,0.0,0
Chennai,Sep,32.7,63.5,1008.1,15.8,18.7,0.0,0
Jaipur,Feb,20.7,43.4,1007.3,6.0,13.8,0.1,0
Mumbai,Sep,26.8,87.2,1007.6,16.7,79.1,2.1,1
Chennai,Apr,31.3,76.0,1009.8,2.5,33.6,0.0,0
Pune,Feb,15.0,58.9,1009.7,14.9,24.8,0.0,0
Chennai,May,34.9,59.5,1007.0,4.3,28.0,0.0,0
Hyderabad,Nov,25.8,49.0,1017.5,18.7,37.6,3.0,0
Chennai,Feb,26.1,70.0,1011.8,11.3,28.0,0.2,0
Jaipur,Dec,20.5,46.4,1006.5,9.7,14.0,0.0,0
Ahmedabad,Feb,23.8,48.6,1005.3,28.5,22.1,0.7,0
Hyderabad,Aug,31.0,72.2,1009.0,14.3,71.7,0.0,0
Hyderabad,Jul,31.8,86.2,1000.8,24.5,80.2,6.5,0
Guwahati,Jan,18.6,89.0,1010.4,9.3,2.6,0.0,0
Bengaluru,Feb,18.2,50.5,1009.6,9.9,50.6,0.0,0
Delhi,Apr,26.3,56.2,1009.8,20.4,44.3,0.0,0
Kochi,Mar,25.5,79.1,1013.2,13.8,36.9,0.5,0
Mumbai,Dec,22.5,59.4,1009.6,24.3,23.9,0.0,0
Bengaluru,Mar,18.6,55.8,1013.2,7.1,4.7,0.0,0
Bengaluru,Jan,14.9,70.3,1004.0,12.3,19.9,3.5,0
Pune,Oct,22.7,52.5,1010.4,21.5,16.7,0.0,0
Hyderabad,Jan,21.0,64.6,1011.9,16.6,1.0,0.0,0
Hyderabad,Sep,29.6,93.6,999.4,19.8,70.9,64.7,1
Mumbai,Sep,25.9,89.2,1004.2,18.1,74.2,11.4,1
Chennai,Jun,39.1,62.6,1010.2,9.5,30.9,0.0,0
Jaipur,Mar,25.8,41.9,1009.0,8.6,0.0,1.7,0
Lucknow,May,30.3,67.4,1010.9,12.9,9.6,0.0,1
Ahmedabad,Aug,32.6,59.2,1005.1,22.2,77.8,3.8,1
Bengaluru,Apr,23.3,74.0,1008.3,6.4,41.1,0.0,0
Mumbai,Jul,29.5,95.0,1003.9,23.5,87.2,13.4,1
Chennai,May,29.6,69.8,1013.2,2.5,29.5,0.0,0
Kolkata,Apr,26.3,61.9,1009.7,1.9,20.3,0.0,0
Lucknow,Nov,22.3,50.7,1008.7,11.1,23.0,0.0,0
Ahmedabad,Dec,18.6,50.4,1011.3,8.9,18.9,7.9,0
Jaipur,Jan,22.0,37.5,1010.0,9.6,0.6,0.0,0
Ahmedabad,Aug,32.2,49.6,1004.2,11.8,60.3,9.8,0
Hyderabad,Feb,18.1,63.9,1008.6,13.7,22.8,0.0,0
Kolkata,Sep,28.0,100.0,1001.6,15.3,100.0,45.8,1
Ahmedabad,Dec,20.4,42.3,1009.4,15.0,15.9,0.2,0
Jaipur,Jun,35.2,37.1,1010.2,8.3,19.0,0.0,0
Delhi,Jun,31.8,35.1,1006.7,8.6,24.1,0.0,0
Lucknow,Sep,27.4,58.9,1003.1,10.0,47.8,2.6,0
Bengaluru,Jan,18.9,57.2,1005.4,14.1,19.0,0.0,0
Mumbai,Nov,22.1,68.9,1007.4,15.9,16.6,0.0,0
Lucknow,Nov,24.5,55.2,1013.0,15.2,15.1,0.0,0
Bengaluru,Dec,15.5,47.3,1008.8,6.3,26.8,0.0,0
Jaipur,May,30.4,29.8,1009.7,9.1,17.6,0.0,0
Hyderabad,Oct,24.3,72.1,1010.4,10.4,58.7,0.0,0
Bengaluru,Sep,22.4,89.1,1009.4,23.4,100.0,14.0,1
Ahmedabad,Sep,26.6,63.8,1008.2,12.8,42.7,3.3,0
Jaipur,Jan,16.2,19.3,1009.3,11.0,11.1,2.5,0
Ahmedabad,Apr,34.2,49.5,1008.2,17.1,38.1,1.0,0
Pune,Apr,27.0,46.3,1008.2,1.4,22.7,0.0,0
Hyderabad,Oct,23.0,57.8,1008.3,14.7,78.5,0.4,0
Pune,Jul,27.9,72.0,1005.4,14.4,82.0,44.9,1
Mumbai,Jul,28.3,82.6,1002.0,17.2,79.3,0.0,1
Lucknow,Jun,29.0,42.1,1015.7,34.0,4.4,0.0,0
Kolkata,Apr,26.7,83.7,1013.9,3.9,41.0,2.6,0
Guwahati,Sep,24.5,89.6,1010.8,10.6,100.0,1.2,1
Kolkata,Nov,21.1,74.1,1004.3,4.1,21.8,0.0,0
Bengaluru,Feb,19.1,77.4,1008.6,18.9,46.8,0.0,0
Pune,Sep,27.7,73.2,1012.2,11.5,86.8,6.1,1
Delhi,Jul,27.0,58.9,1004.7,11.7,75.8,13.2,0
Guwahati,Nov,19.6,75.2,1013.0,15.5,28.5,0.3,0
Guwahati,Apr,21.0,78.7,1010.2,1.4,9.3,0.0,0
Jaipur,Feb,16.8,26.1,1011.2,4.3,21.6,0.0,0
Chennai,Oct,26.3,89.3,1007.3,29.3,72.0,4.2,1
Bengaluru,Apr,22.3,63.3,1011.5,6.4,39.4,0.0,0
Kochi,Jun,31.4,100.0,1006.0,38.6,88.2,3.0,1
Lucknow,Apr,26.6,57.8,1009.2,8.1,43.0,0.0,0
Ahmedabad,Jul,33.6,66.0,1010.5,18.4,65.8,7.8,1
Guwahati,Feb,18.7,71.6,1006.6,7.8,33.6,4.5,0
Kochi,Jan,24.5,74.5,1011.7,6.9,14.6,0.0,0
Chennai,Nov,23.7,79.4,1000.9,31.2,84.7,6.4,1
Ahmedabad,Mar,26.2,50.1,1012.2,12.2,45.9,0.0,0
Guwahati,Oct,24.9,80.0,1013.2,9.2,48.6,0.0,0
Mumbai,Dec,23.4,54.8,1011.0,17.8,7.9,0.0,0
Ahmedabad,May,33.0,53.1,1011.0,7.0,9.4,1.5,0
Chennai,Oct,24.3,89.0,1006.8,23.6,91.6,3.9,1
Chennai,Aug,33.0,73.8,1011.6,3.1,46.9,0.0,0
Pune,Feb,19.4,54.6,1012.1,17.4,15.1,0.0,0
Guwahati,Jun,27.8,92.2,1007.2,8.8,96.2,5.9,1
Ahmedabad,Oct,29.1,54.6,1009.9,10.6,20.3,0.2,0
Bengaluru,Nov,21.5,59.5,1005.5,7.3,27.1,3.2,0
Ahmedabad,May,29.2,30.5,1009.8,10.0,0.0,0.0,0
Bengaluru,Jun,28.3,79.7,1008.4,15.2,69.6,0.0,0
Mumbai,Mar,25.1,60.8,1014.9,19.7,36.9,0.0,0
Chennai,Nov,21.8,100.0,1004.7,45.5,100.0,6.0,1
Bengaluru,Aug,25.2,75.0,1012.9,18.5,37.7,2.6,0
Kochi,Aug,31.9,96.9,1004.8,13.1,63.3,3.9,1
Kochi,Feb,20.2,72.9,1013.0,5.6,26.7,0.0,0
Mumbai,Nov,27.0,64.3,1011.6,4.4,0.0,0.0,0
Ahmedabad,Dec,21.8,51.8,1006.7,9.7,51.4,0.0,0
Mumbai,Sep,25.9,99.4,1006.3,12.2,88.7,5.8,1
Jaipur,Jun,28.7,38.6,1010.2,11.6,34.7,0.0,0
Lucknow,Oct,23.7,49.2,1008.3,16.8,17.3,0.3,0
Jaipur,Mar,23.5,31.4,1012.6,12.2,12.0,0.0,0
Jaipur,Feb,19.9,54.5,1010.8,22.6,19.8,0.0,0
Pune,Jul,28.8,63.9,1004.6,14.9,73.2,17.0,1
Bengaluru,Oct,18.8,98.3,1006.6,16.2,92.8,0.7,1
Chennai,Sep,31.8,71.2,1007.7,14.4,10.7,0.0,0
Bengaluru,Oct,20.6,88.4,1007.2,7.4,56.2,15.4,0
Delhi,Jun,27.2,55.4,1008.6,9.6,34.1,0.6,0
Pune,Oct,28.5,64.3,1009.0,13.5,29.6,0.0,0
Kolkata,Apr,24.6,72.8,1010.7,11.9,28.6,0.0,0
Mumbai,Apr,26.1,73.1,1006.7,16.7,16.5,1.0,0
Jaipur,Aug,31.4,42.1,1007.6,23.5,44.7,6.2,0
Delhi,Jun,30.2,35.3,1008.6,4.8,9.6,0.0,0
Ahmedabad,Mar,24.3,48.9,1009.6,15.2,7.1,0.0,0
Bengaluru,Jan,18.7,61.8,1006.5,12.6,26.0,0.0,0
Pune,Jul,27.9,72.7,1010.0,10.4,63.1,4.8,1
Ahmedabad,May,28.1,53.4,1011.8,10.1,27.4,0.0,0
Lucknow,Oct,22.5,58.4,1010.1,9.5,6.6,0.0,0
Guwahati,Jul,29.0,89.9,1005.5,16.2,83.1,1.8,1
Pune,Jun,28.5,72.3,1005.2,24.5,53.0,7.6,1
Pune,Apr,24.5,52.2,1017.2,9.3,20.1,0.0,0
Kochi,Nov,22.9,71.3,1003.5,9.1,42.4,0.0,0
Kochi,Jan,20.2,78.3,1006.3,19.4,27.2,0.0,0
Chennai,Oct,28.2,86.8,1006.2,16.1,86.4,0.0,1
Guwahati,Nov,23.5,72.2,1008.7,5.7,36.0,0.0,0
Kolkata,Apr,28.1,73.1,1013.9,11.1,41.2,0.0,0
Bengaluru,Oct,20.2,71.7,1010.5,10.5,89.6,1.2,0
Delhi,Mar,22.2,40.6,1010.7,11.3,4.6,0.0,0
Ahmedabad,Nov,26.6,40.8,1014.1,28.4,16.9,0.0,0
Jaipur,Mar,24.5,50.1,1010.2,23.1,41.5,0.0,0
Jaipur,Apr,32.2,38.9,1010.6,7.8,0.4,0.0,0
Guwahati,Dec,16.9,71.3,1010.8,19.7,18.1,0.0,0
Pune,Dec,22.5,68.6,1006.7,7.7,0.0,0.0,0
Lucknow,Jul,27.0,83.7,1006.9,17.5,76.4,4.2,1
Jaipur,Nov,23.6,34.9,1012.2,16.0,0.0,0.0,0
Lucknow,Jan,15.9,41.4,1008.7,6.1,59.6,0.0,0
Mumbai,Feb,20.7,72.8,1008.5,13.4,45.4,0.0,0
Bengaluru,Jan,12.8,65.9,1012.3,4.5,5.5,1.8,0
Kolkata,Dec,19.7,69.5,1005.8,5.6,27.5,0.0,0
Chennai,Sep,28.7,62.4,1005.6,10.9,30.6,0.0,0
Chennai,Dec,22.2,99.4,1005.9,9.8,56.0,31.5,0
Guwahati,Jan,19.2,87.9,1010.7,5.8,0.0,0.0,0
Kochi,Jul,30.1,100.0,1004.8,22.2,92.2,14.7,1
Mumbai,Jun,31.0,83.0,998.3,12.9,93.8,3.6,1
Lucknow,Jul,33.1,76.5,997.4,16.5,78.4,0.0,1
Chennai,Nov,21.5,78.8,1001.1,18.0,75.1,20.6,1
Mumbai,Nov,24.0,64.9,1010.5,14.5,9.2,0.2,0
Ahmedabad,Aug,34.0,66.2,1005.0,18.0,63.5,17.8,1
Kochi,Jan,21.0,97.5,1008.6,1.6,26.3,2.0,0
Chennai,Mar,24.4,87.0,1009.1,4.5,21.4,0.0,0
Lucknow,Mar,25.2,51.0,1010.2,17.1,39.6,0.0,0
Lucknow,Dec,18.9,54.2,1011.2,2.7,8.1,0.0,0
Kolkata,Nov,23.6,66.8,1003.4,3.9,11.5,0.0,0
Ahmedabad,Jun,37.4,57.4,1005.3,11.0,37.6,0.0,0
Delhi,Nov,22.2,40.2,1012.8,5.2,5.4,0.0,0
Chennai,Jul,35.2,71.1,1011.2,15.4,51.1,0.0,0
Kolkata,Sep,26.9,99.4,1003.5,14.8,100.0,4.7,1
Jaipur,Aug,26.0,63.0,1006.2,11.6,46.4,3.9,0
Ahmedabad,Sep,29.7,51.0,1005.7,23.2,37.1,0.0,0
Chennai,Jan,25.3,70.3,1014.3,11.0,28.9,0.0,0
Kolkata,May,29.9,72.3,1012.6,15.9,45.9,0.0,0
Mumbai,Aug,30.8,94.9,1004.5,31.1,71.7,43.2,1
Guwahati,Apr,23.0,83.1,1006.4,16.0,20.4,0.0,1
Jaipur,Mar,25.1,24.6,1007.6,14.4,0.0,0.0,0
Guwahati,Jun,29.5,91.4,1002.8,10.3,92.3,5.4,1
Bengaluru,Aug,28.0,66.8,1008.7,16.7,49.9,4.0,0
Lucknow,Jun,34.7,65.0,1007.4,22.4,25.9,0.0,0
Pune,Jan,17.1,48.3,1007.4,23.6,52.0,0.0,0
Lucknow,Feb,21.0,47.6,1014.3,19.2,21.3,0.0,0
Bengaluru,Jun,28.7,100.0,1005.0,12.2,62.0,4.8,1
Bengaluru,Mar,19.9,60.0,1012.8,12.7,36.6,1.9,0
Mumbai,Feb,24.1,71.7,1010.9,15.6,22.6,0.0,0
Kolkata,Aug,26.2,97.2,1006.2,19.7,75.4,11.4,1
Hyderabad,Sep,25.7,80.7,1009.3,10.6,99.0,0.0,0
Delhi,May,31.7,36.4,1009.9,4.8,15.3,0.0,0
Guwahati,Oct,24.7,75.7,1010.0,18.7,29.3,0.0,0
Lucknow,Mar,24.4,59.8,1007.5,7.8,22.8,0.0,0
Ahmedabad,Oct,30.6,41.6,1006.6,7.9,31.8,0.0,0
Delhi,Dec,19.3,44.9,1009.3,12.1,7.9,0.0,0
Guwahati,Jul,29.3,100.0,1003.7,21.8,66.6,0.0,1
Mumbai,Jan,23.0,59.9,1010.3,5.0,34.8,0.0,0
Hyderabad,May,30.3,43.9,1005.2,7.1,1.9,0.7,0
Pune,Mar,25.9,54.8,1011.4,4.3,17.1,0.0,0
Kolkata,Apr,27.8,76.7,1010.2,3.6,37.5,0.0,0
Jaipur,May,32.6,31.2,1013.0,2.9,24.2,0.0,0
Kolkata,Oct,27.0,83.6,1006.4,11.1,42.1,2.1,1
Kolkata,Jul,27.5,93.8,1004.1,20.5,100.0,5.0,1
Chennai,Mar,27.5,74.3,1005.0,8.5,63.4,0.0,0
Ahmedabad,Mar,22.1,44.7,1010.0,20.6,33.8,0.0,0
Pune,Apr,25.8,40.9,1012.9,5.6,18.4,1.8,0
Delhi,Apr,22.4,53.7,1009.9,15.7,30.3,0.0,0
Mumbai,Jul,28.6,99.5,1000.2,24.4,99.8,7.4,1
Lucknow,Apr,28.5,64.3,1006.5,20.0,37.9,0.0,0
Bengaluru,Nov,22.6,73.9,1009.7,37.2,14.7,0.0,0
Chennai,Aug,34.4,74.3,1004.2,10.3,34.6,2.5,0
Hyderabad,May,26.0,40.5,1012.2,6.0,32.9,0.0,0
Lucknow,Jun,32.0,54.0,1014.9,5.4,7.4,0.0,0
Kochi,May,28.5,96.4,1011.5,49.6,25.5,8.0,1
Delhi,Feb,16.8,48.5,1010.6,6.8,12.3,1.2,0
Mumbai,Oct,24.3,86.7,1009.2,10.8,42.6,0.0,0
Hyderabad,Nov,24.0,46.1,1010.7,10.6,22.1,0.0,0
Bengaluru,Aug,26.6,92.3,1002.3,28.6,67.3,0.4,1
Lucknow,Jan,23.2,42.2,1010.0,29.4,40.4,0.0,0
Lucknow,Nov,24.3,56.8,1006.1,12.7,42.9,0.0,0
Bengaluru,Dec,17.8,65.8,1009.9,7.6,37.4,0.0,0
Kolkata,Jun,31.4,100.0,1003.1,12.3,73.5,23.8,1
Guwahati,May,27.7,90.2,1006.3,12.7,81.0,0.0,0
Kochi,Jun,31.7,100.0,1003.1,23.9,100.0,12.3,1
Kolkata,Feb,17.0,78.7,1003.7,10.7,34.3,0.2,1
Hyderabad,Jan,20.4,49.5,1009.7,18.0,8.8,0.0,0
Bengaluru,Aug,27.4,76.7,1007.6,8.8,68.0,13.3,1
Kochi,Oct,23.5,100.0,1003.7,13.6,71.0,17.3,1
Pune,Jun,28.7,79.5,1008.0,26.3,100.0,4.7,1
Kolkata,Mar,22.1,73.1,1011.4,4.8,38.5,0.0,0
Delhi,Sep,29.1,50.3,1006.9,6.0,31.6,5.0,0
Lucknow,Jan,20.5,48.3,1005.8,15.7,14.6,0.0,0
Jaipur,Jul,30.4,67.0,1007.0,20.3,32.3,0.0,0
Jaipur,May,30.4,35.0,1010.5,13.0,9.6,0.7,0
Guwahati,Sep,25.7,89.1,1006.0,22.3,63.1,6.3,1
Pune,Aug,30.0,81.3,1001.1,14.6,63.7,7.7,0
Kochi,Nov,19.5,82.7,1009.9,6.7,23.3,0.0,0
Ahmedabad,Sep,27.1,68.7,1001.2,14.2,61.6,0.0,0
Lucknow,Dec,15.8,48.7,1010.3,20.2,44.9,0.0,0
Guwahati,Aug,27.3,100.0,1000.2,33.8,100.0,9.8,1
Bengaluru,Feb,17.6,69.6,1012.5,9.3,21.0,0.0,0
Delhi,Jan,17.6,56.9,1007.2,8.6,35.5,0.0,0
Lucknow,Aug,31.8,81.9,1008.4,9.8,69.3,4.9,0
Hyderabad,Aug,28.6,64.5,1011.6,24.8,41.0,0.0,0
Ahmedabad,Nov,24.8,39.2,1012.2,30.0,48.5,2.3,0
Mumbai,May,27.4,77.1,1013.7,20.1,4.6,1.2,0
Hyderabad,Sep,29.8,76.2,1003.0,10.4,61.1,6.0,1
Kochi,Sep,30.9,100.0,1003.7,19.7,78.8,0.0,0
Bengaluru,Mar,21.1,71.7,1005.1,11.9,14.4,0.0,0
Kolkata,Apr,25.2,65.3,1012.0,7.9,23.4,0.6,0
Pune,Mar,24.4,57.1,1012.2,13.0,36.7,0.0,0
Delhi,Feb,21.8,69.4,1009.6,9.9,10.4,0.0,0
Hyderabad,Jan,18.8,59.0,1013.1,42.6,11.6,0.0,0
Jaipur,Nov,19.7,25.3,1007.5,8.6,0.0,0.0,0
Chennai,Sep,32.3,63.3,1007.4,18.4,33.6,0.0,0
Chennai,Jun,33.9,83.3,1009.9,9.5,32.8,0.0,0
Pune,Feb,19.4,65.4,1007.5,3.7,39.5,0.0,0
Lucknow,Mar,24.2,55.8,1008.9,18.9,24.5,0.9,0
Mumbai,Feb,24.9,68.3,1012.9,5.8,22.6,0.0,0
Ahmedabad,Jun,38.3,36.4,1012.4,11.8,20.8,4.9,0
Jaipur,Jul,33.7,64.8,1004.1,13.2,55.8,1.7,0
Lucknow,Apr,27.1,52.9,1012.4,11.1,25.9,0.0,0
Kochi,Dec,21.9,64.1,1012.8,11.4,41.7,0.3,0
Mumbai,Oct,24.2,61.2,1007.3,4.1,71.7,0.0,0
Guwahati,Oct,24.9,70.4,1012.1,21.8,36.9,0.0,0
Kochi,Jun,28.4,100.0,998.2,11.9,100.0,23.4,1
Guwahati,Nov,21.8,73.8,1006.2,3.6,24.9,0.0,0
Hyderabad,Aug,29.0,66.3,1004.1,23.2,87.8,4.1,0
Bengaluru,Nov,16.0,59.4,1007.2,28.4,0.6,0.0,0
Lucknow,Mar,20.9,59.8,1011.8,3.0,25.7,5.4,0
Kolkata,Jun,29.5,93.0,1006.3,12.7,77.5,15.6,1
Ahmedabad,Dec,19.2,51.7,1012.3,9.8,8.0,0.0,0
Kochi,May,24.9,100.0,1010.2,12.6,74.1,5.3,1
Chennai,Jul,33.9,55.5,1006.1,10.6,35.9,0.0,0
Lucknow,Jun,32.2,37.2,1011.4,8.1,0.0,0.0,0
Jaipur,Mar,24.9,47.0,1009.8,6.5,0.0,2.0,0
Pune,Jan,19.8,40.3,1010.6,7.2,19.4,0.0,0
Jaipur,Apr,29.5,61.0,1009.0,7.1,26.6,0.0,0
Chennai,Nov,23.6,100.0,1003.1,29.6,60.7,2.8,1
Hyderabad,Jun,31.1,46.1,1007.4,14.6,43.3,0.0,0
Chennai,Oct,27.8,85.7,1013.9,37.5,85.1,0.0,1
Chennai,Dec,21.0,86.0,1007.4,18.0,89.4,0.0,0
Pune,Jul,32.6,76.6,1005.7,15.5,88.4,16.6,1
Ahmedabad,Feb,24.8,25.4,1010.6,2.2,16.3,0.0,0
Lucknow,Jun,33.8,49.8,1009.9,13.9,12.5,3.5,0
Bengaluru,Jan,19.7,66.7,1012.4,6.4,32.8,0.6,0
Kochi,Mar,25.3,88.4,1010.2,10.2,62.3,1.5,0
Lucknow,Jun,35.5,47.2,1011.8,4.0,42.4,0.9,0
Chennai,Oct,23.5,100.0,995.7,20.8,80.6,14.5,1
Pune,Apr,25.3,68.7,1012.5,14.9,19.6,3.0,0
Delhi,Aug,26.6,73.2,1010.8,9.6,49.3,6.7,0
Lucknow,Jul,33.3,73.2,1002.5,21.2,70.9,2.3,1
Chennai,Jan,21.8,82.8,1008.0,13.3,21.3,0.2,0
Chennai,Nov,18.6,91.1,998.9,19.6,87.7,33.1,1
Pune,Dec,20.2,47.4,1013.7,3.8,13.4,0.0,0
Ahmedabad,Feb,25.9,38.4,1007.5,7.4,10.8,0.0,0
Delhi,Nov,23.8,57.4,1008.8,23.8,20.3,0.0,0
Pune,Aug,28.9,77.5,997.7,14.3,49.5,0.0,0
Hyderabad,Aug,29.2,81.0,1006.2,12.8,72.5,2.1,0
Pune,Jan,19.4,56.9,1015.2,6.3,25.3,0.0,0
Jaipur,Feb,22.6,23.6,1007.6,10.2,16.8,0.0,0
Chennai,Oct,25.8,99.6,1005.5,11.1,86.9,0.0,1
Guwahati,Jan,19.7,75.5,1013.6,11.5,16.8,0.4,0
Kolkata,Aug,27.7,95.8,1002.3,18.7,82.6,3.4,1
Hyderabad,Oct,28.1,60.4,1011.0,12.0,35.5,0.0,0
Pune,Mar,20.6,61.2,1007.4,9.3,26.3,0.0,0
Mumbai,May,34.5,74.0,1010.2,21.2,5.6,0.0,0
Pune,Apr,25.2,52.6,1004.8,7.9,38.7,0.0,0
Bengaluru,Sep,23.6,80.9,1006.2,22.7,59.9,8.9,1
Guwahati,Mar,22.4,81.0,1007.0,8.7,42.8,0.0,0
Guwahati,Sep,25.7,100.0,1004.1,16.5,96.0,10.0,1
Jaipur,Apr,25.3,29.5,1006.6,7.5,29.2,0.0,0
Guwahati,Apr,23.1,78.6,1005.8,10.8,37.2,0.0,0
Hyderabad,Jul,31.4,74.3,1000.7,10.0,83.7,0.0,1
Hyderabad,Feb,21.5,60.7,1001.9,18.6,0.0,0.0,0
Chennai,Oct,26.0,86.6,998.9,8.2,79.7,0.0,1
Jaipur,Jan,19.8,49.8,1010.7,13.3,1.5,0.9,0
Lucknow,Apr,24.1,47.1,1007.8,6.9,17.0,2.4,0
Jaipur,Mar,26.8,48.4,1007.0,8.7,19.9,1.1,0
Ahmedabad,Jun,34.9,42.5,1007.9,21.4,29.4,0.0,0
Ahmedabad,Mar,25.5,49.1,1009.6,5.7,38.4,0.7,0
Hyderabad,Feb,19.5,68.7,1017.1,9.4,28.5,0.0,0
Bengaluru,Jul,30.1,64.6,1004.4,18.1,50.1,0.0,0
Jaipur,Mar,23.0,38.8,1008.0,4.5,22.8,0.0,0
Hyderabad,Oct,28.4,54.7,1009.7,14.3,45.3,0.0,0
Ahmedabad,Jul,29.3,64.0,1004.4,13.8,51.7,13.5,0
Ahmedabad,Oct,25.0,33.7,1007.0,6.0,0.0,0.0,0
Bengaluru,Aug,27.3,83.6,1005.9,16.6,60.1,1.2,0
Jaipur,Apr,28.6,47.5,1009.4,17.4,32.6,0.0,0
Guwahati,Aug,27.8,97.3,999.9,13.9,100.0,9.6,1
Chennai,Jun,38.1,74.2,1010.6,20.9,16.2,0.0,0
Bengaluru,Jun,30.8,64.9,1006.4,31.2,64.4,1.4,0
Hyderabad,Oct,27.8,70.2,1007.7,17.7,30.5,2.4,0
Kochi,Apr,24.3,72.8,1007.2,21.5,17.6,0.0,0
Lucknow,Feb,19.1,59.7,1007.6,10.3,12.5,0.0,0
Kochi,Mar,23.9,74.4,1011.4,13.6,41.9,0.0,0
Delhi,Aug,28.9,69.1,1009.9,13.0,87.9,8.6,1
Kolkata,May,34.9,65.1,1008.2,3.9,31.9,0.0,0
Kolkata,Aug,31.4,79.1,1005.1,21.4,82.4,9.6,0
Hyderabad,Jul,33.2,68.4,1012.5,16.3,65.1,17.0,0
Mumbai,Feb,26.3,79.9,1008.9,9.6,51.3,0.0,0
Guwahati,Jan,18.5,69.1,1007.6,8.9,30.4,0.0,0
Delhi,Aug,30.3,68.9,1009.7,18.6,65.5,0.0,0
Ahmedabad,Mar,23.9,45.2,1011.2,14.1,30.0,0.0,0
Chennai,Sep,32.9,70.1,1009.6,7.5,41.7,0.6,0
Mumbai,Nov,21.8,58.1,1004.1,7.1,0.0,5.1,0
Chennai,Oct,27.1,79.3,1010.2,17.8,90.3,0.0,0
Ahmedabad,Feb,24.1,43.4,1009.8,18.1,44.4,0.0,0
Chennai,Aug,33.9,89.8,1009.8,29.4,54.0,0.0,0
Ahmedabad,Dec,19.4,34.4,1009.1,9.8,44.0,0.0,0
Kolkata,Oct,25.0,88.9,1010.4,13.6,46.7,0.0,0
Lucknow,Jan,20.6,47.8,1007.5,15.0,11.0,0.0,0
Delhi,Feb,18.2,47.8,1014.7,8.5,1.7,0.0,0
Guwahati,Mar,23.1,80.6,1007.3,8.1,28.9,1.2,0
Delhi,Aug,25.1,75.4,1005.0,19.2,56.8,0.0,1
Guwahati,Dec,24.8,65.9,1006.2,13.9,32.1,0.0,0
Guwahati,Jun,29.0,100.0,1010.4,20.1,81.2,6.9,1
Bengaluru,Jan,18.3,72.8,1009.1,4.3,49.0,0.0,0
Mumbai,Aug,30.6,100.0,1003.9,14.1,77.4,3.3,1
Bengaluru,Mar,21.2,64.4,1010.3,3.7,49.7,0.0,0
Mumbai,Aug,30.6,100.0,1000.6,29.2,91.3,13.9,1
Mumbai,May,32.8,75.5,1010.4,8.6,34.4,0.0,0
Bengaluru,Apr,23.0,54.3,1007.6,9.8,22.2,0.0,0
Pune,May,27.2,48.5,1009.1,15.6,25.1,0.0,0
Chennai,Oct,26.4,71.4,1006.5,10.2,75.4,39.4,1
Lucknow,Sep,26.8,77.9,1005.2,7.8,53.0,0.0,0
Bengaluru,Jan,16.2,69.0,1013.2,10.2,7.1,0.0,0
Pune,Jun,28.5,90.3,1006.4,18.6,62.5,3.2,1
Kochi,Apr,26.3,83.6,1008.3,0.9,43.8,0.0,0
Hyderabad,Dec,18.6,50.5,1013.1,14.4,22.6,0.0,0
Delhi,Oct,20.1,40.0,1011.3,17.9,8.9,0.0,0
Kolkata,Apr,26.0,63.9,1005.7,3.4,19.9,0.0,0
Kochi,Jan,24.2,75.0,1008.7,6.0,45.2,7.1,0
Kochi,Mar,29.0,98.3,1009.3,10.1,38.5,0.0,0
Mumbai,Jul,28.1,88.1,1000.2,20.4,90.7,42.4,1
Kochi,Jul,30.3,92.2,1006.0,11.2,59.1,20.4,1
Ahmedabad,Feb,22.8,32.6,1008.7,11.2,18.6,0.0,0
Hyderabad,Jan,19.8,48.7,1008.8,3.9,15.2,4.2,0
Jaipur,Oct,29.6,40.1,1008.0,10.6,18.1,0.0,0
Jaipur,Dec,21.3,34.4,1011.2,9.0,14.5,2.5,0
Delhi,Apr,27.1,50.6,1012.6,14.2,29.7,0.0,0
Lucknow,Sep,25.4,76.9,1004.6,21.7,83.4,0.0,0
Kochi,Dec,25.1,76.5,1006.4,3.2,44.5,0.0,0
Delhi,Dec,23.8,49.2,1011.4,6.1,10.8,0.0,0
Lucknow,Jun,32.2,56.2,1009.5,14.9,20.5,0.0,0
Pune,Feb,16.7,55.1,1004.3,11.9,33.7,0.0,0
Pune,Nov,23.2,45.2,1008.0,32.4,29.0,1.9,0
Hyderabad,Jun,33.7,47.4,1012.0,6.7,30.4,0.0,0
Pune,May,29.7,58.4,1004.3,19.7,20.4,0.0,0
Hyderabad,Dec,19.4,41.1,1009.1,15.8,28.5,1.7,0
Guwahati,Feb,18.7,76.2,1007.5,23.4,8.8,5.4,0
Delhi,Sep,28.0,63.7,1006.9,21.2,20.8,0.0,0
Chennai,Nov,25.9,99.5,1005.2,11.2,91.4,0.9,1
Pune,Feb,19.4,57.0,1014.2,4.2,36.0,0.0,0
Bengaluru,Nov,20.0,60.1,1011.8,25.5,30.1,0.0,0
Ahmedabad,Apr,28.4,56.4,1011.3,15.5,20.8,0.0,0
Lucknow,Mar,22.4,49.5,1008.3,6.2,12.3,0.0,0
Jaipur,Jul,34.4,58.1,1002.8,10.3,53.2,0.0,0
Hyderabad,May,30.2,48.8,1008.2,4.6,5.2,0.0,0
Bengaluru,Jul,29.8,75.5,1012.3,8.5,58.7,0.0,0
Mumbai,Jan,20.5,60.2,1015.8,26.1,35.8,0.0,0
Lucknow,Jun,28.7,57.9,1011.9,12.7,25.0,0.0,0
Guwahati,May,27.5,83.2,1003.8,12.6,46.0,5.7,1
Mumbai,Jan,19.0,73.6,1006.2,13.1,5.8,0.0,0
Kolkata,Apr,26.4,64.3,1012.0,20.3,1.8,0.0,0
Chennai,Mar,24.8,56.0,1010.7,3.7,20.6,0.0,0
Ahmedabad,Dec,23.2,57.1,1010.9,7.3,25.0,0.2,0
Pune,Apr,30.1,56.0,1011.7,18.6,36.9,2.2,0
Hyderabad,Apr,26.2,42.9,1006.2,36.6,14.1,5.1,0
Jaipur,Feb,22.1,33.4,1011.8,9.6,15.5,0.7,0
Mumbai,Feb,23.0,68.6,1008.4,3.2,33.2,3.5,0
Lucknow,Jul,31.0,80.1,1007.2,27.2,79.7,3.7,1
Mumbai,Apr,28.1,88.9,1004.5,12.5,31.8,0.2,0
Ahmedabad,Jan,21.7,34.3,1009.9,11.8,15.6,0.0,0
Pune,Feb,19.7,60.0,1007.0,6.7,19.9,0.0,0
Pune,May,28.8,52.5,1010.5,27.9,11.2,2.6,0
